Date;Open;High;Low;Close;Adj Close;Volume;Dummy;Damage;Dummy_over_0.5;Damage_over_0.5;Dummy_over_0.75;Damage_over_0.75;Dummy_over_0.90;Damage_over_0.90
04.01.2010;10609.339844;10694.490234;10608.139648;10654.790039;10654.790039;104400000;0;0;0;0;0;0;0;0
05.01.2010;10719.440430;10791.040039;10655.570313;10681.830078;10681.830078;166200000;0;0;0;0;0;0;0;0
06.01.2010;10709.549805;10768.610352;10661.169922;10731.450195;10731.450195;181800000;0;0;0;0;0;0;0;0
07.01.2010;10742.750000;10774.000000;10636.669922;10681.660156;10681.660156;182600000;0;0;0;0;0;0;0;0
08.01.2010;10743.299805;10816.450195;10677.559570;10798.320313;10798.320313;211800000;0;0;0;0;0;0;0;0
12.01.2010;10770.349609;10905.389648;10763.679688;10879.139648;10879.139648;192800000;0;0;0;0;0;0;0;0
13.01.2010;10795.480469;10866.620117;10729.860352;10735.030273;10735.030273;250000000;0;0;0;0;0;0;0;0
14.01.2010;10778.070313;10909.940430;10774.250000;10907.679688;10907.679688;267300000;0;0;0;0;0;0;0;0
15.01.2010;10917.410156;10982.099609;10878.830078;10982.099609;10982.099609;252900000;0;0;0;0;0;0;0;0
18.01.2010;10887.610352;10895.099609;10781.030273;10855.080078;10855.080078;186600000;0;0;0;0;0;0;0;0
19.01.2010;10866.830078;10866.830078;10749.469727;10764.900391;10764.900391;174700000;0;0;0;0;0;0;0;0
20.01.2010;10834.910156;10860.929688;10724.570313;10737.519531;10737.519531;146400000;0;0;0;0;0;0;0;0
21.01.2010;10704.790039;10886.639648;10649.839844;10868.410156;10868.410156;176900000;0;0;0;0;0;0;0;0
22.01.2010;10740.209961;10768.070313;10528.330078;10590.549805;10590.549805;187400000;0;0;0;0;0;0;0;0
25.01.2010;10478.309570;10557.639648;10414.580078;10512.690430;10512.690430;139800000;0;0;0;0;0;0;0;0
26.01.2010;10506.150391;10566.490234;10324.980469;10325.280273;10325.280273;175400000;0;0;0;0;0;0;0;0
27.01.2010;10344.070313;10373.820313;10252.080078;10252.080078;10252.080078;139500000;0;0;0;0;0;0;0;0
28.01.2010;10309.730469;10462.700195;10296.980469;10414.290039;10414.290039;168000000;0;0;0;0;0;0;0;0
29.01.2010;10308.049805;10324.370117;10198.040039;10198.040039;10198.040039;156800000;0;0;0;0;0;0;0;0
01.02.2010;10212.360352;10224.830078;10129.910156;10205.019531;10205.019531;161900000;0;0;0;0;0;0;0;0
02.02.2010;10310.980469;10396.480469;10287.740234;10371.089844;10371.089844;142000000;0;0;0;0;0;0;0;0
03.02.2010;10428.120117;10436.519531;10356.030273;10404.330078;10404.330078;154300000;0;0;0;0;0;0;0;0
04.02.2010;10434.519531;10438.410156;10279.570313;10355.980469;10355.980469;164500000;0;0;0;0;0;0;0;0
05.02.2010;10162.339844;10166.299805;10036.330078;10057.089844;10057.089844;172000000;0;0;0;0;0;0;0;0
08.02.2010;10007.469727;10063.530273;9942.049805;9951.820313;9951.820313;137400000;0;0;0;0;0;0;0;0
09.02.2010;9876.610352;9956.790039;9867.389648;9932.900391;9932.900391;135000000;0;0;0;0;0;0;0;0
10.02.2010;10024.259766;10049.870117;9963.990234;9963.990234;9963.990234;127000000;0;0;0;0;0;0;0;0
12.02.2010;10085.349609;10099.459961;10014.500000;10092.190430;10092.190430;136000000;0;0;0;0;0;0;0;0
15.02.2010;10097.820313;10119.469727;10012.530273;10013.299805;10013.299805;97300000;0;0;0;0;0;0;0;0
16.02.2010;10044.530273;10062.269531;10019.429688;10034.250000;10034.250000;87000000;0;0;0;0;0;0;0;0
17.02.2010;10161.719727;10306.830078;10150.240234;10306.830078;10306.830078;127100000;0;0;0;0;0;0;0;0
18.02.2010;10324.980469;10340.379883;10285.049805;10335.690430;10335.690430;111800000;0;0;0;0;0;0;0;0
19.02.2010;10334.400391;10354.419922;10123.580078;10123.580078;10123.580078;129500000;0;0;0;0;0;0;0;0
22.02.2010;10302.070313;10449.750000;10298.150391;10400.469727;10400.469727;115400000;0;0;0;0;0;0;0;0
23.02.2010;10327.639648;10375.549805;10280.330078;10352.099609;10352.099609;121500000;0;0;0;0;0;0;0;0
24.02.2010;10205.150391;10243.200195;10129.650391;10198.830078;10198.830078;125200000;0;0;0;0;0;0;0;0
25.02.2010;10256.099609;10267.429688;10087.209961;10101.959961;10101.959961;128200000;0;0;0;0;0;0;0;0
26.02.2010;10107.080078;10171.219727;10085.129883;10126.030273;10126.030273;113200000;0;0;0;0;0;0;0;0
01.03.2010;10128.730469;10215.150391;10116.860352;10172.059570;10172.059570;108400000;0;0;0;0;0;0;0;0
02.03.2010;10199.190430;10238.959961;10150.299805;10221.839844;10221.839844;104000000;0;0;0;0;0;0;0;0
03.03.2010;10193.950195;10274.089844;10186.679688;10253.139648;10253.139648;120600000;0;0;0;0;0;0;0;0
04.03.2010;10255.690430;10263.480469;10134.370117;10145.719727;10145.719727;126300000;0;0;0;0;0;0;0;0
05.03.2010;10254.610352;10376.410156;10254.610352;10368.959961;10368.959961;129900000;0;0;0;0;0;0;0;0
08.03.2010;10538.120117;10586.969727;10514.280273;10585.919922;10585.919922;140500000;0;0;0;0;0;0;0;0
09.03.2010;10567.320313;10593.269531;10542.809570;10567.650391;10567.650391;110100000;0;0;0;0;0;0;0;0
10.03.2010;10555.849609;10588.690430;10547.339844;10563.919922;10563.919922;104800000;0;0;0;0;0;0;0;0
11.03.2010;10627.990234;10664.950195;10588.860352;10664.950195;10664.950195;123800000;0;0;0;0;0;0;0;0
12.03.2010;10777.490234;10777.490234;10699.299805;10751.259766;10751.259766;206600000;0;0;0;0;0;0;0;0
15.03.2010;10802.110352;10808.839844;10708.969727;10751.980469;10751.980469;130700000;0;0;0;0;0;0;0;0
16.03.2010;10718.629883;10776.519531;10716.200195;10721.709961;10721.709961;106600000;0;0;0;0;0;0;0;0
17.03.2010;10789.240234;10864.299805;10761.889648;10846.980469;10846.980469;137700000;0;0;0;0;0;0;0;0
18.03.2010;10841.709961;10845.730469;10731.660156;10744.030273;10744.030273;130200000;0;0;0;0;0;0;0;0
19.03.2010;10785.879883;10826.759766;10775.570313;10824.719727;10824.719727;116300000;0;0;0;0;0;0;0;0
23.03.2010;10793.049805;10817.780273;10766.650391;10774.150391;10774.150391;112500000;0;0;0;0;0;0;0;0
24.03.2010;10829.360352;10880.620117;10769.179688;10815.030273;10815.030273;125500000;0;0;0;0;0;0;0;0
25.03.2010;10857.809570;10872.450195;10808.709961;10828.849609;10828.849609;123600000;0;0;0;0;0;0;0;0
26.03.2010;10895.290039;11001.589844;10889.330078;10996.370117;10996.370117;142200000;0;0;0;0;0;0;0;0
29.03.2010;10909.980469;10990.750000;10901.200195;10986.469727;10986.469727;144700000;0;0;0;0;0;0;0;0
30.03.2010;11022.200195;11108.820313;11003.349609;11097.139648;11097.139648;153500000;0;0;0;0;0;0;0;0
31.03.2010;11138.719727;11147.620117;11085.549805;11089.940430;11089.940430;141700000;0;0;0;0;0;0;0;0
01.04.2010;11178.919922;11272.730469;11118.179688;11244.400391;11244.400391;166500000;0;0;0;0;0;0;0;0
02.04.2010;11274.179688;11313.980469;11235.980469;11286.089844;11286.089844;150100000;0;0;0;0;0;0;0;0
05.04.2010;11380.629883;11408.169922;11306.620117;11339.299805;11339.299805;117900000;0;0;0;0;0;0;0;0
06.04.2010;11350.700195;11358.450195;11217.250000;11282.320313;11282.320313;138000000;0;0;0;0;0;0;0;0
07.04.2010;11296.309570;11350.570313;11260.419922;11292.830078;11292.830078;167400000;0;0;0;0;0;0;0;0
08.04.2010;11179.669922;11232.360352;11159.450195;11168.200195;11168.200195;130200000;0;0;0;0;0;0;0;0
09.04.2010;11174.620117;11204.870117;11148.799805;11204.339844;11204.339844;148400000;0;0;0;0;0;0;0;0
12.04.2010;11300.790039;11351.549805;11248.570313;11251.900391;11251.900391;132500000;0;0;0;0;0;0;0;0
13.04.2010;11202.919922;11212.650391;11088.480469;11161.230469;11161.230469;144600000;0;0;0;0;0;0;0;0
14.04.2010;11213.459961;11270.200195;11161.009766;11204.900391;11204.900391;139400000;0;0;0;0;0;0;0;0
15.04.2010;11310.070313;11316.660156;11255.799805;11273.790039;11273.790039;156800000;0;0;0;0;0;0;0;0
16.04.2010;11230.530273;11230.530273;11084.719727;11102.179688;11102.179688;136800000;0;0;0;0;0;0;0;0
19.04.2010;10929.639648;10953.900391;10878.990234;10908.769531;10908.769531;133100000;0;0;0;0;0;0;0;0
20.04.2010;10960.110352;10999.570313;10890.820313;10900.679688;10900.679688;129600000;0;0;0;0;0;0;0;0
21.04.2010;11031.790039;11093.299805;11023.879883;11090.049805;11090.049805;153000000;0;0;0;0;0;0;0;0
22.04.2010;10988.009766;10989.620117;10866.230469;10949.089844;10949.089844;144100000;0;0;0;0;0;0;0;0
23.04.2010;10930.900391;10967.120117;10865.919922;10914.459961;10914.459961;136800000;0;0;0;0;0;0;0;0
26.04.2010;11039.589844;11165.790039;11035.660156;11165.790039;11165.790039;134900000;0;0;0;0;0;0;0;0
27.04.2010;11109.259766;11213.450195;11108.719727;11212.660156;11212.660156;143000000;0;0;0;0;0;0;0;0
28.04.2010;11005.509766;11008.879883;10882.400391;10924.790039;10924.790039;179300000;0;0;0;0;0;0;0;0
30.04.2010;11062.120117;11092.519531;11035.269531;11057.400391;11057.400391;156700000;0;0;0;0;0;0;0;0
06.05.2010;10847.900391;10847.900391;10682.610352;10695.690430;10695.690430;183800000;0;0;0;0;0;0;0;0
07.05.2010;10472.700195;10472.769531;10257.320313;10364.589844;10364.589844;227700000;0;0;0;0;0;0;0;0
10.05.2010;10399.049805;10540.519531;10362.339844;10530.700195;10530.700195;181000000;0;0;0;0;0;0;0;0
11.05.2010;10643.240234;10643.280273;10392.469727;10411.099609;10411.099609;196900000;0;0;0;0;0;0;0;0
12.05.2010;10465.030273;10501.719727;10345.190430;10394.030273;10394.030273;189300000;0;0;0;0;0;0;0;0
13.05.2010;10542.769531;10638.230469;10535.940430;10620.549805;10620.549805;159600000;0;0;0;0;0;0;0;0
14.05.2010;10453.400391;10551.690430;10390.769531;10462.509766;10462.509766;189100000;0;0;0;0;0;0;0;0
17.05.2010;10329.370117;10331.870117;10158.299805;10235.759766;10235.759766;182400000;0;0;0;0;0;0;0;0
18.05.2010;10313.139648;10336.530273;10197.740234;10242.639648;10242.639648;160800000;0;0;0;0;0;0;0;0
19.05.2010;10087.330078;10186.839844;10041.929688;10186.839844;10186.839844;175000000;0;0;0;0;0;0;0;0
20.05.2010;10121.849609;10161.700195;9999.589844;10030.309570;10030.309570;149700000;0;0;0;0;0;0;0;0
21.05.2010;9823.839844;9829.360352;9696.629883;9784.540039;9784.540039;195000000;0;0;0;0;0;0;0;0
24.05.2010;9754.990234;9793.459961;9693.070313;9758.400391;9758.400391;164800000;0;0;0;0;0;0;0;0
25.05.2010;9632.139648;9642.599609;9432.089844;9459.889648;9459.889648;165300000;0;0;0;0;0;0;0;0
26.05.2010;9567.349609;9622.400391;9477.450195;9522.660156;9522.660156;188100000;0;0;0;0;0;0;0;0
27.05.2010;9419.299805;9642.160156;9395.290039;9639.719727;9639.719727;175100000;0;0;0;0;0;0;0;0
28.05.2010;9806.059570;9824.849609;9699.139648;9762.980469;9762.980469;164300000;0;0;0;0;0;0;0;0
31.05.2010;9735.469727;9831.730469;9728.419922;9768.700195;9768.700195;121400000;0;0;0;0;0;0;0;0
01.06.2010;9747.259766;9747.259766;9658.440430;9711.830078;9711.830078;110400000;0;0;0;0;0;0;0;0
02.06.2010;9604.450195;9763.410156;9560.160156;9603.240234;9603.240234;158400000;0;0;0;0;0;0;0;0
03.06.2010;9758.820313;9920.179688;9758.820313;9914.190430;9914.190430;142600000;0;0;0;0;0;0;0;0
04.06.2010;9909.240234;9962.419922;9868.089844;9901.190430;9901.190430;120300000;0;0;0;0;0;0;0;0
07.06.2010;9705.360352;9714.419922;9502.620117;9520.799805;9520.799805;148400000;0;0;0;0;0;0;0;0
08.06.2010;9448.790039;9587.650391;9434.809570;9537.940430;9537.940430;129600000;0;0;0;0;0;0;0;0
09.06.2010;9475.570313;9487.910156;9378.230469;9439.129883;9439.129883;141600000;0;0;0;0;0;0;0;0
10.06.2010;9476.780273;9544.040039;9437.469727;9542.650391;9542.650391;116500000;0;0;0;0;0;0;0;0
11.06.2010;9701.320313;9764.730469;9673.599609;9705.250000;9705.250000;222400000;0;0;0;0;0;0;0;0
14.06.2010;9824.929688;9882.049805;9819.950195;9879.849609;9879.849609;97300000;0;0;0;0;0;0;0;0
15.06.2010;9845.650391;9911.730469;9826.440430;9887.889648;9887.889648;101700000;0;0;0;0;0;0;0;0
16.06.2010;10043.099609;10109.860352;10033.240234;10067.150391;10067.150391;120300000;0;0;0;0;0;0;0;0
17.06.2010;10009.250000;10053.450195;9989.209961;9999.400391;9999.400391;97600000;0;0;0;0;0;0;0;0
18.06.2010;10027.980469;10029.110352;9965.160156;9995.019531;9995.019531;98500000;0;0;0;0;0;0;0;0
21.06.2010;10109.269531;10251.900391;10109.269531;10238.009766;10238.009766;123000000;0;0;0;0;0;0;0;0
22.06.2010;10131.910156;10183.889648;10105.480469;10112.889648;10112.889648;114900000;0;0;0;0;0;0;0;0
23.06.2010;9973.000000;9975.009766;9912.799805;9923.700195;9923.700195;102600000;0;0;0;0;0;0;0;0
24.06.2010;9902.620117;10009.370117;9893.750000;9928.339844;9928.339844;94900000;0;0;0;0;0;0;0;0
25.06.2010;9778.700195;9794.980469;9697.870117;9737.480469;9737.480469;129300000;0;0;0;0;0;0;0;0
28.06.2010;9758.910156;9762.230469;9679.169922;9693.940430;9693.940430;91600000;0;0;0;0;0;0;0;0
29.06.2010;9718.400391;9760.019531;9548.980469;9570.669922;9570.669922;106800000;0;0;0;0;0;0;0;0
30.06.2010;9396.450195;9420.139648;9347.070313;9382.639648;9382.639648;131000000;0;0;0;0;0;0;0;0
01.07.2010;9296.860352;9297.450195;9147.679688;9191.599609;9191.599609;125400000;0;0;0;0;0;0;0;0
02.07.2010;9234.559570;9259.139648;9160.469727;9203.709961;9203.709961;115700000;0;0;0;0;0;0;0;0
05.07.2010;9230.000000;9282.900391;9213.790039;9266.780273;9266.780273;100700000;0;0;0;0;0;0;0;0
06.07.2010;9158.280273;9351.110352;9091.700195;9338.040039;9338.040039;137400000;0;0;0;0;0;0;0;0
07.07.2010;9322.559570;9329.639648;9223.799805;9279.650391;9279.650391;120800000;0;0;0;0;0;0;0;0
08.07.2010;9462.820313;9545.990234;9456.190430;9535.740234;9535.740234;118200000;0;0;0;0;0;0;0;0
09.07.2010;9601.620117;9610.589844;9516.969727;9585.320313;9585.320313;125200000;0;0;0;0;0;0;0;0
12.07.2010;9540.469727;9632.889648;9533.559570;9548.110352;9548.110352;123600000;0;0;0;0;0;0;0;0
13.07.2010;9592.870117;9629.980469;9502.240234;9537.230469;9537.230469;149700000;0;0;0;0;0;0;0;0
14.07.2010;9707.500000;9807.360352;9693.330078;9795.240234;9795.240234;193300000;0;0;0;0;0;0;0;0
15.07.2010;9701.139648;9726.940430;9667.000000;9685.530273;9685.530273;115900000;0;0;0;0;0;0;0;0
16.07.2010;9600.879883;9636.839844;9392.209961;9408.360352;9408.360352;134000000;0;0;0;0;0;0;0;0
21.07.2010;9404.070313;9404.070313;9230.839844;9278.830078;9278.830078;166600000;0;0;0;0;0;0;0;0
22.07.2010;9216.280273;9254.190430;9176.120117;9220.879883;9220.879883;229600000;0;0;0;0;0;0;0;0
23.07.2010;9380.120117;9474.110352;9367.299805;9430.959961;9430.959961;157500000;0;0;0;0;0;0;0;0
26.07.2010;9520.730469;9561.820313;9493.610352;9503.660156;9503.660156;90400000;0;0;0;0;0;0;0;0
27.07.2010;9512.669922;9541.589844;9487.650391;9496.849609;9496.849609;130700000;0;0;0;0;0;0;0;0
28.07.2010;9614.469727;9760.309570;9614.469727;9753.269531;9753.269531;148200000;0;0;0;0;0;0;0;0
29.07.2010;9653.509766;9732.759766;9648.969727;9696.019531;9696.019531;148200000;0;0;0;0;0;0;0;0
30.07.2010;9658.610352;9658.610352;9505.639648;9537.299805;9537.299805;166200000;0;0;0;0;0;0;0;0
02.08.2010;9574.639648;9676.410156;9548.860352;9570.309570;9570.309570;135600000;0;0;0;0;0;0;0;0
03.08.2010;9716.570313;9750.879883;9632.860352;9694.009766;9694.009766;138600000;0;0;0;0;0;0;0;0
04.08.2010;9606.820313;9613.129883;9474.669922;9489.339844;9489.339844;119300000;0;0;0;0;0;0;0;0
05.08.2010;9640.339844;9688.870117;9578.309570;9653.919922;9653.919922;128800000;0;0;0;0;0;0;0;0
06.08.2010;9560.650391;9658.040039;9545.410156;9642.120117;9642.120117;112100000;0;0;0;0;0;0;0;0
09.08.2010;9535.509766;9572.830078;9523.629883;9572.490234;9572.490234;87800000;0;0;0;0;0;0;0;0
10.08.2010;9629.969727;9667.040039;9505.339844;9551.049805;9551.049805;107100000;0;0;0;0;0;0;0;0
11.08.2010;9423.030273;9445.040039;9283.599609;9292.849609;9292.849609;111600000;0;0;0;0;0;0;0;0
12.08.2010;9125.490234;9212.589844;9065.940430;9212.589844;9212.589844;142300000;0;0;0;0;0;0;0;0
13.08.2010;9214.809570;9278.459961;9163.250000;9253.459961;9253.459961;121800000;0;0;0;0;0;0;0;0
16.08.2010;9145.219727;9210.969727;9095.940430;9196.669922;9196.669922;97000000;0;0;0;0;0;0;0;0
17.08.2010;9089.849609;9188.480469;9084.240234;9161.679688;9161.679688;91500000;0;0;0;0;0;0;0;0
18.08.2010;9261.500000;9280.589844;9153.419922;9240.540039;9240.540039;118400000;0;0;0;0;0;0;0;0
19.08.2010;9242.839844;9362.679688;9242.839844;9362.679688;9362.679688;120200000;0;0;0;0;0;0;0;0
20.08.2010;9239.360352;9287.500000;9169.169922;9179.379883;9179.379883;112000000;0;0;0;0;0;0;0;0
23.08.2010;9147.240234;9171.419922;9090.959961;9116.690430;9116.690430;93600000;0;0;0;0;0;0;0;0
24.08.2010;9024.599609;9069.219727;8983.519531;8995.139648;8995.139648;111300000;0;0;0;0;0;0;0;0
25.08.2010;8904.440430;8949.410156;8807.410156;8845.389648;8845.389648;133900000;0;0;0;0;0;0;0;0
26.08.2010;8908.019531;8910.620117;8834.089844;8906.480469;8906.480469;104800000;0;0;0;0;0;0;0;0
27.08.2010;8811.469727;9021.750000;8810.459961;8991.059570;8991.059570;127800000;0;0;0;0;0;0;0;0
30.08.2010;9141.450195;9280.700195;9117.870117;9149.259766;9149.259766;114400000;0;0;0;0;0;0;0;0
31.08.2010;8998.799805;9008.360352;8819.259766;8824.059570;8824.059570;121800000;0;0;0;0;0;0;0;0
01.09.2010;8833.320313;8932.150391;8796.450195;8927.019531;8927.019531;120100000;0;0;0;0;0;0;0;0
02.09.2010;9069.620117;9083.370117;8958.809570;9062.839844;9062.839844;119300000;0;0;0;0;0;0;0;0
03.09.2010;9097.589844;9141.089844;9050.830078;9114.129883;9114.129883;102000000;0;0;0;0;0;0;0;0
06.09.2010;9199.990234;9303.000000;9173.379883;9301.320313;9301.320313;106700000;0;0;0;0;0;0;0;0
07.09.2010;9232.019531;9311.019531;9206.809570;9226.000000;9226.000000;118000000;0;0;0;0;0;0;0;0
08.09.2010;9098.860352;9105.889648;8997.629883;9024.599609;9024.599609;107000000;0;0;0;0;0;0;0;0
09.09.2010;9120.540039;9136.259766;9069.929688;9098.389648;9098.389648;92800000;0;0;0;0;0;0;0;0
10.09.2010;9132.250000;9291.500000;9132.250000;9239.169922;9239.169922;169800000;0;0;0;0;0;0;0;0
13.09.2010;9325.639648;9390.900391;9317.299805;9321.820313;9321.820313;108700000;0;0;0;0;0;0;0;0
14.09.2010;9319.500000;9330.049805;9258.179688;9299.309570;9299.309570;117500000;0;0;0;0;0;0;0;0
16.09.2010;9613.889648;9620.900391;9479.629883;9509.500000;9509.500000;142200000;0;0;0;0;0;0;0;0
17.09.2010;9581.650391;9643.280273;9554.360352;9626.089844;9626.089844;122900000;0;0;0;0;0;0;0;0
21.09.2010;9700.879883;9704.250000;9579.830078;9602.110352;9602.110352;109500000;0;0;0;0;0;0;0;0
22.09.2010;9563.200195;9625.410156;9546.820313;9566.320313;9566.320313;108900000;0;0;0;0;0;0;0;0
24.09.2010;9435.040039;9601.769531;9415.959961;9471.669922;9471.669922;146600000;0;0;0;0;0;0;0;0
27.09.2010;9557.370117;9613.469727;9539.120117;9603.139648;9603.139648;122500000;0;0;0;0;0;0;0;0
28.09.2010;9547.030273;9553.910156;9471.349609;9495.759766;9495.759766;97500000;0;0;0;0;0;0;0;0
29.09.2010;9530.049805;9600.929688;9502.339844;9559.379883;9559.379883;134700000;0;0;0;0;0;0;0;0
30.09.2010;9554.830078;9566.839844;9369.349609;9369.349609;9369.349609;145800000;0;0;0;0;0;0;0;0
01.10.2010;9440.519531;9470.360352;9358.620117;9404.230469;9404.230469;163200000;0;0;0;0;0;0;0;0
04.10.2010;9410.919922;9508.360352;9358.820313;9381.059570;9381.059570;161200000;0;0;0;0;0;0;0;0
05.10.2010;9337.429688;9538.349609;9332.190430;9518.759766;9518.759766;193800000;0;0;0;0;0;0;0;0
06.10.2010;9588.469727;9693.740234;9567.000000;9691.429688;9691.429688;234300000;0;0;0;0;0;0;0;0
07.10.2010;9661.089844;9716.919922;9649.169922;9684.809570;9684.809570;171200000;0;0;0;0;0;0;0;0
08.10.2010;9675.589844;9675.589844;9588.879883;9588.879883;9588.879883;147900000;0;0;0;0;0;0;0;0
12.10.2010;9648.589844;9650.200195;9387.730469;9388.639648;9388.639648;140700000;0;0;0;0;0;0;0;0
13.10.2010;9473.780273;9510.190430;9393.519531;9403.509766;9403.509766;144000000;0;0;0;0;0;0;0;0
14.10.2010;9515.169922;9614.440430;9481.509766;9583.509766;9583.509766;171000000;0;0;0;0;0;0;0;0
15.10.2010;9551.209961;9553.570313;9478.639648;9500.250000;9500.250000;143800000;0;0;0;0;0;0;0;0
18.10.2010;9517.679688;9564.849609;9471.480469;9498.490234;9498.490234;104800000;0;0;0;0;0;0;0;0
19.10.2010;9490.089844;9575.139648;9489.679688;9539.450195;9539.450195;118500000;0;0;0;0;0;0;0;0
20.10.2010;9399.650391;9402.049805;9316.969727;9381.599609;9381.599609;138400000;0;0;0;0;0;0;0;0
21.10.2010;9443.950195;9479.250000;9326.780273;9376.480469;9376.480469;131500000;0;0;0;0;0;0;0;0
22.10.2010;9404.089844;9457.620117;9390.139648;9426.709961;9426.709961;108500000;0;0;0;0;0;0;0;0
25.10.2010;9424.440430;9460.700195;9392.679688;9401.160156;9401.160156;98000000;0;0;0;0;0;0;0;0
26.10.2010;9386.549805;9455.040039;9362.129883;9377.379883;9377.379883;107300000;0;0;0;0;0;0;0;0
27.10.2010;9436.009766;9453.790039;9329.860352;9387.030273;9387.030273;130200000;0;0;0;0;0;0;0;0
28.10.2010;9368.610352;9413.679688;9350.440430;9366.030273;9366.030273;146800000;0;0;0;0;0;0;0;0
29.10.2010;9327.250000;9337.919922;9179.150391;9202.450195;9202.450195;166900000;0;0;0;0;0;0;0;0
01.11.2010;9166.849609;9258.320313;9134.469727;9154.719727;9154.719727;125400000;0;0;0;0;0;0;0;0
02.11.2010;9140.280273;9172.030273;9123.620117;9159.980469;9159.980469;115200000;0;0;0;0;0;0;0;0
04.11.2010;9282.790039;9377.759766;9276.709961;9358.780273;9358.780273;133100000;0;0;0;0;0;0;0;0
05.11.2010;9500.599609;9680.679688;9497.450195;9625.990234;9625.990234;160900000;0;0;0;0;0;0;0;0
08.11.2010;9699.790039;9737.009766;9677.870117;9732.919922;9732.919922;118200000;0;0;0;0;0;0;0;0
09.11.2010;9667.440430;9726.599609;9659.860352;9694.490234;9694.490234;122100000;0;0;0;0;0;0;0;0
10.11.2010;9748.610352;9842.900391;9747.030273;9830.519531;9830.519531;168800000;0;0;0;0;0;0;0;0
11.11.2010;9878.110352;9885.370117;9834.820313;9861.459961;9861.459961;139600000;0;0;0;0;0;0;0;0
12.11.2010;9810.299805;9851.419922;9724.809570;9724.809570;9724.809570;129400000;0;0;0;0;0;0;0;0
15.11.2010;9782.110352;9830.589844;9744.990234;9827.509766;9827.509766;128500000;0;0;0;0;0;0;0;0
16.11.2010;9892.820313;9908.299805;9774.120117;9797.099609;9797.099609;133300000;0;0;0;0;0;0;0;0
17.11.2010;9693.209961;9817.370117;9693.209961;9811.660156;9811.660156;112600000;0;0;0;0;0;0;0;0
18.11.2010;9820.599609;10013.629883;9798.559570;10013.629883;10013.629883;188900000;0;0;0;0;0;0;0;0
19.11.2010;10124.839844;10130.230469;10019.080078;10022.389648;10022.389648;160800000;0;0;0;0;0;0;0;0
22.11.2010;10133.480469;10157.969727;10091.990234;10115.190430;10115.190430;121800000;0;0;0;0;0;0;0;0
24.11.2010;9942.540039;10064.309570;9904.919922;10030.110352;10030.110352;150100000;0;0;0;0;0;0;0;0
25.11.2010;10117.849609;10123.269531;10038.790039;10079.759766;10079.759766;133800000;0;0;0;0;0;0;0;0
26.11.2010;10078.089844;10134.639648;10039.559570;10039.559570;10039.559570;115800000;0;0;0;0;0;0;0;0
29.11.2010;10075.660156;10149.940430;10044.009766;10125.990234;10125.990234;124800000;0;0;0;0;0;0;0;0
30.11.2010;10070.309570;10101.419922;9937.040039;9937.040039;9937.040039;153300000;0;0;0;0;0;0;0;0
01.12.2010;9939.799805;9988.049805;9918.549805;9988.049805;9988.049805;122600000;0;0;0;0;0;0;0;0
02.12.2010;10151.150391;10187.589844;10143.080078;10168.519531;10168.519531;131400000;0;0;0;0;0;0;0;0
03.12.2010;10231.780273;10254.000000;10154.990234;10178.320313;10178.320313;107700000;0;0;0;0;0;0;0;0
06.12.2010;10175.230469;10179.820313;10143.580078;10167.230469;10167.230469;95300000;0;0;0;0;0;0;0;0
07.12.2010;10152.919922;10167.099609;10094.410156;10141.099609;10141.099609;114800000;0;0;0;0;0;0;0;0
08.12.2010;10200.160156;10258.900391;10184.320313;10232.330078;10232.330078;126600000;0;0;0;0;0;0;0;0
09.12.2010;10277.870117;10298.250000;10240.110352;10285.879883;10285.879883;153400000;0;0;0;0;0;0;0;0
10.12.2010;10373.700195;10373.700195;10194.269531;10211.950195;10211.950195;240700000;0;0;0;0;0;0;0;0
13.12.2010;10212.519531;10293.889648;10199.730469;10293.889648;10293.889648;145300000;0;0;0;0;0;0;0;0
14.12.2010;10272.700195;10319.240234;10267.219727;10316.769531;10316.769531;170500000;0;0;0;0;0;0;0;0
15.12.2010;10338.139648;10340.690430;10282.849609;10309.780273;10309.780273;137400000;0;0;0;0;0;0;0;0
16.12.2010;10297.549805;10347.389648;10282.540039;10311.290039;10311.290039;140800000;0;0;0;0;0;0;0;0
17.12.2010;10307.169922;10327.419922;10280.799805;10303.830078;10303.830078;140400000;0;0;0;0;0;0;0;0
20.12.2010;10296.549805;10301.150391;10182.740234;10216.410156;10216.410156;113600000;0;0;0;0;0;0;0;0
21.12.2010;10277.139648;10372.509766;10266.290039;10370.530273;10370.530273;113300000;0;0;0;0;0;0;0;0
22.12.2010;10348.480469;10394.219727;10327.599609;10346.480469;10346.480469;142100000;0;0;0;0;0;0;0;0
24.12.2010;10275.969727;10290.889648;10264.059570;10279.190430;10279.190430;86200000;0;0;0;0;0;0;0;0
27.12.2010;10292.839844;10376.910156;10292.839844;10355.990234;10355.990234;83100000;0;0;0;0;0;0;0;0
28.12.2010;10330.009766;10340.839844;10292.629883;10292.629883;10292.629883;77900000;0;0;0;0;0;0;0;0
29.12.2010;10282.839844;10344.540039;10276.610352;10344.540039;10344.540039;87600000;0;0;0;0;0;0;0;0
30.12.2010;10303.129883;10315.469727;10209.929688;10228.919922;10228.919922;107800000;0;0;0;0;0;0;0;0
04.01.2011;10352.190430;10409.169922;10321.280273;10398.099609;10398.099609;114100000;0;0;0;0;0;0;0;0
05.01.2011;10387.950195;10413.450195;10358.009766;10380.769531;10380.769531;114600000;0;0;0;0;0;0;0;0
06.01.2011;10477.519531;10530.110352;10477.519531;10529.759766;10529.759766;166000000;0;0;0;0;0;0;0;0
07.01.2011;10506.719727;10550.709961;10503.019531;10541.040039;10541.040039;161800000;0;0;0;0;0;0;0;0
11.01.2011;10484.620117;10538.389648;10476.290039;10510.679688;10510.679688;138500000;0;0;0;0;0;0;0;0
12.01.2011;10562.280273;10576.509766;10502.959961;10512.799805;10512.799805;170700000;0;0;0;0;0;0;0;0
13.01.2011;10593.459961;10620.570313;10565.280273;10589.759766;10589.759766;160900000;0;0;0;0;0;0;0;0
14.01.2011;10502.769531;10579.969727;10497.259766;10499.040039;10499.040039;170900000;0;0;0;0;0;0;0;0
17.01.2011;10562.089844;10562.389648;10482.690430;10502.860352;10502.860352;126700000;0;0;0;0;0;0;0;0
18.01.2011;10461.040039;10548.209961;10456.709961;10518.980469;10518.980469;126400000;0;0;0;0;0;0;0;0
19.01.2011;10567.879883;10580.679688;10534.019531;10557.099609;10557.099609;138600000;0;0;0;0;0;0;0;0
20.01.2011;10492.320313;10505.629883;10421.830078;10437.309570;10437.309570;132900000;0;0;0;0;0;0;0;0
21.01.2011;10459.040039;10461.070313;10257.990234;10274.519531;10274.519531;183900000;0;0;0;0;0;0;0;0
24.01.2011;10318.599609;10347.940430;10278.809570;10345.110352;10345.110352;134100000;0;0;0;0;0;0;0;0
25.01.2011;10374.639648;10480.240234;10355.799805;10464.419922;10464.419922;142900000;0;0;0;0;0;0;0;0
26.01.2011;10410.290039;10440.349609;10392.459961;10401.900391;10401.900391;111000000;0;0;0;0;0;0;0;0
27.01.2011;10466.339844;10496.400391;10421.750000;10478.660156;10478.660156;145300000;0;0;0;0;0;0;0;0
28.01.2011;10460.290039;10480.080078;10332.650391;10360.339844;10360.339844;150700000;0;0;0;0;0;0;0;0
31.01.2011;10219.980469;10265.959961;10182.570313;10237.919922;10237.919922;146000000;0;0;0;0;0;0;0;0
01.02.2011;10281.549805;10299.379883;10245.750000;10274.500000;10274.500000;149000000;0;0;0;0;0;0;0;0
02.02.2011;10368.480469;10479.750000;10366.959961;10457.360352;10457.360352;180500000;0;0;0;0;0;0;0;0
03.02.2011;10424.679688;10450.459961;10409.839844;10431.360352;10431.360352;150700000;0;0;0;0;0;0;0;0
04.02.2011;10526.389648;10580.360352;10524.129883;10543.519531;10543.519531;200300000;0;0;0;0;0;0;0;0
07.02.2011;10641.299805;10644.209961;10572.719727;10592.040039;10592.040039;162300000;0;0;0;0;0;0;0;0
08.02.2011;10645.030273;10648.799805;10623.700195;10635.980469;10635.980469;150400000;0;0;0;0;0;0;0;0
09.02.2011;10686.719727;10701.919922;10599.500000;10617.830078;10617.830078;165000000;0;0;0;0;0;0;0;0
10.02.2011;10574.799805;10631.940430;10570.620117;10605.650391;10605.650391;145600000;0;0;0;0;0;0;0;0
14.02.2011;10689.650391;10725.540039;10674.440430;10725.540039;10725.540039;140600000;0;0;0;0;0;0;0;0
15.02.2011;10738.809570;10760.990234;10712.490234;10746.669922;10746.669922;142700000;0;0;0;0;0;0;0;0
16.02.2011;10758.860352;10842.309570;10752.610352;10808.290039;10808.290039;189100000;0;0;0;0;0;0;0;0
17.02.2011;10882.910156;10891.599609;10820.480469;10836.639648;10836.639648;173700000;0;0;0;0;0;0;0;0
18.02.2011;10829.150391;10862.429688;10810.120117;10842.799805;10842.799805;151300000;0;0;0;0;0;0;0;0
21.02.2011;10820.780273;10859.389648;10789.410156;10857.530273;10857.530273;136400000;0;0;0;0;0;0;0;0
22.02.2011;10745.519531;10761.219727;10639.780273;10664.700195;10664.700195;178900000;0;0;0;0;0;0;0;0
23.02.2011;10588.820313;10666.719727;10569.929688;10579.099609;10579.099609;182300000;0;0;0;0;0;0;0;0
24.02.2011;10533.200195;10542.700195;10428.379883;10452.709961;10452.709961;184900000;0;0;0;0;0;0;0;0
25.02.2011;10475.780273;10532.209961;10454.459961;10526.759766;10526.759766;154700000;0;0;0;0;0;0;0;0
28.02.2011;10504.540039;10628.759766;10448.830078;10624.089844;10624.089844;186600000;0;0;0;0;0;0;0;0
01.03.2011;10676.240234;10754.030273;10672.910156;10754.030273;10754.030273;156400000;0;0;0;0;0;0;0;0
02.03.2011;10609.280273;10629.500000;10492.379883;10492.379883;10492.379883;153300000;0;0;0;0;0;0;0;0
03.03.2011;10529.769531;10593.339844;10522.400391;10586.019531;10586.019531;122400000;0;0;0;0;0;0;0;0
04.03.2011;10730.910156;10768.429688;10664.370117;10693.660156;10693.660156;148300000;0;0;0;0;0;0;0;0
07.03.2011;10626.969727;10626.969727;10472.509766;10505.019531;10505.019531;149400000;0;0;0;0;0;0;0;0
08.03.2011;10513.080078;10565.099609;10509.230469;10525.190430;10525.190430;150300000;0;0;0;0;0;0;0;0
09.03.2011;10607.230469;10662.070313;10563.820313;10589.500000;10589.500000;131000000;0;0;0;0;0;0;0;0
10.03.2011;10544.129883;10549.169922;10410.099609;10434.379883;10434.379883;131000000;0;0;0;0;0;0;0;0
11.03.2011;10298.639648;10378.549805;10254.429688;10254.429688;10254.429688;236000000;1;210000000;1;210000000;1;210000000;1;210000000
14.03.2011;10044.169922;10049.919922;9578.650391;9620.490234;9620.490234;349800000;0;0;0;0;0;0;0;0
15.03.2011;9441.660156;9441.660156;8227.629883;8605.150391;8605.150391;415700000;0;0;0;0;0;0;0;0
16.03.2011;8767.200195;9168.509766;8763.950195;9093.719727;9093.719727;372100000;0;0;0;0;0;0;0;0
17.03.2011;8913.349609;9093.610352;8639.559570;8962.669922;8962.669922;312100000;0;0;0;0;0;0;0;0
18.03.2011;9083.950195;9275.599609;9073.250000;9206.750000;9206.750000;245400000;0;0;0;0;0;0;0;0
22.03.2011;9403.049805;9625.030273;9395.849609;9608.320313;9608.320313;252600000;0;0;0;0;0;0;0;0
23.03.2011;9590.379883;9592.400391;9387.950195;9449.469727;9449.469727;265100000;0;0;0;0;0;0;0;0
24.03.2011;9479.769531;9509.849609;9418.709961;9435.009766;9435.009766;200100000;0;0;0;0;0;0;0;0
25.03.2011;9565.490234;9569.709961;9469.370117;9536.129883;9536.129883;203700000;0;0;0;0;0;0;0;0
28.03.2011;9541.759766;9541.759766;9405.200195;9478.530273;9478.530273;192700000;0;0;0;0;0;0;0;0
29.03.2011;9348.599609;9502.230469;9317.379883;9459.080078;9459.080078;200600000;0;0;0;0;0;0;0;0
30.03.2011;9489.509766;9708.790039;9479.030273;9708.790039;9708.790039;217100000;0;0;0;0;0;0;0;0
31.03.2011;9765.280273;9765.809570;9658.639648;9755.099609;9755.099609;187100000;0;0;0;0;0;0;0;0
01.04.2011;9757.280273;9822.059570;9698.599609;9708.389648;9708.389648;191500000;0;0;0;0;0;0;0;0
04.04.2011;9773.910156;9808.599609;9718.889648;9718.889648;9718.889648;171800000;0;0;0;0;0;0;0;0
05.04.2011;9732.259766;9732.259766;9566.049805;9615.549805;9615.549805;182900000;0;0;0;0;0;0;0;0
06.04.2011;9668.110352;9671.459961;9562.160156;9584.370117;9584.370117;203300000;0;0;0;0;0;0;0;0
07.04.2011;9652.650391;9687.179688;9578.469727;9590.929688;9590.929688;165400000;0;0;0;0;0;0;0;0
08.04.2011;9586.169922;9804.280273;9536.679688;9768.080078;9768.080078;215000000;0;0;0;0;0;0;0;0
11.04.2011;9731.320313;9775.599609;9700.750000;9719.700195;9719.700195;147500000;0;0;0;0;0;0;0;0
12.04.2011;9603.500000;9603.639648;9513.269531;9555.259766;9555.259766;169000000;0;0;0;0;0;0;0;0
13.04.2011;9516.500000;9655.830078;9516.500000;9641.179688;9641.179688;157400000;0;0;0;0;0;0;0;0
14.04.2011;9579.790039;9676.969727;9553.750000;9653.919922;9653.919922;153100000;0;0;0;0;0;0;0;0
15.04.2011;9646.219727;9651.959961;9577.959961;9591.519531;9591.519531;147900000;0;0;0;0;0;0;0;0
18.04.2011;9593.410156;9608.919922;9539.030273;9556.650391;9556.650391;110100000;0;0;0;0;0;0;0;0
19.04.2011;9448.650391;9478.870117;9405.190430;9441.030273;9441.030273;131500000;0;0;0;0;0;0;0;0
20.04.2011;9536.790039;9631.000000;9519.360352;9606.820313;9606.820313;125900000;0;0;0;0;0;0;0;0
21.04.2011;9686.269531;9725.120117;9643.919922;9685.769531;9685.769531;118000000;0;0;0;0;0;0;0;0
22.04.2011;9623.000000;9732.629883;9611.379883;9682.209961;9682.209961;126200000;0;0;0;0;0;0;0;0
25.04.2011;9705.900391;9748.400391;9657.240234;9671.959961;9671.959961;100600000;0;0;0;0;0;0;0;0
26.04.2011;9627.429688;9627.429688;9536.509766;9558.690430;9558.690430;100300000;0;0;0;0;0;0;0;0
27.04.2011;9631.530273;9728.030273;9630.370117;9691.839844;9691.839844;115900000;0;0;0;0;0;0;0;0
28.04.2011;9749.360352;9849.740234;9712.580078;9849.740234;9849.740234;158100000;0;0;0;0;0;0;0;0
02.05.2011;9964.389648;10017.469727;9936.269531;10004.200195;10004.200195;127800000;0;0;0;0;0;0;0;0
06.05.2011;9851.150391;9876.099609;9782.660156;9859.200195;9859.200195;132400000;0;0;0;0;0;0;0;0
09.05.2011;9881.669922;9897.879883;9776.740234;9794.379883;9794.379883;110700000;0;0;0;0;0;0;0;0
10.05.2011;9804.269531;9853.129883;9755.929688;9818.759766;9818.759766;131900000;0;0;0;0;0;0;0;0
11.05.2011;9912.480469;9929.040039;9842.669922;9864.259766;9864.259766;141700000;0;0;0;0;0;0;0;0
12.05.2011;9770.709961;9836.709961;9716.650391;9716.650391;9716.650391;144900000;0;0;0;0;0;0;0;0
13.05.2011;9751.450195;9751.450195;9552.929688;9648.769531;9648.769531;212600000;0;0;0;0;0;0;0;0
16.05.2011;9571.129883;9598.330078;9552.860352;9558.299805;9558.299805;126100000;0;0;0;0;0;0;0;0
17.05.2011;9513.500000;9593.129883;9502.389648;9567.019531;9567.019531;136000000;0;0;0;0;0;0;0;0
18.05.2011;9602.879883;9693.599609;9590.400391;9662.080078;9662.080078;132800000;0;0;0;0;0;0;0;0
19.05.2011;9711.320313;9731.120117;9600.809570;9620.820313;9620.820313;117200000;0;0;0;0;0;0;0;0
20.05.2011;9612.870117;9670.919922;9600.480469;9607.080078;9607.080078;120800000;0;0;0;0;0;0;0;0
23.05.2011;9547.860352;9547.860352;9437.870117;9460.629883;9460.629883;131500000;0;0;0;0;0;0;0;0
24.05.2011;9406.040039;9490.349609;9406.040039;9477.169922;9477.169922;115900000;0;0;0;0;0;0;0;0
25.05.2011;9492.429688;9503.769531;9415.330078;9422.879883;9422.879883;116700000;0;0;0;0;0;0;0;0
26.05.2011;9499.450195;9567.459961;9489.120117;9562.049805;9562.049805;117500000;0;0;0;0;0;0;0;0
27.05.2011;9514.160156;9588.700195;9493.440430;9521.940430;9521.940430;108900000;0;0;0;0;0;0;0;0
30.05.2011;9489.780273;9540.019531;9448.000000;9504.969727;9504.969727;93700000;0;0;0;0;0;0;0;0
31.05.2011;9500.599609;9697.349609;9497.400391;9693.730469;9693.730469;156500000;0;0;0;0;0;0;0;0
01.06.2011;9708.049805;9720.730469;9659.309570;9719.610352;9719.610352;136000000;0;0;0;0;0;0;0;0
02.06.2011;9560.629883;9575.009766;9517.280273;9555.040039;9555.040039;144100000;0;0;0;0;0;0;0;0
03.06.2011;9550.589844;9603.030273;9490.679688;9492.209961;9492.209961;115700000;0;0;0;0;0;0;0;0
06.06.2011;9467.370117;9490.549805;9359.780273;9380.349609;9380.349609;140300000;0;0;0;0;0;0;0;0
07.06.2011;9371.209961;9454.660156;9358.309570;9442.950195;9442.950195;128400000;0;0;0;0;0;0;0;0
08.06.2011;9428.620117;9458.429688;9394.740234;9449.459961;9449.459961;117200000;0;0;0;0;0;0;0;0
09.06.2011;9411.709961;9472.410156;9383.120117;9467.150391;9467.150391;143100000;0;0;0;0;0;0;0;0
10.06.2011;9536.839844;9613.750000;9493.049805;9514.440430;9514.440430;188800000;0;0;0;0;0;0;0;0
13.06.2011;9405.160156;9466.509766;9391.259766;9448.209961;9448.209961;96400000;0;0;0;0;0;0;0;0
14.06.2011;9446.839844;9565.650391;9438.410156;9547.790039;9547.790039;141200000;0;0;0;0;0;0;0;0
15.06.2011;9589.540039;9599.900391;9520.929688;9574.320313;9574.320313;142800000;0;0;0;0;0;0;0;0
16.06.2011;9478.629883;9497.589844;9411.280273;9411.280273;9411.280273;125500000;0;0;0;0;0;0;0;0
17.06.2011;9443.320313;9447.440430;9318.620117;9351.400391;9351.400391;139700000;0;0;0;0;0;0;0;0
20.06.2011;9383.240234;9421.379883;9346.759766;9354.320313;9354.320313;121700000;0;0;0;0;0;0;0;0
21.06.2011;9420.429688;9459.660156;9378.360352;9459.660156;9459.660156;116000000;0;0;0;0;0;0;0;0
22.06.2011;9525.250000;9658.620117;9525.250000;9629.429688;9629.429688;137800000;0;0;0;0;0;0;0;0
23.06.2011;9557.719727;9652.410156;9553.299805;9596.740234;9596.740234;127600000;0;0;0;0;0;0;0;0
24.06.2011;9626.429688;9695.089844;9609.240234;9678.709961;9678.709961;130900000;0;0;0;0;0;0;0;0
27.06.2011;9633.919922;9638.490234;9570.580078;9578.309570;9578.309570;119300000;0;0;0;0;0;0;0;0
28.06.2011;9668.009766;9703.410156;9632.540039;9648.980469;9648.980469;117500000;0;0;0;0;0;0;0;0
29.06.2011;9767.910156;9797.259766;9734.660156;9797.259766;9797.259766;123400000;0;0;0;0;0;0;0;0
30.06.2011;9838.089844;9849.690430;9785.889648;9816.089844;9816.089844;136200000;0;0;0;0;0;0;0;0
01.07.2011;9878.690430;9900.570313;9849.639648;9868.070313;9868.070313;111600000;0;0;0;0;0;0;0;0
04.07.2011;9980.160156;10005.750000;9940.469727;9965.089844;9965.089844;131400000;0;0;0;0;0;0;0;0
05.07.2011;9959.389648;9995.169922;9948.379883;9972.459961;9972.459961;132600000;0;0;0;0;0;0;0;0
06.07.2011;9987.250000;10082.480469;9967.870117;10082.480469;10082.480469;137700000;0;0;0;0;0;0;0;0
07.07.2011;10047.150391;10102.190430;10029.330078;10071.139648;10071.139648;133200000;0;0;0;0;0;0;0;0
08.07.2011;10205.709961;10207.910156;10126.469727;10137.730469;10137.730469;127300000;0;0;0;0;0;0;0;0
11.07.2011;10069.009766;10109.299805;10057.769531;10069.530273;10069.530273;104900000;0;0;0;0;0;0;0;0
12.07.2011;9943.320313;9971.139648;9907.809570;9925.919922;9925.919922;135000000;0;0;0;0;0;0;0;0
13.07.2011;9891.110352;9979.669922;9887.330078;9963.139648;9963.139648;119000000;0;0;0;0;0;0;0;0
14.07.2011;9929.179688;9998.490234;9884.000000;9936.120117;9936.120117;126800000;0;0;0;0;0;0;0;0
15.07.2011;9919.589844;9985.320313;9919.099609;9974.469727;9974.469727;101300000;0;0;0;0;0;0;0;0
19.07.2011;9921.500000;9945.719727;9889.719727;9889.719727;9889.719727;108800000;1;50000;0;0;0;0;0;0
20.07.2011;10008.000000;10042.750000;9986.330078;10005.900391;10005.900391;104400000;0;0;0;0;0;0;0;0
21.07.2011;10019.940430;10026.179688;9974.000000;10010.389648;10010.389648;125500000;0;0;0;0;0;0;0;0
22.07.2011;10096.889648;10149.179688;10076.530273;10132.110352;10132.110352;134200000;0;0;0;0;0;0;0;0
25.07.2011;10080.820313;10091.019531;10039.099609;10050.009766;10050.009766;104100000;0;0;0;0;0;0;0;0
26.07.2011;10078.480469;10130.250000;10043.990234;10097.719727;10097.719727;111200000;0;0;0;0;0;0;0;0
27.07.2011;10048.339844;10053.500000;10009.370117;10047.190430;10047.190430;123900000;0;0;0;0;0;0;0;0
28.07.2011;9936.969727;9945.980469;9853.849609;9901.349609;9901.349609;131400000;0;0;0;0;0;0;0;0
29.07.2011;9866.820313;9914.219727;9824.339844;9833.030273;9833.030273;146500000;0;0;0;0;0;0;0;0
01.08.2011;9907.040039;10040.129883;9906.169922;9965.009766;9965.009766;145000000;0;0;0;0;0;0;0;0
02.08.2011;9872.169922;9873.459961;9822.299805;9844.589844;9844.589844;120500000;0;0;0;0;0;0;0;0
03.08.2011;9705.019531;9705.019531;9610.379883;9637.139648;9637.139648;131200000;0;0;0;0;0;0;0;0
04.08.2011;9685.500000;9768.400391;9615.349609;9659.179688;9659.179688;154800000;0;0;0;0;0;0;0;0
05.08.2011;9469.160156;9469.160156;9264.089844;9299.879883;9299.879883;189000000;0;0;0;0;0;0;0;0
08.08.2011;9169.669922;9215.089844;9057.290039;9097.559570;9097.559570;147000000;0;0;0;0;0;0;0;0
09.08.2011;8911.799805;8949.969727;8656.790039;8944.480469;8944.480469;252500000;0;0;0;0;0;0;0;0
10.08.2011;9110.809570;9144.330078;9021.360352;9038.740234;9038.740234;173700000;0;0;0;0;0;0;0;0
11.08.2011;8876.540039;8983.330078;8832.419922;8981.940430;8981.940430;162900000;0;0;0;0;0;0;0;0
12.08.2011;9064.169922;9070.269531;8926.889648;8963.719727;8963.719727;150700000;0;0;0;0;0;0;0;0
15.08.2011;9082.530273;9117.110352;9032.839844;9086.410156;9086.410156;107800000;0;0;0;0;0;0;0;0
16.08.2011;9135.059570;9150.309570;9072.530273;9107.429688;9107.429688;117500000;0;0;0;0;0;0;0;0
17.08.2011;9047.889648;9081.799805;9003.700195;9057.259766;9057.259766;115100000;0;0;0;0;0;0;0;0
18.08.2011;9043.179688;9043.179688;8931.250000;8943.759766;8943.759766;119500000;0;0;0;0;0;0;0;0
19.08.2011;8771.700195;8796.419922;8707.469727;8719.240234;8719.240234;152100000;0;0;0;0;0;0;0;0
22.08.2011;8686.910156;8756.099609;8619.209961;8628.129883;8628.129883;146200000;0;0;0;0;0;0;0;0
23.08.2011;8703.309570;8747.410156;8630.490234;8733.009766;8733.009766;158700000;0;0;0;0;0;0;0;0
24.08.2011;8812.160156;8825.269531;8620.889648;8639.610352;8639.610352;167100000;0;0;0;0;0;0;0;0
25.08.2011;8748.009766;8849.940430;8741.740234;8772.360352;8772.360352;160800000;0;0;0;0;0;0;0;0
26.08.2011;8746.769531;8805.099609;8742.459961;8797.780273;8797.780273;140900000;0;0;0;0;0;0;0;0
29.08.2011;8802.250000;8926.269531;8751.290039;8851.349609;8851.349609;143700000;0;0;0;0;0;0;0;0
30.08.2011;8958.500000;8992.860352;8935.849609;8953.900391;8953.900391;135600000;0;0;0;0;0;0;0;0
31.08.2011;8938.309570;8967.799805;8905.519531;8955.200195;8955.200195;136200000;0;0;0;0;0;0;0;0
01.09.2011;9017.009766;9098.150391;8998.009766;9060.799805;9060.799805;126200000;0;0;0;0;0;0;0;0
02.09.2011;8980.559570;9014.269531;8914.650391;8950.740234;8950.740234;126900000;1;65000;0;0;0;0;0;0
05.09.2011;8828.459961;8842.559570;8757.179688;8784.459961;8784.459961;112100000;0;0;0;0;0;0;0;0
06.09.2011;8687.110352;8709.919922;8588.339844;8590.570313;8590.570313;152800000;0;0;0;0;0;0;0;0
07.09.2011;8723.049805;8773.259766;8702.780273;8763.410156;8763.410156;130100000;0;0;0;0;0;0;0;0
08.09.2011;8863.240234;8876.490234;8757.580078;8793.120117;8793.120117;104900000;0;0;0;0;0;0;0;0
09.09.2011;8739.490234;8803.750000;8726.250000;8737.660156;8737.660156;169300000;0;0;0;0;0;0;0;0
12.09.2011;8578.709961;8584.049805;8520.969727;8535.669922;8535.669922;126700000;0;0;0;0;0;0;0;0
13.09.2011;8588.740234;8635.879883;8549.059570;8616.549805;8616.549805;126100000;0;0;0;0;0;0;0;0
14.09.2011;8623.549805;8671.240234;8499.339844;8518.570313;8518.570313;129400000;0;0;0;0;0;0;0;0
15.09.2011;8645.379883;8695.950195;8634.019531;8668.860352;8668.860352;126600000;0;0;0;0;0;0;0;0
16.09.2011;8785.280273;8864.160156;8774.160156;8864.160156;8864.160156;143300000;0;0;0;0;0;0;0;0
20.09.2011;8763.610352;8771.719727;8704.230469;8721.240234;8721.240234;103900000;0;0;0;0;0;0;0;0
21.09.2011;8717.000000;8771.620117;8707.160156;8741.160156;8741.160156;106700000;0;0;0;0;0;0;0;0
22.09.2011;8643.019531;8643.019531;8545.459961;8560.259766;8560.259766;125000000;1;1820000;1;1820000;0;0;0;0
26.09.2011;8547.620117;8556.660156;8359.700195;8374.129883;8374.129883;159000000;0;0;0;0;0;0;0;0
27.09.2011;8496.330078;8609.950195;8479.049805;8609.950195;8609.950195;140500000;0;0;0;0;0;0;0;0
28.09.2011;8607.919922;8665.540039;8595.849609;8615.650391;8615.650391;140300000;0;0;0;0;0;0;0;0
29.09.2011;8527.639648;8706.139648;8501.419922;8701.230469;8701.230469;165700000;0;0;0;0;0;0;0;0
30.09.2011;8713.910156;8756.000000;8653.620117;8700.290039;8700.290039;148700000;0;0;0;0;0;0;0;0
03.10.2011;8567.980469;8577.519531;8455.669922;8545.480469;8545.480469;143700000;0;0;0;0;0;0;0;0
04.10.2011;8426.389648;8470.759766;8359.240234;8456.120117;8456.120117;158700000;0;0;0;0;0;0;0;0
05.10.2011;8491.429688;8501.030273;8343.009766;8382.980469;8382.980469;158100000;0;0;0;0;0;0;0;0
06.10.2011;8463.830078;8545.790039;8463.830078;8522.019531;8522.019531;123500000;0;0;0;0;0;0;0;0
07.10.2011;8593.219727;8663.570313;8589.360352;8605.620117;8605.620117;122400000;0;0;0;0;0;0;0;0
11.10.2011;8733.540039;8806.440430;8725.620117;8773.679688;8773.679688;112600000;0;0;0;0;0;0;0;0
12.10.2011;8719.669922;8763.019531;8689.379883;8738.900391;8738.900391;109800000;0;0;0;0;0;0;0;0
13.10.2011;8832.809570;8854.160156;8808.730469;8823.250000;8823.250000;108300000;0;0;0;0;0;0;0;0
14.10.2011;8782.910156;8787.889648;8733.709961;8747.959961;8747.959961;108300000;0;0;0;0;0;0;0;0
17.10.2011;8881.440430;8911.700195;8856.580078;8879.599609;8879.599609;95900000;0;0;0;0;0;0;0;0
18.10.2011;8758.740234;8773.990234;8727.389648;8741.910156;8741.910156;81600000;0;0;0;0;0;0;0;0
19.10.2011;8808.250000;8831.549805;8745.360352;8772.540039;8772.540039;91200000;0;0;0;0;0;0;0;0
20.10.2011;8733.599609;8733.599609;8672.209961;8682.150391;8682.150391;109200000;0;0;0;0;0;0;0;0
21.10.2011;8679.040039;8700.490234;8652.259766;8678.889648;8678.889648;97000000;0;0;0;0;0;0;0;0
24.10.2011;8764.919922;8844.280273;8762.019531;8843.980469;8843.980469;97300000;0;0;0;0;0;0;0;0
25.10.2011;8866.429688;8870.370117;8755.379883;8762.309570;8762.309570;106700000;0;0;0;0;0;0;0;0
26.10.2011;8673.849609;8798.799805;8642.559570;8748.469727;8748.469727;108800000;0;0;0;0;0;0;0;0
27.10.2011;8779.400391;8926.540039;8731.769531;8926.540039;8926.540039;139900000;0;0;0;0;0;0;0;0
28.10.2011;9059.040039;9086.429688;9003.089844;9050.469727;9050.469727;165100000;0;0;0;0;0;0;0;0
31.10.2011;9011.179688;9152.389648;8988.389648;8988.389648;8988.389648;133800000;0;0;0;0;0;0;0;0
01.11.2011;8880.750000;8946.000000;8831.690430;8835.519531;8835.519531;103800000;0;0;0;0;0;0;0;0
02.11.2011;8719.919922;8719.919922;8640.419922;8640.419922;8640.419922;129200000;0;0;0;0;0;0;0;0
04.11.2011;8761.269531;8814.709961;8729.080078;8801.400391;8801.400391;125000000;0;0;0;0;0;0;0;0
07.11.2011;8771.820313;8779.549805;8741.250000;8767.089844;8767.089844;100000000;0;0;0;0;0;0;0;0
08.11.2011;8744.360352;8772.040039;8644.000000;8655.509766;8655.509766;136400000;0;0;0;0;0;0;0;0
09.11.2011;8724.599609;8762.980469;8678.780273;8755.440430;8755.440430;137400000;0;0;0;0;0;0;0;0
10.11.2011;8597.280273;8600.209961;8500.669922;8500.799805;8500.799805;149900000;0;0;0;0;0;0;0;0
11.11.2011;8545.919922;8566.490234;8485.769531;8514.469727;8514.469727;124900000;0;0;0;0;0;0;0;0
14.11.2011;8631.280273;8655.309570;8595.429688;8603.700195;8603.700195;104300000;0;0;0;0;0;0;0;0
15.11.2011;8546.990234;8584.299805;8527.629883;8541.929688;8541.929688;80200000;0;0;0;0;0;0;0;0
16.11.2011;8546.750000;8567.639648;8459.299805;8463.160156;8463.160156;95500000;0;0;0;0;0;0;0;0
17.11.2011;8421.879883;8491.820313;8400.219727;8479.629883;8479.629883;112900000;0;0;0;0;0;0;0;0
18.11.2011;8374.160156;8398.799805;8359.599609;8374.910156;8374.910156;108600000;0;0;0;0;0;0;0;0
21.11.2011;8349.049805;8375.599609;8343.929688;8348.269531;8348.269531;89900000;0;0;0;0;0;0;0;0
22.11.2011;8263.860352;8350.349609;8261.009766;8314.740234;8314.740234;112200000;0;0;0;0;0;0;0;0
24.11.2011;8189.419922;8212.950195;8157.390137;8165.180176;8165.180176;109800000;0;0;0;0;0;0;0;0
25.11.2011;8138.189941;8199.669922;8135.790039;8160.009766;8160.009766;111400000;0;0;0;0;0;0;0;0
28.11.2011;8269.910156;8322.009766;8259.709961;8287.490234;8287.490234;102300000;0;0;0;0;0;0;0;0
29.11.2011;8371.009766;8477.820313;8351.379883;8477.820313;8477.820313;115900000;0;0;0;0;0;0;0;0
30.11.2011;8407.629883;8435.339844;8361.690430;8434.610352;8434.610352;126500000;0;0;0;0;0;0;0;0
01.12.2011;8581.200195;8653.879883;8577.089844;8597.379883;8597.379883;147900000;0;0;0;0;0;0;0;0
02.12.2011;8603.230469;8643.750000;8591.929688;8643.750000;8643.750000;101000000;0;0;0;0;0;0;0;0
05.12.2011;8697.780273;8704.480469;8668.040039;8695.980469;8695.980469;91300000;0;0;0;0;0;0;0;0
06.12.2011;8644.969727;8671.540039;8571.089844;8575.160156;8575.160156;107800000;0;0;0;0;0;0;0;0
07.12.2011;8629.190430;8729.809570;8614.209961;8722.169922;8722.169922;132600000;0;0;0;0;0;0;0;0
08.12.2011;8664.349609;8688.809570;8625.190430;8664.580078;8664.580078;127900000;0;0;0;0;0;0;0;0
09.12.2011;8521.330078;8576.679688;8503.030273;8536.459961;8536.459961;199700000;0;0;0;0;0;0;0;0
12.12.2011;8652.980469;8682.469727;8633.349609;8653.820313;8653.820313;101000000;0;0;0;0;0;0;0;0
13.12.2011;8535.519531;8594.320313;8518.799805;8552.809570;8552.809570;113300000;0;0;0;0;0;0;0;0
14.12.2011;8513.769531;8540.570313;8486.370117;8519.129883;8519.129883;98300000;0;0;0;0;0;0;0;0
15.12.2011;8449.049805;8455.320313;8374.250000;8377.370117;8377.370117;103100000;0;0;0;0;0;0;0;0
16.12.2011;8416.209961;8433.179688;8390.980469;8401.719727;8401.719727;105000000;0;0;0;0;0;0;0;0
19.12.2011;8363.389648;8364.929688;8272.259766;8296.120117;8296.120117;95000000;0;0;0;0;0;0;0;0
20.12.2011;8318.030273;8354.900391;8317.730469;8336.480469;8336.480469;80000000;0;0;0;0;0;0;0;0
21.12.2011;8442.740234;8471.110352;8440.889648;8459.980469;8459.980469;90800000;0;0;0;0;0;0;0;0
22.12.2011;8429.540039;8436.589844;8383.959961;8395.160156;8395.160156;83900000;0;0;0;0;0;0;0;0
26.12.2011;8504.459961;8516.530273;8477.370117;8479.339844;8479.339844;61400000;0;0;0;0;0;0;0;0
27.12.2011;8443.000000;8458.259766;8428.530273;8440.559570;8440.559570;51300000;0;0;0;0;0;0;0;0
28.12.2011;8426.089844;8456.660156;8414.900391;8423.620117;8423.620117;70900000;0;0;0;0;0;0;0;0
29.12.2011;8367.709961;8404.889648;8330.870117;8398.889648;8398.889648;66300000;0;0;0;0;0;0;0;0
30.12.2011;8434.900391;8455.349609;8415.559570;8455.349609;8455.349609;57600000;0;0;0;0;0;0;0;0
04.01.2012;8549.540039;8581.450195;8547.700195;8560.110352;8560.110352;106000000;1;752000;1;752000;0;0;0;0
05.01.2012;8515.660156;8519.160156;8481.830078;8488.709961;8488.709961;77700000;0;0;0;0;0;0;0;0
06.01.2012;8488.980469;8488.980469;8349.330078;8390.349609;8390.349609;101300000;0;0;0;0;0;0;0;0
10.01.2012;8422.990234;8450.589844;8405.179688;8422.259766;8422.259766;112300000;0;0;0;0;0;0;0;0
11.01.2012;8440.959961;8463.719727;8426.030273;8447.879883;8447.879883;106200000;0;0;0;0;0;0;0;0
12.01.2012;8423.099609;8426.830078;8360.330078;8385.589844;8385.589844;84800000;0;0;0;0;0;0;0;0
13.01.2012;8471.099609;8509.759766;8458.679688;8500.019531;8500.019531;109800000;0;0;0;0;0;0;0;0
16.01.2012;8409.790039;8409.790039;8352.230469;8378.360352;8378.360352;76500000;0;0;0;0;0;0;0;0
17.01.2012;8420.120117;8475.660156;8413.219727;8466.400391;8466.400391;85500000;0;0;0;0;0;0;0;0
18.01.2012;8458.290039;8595.780273;8446.089844;8550.580078;8550.580078;136200000;0;0;0;0;0;0;0;0
19.01.2012;8596.679688;8668.940430;8596.679688;8639.679688;8639.679688;125100000;0;0;0;0;0;0;0;0
20.01.2012;8751.179688;8791.389648;8725.320313;8766.360352;8766.360352;177500000;0;0;0;0;0;0;0;0
23.01.2012;8753.910156;8795.269531;8744.540039;8765.900391;8765.900391;119900000;0;0;0;0;0;0;0;0
24.01.2012;8815.360352;8825.089844;8768.509766;8785.330078;8785.330078;111000000;0;0;0;0;0;0;0;0
25.01.2012;8842.009766;8911.620117;8816.089844;8883.690430;8883.690430;132500000;0;0;0;0;0;0;0;0
26.01.2012;8890.490234;8894.599609;8834.929688;8849.469727;8849.469727;122200000;0;0;0;0;0;0;0;0
27.01.2012;8851.019531;8886.019531;8810.889648;8841.219727;8841.219727;133100000;0;0;0;0;0;0;0;0
30.01.2012;8803.790039;8832.480469;8774.230469;8793.049805;8793.049805;98100000;0;0;0;0;0;0;0;0
31.01.2012;8781.440430;8836.679688;8776.650391;8802.509766;8802.509766;138100000;0;0;0;0;0;0;0;0
¤01/02/2012;8789.059570;8830.280273;8780.099609;8809.790039;8809.790039;127200000;0;0;0;0;0;0;0;0
02.02.2012;8865.280273;8893.219727;8849.250000;8876.820313;8876.820313;157800000;0;0;0;0;0;0;0;0
03.02.2012;8849.169922;8877.570313;8825.980469;8831.929688;8831.929688;157500000;0;0;0;0;0;0;0;0
06.02.2012;8939.990234;8949.320313;8916.940430;8929.200195;8929.200195;143200000;0;0;0;0;0;0;0;0
07.02.2012;8904.160156;8928.440430;8887.190430;8917.519531;8917.519531;129200000;0;0;0;0;0;0;0;0
08.02.2012;8971.879883;9015.589844;8956.780273;9015.589844;9015.589844;157400000;0;0;0;0;0;0;0;0
09.02.2012;8996.129883;9018.490234;8942.870117;9002.240234;9002.240234;178300000;0;0;0;0;0;0;0;0
10.02.2012;9010.530273;9016.969727;8947.169922;8947.169922;8947.169922;154000000;0;0;0;0;0;0;0;0
13.02.2012;8954.030273;9023.500000;8948.540039;8999.179688;8999.179688;126800000;0;0;0;0;0;0;0;0
14.02.2012;8978.719727;9072.080078;8972.740234;9052.070313;9052.070313;141700000;0;0;0;0;0;0;0;0
15.02.2012;9108.839844;9314.370117;9107.679688;9260.339844;9260.339844;208100000;0;0;0;0;0;0;0;0
16.02.2012;9232.379883;9308.929688;9214.230469;9238.099609;9238.099609;180000000;0;0;0;0;0;0;0;0
17.02.2012;9371.120117;9435.030273;9369.250000;9384.169922;9384.169922;188700000;0;0;0;0;0;0;0;0
20.02.2012;9534.030273;9549.309570;9462.669922;9485.089844;9485.089844;169300000;0;0;0;0;0;0;0;0
21.02.2012;9458.679688;9517.040039;9440.410156;9463.019531;9463.019531;169900000;0;0;0;0;0;0;0;0
22.02.2012;9459.740234;9564.049805;9442.580078;9554.000000;9554.000000;165000000;0;0;0;0;0;0;0;0
23.02.2012;9549.769531;9609.839844;9513.650391;9595.570313;9595.570313;180000000;0;0;0;0;0;0;0;0
24.02.2012;9594.849609;9647.379883;9576.209961;9647.379883;9647.379883;180000000;0;0;0;0;0;0;0;0
27.02.2012;9726.200195;9736.110352;9628.250000;9633.929688;9633.929688;177100000;0;0;0;0;0;0;0;0
28.02.2012;9567.120117;9722.519531;9528.769531;9722.519531;9722.519531;185500000;0;0;0;0;0;0;0;0
29.02.2012;9771.620117;9866.410156;9706.219727;9723.240234;9723.240234;179200000;0;0;0;0;0;0;0;0
01.03.2012;9771.339844;9865.750000;9666.019531;9707.370117;9707.370117;175100000;0;0;0;0;0;0;0;0
02.03.2012;9797.049805;9803.750000;9729.240234;9777.030273;9777.030273;158500000;0;0;0;0;0;0;0;0
05.03.2012;9756.980469;9792.139648;9673.750000;9698.589844;9698.589844;132600000;0;0;0;0;0;0;0;0
06.03.2012;9704.610352;9732.889648;9602.839844;9637.629883;9637.629883;171900000;0;0;0;0;0;0;0;0
07.03.2012;9509.099609;9603.190430;9509.099609;9576.059570;9576.059570;155800000;0;0;0;0;0;0;0;0
08.03.2012;9674.940430;9768.959961;9659.150391;9768.959961;9768.959961;144100000;0;0;0;0;0;0;0;0
09.03.2012;9911.070313;10007.620117;9853.179688;9929.740234;9929.740234;265400000;0;0;0;0;0;0;0;0
12.03.2012;10015.919922;10021.509766;9889.860352;9889.860352;9889.860352;153500000;0;0;0;0;0;0;0;0
13.03.2012;9921.250000;10011.879883;9888.299805;9899.080078;9899.080078;206000000;0;0;0;0;0;0;0;0
14.03.2012;10064.120117;10115.790039;10050.519531;10050.519531;10050.519531;168100000;0;0;0;0;0;0;0;0
15.03.2012;10115.400391;10158.740234;10077.549805;10123.280273;10123.280273;177600000;0;0;0;0;0;0;0;0
16.03.2012;10110.570313;10148.469727;10090.089844;10129.830078;10129.830078;163000000;0;0;0;0;0;0;0;0
19.03.2012;10150.849609;10172.639648;10134.480469;10141.990234;10141.990234;135100000;0;0;0;0;0;0;0;0
21.03.2012;10100.870117;10132.019531;10073.900391;10086.490234;10086.490234;149900000;0;0;0;0;0;0;0;0
22.03.2012;10055.160156;10136.849609;10052.500000;10127.080078;10127.080078;146900000;0;0;0;0;0;0;0;0
23.03.2012;10014.870117;10031.959961;9999.370117;10011.469727;10011.469727;121600000;0;0;0;0;0;0;0;0
26.03.2012;10040.099609;10056.200195;10016.049805;10018.240234;10018.240234;126600000;0;0;0;0;0;0;0;0
27.03.2012;10152.900391;10255.150391;10152.250000;10255.150391;10255.150391;161100000;0;0;0;0;0;0;0;0
28.03.2012;10153.509766;10197.799805;10124.280273;10182.570313;10182.570313;141100000;0;0;0;0;0;0;0;0
29.03.2012;10134.780273;10147.040039;10084.769531;10114.790039;10114.790039;149300000;0;0;0;0;0;0;0;0
30.03.2012;10089.099609;10111.089844;10033.190430;10083.559570;10083.559570;137400000;0;0;0;0;0;0;0;0
02.04.2012;10161.719727;10190.349609;10109.870117;10109.870117;10109.870117;151900000;0;0;0;0;0;0;0;0
03.04.2012;10082.209961;10084.070313;10040.990234;10050.389648;10050.389648;112400000;0;0;0;0;0;0;0;0
04.04.2012;10045.879883;10059.190430;9819.990234;9819.990234;9819.990234;147800000;0;0;0;0;0;0;0;0
05.04.2012;9737.500000;9806.400391;9692.700195;9767.610352;9767.610352;165100000;0;0;0;0;0;0;0;0
06.04.2012;9710.250000;9739.589844;9659.160156;9688.450195;9688.450195;118400000;0;0;0;0;0;0;0;0
09.04.2012;9565.309570;9618.099609;9535.330078;9546.259766;9546.259766;111600000;0;0;0;0;0;0;0;0
10.04.2012;9583.360352;9648.120117;9509.719727;9538.019531;9538.019531;134800000;0;0;0;0;0;0;0;0
11.04.2012;9398.599609;9487.839844;9388.139648;9458.740234;9458.740234;155800000;0;0;0;0;0;0;0;0
12.04.2012;9486.190430;9541.040039;9449.490234;9524.790039;9524.790039;134700000;0;0;0;0;0;0;0;0
13.04.2012;9613.190430;9690.290039;9603.969727;9637.990234;9637.990234;171400000;0;0;0;0;0;0;0;0
16.04.2012;9522.700195;9532.910156;9464.490234;9470.639648;9470.639648;113000000;0;0;0;0;0;0;0;0
17.04.2012;9476.150391;9519.799805;9455.320313;9464.709961;9464.709961;109200000;0;0;0;0;0;0;0;0
18.04.2012;9594.299805;9682.879883;9594.299805;9667.259766;9667.259766;116800000;0;0;0;0;0;0;0;0
19.04.2012;9578.679688;9617.929688;9565.830078;9588.379883;9588.379883;118800000;0;0;0;0;0;0;0;0
20.04.2012;9574.990234;9580.870117;9532.679688;9561.360352;9561.360352;109800000;0;0;0;0;0;0;0;0
23.04.2012;9599.200195;9643.269531;9520.980469;9542.169922;9542.169922;101500000;0;0;0;0;0;0;0;0
24.04.2012;9466.080078;9510.700195;9423.299805;9468.040039;9468.040039;106400000;0;0;0;0;0;0;0;0
25.04.2012;9578.419922;9582.730469;9530.019531;9561.009766;9561.009766;97500000;0;0;0;0;0;0;0;0
26.04.2012;9613.160156;9630.969727;9531.030273;9561.830078;9561.830078;104900000;0;0;0;0;0;0;0;0
27.04.2012;9564.400391;9691.700195;9463.599609;9520.889648;9520.889648;165500000;0;0;0;0;0;0;0;0
01.05.2012;9471.660156;9472.250000;9332.790039;9350.950195;9350.950195;117900000;0;0;0;0;0;0;0;0
02.05.2012;9397.870117;9417.959961;9344.530273;9380.250000;9380.250000;94500000;0;0;0;0;0;0;0;0
07.05.2012;9198.169922;9206.450195;9109.009766;9119.139648;9119.139648;133000000;0;0;0;0;0;0;0;0
08.05.2012;9190.500000;9207.559570;9159.469727;9181.650391;9181.650391;112400000;0;0;0;0;0;0;0;0
09.05.2012;9112.719727;9115.940430;9021.200195;9045.059570;9045.059570;131600000;0;0;0;0;0;0;0;0
10.05.2012;9013.259766;9075.629883;8985.900391;9009.650391;9009.650391;141500000;0;0;0;0;0;0;0;0
11.05.2012;9019.400391;9050.610352;8944.629883;8953.309570;8953.309570;143400000;0;0;0;0;0;0;0;0
14.05.2012;8986.219727;9031.089844;8947.820313;8973.839844;8973.839844;112700000;0;0;0;0;0;0;0;0
15.05.2012;8910.849609;8930.780273;8838.780273;8900.740234;8900.740234;144900000;0;0;0;0;0;0;0;0
16.05.2012;8865.780273;8883.730469;8756.070313;8801.169922;8801.169922;145300000;0;0;0;0;0;0;0;0
17.05.2012;8789.469727;8885.080078;8765.709961;8876.589844;8876.589844;160100000;0;0;0;0;0;0;0;0
18.05.2012;8727.580078;8735.540039;8588.160156;8611.309570;8611.309570;155100000;0;0;0;0;0;0;0;0
21.05.2012;8617.919922;8676.200195;8608.620117;8633.889648;8633.889648;110800000;0;0;0;0;0;0;0;0
22.05.2012;8721.589844;8740.480469;8690.469727;8729.290039;8729.290039;111000000;0;0;0;0;0;0;0;0
23.05.2012;8715.139648;8715.139648;8538.690430;8556.599609;8556.599609;142700000;0;0;0;0;0;0;0;0
24.05.2012;8537.990234;8597.849609;8496.610352;8563.379883;8563.379883;134200000;0;0;0;0;0;0;0;0
25.05.2012;8616.849609;8616.849609;8550.929688;8580.389648;8580.389648;113600000;0;0;0;0;0;0;0;0
28.05.2012;8604.990234;8624.509766;8568.870117;8593.150391;8593.150391;97000000;0;0;0;0;0;0;0;0
29.05.2012;8565.559570;8657.080078;8517.179688;8657.080078;8657.080078;129700000;0;0;0;0;0;0;0;0
30.05.2012;8637.950195;8656.709961;8568.969727;8633.190430;8633.190430;119000000;0;0;0;0;0;0;0;0
31.05.2012;8499.679688;8542.730469;8455.129883;8542.730469;8542.730469;162800000;0;0;0;0;0;0;0;0
01.06.2012;8465.469727;8487.440430;8422.500000;8440.250000;8440.250000;125200000;0;0;0;0;0;0;0;0
04.06.2012;8278.650391;8303.349609;8238.959961;8295.629883;8295.629883;126800000;0;0;0;0;0;0;0;0
05.06.2012;8331.019531;8388.139648;8306.929688;8382.000000;8382.000000;136900000;0;0;0;0;0;0;0;0
06.06.2012;8428.360352;8549.000000;8412.549805;8533.530273;8533.530273;160100000;0;0;0;0;0;0;0;0
07.06.2012;8639.250000;8647.790039;8599.639648;8639.719727;8639.719727;127300000;0;0;0;0;0;0;0;0
08.06.2012;8609.780273;8611.929688;8427.200195;8459.259766;8459.259766;182900000;0;0;0;0;0;0;0;0
11.06.2012;8612.139648;8665.799805;8594.580078;8624.900391;8624.900391;108900000;0;0;0;0;0;0;0;0
12.06.2012;8478.780273;8575.870117;8452.500000;8536.719727;8536.719727;113200000;0;0;0;0;0;0;0;0
13.06.2012;8557.570313;8615.889648;8554.139648;8587.839844;8587.839844;101600000;0;0;0;0;0;0;0;0
14.06.2012;8531.400391;8592.169922;8520.990234;8568.889648;8568.889648;101600000;0;0;0;0;0;0;0;0
15.06.2012;8608.429688;8625.190430;8552.750000;8569.320313;8569.320313;106700000;0;0;0;0;0;0;0;0
18.06.2012;8723.549805;8766.559570;8711.490234;8721.019531;8721.019531;109800000;0;0;0;0;0;0;0;0
19.06.2012;8692.820313;8712.860352;8630.660156;8655.870117;8655.870117;99200000;0;0;0;0;0;0;0;0
20.06.2012;8739.099609;8770.410156;8711.219727;8752.309570;8752.309570;114100000;0;0;0;0;0;0;0;0
21.06.2012;8794.030273;8859.040039;8790.860352;8824.070313;8824.070313;132500000;0;0;0;0;0;0;0;0
22.06.2012;8733.500000;8830.339844;8731.790039;8798.349609;8798.349609;113300000;0;0;0;0;0;0;0;0
25.06.2012;8837.830078;8837.830078;8726.400391;8734.620117;8734.620117;92800000;0;0;0;0;0;0;0;0
26.06.2012;8671.610352;8712.679688;8619.360352;8663.990234;8663.990234;127500000;0;0;0;0;0;0;0;0
27.06.2012;8677.759766;8730.490234;8641.519531;8730.490234;8730.490234;106000000;0;0;0;0;0;0;0;0
28.06.2012;8816.070313;8881.440430;8805.650391;8874.110352;8874.110352;118500000;0;0;0;0;0;0;0;0
29.06.2012;8811.459961;9044.040039;8803.330078;9006.780273;9006.780273;143900000;0;0;0;0;0;0;0;0
02.07.2012;9103.790039;9103.790039;9003.480469;9003.480469;9003.480469;99700000;0;0;0;0;0;0;0;0
03.07.2012;9013.650391;9082.389648;9012.860352;9066.589844;9066.589844;121000000;0;0;0;0;0;0;0;0
04.07.2012;9119.690430;9136.019531;9095.309570;9104.169922;9104.169922;105600000;0;0;0;0;0;0;0;0
05.07.2012;9078.459961;9130.540039;9069.009766;9079.799805;9079.799805;97100000;0;0;0;0;0;0;0;0
06.07.2012;9052.700195;9082.040039;8977.349609;9020.750000;9020.750000;108200000;0;0;0;0;0;0;0;0
09.07.2012;8922.990234;8954.440430;8892.169922;8896.879883;8896.879883;92100000;0;0;0;0;0;0;0;0
10.07.2012;8922.030273;8966.990234;8855.929688;8857.730469;8857.730469;108300000;0;0;0;0;0;0;0;0
11.07.2012;8819.040039;8851.000000;8797.730469;8851.000000;8851.000000;98000000;0;0;0;0;0;0;0;0
12.07.2012;8859.389648;8862.799805;8709.750000;8720.009766;8720.009766;141800000;1;1400000;1;1400000;0;0;0;0
13.07.2012;8701.349609;8759.059570;8695.440430;8724.120117;8724.120117;122800000;0;0;0;0;0;0;0;0
17.07.2012;8740.980469;8808.870117;8711.730469;8755.000000;8755.000000;112000000;0;0;0;0;0;0;0;0
18.07.2012;8796.150391;8802.089844;8715.139648;8726.740234;8726.740234;119000000;0;0;0;0;0;0;0;0
19.07.2012;8795.000000;8835.799805;8771.190430;8795.549805;8795.549805;113200000;0;0;0;0;0;0;0;0
20.07.2012;8785.870117;8792.190430;8662.719727;8669.870117;8669.870117;116900000;0;0;0;0;0;0;0;0
23.07.2012;8582.280273;8606.230469;8500.269531;8508.320313;8508.320313;103300000;0;0;0;0;0;0;0;0
24.07.2012;8497.990234;8517.519531;8446.179688;8488.089844;8488.089844;126200000;0;0;0;0;0;0;0;0
25.07.2012;8410.980469;8433.580078;8328.019531;8365.900391;8365.900391;137400000;0;0;0;0;0;0;0;0
26.07.2012;8408.219727;8448.549805;8358.509766;8443.099609;8443.099609;153400000;0;0;0;0;0;0;0;0
27.07.2012;8547.339844;8569.089844;8522.740234;8566.639648;8566.639648;129100000;0;0;0;0;0;0;0;0
30.07.2012;8658.830078;8663.299805;8589.190430;8635.440430;8635.440430;112000000;0;0;0;0;0;0;0;0
31.07.2012;8600.919922;8732.839844;8585.259766;8695.059570;8695.059570;140300000;0;0;0;0;0;0;0;0
01.08.2012;8622.040039;8654.610352;8578.160156;8641.849609;8641.849609;123200000;0;0;0;0;0;0;0;0
02.08.2012;8642.889648;8705.910156;8635.509766;8653.179688;8653.179688;127000000;0;0;0;0;0;0;0;0
03.08.2012;8539.709961;8565.059570;8513.200195;8555.110352;8555.110352;141700000;0;0;0;0;0;0;0;0
06.08.2012;8683.200195;8751.799805;8676.250000;8726.290039;8726.290039;113000000;0;0;0;0;0;0;0;0
07.08.2012;8714.120117;8812.419922;8711.900391;8803.309570;8803.309570;109300000;0;0;0;0;0;0;0;0
08.08.2012;8889.379883;8962.950195;8851.589844;8881.160156;8881.160156;162300000;0;0;0;0;0;0;0;0
09.08.2012;8870.809570;9004.809570;8862.169922;8978.599609;8978.599609;151200000;0;0;0;0;0;0;0;0
10.08.2012;8931.919922;8954.849609;8857.230469;8891.440430;8891.440430;120000000;0;0;0;0;0;0;0;0
13.08.2012;8871.679688;8906.209961;8867.629883;8885.150391;8885.150391;72100000;0;0;0;0;0;0;0;0
14.08.2012;8913.700195;8970.990234;8897.870117;8929.879883;8929.879883;117500000;0;0;0;0;0;0;0;0
15.08.2012;8960.280273;8960.280273;8866.059570;8925.040039;8925.040039;104400000;0;0;0;0;0;0;0;0
16.08.2012;8967.110352;9094.089844;8962.969727;9092.759766;9092.759766;115300000;0;0;0;0;0;0;0;0
17.08.2012;9120.219727;9181.570313;9097.000000;9162.500000;9162.500000;132500000;0;0;0;0;0;0;0;0
20.08.2012;9202.360352;9222.870117;9150.790039;9171.160156;9171.160156;91300000;0;0;0;0;0;0;0;0
21.08.2012;9165.150391;9196.669922;9146.070313;9156.919922;9156.919922;84200000;0;0;0;0;0;0;0;0
22.08.2012;9150.690430;9162.969727;9075.080078;9131.740234;9131.740234;85900000;0;0;0;0;0;0;0;0
23.08.2012;9080.669922;9194.469727;9062.540039;9178.120117;9178.120117;102800000;0;0;0;0;0;0;0;0
24.08.2012;9069.950195;9090.669922;9045.790039;9070.759766;9070.759766;85700000;0;0;0;0;0;0;0;0
27.08.2012;9140.410156;9150.480469;9084.870117;9085.389648;9085.389648;79500000;1;86000;0;0;0;0;0;0
28.08.2012;9138.509766;9140.620117;8988.990234;9033.290039;9033.290039;124000000;0;0;0;0;0;0;0;0
29.08.2012;9045.730469;9073.990234;9033.830078;9069.809570;9069.809570;107500000;0;0;0;0;0;0;0;0
30.08.2012;9062.070313;9062.070313;8960.240234;8983.780273;8983.780273;98300000;0;0;0;0;0;0;0;0
31.08.2012;8891.750000;8933.990234;8839.910156;8839.910156;8839.910156;122800000;0;0;0;0;0;0;0;0
03.09.2012;8836.610352;8893.389648;8773.400391;8783.889648;8783.889648;123400000;0;0;0;0;0;0;0;0
04.09.2012;8787.969727;8804.440430;8729.219727;8775.509766;8775.509766;110800000;0;0;0;0;0;0;0;0
05.09.2012;8756.589844;8759.259766;8679.820313;8679.820313;8679.820313;111700000;0;0;0;0;0;0;0;0
06.09.2012;8690.339844;8697.000000;8646.030273;8680.570313;8680.570313;119100000;0;0;0;0;0;0;0;0
07.09.2012;8821.370117;8871.650391;8804.269531;8871.650391;8871.650391;157100000;0;0;0;0;0;0;0;0
10.09.2012;8853.190430;8874.540039;8838.179688;8869.370117;8869.370117;111800000;0;0;0;0;0;0;0;0
11.09.2012;8811.330078;8814.030273;8769.469727;8807.379883;8807.379883;95400000;0;0;0;0;0;0;0;0
12.09.2012;8827.209961;8959.959961;8821.799805;8959.959961;8959.959961;116100000;0;0;0;0;0;0;0;0
13.09.2012;8950.009766;9022.200195;8932.099609;8995.150391;8995.150391;95000000;0;0;0;0;0;0;0;0
14.09.2012;9097.919922;9193.269531;9081.799805;9159.389648;9159.389648;198000000;0;0;0;0;0;0;0;0
18.09.2012;9155.490234;9180.440430;9120.610352;9123.769531;9123.769531;137600000;1;31000;0;0;0;0;0;0
19.09.2012;9166.519531;9288.530273;9140.750000;9232.209961;9232.209961;157200000;0;0;0;0;0;0;0;0
20.09.2012;9174.190430;9215.570313;9079.190430;9086.980469;9086.980469;144600000;0;0;0;0;0;0;0;0
21.09.2012;9113.299805;9159.330078;9103.950195;9110.000000;9110.000000;121700000;0;0;0;0;0;0;0;0
24.09.2012;9071.320313;9091.969727;9031.129883;9069.290039;9069.290039;105900000;0;0;0;0;0;0;0;0
25.09.2012;9031.370117;9112.540039;9023.629883;9091.540039;9091.540039;128400000;0;0;0;0;0;0;0;0
26.09.2012;8941.750000;8971.750000;8894.019531;8906.700195;8906.700195;109300000;0;0;0;0;0;0;0;0
27.09.2012;8856.309570;8959.250000;8844.059570;8949.870117;8949.870117;124700000;0;0;0;0;0;0;0;0
28.09.2012;8986.629883;8989.080078;8838.849609;8870.160156;8870.160156;135600000;0;0;0;0;0;0;0;0
01.10.2012;8815.070313;8829.349609;8759.070313;8796.509766;8796.509766;99100000;1;27400;0;0;0;0;0;0
02.10.2012;8826.360352;8843.330078;8774.750000;8786.049805;8786.049805;98200000;0;0;0;0;0;0;0;0
03.10.2012;8778.259766;8806.750000;8729.559570;8746.870117;8746.870117;103500000;0;0;0;0;0;0;0;0
04.10.2012;8783.129883;8865.919922;8738.309570;8824.589844;8824.589844;123500000;0;0;0;0;0;0;0;0
05.10.2012;8850.290039;8880.230469;8805.790039;8863.299805;8863.299805;112100000;0;0;0;0;0;0;0;0
09.10.2012;8822.389648;8840.690430;8765.549805;8769.589844;8769.589844;124400000;0;0;0;0;0;0;0;0
10.10.2012;8650.549805;8660.679688;8578.250000;8596.230469;8596.230469;122300000;0;0;0;0;0;0;0;0
11.10.2012;8514.629883;8607.419922;8514.629883;8546.780273;8546.780273;132900000;0;0;0;0;0;0;0;0
12.10.2012;8607.700195;8620.179688;8516.110352;8534.120117;8534.120117;139400000;0;0;0;0;0;0;0;0
15.10.2012;8517.769531;8595.110352;8488.139648;8577.929688;8577.929688;126900000;0;0;0;0;0;0;0;0
16.10.2012;8638.679688;8707.950195;8633.679688;8701.309570;8701.309570;119800000;0;0;0;0;0;0;0;0
17.10.2012;8777.389648;8837.190430;8758.700195;8806.549805;8806.549805;139700000;0;0;0;0;0;0;0;0
18.10.2012;8886.559570;8992.360352;8877.169922;8982.860352;8982.860352;165000000;0;0;0;0;0;0;0;0
19.10.2012;8944.030273;9016.900391;8940.379883;9002.679688;9002.679688;134700000;0;0;0;0;0;0;0;0
22.10.2012;8874.519531;9031.549805;8867.790039;9010.709961;9010.709961;118300000;0;0;0;0;0;0;0;0
23.10.2012;9066.030273;9075.580078;8970.500000;9014.250000;9014.250000;116300000;0;0;0;0;0;0;0;0
24.10.2012;8896.410156;9043.799805;8896.410156;8954.299805;8954.299805;133000000;0;0;0;0;0;0;0;0
25.10.2012;8952.129883;9057.309570;8941.849609;9055.200195;9055.200195;115600000;0;0;0;0;0;0;0;0
26.10.2012;9058.929688;9075.589844;8933.059570;8933.059570;8933.059570;132100000;0;0;0;0;0;0;0;0
29.10.2012;8958.790039;8986.049805;8909.370117;8929.339844;8929.339844;97300000;0;0;0;0;0;0;0;0
30.10.2012;8941.820313;8995.809570;8841.980469;8841.980469;8841.980469;149200000;0;0;0;0;0;0;0;0
31.10.2012;8911.080078;8985.580078;8905.440430;8928.290039;8928.290039;135500000;0;0;0;0;0;0;0;0
01.11.2012;8931.709961;8976.080078;8871.480469;8946.870117;8946.870117;140600000;0;0;0;0;0;0;0;0
02.11.2012;9049.219727;9072.389648;9031.429688;9051.219727;9051.219727;137900000;0;0;0;0;0;0;0;0
05.11.2012;9000.809570;9040.179688;8984.690430;9007.440430;9007.440430;101400000;0;0;0;0;0;0;0;0
06.11.2012;8989.580078;8990.349609;8957.490234;8975.150391;8975.150391;104700000;0;0;0;0;0;0;0;0
07.11.2012;9030.559570;9032.320313;8924.410156;8972.889648;8972.889648;130900000;0;0;0;0;0;0;0;0
08.11.2012;8868.419922;8891.080078;8811.410156;8837.150391;8837.150391;106500000;0;0;0;0;0;0;0;0
09.11.2012;8742.679688;8779.240234;8729.450195;8757.599609;8757.599609;104000000;0;0;0;0;0;0;0;0
12.11.2012;8701.280273;8728.849609;8676.440430;8676.440430;8676.440430;86300000;0;0;0;0;0;0;0;0
13.11.2012;8710.519531;8723.459961;8619.450195;8661.049805;8661.049805;94900000;0;0;0;0;0;0;0;0
14.11.2012;8660.269531;8680.400391;8653.490234;8664.730469;8664.730469;81000000;0;0;0;0;0;0;0;0
15.11.2012;8703.820313;8829.719727;8684.230469;8829.719727;8829.719727;161300000;0;0;0;0;0;0;0;0
16.11.2012;8898.330078;9032.349609;8898.330078;9024.160156;9024.160156;199100000;0;0;0;0;0;0;0;0
19.11.2012;9141.269531;9183.459961;9135.290039;9153.200195;9153.200195;143100000;0;0;0;0;0;0;0;0
20.11.2012;9198.419922;9200.849609;9129.429688;9142.639648;9142.639648;133700000;0;0;0;0;0;0;0;0
21.11.2012;9213.730469;9248.980469;9161.209961;9222.519531;9222.519531;134700000;0;0;0;0;0;0;0;0
22.11.2012;9336.320313;9366.799805;9304.719727;9366.799805;9366.799805;147400000;0;0;0;0;0;0;0;0
26.11.2012;9466.059570;9487.940430;9388.940430;9388.940430;9388.940430;151500000;0;0;0;0;0;0;0;0
27.11.2012;9371.129883;9449.719727;9370.589844;9423.299805;9423.299805;136700000;0;0;0;0;0;0;0;0
28.11.2012;9375.480469;9407.620117;9308.349609;9308.349609;9308.349609;118700000;0;0;0;0;0;0;0;0
29.11.2012;9370.290039;9412.080078;9350.400391;9400.879883;9400.879883;113300000;0;0;0;0;0;0;0;0
30.11.2012;9446.769531;9492.910156;9380.250000;9446.009766;9446.009766;159800000;0;0;0;0;0;0;0;0
03.12.2012;9484.200195;9525.820313;9453.480469;9458.179688;9458.179688;110100000;0;0;0;0;0;0;0;0
04.12.2012;9419.150391;9457.190430;9406.030273;9432.459961;9432.459961;104100000;0;0;0;0;0;0;0;0
05.12.2012;9380.370117;9515.860352;9376.969727;9468.839844;9468.839844;115900000;0;0;0;0;0;0;0;0
06.12.2012;9535.690430;9565.429688;9503.309570;9545.160156;9545.160156;123100000;0;0;0;0;0;0;0;0
07.12.2012;9547.139648;9572.750000;9522.129883;9527.389648;9527.389648;133800000;0;0;0;0;0;0;0;0
10.12.2012;9584.459961;9584.459961;9517.400391;9533.750000;9533.750000;115200000;0;0;0;0;0;0;0;0
11.12.2012;9510.599609;9534.179688;9487.950195;9525.320313;9525.320313;97200000;0;0;0;0;0;0;0;0
12.12.2012;9606.250000;9606.250000;9565.950195;9581.459961;9581.459961;129400000;0;0;0;0;0;0;0;0
13.12.2012;9681.200195;9767.049805;9672.469727;9742.730469;9742.730469;212000000;0;0;0;0;0;0;0;0
14.12.2012;9703.559570;9775.750000;9687.700195;9737.559570;9737.559570;247400000;0;0;0;0;0;0;0;0
17.12.2012;9895.679688;9903.349609;9826.299805;9828.879883;9828.879883;213600000;0;0;0;0;0;0;0;0
18.12.2012;9848.870117;9967.240234;9848.870117;9923.009766;9923.009766;260300000;0;0;0;0;0;0;0;0
19.12.2012;10025.400391;10160.400391;10016.980469;10160.400391;10160.400391;277500000;0;0;0;0;0;0;0;0
20.12.2012;10093.110352;10147.679688;10028.650391;10039.330078;10039.330078;274800000;0;0;0;0;0;0;0;0
21.12.2012;10145.580078;10175.059570;9924.419922;9940.059570;9940.059570;256500000;0;0;0;0;0;0;0;0
25.12.2012;10092.349609;10119.349609;10030.440430;10080.120117;10080.120117;141700000;0;0;0;0;0;0;0;0
26.12.2012;10131.219727;10230.360352;10107.339844;10230.360352;10230.360352;182100000;0;0;0;0;0;0;0;0
27.12.2012;10295.259766;10376.389648;10288.849609;10322.980469;10322.980469;235200000;0;0;0;0;0;0;0;0
28.12.2012;10406.360352;10433.629883;10374.849609;10395.179688;10395.179688;202800000;0;0;0;0;0;0;0;0
04.01.2013;10604.500000;10734.230469;10602.240234;10688.110352;10688.110352;219000000;0;0;0;0;0;0;0;0
07.01.2013;10743.690430;10743.690430;10589.700195;10599.009766;10599.009766;187700000;0;0;0;0;0;0;0;0
08.01.2013;10544.209961;10602.120117;10463.429688;10508.059570;10508.059570;211400000;0;0;0;0;0;0;0;0
09.01.2013;10405.669922;10620.700195;10398.610352;10578.570313;10578.570313;215000000;0;0;0;0;0;0;0;0
10.01.2013;10635.110352;10686.120117;10619.650391;10652.639648;10652.639648;268500000;0;0;0;0;0;0;0;0
11.01.2013;10786.139648;10830.429688;10748.059570;10801.570313;10801.570313;236600000;0;0;0;0;0;0;0;0
15.01.2013;10914.650391;10952.309570;10851.660156;10879.080078;10879.080078;215100000;0;0;0;0;0;0;0;0
16.01.2013;10806.410156;10806.410156;10591.299805;10600.440430;10600.440430;226100000;0;0;0;0;0;0;0;0
17.01.2013;10660.940430;10694.849609;10432.969727;10609.639648;10609.639648;268500000;0;0;0;0;0;0;0;0
18.01.2013;10791.969727;10913.299805;10787.120117;10913.299805;10913.299805;286600000;0;0;0;0;0;0;0;0
21.01.2013;10941.450195;10941.450195;10747.740234;10747.740234;10747.740234;207300000;0;0;0;0;0;0;0;0
22.01.2013;10765.099609;10859.419922;10615.200195;10709.929688;10709.929688;248100000;0;0;0;0;0;0;0;0
23.01.2013;10575.599609;10663.089844;10486.990234;10486.990234;10486.990234;198800000;0;0;0;0;0;0;0;0
24.01.2013;10441.110352;10634.740234;10441.110352;10620.870117;10620.870117;211200000;0;0;0;0;0;0;0;0
25.01.2013;10797.299805;10926.650391;10790.950195;10926.650391;10926.650391;220600000;0;0;0;0;0;0;0;0
28.01.2013;11002.860352;11002.860352;10824.309570;10824.309570;10824.309570;198300000;0;0;0;0;0;0;0;0
29.01.2013;10751.009766;10937.629883;10751.009766;10866.719727;10866.719727;238500000;0;0;0;0;0;0;0;0
30.01.2013;10913.969727;11113.950195;10905.639648;11113.950195;11113.950195;202800000;0;0;0;0;0;0;0;0
31.01.2013;11057.500000;11145.379883;11007.769531;11138.660156;11138.660156;275700000;0;0;0;0;0;0;0;0
01.02.2013;11193.719727;11237.839844;11142.259766;11191.339844;11191.339844;278200000;0;0;0;0;0;0;0;0
04.02.2013;11254.160156;11285.490234;11194.740234;11260.349609;11260.349609;354100000;0;0;0;0;0;0;0;0
05.02.2013;11105.240234;11170.849609;11046.919922;11046.919922;11046.919922;385200000;0;0;0;0;0;0;0;0
06.02.2013;11236.700195;11498.419922;11232.049805;11463.750000;11463.750000;353400000;0;0;0;0;0;0;0;0
07.02.2013;11406.320313;11446.809570;11295.620117;11357.070313;11357.070313;404300000;0;0;0;0;0;0;0;0
08.02.2013;11179.969727;11299.709961;11135.889648;11153.160156;11153.160156;328100000;0;0;0;0;0;0;0;0
12.02.2013;11346.719727;11460.639648;11343.440430;11369.120117;11369.120117;301200000;0;0;0;0;0;0;0;0
13.02.2013;11333.719727;11365.269531;11196.660156;11251.410156;11251.410156;275300000;0;0;0;0;0;0;0;0
14.02.2013;11273.400391;11356.540039;11243.490234;11307.280273;11307.280273;280100000;0;0;0;0;0;0;0;0
15.02.2013;11239.209961;11261.580078;11065.059570;11173.830078;11173.830078;346200000;0;0;0;0;0;0;0;0
18.02.2013;11318.219727;11445.459961;11308.830078;11407.870117;11407.870117;238300000;0;0;0;0;0;0;0;0
19.02.2013;11336.450195;11412.860352;11336.450195;11372.339844;11372.339844;189900000;0;0;0;0;0;0;0;0
20.02.2013;11485.650391;11510.519531;11440.099609;11468.280273;11468.280273;202000000;0;0;0;0;0;0;0;0
21.02.2013;11404.730469;11442.110352;11301.769531;11309.129883;11309.129883;196300000;0;0;0;0;0;0;0;0
22.02.2013;11238.750000;11390.650391;11175.669922;11385.940430;11385.940430;247900000;0;0;0;0;0;0;0;0
25.02.2013;11564.549805;11662.519531;11562.099609;11662.519531;11662.519531;240900000;1;14200;0;0;0;0;0;0
26.02.2013;11449.660156;11520.240234;11374.830078;11398.809570;11398.809570;268000000;0;0;0;0;0;0;0;0
27.02.2013;11418.559570;11419.620117;11253.969727;11253.969727;11253.969727;193200000;0;0;0;0;0;0;0;0
28.02.2013;11396.730469;11563.750000;11392.559570;11559.360352;11559.360352;217300000;0;0;0;0;0;0;0;0
01.03.2013;11464.709961;11648.629883;11464.709961;11606.379883;11606.379883;190100000;0;0;0;0;0;0;0;0
04.03.2013;11695.450195;11767.679688;11613.589844;11652.290039;11652.290039;205200000;0;0;0;0;0;0;0;0
05.03.2013;11732.570313;11779.419922;11666.379883;11683.450195;11683.450195;198900000;0;0;0;0;0;0;0;0
06.03.2013;11811.059570;11933.820313;11803.089844;11932.269531;11932.269531;200900000;0;0;0;0;0;0;0;0
07.03.2013;12037.250000;12069.599609;11946.009766;11968.080078;11968.080078;216000000;0;0;0;0;0;0;0;0
08.03.2013;12066.500000;12283.620117;12065.089844;12283.620117;12283.620117;364600000;0;0;0;0;0;0;0;0
11.03.2013;12363.089844;12403.950195;12300.830078;12349.049805;12349.049805;332300000;0;0;0;0;0;0;0;0
12.03.2013;12433.599609;12461.969727;12314.809570;12314.809570;12314.809570;306500000;0;0;0;0;0;0;0;0
13.03.2013;12252.290039;12339.450195;12234.480469;12239.660156;12239.660156;195900000;0;0;0;0;0;0;0;0
14.03.2013;12332.160156;12395.730469;12248.650391;12381.190430;12381.190430;171500000;0;0;0;0;0;0;0;0
15.03.2013;12437.679688;12560.950195;12434.469727;12560.950195;12560.950195;251000000;0;0;0;0;0;0;0;0
18.03.2013;12365.440430;12373.169922;12220.629883;12220.629883;12220.629883;195900000;0;0;0;0;0;0;0;0
19.03.2013;12405.610352;12491.160156;12401.120117;12468.230469;12468.230469;165200000;0;0;0;0;0;0;0;0
21.03.2013;12592.000000;12650.259766;12586.059570;12635.690430;12635.690430;193300000;0;0;0;0;0;0;0;0
22.03.2013;12498.509766;12522.049805;12338.530273;12338.530273;12338.530273;168000000;0;0;0;0;0;0;0;0
25.03.2013;12507.610352;12594.360352;12480.419922;12546.459961;12546.459961;169900000;0;0;0;0;0;0;0;0
26.03.2013;12461.790039;12540.120117;12456.040039;12471.620117;12471.620117;187500000;0;0;0;0;0;0;0;0
27.03.2013;12476.580078;12502.259766;12442.389648;12493.790039;12493.790039;152900000;0;0;0;0;0;0;0;0
28.03.2013;12457.129883;12462.860352;12286.370117;12335.959961;12335.959961;204600000;0;0;0;0;0;0;0;0
29.03.2013;12405.530273;12425.959961;12319.750000;12397.910156;12397.910156;181500000;0;0;0;0;0;0;0;0
01.04.2013;12371.339844;12384.830078;12133.000000;12135.019531;12135.019531;198200000;0;0;0;0;0;0;0;0
02.04.2013;12051.570313;12107.400391;11805.780273;12003.429688;12003.429688;274600000;0;0;0;0;0;0;0;0
03.04.2013;12112.089844;12362.200195;12102.049805;12362.200195;12362.200195;235100000;0;0;0;0;0;0;0;0
04.04.2013;12188.219727;12634.540039;12075.969727;12634.540039;12634.540039;309400000;0;0;0;0;0;0;0;0
05.04.2013;12880.820313;13225.620117;12831.099609;12833.639648;12833.639648;477400000;0;0;0;0;0;0;0;0
08.04.2013;13082.610352;13225.219727;13080.290039;13192.589844;13192.589844;313900000;0;0;0;0;0;0;0;0
09.04.2013;13309.129883;13331.389648;13151.730469;13192.349609;13192.349609;287600000;0;0;0;0;0;0;0;0
10.04.2013;13177.309570;13325.150391;13177.309570;13288.129883;13288.129883;359800000;0;0;0;0;0;0;0;0
11.04.2013;13444.950195;13549.160156;13384.110352;13549.160156;13549.160156;368500000;0;0;0;0;0;0;0;0
12.04.2013;13568.250000;13568.250000;13402.860352;13485.139648;13485.139648;352000000;0;0;0;0;0;0;0;0
15.04.2013;13345.860352;13408.290039;13257.860352;13275.660156;13275.660156;321000000;0;0;0;0;0;0;0;0
16.04.2013;13023.910156;13312.230469;13004.459961;13221.440430;13221.440430;321600000;0;0;0;0;0;0;0;0
17.04.2013;13330.500000;13397.500000;13318.690430;13382.889648;13382.889648;277400000;0;0;0;0;0;0;0;0
18.04.2013;13272.219727;13377.740234;13200.849609;13220.070313;13220.070313;305000000;0;0;0;0;0;0;0;0
19.04.2013;13268.429688;13338.750000;13186.889648;13316.480469;13316.480469;236000000;0;0;0;0;0;0;0;0
22.04.2013;13537.169922;13611.580078;13529.440430;13568.370117;13568.370117;246200000;0;0;0;0;0;0;0;0
23.04.2013;13545.599609;13585.349609;13505.530273;13529.650391;13529.650391;240200000;0;0;0;0;0;0;0;0
24.04.2013;13687.280273;13843.459961;13686.780273;13843.459961;13843.459961;307400000;0;0;0;0;0;0;0;0
25.04.2013;13887.530273;13974.259766;13827.959961;13926.080078;13926.080078;294500000;0;0;0;0;0;0;0;0
26.04.2013;13978.980469;13983.870117;13852.200195;13884.129883;13884.129883;248300000;0;0;0;0;0;0;0;0
30.04.2013;13854.820313;13897.059570;13778.750000;13860.860352;13860.860352;237500000;0;0;0;0;0;0;0;0
01.05.2013;13837.719727;13844.820313;13782.000000;13799.349609;13799.349609;185400000;0;0;0;0;0;0;0;0
02.05.2013;13727.250000;13780.480469;13637.959961;13694.040039;13694.040039;179900000;0;0;0;0;0;0;0;0
07.05.2013;13960.040039;14196.379883;13951.809570;14180.240234;14180.240234;217200000;0;0;0;0;0;0;0;0
08.05.2013;14196.200195;14421.379883;14186.830078;14285.690430;14285.690430;252600000;0;0;0;0;0;0;0;0
09.05.2013;14366.950195;14409.820313;14191.480469;14191.480469;14191.480469;268300000;0;0;0;0;0;0;0;0
10.05.2013;14449.240234;14636.809570;14426.740234;14607.540039;14607.540039;312500000;0;0;0;0;0;0;0;0
13.05.2013;14759.500000;14849.009766;14727.700195;14782.209961;14782.209961;387200000;0;0;0;0;0;0;0;0
14.05.2013;14822.559570;14839.790039;14755.080078;14758.419922;14758.419922;304700000;0;0;0;0;0;0;0;0
15.05.2013;14962.339844;15108.830078;14956.379883;15096.030273;15096.030273;435000000;0;0;0;0;0;0;0;0
16.05.2013;15146.049805;15155.719727;14879.509766;15037.240234;15037.240234;375100000;0;0;0;0;0;0;0;0
17.05.2013;14926.419922;15157.320313;14902.299805;15138.120117;15138.120117;314500000;0;0;0;0;0;0;0;0
20.05.2013;15260.610352;15381.740234;15245.799805;15360.809570;15360.809570;368100000;0;0;0;0;0;0;0;0
21.05.2013;15264.790039;15388.370117;15264.419922;15381.019531;15381.019531;514100000;0;0;0;0;0;0;0;0
22.05.2013;15440.690430;15706.629883;15432.639648;15627.259766;15627.259766;476800000;0;0;0;0;0;0;0;0
23.05.2013;15739.980469;15942.599609;14483.980469;14483.980469;14483.980469;595200000;0;0;0;0;0;0;0;0
24.05.2013;14731.750000;15007.500000;13981.519531;14612.450195;14612.450195;461200000;0;0;0;0;0;0;0;0
27.05.2013;14373.820313;14381.280273;14027.419922;14142.650391;14142.650391;307400000;0;0;0;0;0;0;0;0
28.05.2013;13943.620117;14399.780273;13943.620117;14311.980469;14311.980469;336300000;0;0;0;0;0;0;0;0
29.05.2013;14492.549805;14512.280273;14243.490234;14326.459961;14326.459961;297000000;0;0;0;0;0;0;0;0
30.05.2013;14072.900391;14098.160156;13555.660156;13589.030273;13589.030273;321600000;0;0;0;0;0;0;0;0
31.05.2013;13804.230469;13916.559570;13681.389648;13774.540039;13774.540039;280500000;0;0;0;0;0;0;0;0
03.06.2013;13551.360352;13562.870117;13261.820313;13261.820313;13261.820313;282300000;0;0;0;0;0;0;0;0
04.06.2013;13186.599609;13610.250000;13060.940430;13533.759766;13533.759766;378300000;0;0;0;0;0;0;0;0
05.06.2013;13566.750000;13711.419922;13011.160156;13014.870117;13014.870117;303700000;0;0;0;0;0;0;0;0
06.06.2013;12925.290039;13238.530273;12862.019531;12904.019531;12904.019531;314000000;0;0;0;0;0;0;0;0
07.06.2013;12706.410156;13106.200195;12548.200195;12877.530273;12877.530273;324500000;0;0;0;0;0;0;0;0
10.06.2013;13141.849609;13514.200195;13141.370117;13514.200195;13514.200195;241400000;0;0;0;0;0;0;0;0
11.06.2013;13504.769531;13584.309570;13296.309570;13317.620117;13317.620117;260200000;0;0;0;0;0;0;0;0
12.06.2013;13087.660156;13332.719727;12994.080078;13289.320313;13289.320313;205500000;0;0;0;0;0;0;0;0
13.06.2013;13038.019531;13050.110352;12415.849609;12445.379883;12445.379883;240900000;0;0;0;0;0;0;0;0
14.06.2013;12668.900391;12900.650391;12629.309570;12686.519531;12686.519531;278200000;0;0;0;0;0;0;0;0
17.06.2013;12584.370117;13033.120117;12549.820313;13033.120117;13033.120117;171900000;0;0;0;0;0;0;0;0
18.06.2013;13015.150391;13139.480469;12919.030273;13007.280273;13007.280273;158700000;0;0;0;0;0;0;0;0
19.06.2013;13233.080078;13296.620117;13107.650391;13245.219727;13245.219727;201900000;0;0;0;0;0;0;0;0
20.06.2013;13101.849609;13190.820313;12966.410156;13014.580078;13014.580078;200700000;0;0;0;0;0;0;0;0
21.06.2013;12787.870117;13330.349609;12702.669922;13230.129883;13230.129883;241000000;0;0;0;0;0;0;0;0
24.06.2013;13417.540039;13426.129883;13026.230469;13062.780273;13062.780273;162500000;0;0;0;0;0;0;0;0
25.06.2013;13081.620117;13234.889648;12758.219727;12969.339844;12969.339844;199200000;0;0;0;0;0;0;0;0
26.06.2013;13152.750000;13189.839844;12826.509766;12834.009766;12834.009766;173400000;0;0;0;0;0;0;0;0
27.06.2013;12968.719727;13213.549805;12873.500000;13213.549805;13213.549805;182400000;0;0;0;0;0;0;0;0
28.06.2013;13383.919922;13724.440430;13354.700195;13677.320313;13677.320313;234400000;0;0;0;0;0;0;0;0
01.07.2013;13746.719727;13862.709961;13562.700195;13852.500000;13852.500000;172300000;0;0;0;0;0;0;0;0
02.07.2013;13969.150391;14098.740234;13898.540039;14098.740234;14098.740234;214100000;0;0;0;0;0;0;0;0
03.07.2013;14149.990234;14164.769531;13984.080078;14055.559570;14055.559570;200600000;0;0;0;0;0;0;0;0
04.07.2013;13970.269531;14093.019531;13962.299805;14018.929688;14018.929688;143600000;0;0;0;0;0;0;0;0
05.07.2013;14150.849609;14309.969727;14149.500000;14309.969727;14309.969727;179400000;0;0;0;0;0;0;0;0
08.07.2013;14491.070313;14497.650391;14109.339844;14109.339844;14109.339844;220500000;0;0;0;0;0;0;0;0
09.07.2013;14295.440430;14472.900391;14186.030273;14472.900391;14472.900391;197600000;0;0;0;0;0;0;0;0
10.07.2013;14464.820313;14555.330078;14287.690430;14416.599609;14416.599609;178200000;0;0;0;0;0;0;0;0
11.07.2013;14275.259766;14496.669922;14275.259766;14472.580078;14472.580078;167500000;0;0;0;0;0;0;0;0
12.07.2013;14475.169922;14574.169922;14417.299805;14506.250000;14506.250000;184900000;0;0;0;0;0;0;0;0
16.07.2013;14594.879883;14638.799805;14550.889648;14599.120117;14599.120117;186100000;0;0;0;0;0;0;0;0
17.07.2013;14491.799805;14615.040039;14460.559570;14615.040039;14615.040039;247700000;0;0;0;0;0;0;0;0
18.07.2013;14645.250000;14827.730469;14645.250000;14808.500000;14808.500000;191300000;0;0;0;0;0;0;0;0
19.07.2013;14909.759766;14953.290039;14413.280273;14589.910156;14589.910156;269400000;0;0;0;0;0;0;0;0
22.07.2013;14770.019531;14770.019531;14514.290039;14658.040039;14658.040039;177500000;0;0;0;0;0;0;0;0
23.07.2013;14555.360352;14820.179688;14549.059570;14778.509766;14778.509766;163100000;0;0;0;0;0;0;0;0
24.07.2013;14719.639648;14751.870117;14630.679688;14731.280273;14731.280273;143000000;0;0;0;0;0;0;0;0
25.07.2013;14747.209961;14748.769531;14533.209961;14562.929688;14562.929688;158200000;0;0;0;0;0;0;0;0
26.07.2013;14339.389648;14376.009766;14114.519531;14129.980469;14129.980469;196100000;0;0;0;0;0;0;0;0
29.07.2013;13899.269531;13953.849609;13661.129883;13661.129883;13661.129883;184700000;1;2000;0;0;0;0;0;0
30.07.2013;13634.200195;13909.450195;13613.780273;13869.820313;13869.820313;183400000;0;0;0;0;0;0;0;0
31.07.2013;13733.549805;13836.030273;13644.209961;13668.320313;13668.320313;186500000;0;0;0;0;0;0;0;0
01.08.2013;13674.500000;14005.769531;13645.610352;14005.769531;14005.769531;195700000;0;0;0;0;0;0;0;0
02.08.2013;14178.660156;14466.160156;14146.919922;14466.160156;14466.160156;193500000;0;0;0;0;0;0;0;0
05.08.2013;14318.209961;14370.980469;14225.500000;14258.040039;14258.040039;134100000;0;0;0;0;0;0;0;0
06.08.2013;14237.099609;14401.059570;14031.610352;14401.059570;14401.059570;154000000;0;0;0;0;0;0;0;0
07.08.2013;14155.950195;14164.700195;13824.940430;13824.940430;13824.940430;178500000;0;0;0;0;0;0;0;0
08.08.2013;13779.469727;14031.139648;13556.650391;13605.559570;13605.559570;167700000;0;0;0;0;0;0;0;0
09.08.2013;13673.490234;13754.959961;13527.809570;13615.190430;13615.190430;159100000;0;0;0;0;0;0;0;0
12.08.2013;13469.700195;13658.860352;13430.639648;13519.429688;13519.429688;117700000;0;0;0;0;0;0;0;0
13.08.2013;13696.360352;13867.000000;13689.490234;13867.000000;13867.000000;126100000;0;0;0;0;0;0;0;0
14.08.2013;13936.740234;14050.160156;13747.179688;14050.160156;14050.160156;152600000;0;0;0;0;0;0;0;0
15.08.2013;13845.639648;13981.160156;13711.120117;13752.940430;13752.940430;137800000;0;0;0;0;0;0;0;0
16.08.2013;13532.610352;13739.519531;13532.610352;13650.110352;13650.110352;129600000;0;0;0;0;0;0;0;0
19.08.2013;13669.740234;13758.129883;13589.780273;13758.129883;13758.129883;96900000;0;0;0;0;0;0;0;0
20.08.2013;13632.959961;13730.089844;13383.179688;13396.379883;13396.379883;138000000;0;0;0;0;0;0;0;0
21.08.2013;13431.280273;13499.990234;13250.360352;13424.330078;13424.330078;148300000;0;0;0;0;0;0;0;0
22.08.2013;13314.049805;13447.330078;13238.730469;13365.169922;13365.169922;133200000;0;0;0;0;0;0;0;0
23.08.2013;13583.759766;13774.660156;13575.400391;13660.549805;13660.549805;164200000;0;0;0;0;0;0;0;0
26.08.2013;13719.559570;13741.490234;13586.839844;13636.280273;13636.280273;104100000;0;0;0;0;0;0;0;0
27.08.2013;13551.750000;13678.790039;13517.099609;13542.370117;13542.370117;116800000;0;0;0;0;0;0;0;0
28.08.2013;13285.030273;13392.570313;13188.139648;13338.459961;13338.459961;132800000;0;0;0;0;0;0;0;0
29.08.2013;13382.950195;13463.139648;13364.820313;13459.709961;13459.709961;121400000;0;0;0;0;0;0;0;0
30.08.2013;13573.240234;13615.980469;13335.910156;13388.860352;13388.860352;156700000;0;0;0;0;0;0;0;0
02.09.2013;13438.070313;13613.480469;13407.530273;13572.919922;13572.919922;112600000;1;2000;0;0;0;0;0;0
03.09.2013;13748.679688;13978.440430;13748.679688;13978.440430;13978.440430;162400000;0;0;0;0;0;0;0;0
04.09.2013;13875.169922;14056.879883;13843.610352;14053.870117;14053.870117;138400000;1;2000;0;0;0;0;0;0
05.09.2013;14140.200195;14156.500000;13981.519531;14064.820313;14064.820313;146600000;0;0;0;0;0;0;0;0
06.09.2013;14088.410156;14099.129883;13834.519531;13860.809570;13860.809570;139900000;0;0;0;0;0;0;0;0
09.09.2013;14141.669922;14251.459961;14117.679688;14205.230469;14205.230469;173500000;0;0;0;0;0;0;0;0
10.09.2013;14318.719727;14441.809570;14296.780273;14423.360352;14423.360352;209900000;0;0;0;0;0;0;0;0
11.09.2013;14511.740234;14561.459961;14422.719727;14425.070313;14425.070313;170000000;0;0;0;0;0;0;0;0
12.09.2013;14397.900391;14455.370117;14321.570313;14387.269531;14387.269531;118400000;0;0;0;0;0;0;0;0
13.09.2013;14316.700195;14439.929688;14233.120117;14404.669922;14404.669922;180700000;0;0;0;0;0;0;0;0
17.09.2013;14456.990234;14474.530273;14311.669922;14311.669922;14311.669922;121300000;1;2000;0;0;0;0;0;0
18.09.2013;14411.549805;14625.969727;14396.410156;14505.360352;14505.360352;155900000;0;0;0;0;0;0;0;0
19.09.2013;14680.400391;14766.179688;14581.790039;14766.179688;14766.179688;174600000;0;0;0;0;0;0;0;0
20.09.2013;14801.639648;14816.650391;14702.250000;14742.419922;14742.419922;162500000;0;0;0;0;0;0;0;0
24.09.2013;14626.040039;14767.719727;14607.269531;14732.610352;14732.610352;114900000;0;0;0;0;0;0;0;0
25.09.2013;14713.030273;14737.980469;14620.530273;14620.530273;14620.530273;151000000;0;0;0;0;0;0;0;0
26.09.2013;14553.059570;14799.120117;14410.519531;14799.120117;14799.120117;156600000;0;0;0;0;0;0;0;0
27.09.2013;14803.990234;14817.500000;14699.209961;14760.070313;14760.070313;162100000;0;0;0;0;0;0;0;0
30.09.2013;14530.620117;14619.240234;14425.820313;14455.799805;14455.799805;157300000;0;0;0;0;0;0;0;0
01.10.2013;14517.980469;14642.969727;14471.700195;14484.719727;14484.719727;153000000;0;0;0;0;0;0;0;0
02.10.2013;14492.469727;14569.200195;14114.540039;14170.490234;14170.490234;173500000;0;0;0;0;0;0;0;0
03.10.2013;14140.110352;14219.889648;14082.309570;14157.250000;14157.250000;145300000;0;0;0;0;0;0;0;0
04.10.2013;14029.730469;14149.769531;13944.269531;14024.309570;14024.309570;145300000;0;0;0;0;0;0;0;0
07.10.2013;14057.790039;14073.230469;13841.929688;13853.320313;13853.320313;146100000;0;0;0;0;0;0;0;0
08.10.2013;13794.740234;13929.639648;13748.940430;13894.610352;13894.610352;163700000;0;0;0;0;0;0;0;0
09.10.2013;13789.889648;14037.839844;13751.849609;14037.839844;14037.839844;162100000;0;0;0;0;0;0;0;0
10.10.2013;14097.620117;14200.309570;14077.030273;14194.709961;14194.709961;143200000;0;0;0;0;0;0;0;0
11.10.2013;14376.889648;14447.870117;14320.299805;14404.740234;14404.740234;169900000;0;0;0;0;0;0;0;0
15.10.2013;14510.269531;14510.370117;14415.759766;14441.540039;14441.540039;125600000;1;200000;0;0;0;0;0;0
16.10.2013;14433.639648;14493.669922;14417.610352;14467.139648;14467.139648;116200000;0;0;0;0;0;0;0;0
17.10.2013;14640.080078;14664.219727;14492.669922;14586.509766;14586.509766;135600000;0;0;0;0;0;0;0;0
18.10.2013;14589.599609;14610.089844;14503.089844;14561.540039;14561.540039;120100000;0;0;0;0;0;0;0;0
21.10.2013;14624.030273;14727.849609;14624.030273;14693.570313;14693.570313;99100000;0;0;0;0;0;0;0;0
22.10.2013;14677.080078;14747.769531;14641.780273;14713.250000;14713.250000;99200000;0;0;0;0;0;0;0;0
23.10.2013;14784.410156;14799.280273;14426.049805;14426.049805;14426.049805;153500000;0;0;0;0;0;0;0;0
24.10.2013;14344.740234;14499.519531;14273.709961;14486.410156;14486.410156;144900000;0;0;0;0;0;0;0;0
25.10.2013;14439.139648;14442.120117;14088.190430;14088.190430;14088.190430;139000000;0;0;0;0;0;0;0;0
28.10.2013;14261.650391;14400.320313;14194.419922;14396.040039;14396.040039;109500000;0;0;0;0;0;0;0;0
29.10.2013;14288.719727;14395.959961;14224.589844;14325.980469;14325.980469;135600000;0;0;0;0;0;0;0;0
30.10.2013;14464.669922;14526.879883;14425.580078;14502.349609;14502.349609;156800000;0;0;0;0;0;0;0;0
31.10.2013;14474.009766;14516.080078;14324.169922;14327.940430;14327.940430;158400000;0;0;0;0;0;0;0;0
01.11.2013;14403.070313;14411.049805;14126.410156;14201.570313;14201.570313;170800000;0;0;0;0;0;0;0;0
05.11.2013;14319.750000;14323.240234;14141.820313;14225.370117;14225.370117;167100000;0;0;0;0;0;0;0;0
06.11.2013;14155.339844;14407.690430;14130.860352;14337.309570;14337.309570;142200000;0;0;0;0;0;0;0;0
07.11.2013;14355.559570;14371.559570;14222.030273;14228.440430;14228.440430;111600000;0;0;0;0;0;0;0;0
08.11.2013;14026.169922;14122.280273;14026.169922;14086.799805;14086.799805;117800000;0;0;0;0;0;0;0;0
11.11.2013;14271.480469;14304.290039;14208.129883;14269.839844;14269.839844;113500000;0;0;0;0;0;0;0;0
12.11.2013;14289.870117;14588.679688;14278.209961;14588.679688;14588.679688;157600000;0;0;0;0;0;0;0;0
13.11.2013;14527.969727;14599.530273;14490.919922;14567.160156;14567.160156;170200000;0;0;0;0;0;0;0;0
14.11.2013;14665.750000;14966.429688;14665.750000;14876.410156;14876.410156;190100000;0;0;0;0;0;0;0;0
15.11.2013;15034.330078;15203.110352;14994.700195;15165.919922;15165.919922;212600000;0;0;0;0;0;0;0;0
18.11.2013;15253.240234;15273.610352;15106.820313;15164.299805;15164.299805;180100000;0;0;0;0;0;0;0;0
19.11.2013;15096.629883;15163.059570;15020.330078;15126.559570;15126.559570;130200000;0;0;0;0;0;0;0;0
20.11.2013;15176.349609;15209.669922;15069.980469;15076.080078;15076.080078;142500000;0;0;0;0;0;0;0;0
21.11.2013;15176.650391;15377.000000;15168.469727;15365.599609;15365.599609;168200000;0;0;0;0;0;0;0;0
22.11.2013;15513.450195;15579.389648;15307.440430;15381.719727;15381.719727;211300000;0;0;0;0;0;0;0;0
25.11.2013;15504.780273;15619.129883;15469.870117;15619.129883;15619.129883;176400000;0;0;0;0;0;0;0;0
26.11.2013;15501.950195;15577.969727;15460.969727;15515.240234;15515.240234;156700000;0;0;0;0;0;0;0;0
27.11.2013;15414.519531;15512.759766;15414.519531;15449.629883;15449.629883;144700000;0;0;0;0;0;0;0;0
28.11.2013;15622.190430;15729.089844;15605.730469;15727.120117;15727.120117;154000000;0;0;0;0;0;0;0;0
29.11.2013;15661.429688;15727.959961;15507.169922;15661.870117;15661.870117;158300000;0;0;0;0;0;0;0;0
02.12.2013;15659.740234;15703.019531;15579.540039;15655.070313;15655.070313;143200000;0;0;0;0;0;0;0;0
03.12.2013;15747.540039;15794.150391;15661.900391;15749.660156;15749.660156;167200000;0;0;0;0;0;0;0;0
04.12.2013;15520.200195;15579.360352;15326.059570;15407.940430;15407.940430;159000000;0;0;0;0;0;0;0;0
05.12.2013;15354.530273;15430.200195;15139.120117;15177.490234;15177.490234;150700000;0;0;0;0;0;0;0;0
06.12.2013;15112.540039;15327.370117;15112.540039;15299.860352;15299.860352;135300000;0;0;0;0;0;0;0;0
09.12.2013;15556.599609;15650.209961;15547.290039;15650.209961;15650.209961;136900000;0;0;0;0;0;0;0;0
10.12.2013;15633.969727;15633.969727;15562.059570;15611.309570;15611.309570;127200000;0;0;0;0;0;0;0;0
11.12.2013;15509.929688;15562.299805;15386.110352;15515.059570;15515.059570;129200000;0;0;0;0;0;0;0;0
12.12.2013;15377.320313;15392.660156;15255.360352;15341.820313;15341.820313;132300000;0;0;0;0;0;0;0;0
13.12.2013;15316.889648;15532.940430;15251.450195;15403.110352;15403.110352;246200000;0;0;0;0;0;0;0;0
16.12.2013;15408.349609;15408.349609;15146.129883;15152.910156;15152.910156;139600000;0;0;0;0;0;0;0;0
17.12.2013;15290.219727;15322.129883;15248.419922;15278.629883;15278.629883;120400000;0;0;0;0;0;0;0;0
18.12.2013;15273.240234;15588.419922;15268.179688;15587.799805;15587.799805;175200000;0;0;0;0;0;0;0;0
19.12.2013;15809.429688;15891.820313;15798.849609;15859.219727;15859.219727;190300000;0;0;0;0;0;0;0;0
20.12.2013;15790.690430;15870.419922;15755.360352;15870.419922;15870.419922;165000000;0;0;0;0;0;0;0;0
24.12.2013;15955.900391;16029.650391;15849.000000;15889.330078;15889.330078;163000000;0;0;0;0;0;0;0;0
25.12.2013;15861.129883;16010.540039;15853.509766;16009.990234;16009.990234;147400000;0;0;0;0;0;0;0;0
26.12.2013;16087.070313;16186.040039;16082.280273;16174.440430;16174.440430;170200000;0;0;0;0;0;0;0;0
27.12.2013;16229.429688;16232.690430;16056.730469;16178.940430;16178.940430;170600000;0;0;0;0;0;0;0;0
30.12.2013;16269.219727;16320.219727;16182.709961;16291.309570;16291.309570;182100000;0;0;0;0;0;0;0;0
06.01.2014;16147.540039;16164.009766;15864.440430;15908.879883;15908.879883;192700000;0;0;0;0;0;0;0;0
07.01.2014;15835.410156;15935.370117;15784.250000;15814.370117;15814.370117;165900000;0;0;0;0;0;0;0;0
08.01.2014;15943.679688;16121.450195;15906.570313;16121.450195;16121.450195;206700000;0;0;0;0;0;0;0;0
09.01.2014;16002.879883;16004.559570;15838.440430;15880.330078;15880.330078;217400000;0;0;0;0;0;0;0;0
10.01.2014;15785.150391;15922.139648;15754.700195;15912.059570;15912.059570;237500000;0;0;0;0;0;0;0;0
14.01.2014;15657.200195;15661.709961;15383.690430;15422.400391;15422.400391;214500000;0;0;0;0;0;0;0;0
15.01.2014;15649.070313;15808.730469;15636.570313;15808.730469;15808.730469;185800000;0;0;0;0;0;0;0;0
16.01.2014;15845.150391;15941.080078;15710.139648;15747.200195;15747.200195;214200000;0;0;0;0;0;0;0;0
17.01.2014;15695.459961;15783.370117;15621.799805;15734.459961;15734.459961;180100000;0;0;0;0;0;0;0;0
20.01.2014;15724.139648;15727.259766;15574.230469;15641.679688;15641.679688;142200000;0;0;0;0;0;0;0;0
21.01.2014;15710.889648;15894.679688;15705.839844;15795.959961;15795.959961;154300000;0;0;0;0;0;0;0;0
22.01.2014;15749.009766;15870.530273;15631.410156;15820.959961;15820.959961;185300000;0;0;0;0;0;0;0;0
23.01.2014;15900.629883;15958.580078;15690.450195;15695.889648;15695.889648;206900000;0;0;0;0;0;0;0;0
24.01.2014;15473.570313;15485.019531;15288.320313;15391.559570;15391.559570;221000000;0;0;0;0;0;0;0;0
27.01.2014;15091.450195;15109.679688;14933.549805;15005.730469;15005.730469;223900000;0;0;0;0;0;0;0;0
28.01.2014;15038.639648;15088.120117;14952.830078;14980.160156;14980.160156;183100000;0;0;0;0;0;0;0;0
29.01.2014;15164.339844;15383.910156;15159.919922;15383.910156;15383.910156;164800000;0;0;0;0;0;0;0;0
30.01.2014;15112.700195;15112.700195;14853.830078;15007.059570;15007.059570;221200000;0;0;0;0;0;0;0;0
31.01.2014;15132.230469;15143.879883;14764.570313;14914.530273;14914.530273;217400000;0;0;0;0;0;0;0;0
03.02.2014;14788.559570;14846.929688;14615.049805;14619.129883;14619.129883;202800000;0;0;0;0;0;0;0;0
04.02.2014;14353.330078;14355.919922;14008.469727;14008.469727;14008.469727;294300000;0;0;0;0;0;0;0;0
05.02.2014;14213.099609;14245.059570;13995.860352;14180.379883;14180.379883;280200000;0;0;0;0;0;0;0;0
06.02.2014;14233.419922;14308.070313;14155.120117;14155.120117;14155.120117;192900000;0;0;0;0;0;0;0;0
07.02.2014;14387.110352;14471.950195;14356.589844;14462.410156;14462.410156;186100000;0;0;0;0;0;0;0;0
10.02.2014;14647.830078;14725.919922;14568.299805;14718.339844;14718.339844;149800000;1;5900000;1;5900000;1;5900000;0;0
12.02.2014;14821.730469;14874.790039;14769.040039;14800.059570;14800.059570;165100000;0;0;0;0;0;0;0;0
13.02.2014;14785.839844;14787.620117;14488.320313;14534.740234;14534.740234;148400000;0;0;0;0;0;0;0;0
14.02.2014;14538.200195;14678.709961;14243.169922;14313.030273;14313.030273;204200000;1;185000;0;0;0;0;0;0
17.02.2014;14343.730469;14427.950195;14214.599609;14393.110352;14393.110352;149000000;0;0;0;0;0;0;0;0
18.02.2014;14514.469727;14900.240234;14469.490234;14843.240234;14843.240234;206500000;0;0;0;0;0;0;0;0
19.02.2014;14729.480469;14805.660156;14679.190430;14766.530273;14766.530273;153900000;0;0;0;0;0;0;0;0
20.02.2014;14701.139648;14731.480469;14428.730469;14449.179688;14449.179688;172000000;0;0;0;0;0;0;0;0
21.02.2014;14618.610352;14888.809570;14618.610352;14865.669922;14865.669922;138700000;0;0;0;0;0;0;0;0
24.02.2014;14803.639648;14982.530273;14658.139648;14837.679688;14837.679688;159500000;0;0;0;0;0;0;0;0
25.02.2014;15002.509766;15094.540039;14957.490234;15051.599609;15051.599609;139500000;0;0;0;0;0;0;0;0
26.02.2014;14896.490234;15084.530273;14896.490234;14970.969727;14970.969727;126600000;0;0;0;0;0;0;0;0
27.02.2014;14939.870117;15015.009766;14844.370117;14923.110352;14923.110352;160300000;0;0;0;0;0;0;0;0
28.02.2014;14929.549805;14943.650391;14735.519531;14841.070313;14841.070313;160500000;0;0;0;0;0;0;0;0
03.03.2014;14666.929688;14684.700195;14443.099609;14652.230469;14652.230469;146900000;0;0;0;0;0;0;0;0
04.03.2014;14553.950195;14750.089844;14546.339844;14721.480469;14721.480469;125600000;0;0;0;0;0;0;0;0
05.03.2014;14905.950195;14992.190430;14897.629883;14897.629883;14897.629883;134000000;0;0;0;0;0;0;0;0
06.03.2014;14933.759766;15203.120117;14871.559570;15134.750000;15134.750000;150000000;0;0;0;0;0;0;0;0
07.03.2014;15280.759766;15312.599609;15145.589844;15274.070313;15274.070313;138500000;0;0;0;0;0;0;0;0
10.03.2014;15197.530273;15266.120117;15088.110352;15120.139648;15120.139648;121100000;0;0;0;0;0;0;0;0
11.03.2014;15179.469727;15256.030273;15124.360352;15224.110352;15224.110352;119100000;0;0;0;0;0;0;0;0
12.03.2014;15003.799805;15020.139648;14828.179688;14830.389648;14830.389648;141300000;0;0;0;0;0;0;0;0
13.03.2014;14847.719727;14919.839844;14790.480469;14815.980469;14815.980469;116200000;0;0;0;0;0;0;0;0
14.03.2014;14526.280273;14539.599609;14280.750000;14327.660156;14327.660156;236100000;0;0;0;0;0;0;0;0
17.03.2014;14254.320313;14359.160156;14203.209961;14277.669922;14277.669922;138000000;0;0;0;0;0;0;0;0
18.03.2014;14491.410156;14533.250000;14399.719727;14411.269531;14411.269531;114000000;0;0;0;0;0;0;0;0
19.03.2014;14495.730469;14663.540039;14302.370117;14462.519531;14462.519531;153600000;0;0;0;0;0;0;0;0
20.03.2014;14548.759766;14548.759766;14207.830078;14224.230469;14224.230469;158700000;0;0;0;0;0;0;0;0
24.03.2014;14297.580078;14514.280273;14287.280273;14475.299805;14475.299805;196200000;0;0;0;0;0;0;0;0
25.03.2014;14401.690430;14531.790039;14312.080078;14423.190430;14423.190430;186000000;0;0;0;0;0;0;0;0
26.03.2014;14521.000000;14569.900391;14401.419922;14477.160156;14477.160156;166600000;0;0;0;0;0;0;0;0
27.03.2014;14305.669922;14659.849609;14227.809570;14622.889648;14622.889648;179000000;0;0;0;0;0;0;0;0
28.03.2014;14576.250000;14713.450195;14520.570313;14696.030273;14696.030273;149300000;0;0;0;0;0;0;0;0
31.03.2014;14839.540039;14843.669922;14718.009766;14827.830078;14827.830078;141600000;0;0;0;0;0;0;0;0
01.04.2014;14870.509766;14870.509766;14751.290039;14791.990234;14791.990234;139200000;0;0;0;0;0;0;0;0
02.04.2014;14897.879883;15069.610352;14893.169922;14946.320313;14946.320313;162400000;0;0;0;0;0;0;0;0
03.04.2014;15009.179688;15164.389648;14976.360352;15071.879883;15071.879883;134400000;0;0;0;0;0;0;0;0
04.04.2014;15005.540039;15098.379883;15000.690430;15063.769531;15063.769531;97100000;0;0;0;0;0;0;0;0
07.04.2014;14880.820313;14895.580078;14764.370117;14808.849609;14808.849609;112800000;0;0;0;0;0;0;0;0
08.04.2014;14715.799805;14740.099609;14605.309570;14606.879883;14606.879883;130400000;0;0;0;0;0;0;0;0
09.04.2014;14436.049805;14502.019531;14279.339844;14299.690430;14299.690430;162500000;0;0;0;0;0;0;0;0
10.04.2014;14484.540039;14513.139648;14234.450195;14300.120117;14300.120117;128900000;0;0;0;0;0;0;0;0
11.04.2014;14027.799805;14065.969727;13885.110352;13960.049805;13960.049805;174700000;0;0;0;0;0;0;0;0
14.04.2014;13887.230469;14008.290039;13885.219727;13910.160156;13910.160156;121000000;0;0;0;0;0;0;0;0
15.04.2014;14068.750000;14096.860352;13969.169922;13996.809570;13996.809570;120800000;0;0;0;0;0;0;0;0
16.04.2014;14126.870117;14420.299805;14125.589844;14417.679688;14417.679688;143600000;0;0;0;0;0;0;0;0
17.04.2014;14395.950195;14500.660156;14351.849609;14417.530273;14417.530273;127900000;0;0;0;0;0;0;0;0
18.04.2014;14489.370117;14536.669922;14442.740234;14516.269531;14516.269531;78200000;0;0;0;0;0;0;0;0
21.04.2014;14549.450195;14649.500000;14503.169922;14512.379883;14512.379883;95300000;0;0;0;0;0;0;0;0
22.04.2014;14586.290039;14604.299805;14388.769531;14388.769531;14388.769531;99300000;0;0;0;0;0;0;0;0
23.04.2014;14480.410156;14546.269531;14459.290039;14546.269531;14546.269531;103200000;0;0;0;0;0;0;0;0
24.04.2014;14563.250000;14563.250000;14367.129883;14404.990234;14404.990234;106300000;0;0;0;0;0;0;0;0
25.04.2014;14369.719727;14554.320313;14327.599609;14429.259766;14429.259766;115000000;0;0;0;0;0;0;0;0
28.04.2014;14289.820313;14324.030273;14224.469727;14288.230469;14288.230469;97400000;0;0;0;0;0;0;0;0
30.04.2014;14393.509766;14421.219727;14275.690430;14304.110352;14304.110352;125100000;0;0;0;0;0;0;0;0
01.05.2014;14341.089844;14493.030273;14341.089844;14485.129883;14485.129883;129200000;0;0;0;0;0;0;0;0
02.05.2014;14454.440430;14473.750000;14405.769531;14457.509766;14457.509766;108600000;0;0;0;0;0;0;0;0
07.05.2014;14296.250000;14299.129883;14033.450195;14033.450195;14033.450195;143200000;0;0;0;0;0;0;0;0
08.05.2014;14136.410156;14254.440430;14108.160156;14163.780273;14163.780273;123000000;0;0;0;0;0;0;0;0
09.05.2014;14101.980469;14266.290039;14091.200195;14199.589844;14199.589844;125300000;0;0;0;0;0;0;0;0
12.05.2014;14173.490234;14234.490234;14130.299805;14149.519531;14149.519531;109200000;0;0;0;0;0;0;0;0
13.05.2014;14367.940430;14464.009766;14359.740234;14425.440430;14425.440430;129900000;0;0;0;0;0;0;0;0
14.05.2014;14385.599609;14419.650391;14349.870117;14405.759766;14405.759766;112700000;0;0;0;0;0;0;0;0
15.05.2014;14280.509766;14306.360352;14190.269531;14298.209961;14298.209961;132600000;0;0;0;0;0;0;0;0
16.05.2014;14087.759766;14108.440430;14016.490234;14096.589844;14096.589844;131300000;0;0;0;0;0;0;0;0
19.05.2014;14130.089844;14150.500000;13991.799805;14006.440430;14006.440430;114000000;0;0;0;0;0;0;0;0
20.05.2014;14088.450195;14144.040039;14038.059570;14075.250000;14075.250000;123100000;0;0;0;0;0;0;0;0
21.05.2014;13969.709961;14054.240234;13964.429688;14042.169922;14042.169922;121700000;0;0;0;0;0;0;0;0
22.05.2014;14188.280273;14369.019531;14147.549805;14337.790039;14337.790039;160300000;0;0;0;0;0;0;0;0
23.05.2014;14411.099609;14528.040039;14404.799805;14462.169922;14462.169922;142400000;0;0;0;0;0;0;0;0
26.05.2014;14592.599609;14602.519531;14531.320313;14602.519531;14602.519531;106900000;0;0;0;0;0;0;0;0
27.05.2014;14589.790039;14744.160156;14588.679688;14636.519531;14636.519531;129400000;0;0;0;0;0;0;0;0
28.05.2014;14646.929688;14717.290039;14608.540039;14670.950195;14670.950195;120100000;0;0;0;0;0;0;0;0
29.05.2014;14585.639648;14714.950195;14574.019531;14681.719727;14681.719727;122000000;0;0;0;0;0;0;0;0
30.05.2014;14707.660156;14741.099609;14591.620117;14632.379883;14632.379883;175300000;0;0;0;0;0;0;0;0
02.06.2014;14777.509766;14963.910156;14777.509766;14935.919922;14935.919922;130600000;0;0;0;0;0;0;0;0
03.06.2014;15089.040039;15091.490234;15026.009766;15034.250000;15034.250000;145900000;0;0;0;0;0;0;0;0
04.06.2014;15067.410156;15071.780273;14985.209961;15067.959961;15067.959961;132000000;0;0;0;0;0;0;0;0
05.06.2014;15112.589844;15141.139648;15016.809570;15079.370117;15079.370117;127900000;0;0;0;0;0;0;0;0
06.06.2014;15138.750000;15144.339844;15042.589844;15077.240234;15077.240234;134800000;0;0;0;0;0;0;0;0
09.06.2014;15204.309570;15206.570313;15116.030273;15124.000000;15124.000000;107300000;0;0;0;0;0;0;0;0
10.06.2014;15130.740234;15184.769531;14966.799805;14994.799805;14994.799805;121300000;0;0;0;0;0;0;0;0
11.06.2014;15000.129883;15075.719727;14998.629883;15069.480469;15069.480469;99500000;0;0;0;0;0;0;0;0
12.06.2014;14942.150391;14992.959961;14862.080078;14973.530273;14973.530273;132400000;0;0;0;0;0;0;0;0
13.06.2014;14830.990234;15121.639648;14830.990234;15097.839844;15097.839844;172200000;0;0;0;0;0;0;0;0
16.06.2014;15049.610352;15056.750000;14867.150391;14933.290039;14933.290039;116000000;0;0;0;0;0;0;0;0
17.06.2014;14962.990234;15026.959961;14948.540039;14975.969727;14975.969727;107400000;0;0;0;0;0;0;0;0
18.06.2014;15009.889648;15139.990234;14995.450195;15115.799805;15115.799805;118600000;0;0;0;0;0;0;0;0
19.06.2014;15140.349609;15375.379883;15138.280273;15361.160156;15361.160156;189900000;0;0;0;0;0;0;0;0
20.06.2014;15359.599609;15422.059570;15305.429688;15349.419922;15349.419922;190000000;0;0;0;0;0;0;0;0
23.06.2014;15419.469727;15442.669922;15335.879883;15369.280273;15369.280273;120000000;0;0;0;0;0;0;0;0
24.06.2014;15300.500000;15424.570313;15252.269531;15376.240234;15376.240234;122700000;0;0;0;0;0;0;0;0
25.06.2014;15297.240234;15347.879883;15265.709961;15266.610352;15266.610352;108400000;0;0;0;0;0;0;0;0
26.06.2014;15320.129883;15345.120117;15278.219727;15308.490234;15308.490234;105400000;0;0;0;0;0;0;0;0
27.06.2014;15290.750000;15293.820313;15027.309570;15095.000000;15095.000000;131000000;0;0;0;0;0;0;0;0
30.06.2014;15159.450195;15177.870117;15052.339844;15162.099609;15162.099609;102000000;0;0;0;0;0;0;0;0
01.07.2014;15179.639648;15389.080078;15145.870117;15326.200195;15326.200195;137500000;0;0;0;0;0;0;0;0
02.07.2014;15406.230469;15444.629883;15354.910156;15369.969727;15369.969727;116800000;0;0;0;0;0;0;0;0
03.07.2014;15435.339844;15435.339844;15324.320313;15348.290039;15348.290039;114200000;0;0;0;0;0;0;0;0
04.07.2014;15490.370117;15490.370117;15420.070313;15437.129883;15437.129883;108800000;0;0;0;0;0;0;0;0
07.07.2014;15433.490234;15477.769531;15379.440430;15379.440430;15379.440430;84000000;1;156000;0;0;0;0;0;0
08.07.2014;15304.269531;15389.889648;15225.110352;15314.410156;15314.410156;117700000;0;0;0;0;0;0;0;0
09.07.2014;15194.320313;15302.650391;15185.320313;15302.650391;15302.650391;118300000;0;0;0;0;0;0;0;0
10.07.2014;15318.299805;15326.780273;15215.429688;15216.469727;15216.469727;112900000;0;0;0;0;0;0;0;0
11.07.2014;15102.589844;15204.009766;15101.490234;15164.040039;15164.040039;123600000;0;0;0;0;0;0;0;0
14.07.2014;15199.179688;15324.950195;15179.490234;15296.820313;15296.820313;96300000;0;0;0;0;0;0;0;0
15.07.2014;15354.429688;15441.540039;15346.089844;15395.160156;15395.160156;101000000;0;0;0;0;0;0;0;0
16.07.2014;15369.660156;15423.959961;15355.000000;15379.299805;15379.299805;98200000;0;0;0;0;0;0;0;0
17.07.2014;15422.870117;15465.740234;15347.849609;15370.259766;15370.259766;102500000;0;0;0;0;0;0;0;0
18.07.2014;15174.080078;15220.500000;15110.450195;15215.709961;15215.709961;92200000;0;0;0;0;0;0;0;0
22.07.2014;15296.419922;15392.019531;15287.929688;15343.280273;15343.280273;115400000;0;0;0;0;0;0;0;0
23.07.2014;15367.160156;15376.200195;15317.370117;15328.559570;15328.559570;100100000;0;0;0;0;0;0;0;0
24.07.2014;15350.280273;15383.110352;15232.139648;15284.419922;15284.419922;122000000;0;0;0;0;0;0;0;0
25.07.2014;15342.459961;15457.870117;15341.690430;15457.870117;15457.870117;119900000;0;0;0;0;0;0;0;0
28.07.2014;15426.980469;15556.620117;15426.980469;15529.400391;15529.400391;115600000;0;0;0;0;0;0;0;0
29.07.2014;15564.790039;15632.700195;15556.019531;15618.070313;15618.070313;98800000;0;0;0;0;0;0;0;0
30.07.2014;15616.889648;15666.620117;15594.889648;15646.230469;15646.230469;117500000;0;0;0;0;0;0;0;0
31.07.2014;15732.780273;15759.660156;15618.849609;15620.769531;15620.769531;154100000;0;0;0;0;0;0;0;0
01.08.2014;15511.540039;15602.129883;15501.150391;15523.110352;15523.110352;143300000;0;0;0;0;0;0;0;0
04.08.2014;15474.650391;15535.620117;15440.209961;15474.500000;15474.500000;123600000;0;0;0;0;0;0;0;0
05.08.2014;15506.870117;15507.320313;15313.839844;15320.309570;15320.309570;131500000;0;0;0;0;0;0;0;0
06.08.2014;15260.000000;15271.139648;15121.429688;15159.790039;15159.790039;135500000;0;0;0;0;0;0;0;0
07.08.2014;15138.719727;15243.059570;15061.990234;15232.370117;15232.370117;143100000;0;0;0;0;0;0;0;0
08.08.2014;15063.730469;15074.320313;14753.839844;14778.370117;14778.370117;177200000;0;0;0;0;0;0;0;0
11.08.2014;15022.639648;15161.540039;14973.709961;15130.519531;15130.519531;114600000;1;200000;0;0;0;0;0;0
12.08.2014;15164.730469;15235.980469;15125.929688;15161.309570;15161.309570;89300000;0;0;0;0;0;0;0;0
13.08.2014;15111.759766;15235.900391;15108.530273;15213.629883;15213.629883;96300000;0;0;0;0;0;0;0;0
14.08.2014;15284.379883;15338.849609;15272.900391;15314.570313;15314.570313;92700000;0;0;0;0;0;0;0;0
15.08.2014;15317.150391;15328.339844;15276.990234;15318.339844;15318.339844;88700000;0;0;0;0;0;0;0;0
18.08.2014;15318.500000;15365.349609;15303.389648;15322.599609;15322.599609;77300000;0;0;0;0;0;0;0;0
19.08.2014;15451.940430;15476.049805;15429.110352;15449.790039;15449.790039;94200000;0;0;0;0;0;0;0;0
20.08.2014;15485.929688;15492.879883;15433.719727;15454.450195;15454.450195;92700000;1;38000;0;0;0;0;0;0
21.08.2014;15530.980469;15601.990234;15525.780273;15586.200195;15586.200195;117700000;0;0;0;0;0;0;0;0
22.08.2014;15618.049805;15628.780273;15524.429688;15539.190430;15539.190430;102300000;0;0;0;0;0;0;0;0
25.08.2014;15609.429688;15628.610352;15553.509766;15613.250000;15613.250000;81900000;0;0;0;0;0;0;0;0
26.08.2014;15609.639648;15613.339844;15519.419922;15521.219727;15521.219727;86400000;0;0;0;0;0;0;0;0
27.08.2014;15556.559570;15588.219727;15465.990234;15534.820313;15534.820313;102200000;0;0;0;0;0;0;0;0
28.08.2014;15482.269531;15487.990234;15423.900391;15459.860352;15459.860352;99300000;0;0;0;0;0;0;0;0
29.08.2014;15423.879883;15447.809570;15356.000000;15424.589844;15424.589844;111000000;0;0;0;0;0;0;0;0
01.09.2014;15454.589844;15478.769531;15440.990234;15476.599609;15476.599609;74800000;0;0;0;0;0;0;0;0
02.09.2014;15526.940430;15737.360352;15516.500000;15668.599609;15668.599609;122600000;0;0;0;0;0;0;0;0
03.09.2014;15797.790039;15829.379883;15723.540039;15728.349609;15728.349609;137800000;0;0;0;0;0;0;0;0
04.09.2014;15701.610352;15732.759766;15663.589844;15676.179688;15676.179688;110900000;0;0;0;0;0;0;0;0
05.09.2014;15792.639648;15792.639648;15641.370117;15668.679688;15668.679688;109600000;0;0;0;0;0;0;0;0
08.09.2014;15718.129883;15730.330078;15656.400391;15705.110352;15705.110352;95600000;0;0;0;0;0;0;0;0
09.09.2014;15795.820313;15795.820313;15736.129883;15749.150391;15749.150391;106100000;0;0;0;0;0;0;0;0
10.09.2014;15688.549805;15795.599609;15664.790039;15788.780273;15788.780273;109700000;0;0;0;0;0;0;0;0
11.09.2014;15880.910156;15925.509766;15854.299805;15909.200195;15909.200195;130300000;0;0;0;0;0;0;0;0
12.09.2014;15885.040039;15984.900391;15885.040039;15948.290039;15948.290039;183400000;0;0;0;0;0;0;0;0
16.09.2014;15896.059570;15938.309570;15871.120117;15911.530273;15911.530273;121300000;0;0;0;0;0;0;0;0
17.09.2014;15948.150391;15969.410156;15888.669922;15888.669922;15888.669922;114700000;0;0;0;0;0;0;0;0
18.09.2014;16036.469727;16106.110352;16003.459961;16067.570313;16067.570313;143100000;0;0;0;0;0;0;0;0
19.09.2014;16177.940430;16364.080078;16170.860352;16321.169922;16321.169922;171300000;0;0;0;0;0;0;0;0
22.09.2014;16281.360352;16299.129883;16170.110352;16205.900391;16205.900391;129100000;0;0;0;0;0;0;0;0
24.09.2014;16105.559570;16203.940430;16094.589844;16167.450195;16167.450195;133300000;0;0;0;0;0;0;0;0
25.09.2014;16327.190430;16374.139648;16303.910156;16374.139648;16374.139648;148700000;0;0;0;0;0;0;0;0
26.09.2014;16087.950195;16251.669922;16087.950195;16229.860352;16229.860352;127400000;0;0;0;0;0;0;0;0
29.09.2014;16339.030273;16344.320313;16262.000000;16310.639648;16310.639648;107900000;0;0;0;0;0;0;0;0
30.09.2014;16252.719727;16252.719727;16058.719727;16173.519531;16173.519531;152500000;0;0;0;0;0;0;0;0
01.10.2014;16173.389648;16225.959961;16081.009766;16082.250000;16082.250000;137100000;0;0;0;0;0;0;0;0
02.10.2014;15895.200195;15922.509766;15646.400391;15661.990234;15661.990234;175400000;0;0;0;0;0;0;0;0
03.10.2014;15616.480469;15708.650391;15559.070313;15708.650391;15708.650391;139700000;0;0;0;0;0;0;0;0
06.10.2014;15882.280273;15970.650391;15808.219727;15890.950195;15890.950195;127600000;1;100000;0;0;0;0;0;0
07.10.2014;15841.169922;15913.519531;15755.570313;15783.830078;15783.830078;134800000;0;0;0;0;0;0;0;0
08.10.2014;15574.599609;15643.629883;15520.809570;15595.980469;15595.980469;150200000;0;0;0;0;0;0;0;0
09.10.2014;15681.530273;15732.320313;15461.089844;15478.929688;15478.929688;141000000;0;0;0;0;0;0;0;0
10.10.2014;15292.879883;15345.780273;15221.830078;15300.549805;15300.549805;186100000;0;0;0;0;0;0;0;0
14.10.2014;15036.870117;15089.900391;14919.709961;14936.509766;14936.509766;186200000;1;100000;0;0;0;0;0;0
15.10.2014;15009.750000;15084.610352;14916.650391;15073.519531;15073.519531;152600000;0;0;0;0;0;0;0;0
16.10.2014;14805.160156;14807.080078;14672.549805;14738.379883;14738.379883;198900000;0;0;0;0;0;0;0;0
17.10.2014;14796.320313;14830.669922;14529.030273;14532.509766;14532.509766;178600000;0;0;0;0;0;0;0;0
20.10.2014;14822.839844;15111.230469;14819.690430;15111.230469;15111.230469;162000000;0;0;0;0;0;0;0;0
21.10.2014;15115.290039;15115.290039;14761.839844;14804.280273;14804.280273;143000000;0;0;0;0;0;0;0;0
22.10.2014;15038.190430;15195.780273;15001.429688;15195.769531;15195.769531;137400000;0;0;0;0;0;0;0;0
23.10.2014;15093.780273;15232.509766;15059.639648;15138.959961;15138.959961;119600000;0;0;0;0;0;0;0;0
24.10.2014;15354.349609;15377.049805;15232.000000;15291.639648;15291.639648;121800000;0;0;0;0;0;0;0;0
27.10.2014;15404.280273;15424.049805;15333.709961;15388.719727;15388.719727;121000000;0;0;0;0;0;0;0;0
28.10.2014;15363.280273;15374.459961;15263.360352;15329.910156;15329.910156;122300000;0;0;0;0;0;0;0;0
29.10.2014;15442.389648;15595.290039;15394.790039;15553.910156;15553.910156;148800000;0;0;0;0;0;0;0;0
30.10.2014;15596.500000;15701.040039;15584.830078;15658.200195;15658.200195;184100000;0;0;0;0;0;0;0;0
31.10.2014;15817.139648;16533.910156;15817.139648;16413.759766;16413.759766;268500000;0;0;0;0;0;0;0;0
04.11.2014;16732.849609;17127.660156;16720.990234;16862.470703;16862.470703;335600000;0;0;0;0;0;0;0;0
05.11.2014;16785.439453;16995.019531;16778.279297;16937.320313;16937.320313;232200000;0;0;0;0;0;0;0;0
06.11.2014;16993.460938;17045.939453;16725.449219;16792.480469;16792.480469;199000000;0;0;0;0;0;0;0;0
07.11.2014;16934.039063;16938.199219;16824.080078;16880.380859;16880.380859;153300000;0;0;0;0;0;0;0;0
10.11.2014;16758.269531;16818.050781;16713.369141;16780.529297;16780.529297;125600000;0;0;0;0;0;0;0;0
11.11.2014;16869.490234;17160.119141;16855.300781;17124.109375;17124.109375;154000000;0;0;0;0;0;0;0;0
12.11.2014;17253.119141;17443.740234;17170.000000;17197.050781;17197.050781;193300000;0;0;0;0;0;0;0;0
13.11.2014;17192.000000;17400.769531;17099.949219;17392.789063;17392.789063;159800000;0;0;0;0;0;0;0;0
14.11.2014;17520.539063;17520.539063;17300.189453;17490.830078;17490.830078;196000000;0;0;0;0;0;0;0;0
17.11.2014;17381.380859;17409.320313;16907.429688;16973.800781;16973.800781;192800000;0;0;0;0;0;0;0;0
18.11.2014;17188.839844;17356.759766;17186.500000;17344.060547;17344.060547;158100000;0;0;0;0;0;0;0;0
19.11.2014;17384.310547;17472.570313;17280.759766;17288.750000;17288.750000;170100000;0;0;0;0;0;0;0;0
20.11.2014;17407.689453;17407.689453;17270.699219;17300.859375;17300.859375;144000000;0;0;0;0;0;0;0;0
21.11.2014;17285.720703;17381.589844;17108.199219;17357.509766;17357.509766;156300000;0;0;0;0;0;0;0;0
25.11.2014;17490.390625;17490.390625;17372.710938;17407.619141;17407.619141;170600000;1;2000;0;0;0;0;0;0
26.11.2014;17347.970703;17432.570313;17335.990234;17383.580078;17383.580078;136500000;0;0;0;0;0;0;0;0
27.11.2014;17310.490234;17346.849609;17212.480469;17248.500000;17248.500000;129100000;0;0;0;0;0;0;0;0
28.11.2014;17340.160156;17471.900391;17330.839844;17459.849609;17459.849609;149100000;0;0;0;0;0;0;0;0
01.12.2014;17475.099609;17649.019531;17474.269531;17590.099609;17590.099609;125900000;0;0;0;0;0;0;0;0
02.12.2014;17481.060547;17687.699219;17476.419922;17663.220703;17663.220703;125200000;0;0;0;0;0;0;0;0
03.12.2014;17772.150391;17881.759766;17696.359375;17720.429688;17720.429688;158700000;0;0;0;0;0;0;0;0
04.12.2014;17881.910156;17912.589844;17813.009766;17887.210938;17887.210938;142200000;0;0;0;0;0;0;0;0
05.12.2014;17821.849609;17922.289063;17759.359375;17920.449219;17920.449219;128900000;0;0;0;0;0;0;0;0
08.12.2014;18004.660156;18030.830078;17869.740234;17935.640625;17935.640625;134700000;0;0;0;0;0;0;0;0
09.12.2014;17820.240234;17892.160156;17773.300781;17813.380859;17813.380859;140400000;0;0;0;0;0;0;0;0
10.12.2014;17623.349609;17658.140625;17308.820313;17412.580078;17412.580078;169600000;0;0;0;0;0;0;0;0
11.12.2014;17180.490234;17289.730469;17043.630859;17257.400391;17257.400391;151400000;0;0;0;0;0;0;0;0
12.12.2014;17317.689453;17526.189453;17298.189453;17371.580078;17371.580078;214500000;0;0;0;0;0;0;0;0
15.12.2014;17111.490234;17258.320313;17037.210938;17099.400391;17099.400391;146400000;0;0;0;0;0;0;0;0
16.12.2014;16862.419922;16895.390625;16714.830078;16755.320313;16755.320313;160300000;0;0;0;0;0;0;0;0
17.12.2014;16689.339844;16891.019531;16672.939453;16819.730469;16819.730469;161300000;0;0;0;0;0;0;0;0
18.12.2014;17142.949219;17274.230469;17136.410156;17210.050781;17210.050781;186300000;0;0;0;0;0;0;0;0
19.12.2014;17511.009766;17621.400391;17471.599609;17621.400391;17621.400391;175800000;0;0;0;0;0;0;0;0
22.12.2014;17685.529297;17692.580078;17572.619141;17635.140625;17635.140625;128500000;0;0;0;0;0;0;0;0
24.12.2014;17842.039063;17875.410156;17800.419922;17854.230469;17854.230469;126400000;0;0;0;0;0;0;0;0
25.12.2014;17804.839844;17832.470703;17773.589844;17808.750000;17808.750000;86400000;0;0;0;0;0;0;0;0
26.12.2014;17778.910156;17843.730469;17769.009766;17818.960938;17818.960938;86500000;0;0;0;0;0;0;0;0
29.12.2014;17914.550781;17914.550781;17525.660156;17729.839844;17729.839844;115200000;0;0;0;0;0;0;0;0
30.12.2014;17702.119141;17713.759766;17450.769531;17450.769531;17450.769531;98300000;0;0;0;0;0;0;0;0
05.01.2015;17325.679688;17540.919922;17219.220703;17408.710938;17408.710938;116500000;0;0;0;0;0;0;0;0
06.01.2015;17101.580078;17111.359375;16881.730469;16883.189453;16883.189453;166000000;0;0;0;0;0;0;0;0
07.01.2015;16808.259766;16974.609375;16808.259766;16885.330078;16885.330078;138600000;0;0;0;0;0;0;0;0
08.01.2015;17067.400391;17243.710938;17016.089844;17167.099609;17167.099609;140600000;0;0;0;0;0;0;0;0
09.01.2015;17318.740234;17342.650391;17129.529297;17197.730469;17197.730469;155200000;0;0;0;0;0;0;0;0
13.01.2015;16970.880859;17087.710938;16828.269531;17087.710938;17087.710938;149200000;0;0;0;0;0;0;0;0
14.01.2015;16961.820313;17036.720703;16770.560547;16795.960938;16795.960938;148500000;0;0;0;0;0;0;0;0
15.01.2015;16872.949219;17141.980469;16856.220703;17108.699219;17108.699219;147700000;0;0;0;0;0;0;0;0
16.01.2015;16812.960938;16864.339844;16592.570313;16864.160156;16864.160156;171100000;0;0;0;0;0;0;0;0
19.01.2015;17000.779297;17039.800781;16911.580078;17014.289063;17014.289063;128000000;0;0;0;0;0;0;0;0
20.01.2015;17071.650391;17366.300781;17066.769531;17366.300781;17366.300781;133000000;0;0;0;0;0;0;0;0
21.01.2015;17308.720703;17329.029297;17181.550781;17280.480469;17280.480469;136000000;0;0;0;0;0;0;0;0
22.01.2015;17306.640625;17355.740234;17229.210938;17329.019531;17329.019531;121900000;0;0;0;0;0;0;0;0
23.01.2015;17520.630859;17532.060547;17460.759766;17511.750000;17511.750000;132500000;0;0;0;0;0;0;0;0
26.01.2015;17285.710938;17471.939453;17285.710938;17468.519531;17468.519531;111600000;0;0;0;0;0;0;0;0
27.01.2015;17649.400391;17768.410156;17633.470703;17768.300781;17768.300781;139700000;0;0;0;0;0;0;0;0
28.01.2015;17615.929688;17850.589844;17615.929688;17795.730469;17795.730469;141900000;0;0;0;0;0;0;0;0
29.01.2015;17666.910156;17778.830078;17575.099609;17606.220703;17606.220703;140000000;0;0;0;0;0;0;0;0
30.01.2015;17788.740234;17808.470703;17661.099609;17674.390625;17674.390625;173500000;0;0;0;0;0;0;0;0
02.02.2015;17536.609375;17628.400391;17459.449219;17558.039063;17558.039063;136000000;0;0;0;0;0;0;0;0
03.02.2015;17654.599609;17654.599609;17271.869141;17335.849609;17335.849609;169600000;0;0;0;0;0;0;0;0
04.02.2015;17549.300781;17743.109375;17535.039063;17678.740234;17678.740234;187000000;0;0;0;0;0;0;0;0
05.02.2015;17589.210938;17619.339844;17484.669922;17504.619141;17504.619141;185000000;0;0;0;0;0;0;0;0
06.02.2015;17696.179688;17700.669922;17603.070313;17648.500000;17648.500000;142500000;0;0;0;0;0;0;0;0
09.02.2015;17790.310547;17799.490234;17653.609375;17711.929688;17711.929688;129500000;0;0;0;0;0;0;0;0
10.02.2015;17662.669922;17673.269531;17550.029297;17652.679688;17652.679688;123900000;0;0;0;0;0;0;0;0
12.02.2015;17899.400391;18005.449219;17884.339844;17979.720703;17979.720703;181200000;0;0;0;0;0;0;0;0
13.02.2015;17892.099609;17962.109375;17864.550781;17913.359375;17913.359375;162000000;0;0;0;0;0;0;0;0
16.02.2015;18024.009766;18074.259766;17978.900391;18004.769531;18004.769531;152600000;0;0;0;0;0;0;0;0
17.02.2015;17949.699219;18009.449219;17901.259766;17987.089844;17987.089844;142100000;0;0;0;0;0;0;0;0
18.02.2015;18103.980469;18202.609375;18092.320313;18199.169922;18199.169922;171600000;0;0;0;0;0;0;0;0
19.02.2015;18237.349609;18322.500000;18237.349609;18264.789063;18264.789063;174100000;0;0;0;0;0;0;0;0
20.02.2015;18336.500000;18360.919922;18297.669922;18332.300781;18332.300781;146300000;0;0;0;0;0;0;0;0
23.02.2015;18499.580078;18509.080078;18402.019531;18466.919922;18466.919922;157500000;0;0;0;0;0;0;0;0
24.02.2015;18468.390625;18603.480469;18427.980469;18603.480469;18603.480469;145200000;0;0;0;0;0;0;0;0
25.02.2015;18636.339844;18648.769531;18552.810547;18585.199219;18585.199219;139100000;0;0;0;0;0;0;0;0
26.02.2015;18587.869141;18790.830078;18587.130859;18785.789063;18785.789063;155500000;0;0;0;0;0;0;0;0
27.02.2015;18844.279297;18865.390625;18714.640625;18797.939453;18797.939453;174700000;0;0;0;0;0;0;0;0
02.03.2015;18869.400391;18939.169922;18775.230469;18826.880859;18826.880859;134800000;0;0;0;0;0;0;0;0
03.03.2015;18910.519531;18910.519531;18730.570313;18815.160156;18815.160156;154800000;0;0;0;0;0;0;0;0
04.03.2015;18716.779297;18732.660156;18586.839844;18703.599609;18703.599609;143300000;0;0;0;0;0;0;0;0
05.03.2015;18658.160156;18767.500000;18655.359375;18751.839844;18751.839844;121900000;0;0;0;0;0;0;0;0
06.03.2015;18814.849609;18979.640625;18808.300781;18971.000000;18971.000000;147100000;0;0;0;0;0;0;0;0
09.03.2015;18872.960938;18878.150391;18733.869141;18790.550781;18790.550781;118000000;0;0;0;0;0;0;0;0
10.03.2015;18891.009766;18924.380859;18577.060547;18665.109375;18665.109375;148300000;0;0;0;0;0;0;0;0
11.03.2015;18604.869141;18836.929688;18583.519531;18723.519531;18723.519531;130000000;0;0;0;0;0;0;0;0
12.03.2015;18787.099609;19008.130859;18774.419922;18991.109375;18991.109375;149700000;0;0;0;0;0;0;0;0
13.03.2015;19119.580078;19335.800781;19042.250000;19254.250000;19254.250000;227800000;0;0;0;0;0;0;0;0
16.03.2015;19245.380859;19349.199219;19226.710938;19246.060547;19246.060547;129000000;0;0;0;0;0;0;0;0
17.03.2015;19425.890625;19479.890625;19373.390625;19437.000000;19437.000000;131800000;0;0;0;0;0;0;0;0
18.03.2015;19407.759766;19555.720703;19389.240234;19544.480469;19544.480469;134400000;0;0;0;0;0;0;0;0
19.03.2015;19514.640625;19557.169922;19312.699219;19476.560547;19476.560547;151100000;0;0;0;0;0;0;0;0
20.03.2015;19479.710938;19565.439453;19416.630859;19560.220703;19560.220703;137500000;0;0;0;0;0;0;0;0
23.03.2015;19607.980469;19778.599609;19584.730469;19754.359375;19754.359375;124400000;0;0;0;0;0;0;0;0
24.03.2015;19718.990234;19770.640625;19646.349609;19713.449219;19713.449219;141900000;0;0;0;0;0;0;0;0
25.03.2015;19745.750000;19775.449219;19542.220703;19746.199219;19746.199219;145000000;0;0;0;0;0;0;0;0
26.03.2015;19605.599609;19623.109375;19397.009766;19471.119141;19471.119141;154800000;0;0;0;0;0;0;0;0
27.03.2015;19374.720703;19590.029297;19099.869141;19285.630859;19285.630859;178300000;0;0;0;0;0;0;0;0
30.03.2015;19295.210938;19474.070313;19227.289063;19411.400391;19411.400391;136300000;0;0;0;0;0;0;0;0
31.03.2015;19592.429688;19607.250000;19206.990234;19206.990234;19206.990234;151600000;0;0;0;0;0;0;0;0
01.04.2015;19129.750000;19195.230469;18927.949219;19034.839844;19034.839844;160400000;0;0;0;0;0;0;0;0
02.04.2015;19141.929688;19433.890625;19115.140625;19312.789063;19312.789063;147100000;0;0;0;0;0;0;0;0
03.04.2015;19289.039063;19435.080078;19289.039063;19435.080078;19435.080078;104700000;0;0;0;0;0;0;0;0
06.04.2015;19295.029297;19424.089844;19241.289063;19397.980469;19397.980469;96600000;0;0;0;0;0;0;0;0
07.04.2015;19539.029297;19667.480469;19501.310547;19640.539063;19640.539063;137000000;0;0;0;0;0;0;0;0
08.04.2015;19729.699219;19845.529297;19693.630859;19789.810547;19789.810547;140700000;0;0;0;0;0;0;0;0
09.04.2015;19851.119141;19957.320313;19822.490234;19937.720703;19937.720703;120000000;0;0;0;0;0;0;0;0
10.04.2015;19989.550781;20006.000000;19845.310547;19907.630859;19907.630859;136200000;0;0;0;0;0;0;0;0
13.04.2015;19967.380859;19975.660156;19825.689453;19905.460938;19905.460938;107000000;0;0;0;0;0;0;0;0
14.04.2015;19828.650391;19922.500000;19828.650391;19908.679688;19908.679688;111600000;0;0;0;0;0;0;0;0
15.04.2015;19838.529297;19913.419922;19823.859375;19869.759766;19869.759766;121600000;0;0;0;0;0;0;0;0
16.04.2015;19862.480469;19894.349609;19742.119141;19885.769531;19885.769531;174300000;0;0;0;0;0;0;0;0
17.04.2015;19810.400391;19815.250000;19638.369141;19652.880859;19652.880859;188200000;0;0;0;0;0;0;0;0
20.04.2015;19501.000000;19725.859375;19474.230469;19634.490234;19634.490234;144100000;0;0;0;0;0;0;0;0
21.04.2015;19731.570313;19909.089844;19678.220703;19909.089844;19909.089844;161600000;0;0;0;0;0;0;0;0
22.04.2015;19999.839844;20144.660156;19983.000000;20133.900391;20133.900391;204400000;0;0;0;0;0;0;0;0
23.04.2015;20227.279297;20252.119141;20116.189453;20187.650391;20187.650391;200900000;0;0;0;0;0;0;0;0
24.04.2015;20142.470703;20142.470703;20013.740234;20020.039063;20020.039063;139700000;0;0;0;0;0;0;0;0
27.04.2015;20063.800781;20069.240234;19909.859375;19983.320313;19983.320313;123500000;0;0;0;0;0;0;0;0
28.04.2015;20068.650391;20133.779297;20031.710938;20058.949219;20058.949219;138700000;0;0;0;0;0;0;0;0
30.04.2015;19847.500000;19852.660156;19502.609375;19520.009766;19520.009766;189100000;0;0;0;0;0;0;0;0
01.05.2015;19510.849609;19549.390625;19399.160156;19531.630859;19531.630859;154100000;0;0;0;0;0;0;0;0
07.05.2015;19356.460938;19461.080078;19257.849609;19291.990234;19291.990234;165700000;0;0;0;0;0;0;0;0
08.05.2015;19315.630859;19458.750000;19302.710938;19379.189453;19379.189453;181600000;0;0;0;0;0;0;0;0
11.05.2015;19637.580078;19679.630859;19586.810547;19620.910156;19620.910156;214400000;0;0;0;0;0;0;0;0
12.05.2015;19608.230469;19626.750000;19467.650391;19624.839844;19624.839844;203500000;1;23200;0;0;0;0;0;0
13.05.2015;19568.759766;19791.880859;19494.699219;19764.720703;19764.720703;193600000;0;0;0;0;0;0;0;0
14.05.2015;19661.519531;19717.800781;19546.820313;19570.240234;19570.240234;171700000;0;0;0;0;0;0;0;0
15.05.2015;19693.169922;19750.759766;19633.750000;19732.919922;19732.919922;178400000;0;0;0;0;0;0;0;0
18.05.2015;19766.160156;19890.269531;19741.220703;19890.269531;19890.269531;206800000;0;0;0;0;0;0;0;0
19.05.2015;19977.140625;20087.699219;19946.750000;20026.380859;20026.380859;184100000;0;0;0;0;0;0;0;0
20.05.2015;20175.589844;20278.890625;20148.509766;20196.560547;20196.560547;176400000;0;0;0;0;0;0;0;0
21.05.2015;20215.460938;20320.900391;20175.779297;20202.869141;20202.869141;181800000;0;0;0;0;0;0;0;0
22.05.2015;20208.849609;20278.310547;20130.839844;20264.410156;20264.410156;141500000;0;0;0;0;0;0;0;0
25.05.2015;20331.919922;20417.769531;20318.539063;20413.769531;20413.769531;139800000;0;0;0;0;0;0;0;0
26.05.2015;20431.269531;20473.849609;20378.769531;20437.480469;20437.480469;130800000;0;0;0;0;0;0;0;0
27.05.2015;20380.640625;20513.220703;20363.210938;20472.580078;20472.580078;184700000;0;0;0;0;0;0;0;0
28.05.2015;20590.279297;20655.330078;20473.269531;20551.460938;20551.460938;241500000;0;0;0;0;0;0;0;0
29.05.2015;20510.269531;20636.410156;20508.400391;20563.150391;20563.150391;241100000;0;0;0;0;0;0;0;0
01.06.2015;20444.539063;20595.410156;20410.269531;20569.869141;20569.869141;173400000;0;0;0;0;0;0;0;0
02.06.2015;20604.669922;20619.609375;20470.259766;20543.189453;20543.189453;200400000;0;0;0;0;0;0;0;0
03.06.2015;20443.150391;20506.349609;20397.730469;20473.509766;20473.509766;163600000;0;0;0;0;0;0;0;0
04.06.2015;20539.939453;20552.460938;20438.210938;20488.189453;20488.189453;171700000;0;0;0;0;0;0;0;0
05.06.2015;20398.759766;20480.250000;20363.179688;20460.900391;20460.900391;165800000;0;0;0;0;0;0;0;0
08.06.2015;20537.849609;20544.939453;20359.060547;20457.189453;20457.189453;139800000;0;0;0;0;0;0;0;0
09.06.2015;20293.050781;20332.419922;20095.480469;20096.300781;20096.300781;160700000;0;0;0;0;0;0;0;0
10.06.2015;20126.359375;20264.919922;20016.320313;20046.359375;20046.359375;183200000;0;0;0;0;0;0;0;0
11.06.2015;20183.609375;20382.970703;20178.039063;20382.970703;20382.970703;150400000;0;0;0;0;0;0;0;0
12.06.2015;20431.779297;20437.259766;20331.189453;20407.080078;20407.080078;189900000;0;0;0;0;0;0;0;0
15.06.2015;20205.099609;20401.480469;20205.099609;20387.789063;20387.789063;115700000;0;0;0;0;0;0;0;0
16.06.2015;20332.830078;20368.210938;20234.160156;20257.939453;20257.939453;133000000;0;0;0;0;0;0;0;0
17.06.2015;20306.099609;20323.080078;20126.570313;20219.269531;20219.269531;124200000;0;0;0;0;0;0;0;0
18.06.2015;20193.589844;20200.509766;19990.550781;19990.820313;19990.820313;134500000;0;0;0;0;0;0;0;0
19.06.2015;20152.410156;20194.449219;20075.910156;20174.240234;20174.240234;160900000;0;0;0;0;0;0;0;0
22.06.2015;20174.140625;20433.300781;20174.140625;20428.189453;20428.189453;140500000;0;0;0;0;0;0;0;0
23.06.2015;20547.740234;20809.419922;20531.130859;20809.419922;20809.419922;183300000;0;0;0;0;0;0;0;0
24.06.2015;20889.320313;20952.710938;20838.220703;20868.029297;20868.029297;166700000;0;0;0;0;0;0;0;0
25.06.2015;20777.689453;20866.580078;20758.599609;20771.400391;20771.400391;128300000;0;0;0;0;0;0;0;0
26.06.2015;20758.429688;20785.759766;20650.000000;20706.150391;20706.150391;140100000;0;0;0;0;0;0;0;0
29.06.2015;20305.970703;20361.599609;20093.160156;20109.949219;20109.949219;165300000;0;0;0;0;0;0;0;0
30.06.2015;20174.609375;20243.179688;20118.259766;20235.730469;20235.730469;168100000;0;0;0;0;0;0;0;0
01.07.2015;20291.050781;20346.740234;20225.269531;20329.320313;20329.320313;123600000;0;0;0;0;0;0;0;0
02.07.2015;20565.939453;20601.730469;20479.849609;20522.500000;20522.500000;137800000;0;0;0;0;0;0;0;0
03.07.2015;20476.689453;20557.509766;20431.250000;20539.789063;20539.789063;145800000;0;0;0;0;0;0;0;0
06.07.2015;20200.150391;20310.720703;20012.230469;20112.119141;20112.119141;163700000;0;0;0;0;0;0;0;0
07.07.2015;20354.230469;20428.000000;20337.179688;20376.589844;20376.589844;139300000;0;0;0;0;0;0;0;0
08.07.2015;20282.490234;20310.890625;19737.640625;19737.640625;19737.640625;207600000;0;0;0;0;0;0;0;0
09.07.2015;19422.779297;19855.500000;19115.199219;19855.500000;19855.500000;252900000;0;0;0;0;0;0;0;0
10.07.2015;19829.929688;19978.240234;19720.150391;19779.830078;19779.830078;193000000;0;0;0;0;0;0;0;0
13.07.2015;19929.919922;20120.150391;19911.390625;20089.769531;20089.769531;139000000;0;0;0;0;0;0;0;0
14.07.2015;20355.330078;20435.529297;20322.199219;20385.330078;20385.330078;161800000;0;0;0;0;0;0;0;0
15.07.2015;20478.849609;20496.599609;20401.089844;20463.330078;20463.330078;127100000;0;0;0;0;0;0;0;0
16.07.2015;20588.980469;20612.500000;20522.250000;20600.119141;20600.119141;136800000;1;207000;1;207000;0;0;0;0
17.07.2015;20646.630859;20658.949219;20611.220703;20650.919922;20650.919922;118100000;0;0;0;0;0;0;0;0
21.07.2015;20763.310547;20850.000000;20710.339844;20841.970703;20841.970703;134500000;0;0;0;0;0;0;0;0
22.07.2015;20657.800781;20677.839844;20576.189453;20593.669922;20593.669922;145400000;0;0;0;0;0;0;0;0
23.07.2015;20693.570313;20708.230469;20648.759766;20683.949219;20683.949219;119100000;0;0;0;0;0;0;0;0
24.07.2015;20603.630859;20631.539063;20527.779297;20544.529297;20544.529297;110700000;0;0;0;0;0;0;0;0
27.07.2015;20374.050781;20486.929688;20278.730469;20350.099609;20350.099609;122600000;0;0;0;0;0;0;0;0
28.07.2015;20188.570313;20423.580078;20070.619141;20328.890625;20328.890625;149800000;0;0;0;0;0;0;0;0
29.07.2015;20425.689453;20425.689453;20205.210938;20302.910156;20302.910156;132800000;0;0;0;0;0;0;0;0
30.07.2015;20450.609375;20583.570313;20443.890625;20522.830078;20522.830078;181400000;0;0;0;0;0;0;0;0
31.07.2015;20506.550781;20585.240234;20466.800781;20585.240234;20585.240234;175400000;0;0;0;0;0;0;0;0
03.08.2015;20540.210938;20562.199219;20396.500000;20548.109375;20548.109375;173600000;0;0;0;0;0;0;0;0
04.08.2015;20462.179688;20552.039063;20448.490234;20520.359375;20520.359375;166700000;0;0;0;0;0;0;0;0
05.08.2015;20490.150391;20715.480469;20469.869141;20614.060547;20614.060547;173500000;0;0;0;0;0;0;0;0
06.08.2015;20768.769531;20817.480469;20664.439453;20664.439453;20664.439453;167000000;0;0;0;0;0;0;0;0
07.08.2015;20601.570313;20754.000000;20567.509766;20724.560547;20724.560547;147000000;0;0;0;0;0;0;0;0
10.08.2015;20618.310547;20820.859375;20617.050781;20808.689453;20808.689453;138700000;0;0;0;0;0;0;0;0
11.08.2015;20920.599609;20946.929688;20582.009766;20720.750000;20720.750000;159200000;0;0;0;0;0;0;0;0
12.08.2015;20632.679688;20703.199219;20303.019531;20392.769531;20392.769531;170300000;0;0;0;0;0;0;0;0
13.08.2015;20392.539063;20633.910156;20306.980469;20595.550781;20595.550781;167400000;0;0;0;0;0;0;0;0
14.08.2015;20518.359375;20605.460938;20484.669922;20519.449219;20519.449219;139400000;0;0;0;0;0;0;0;0
17.08.2015;20600.160156;20668.869141;20541.000000;20620.259766;20620.259766;106600000;0;0;0;0;0;0;0;0
18.08.2015;20640.589844;20663.179688;20545.250000;20554.470703;20554.470703;113100000;0;0;0;0;0;0;0;0
19.08.2015;20467.490234;20521.970703;20218.029297;20222.630859;20222.630859;141100000;0;0;0;0;0;0;0;0
20.08.2015;20194.259766;20246.470703;20033.289063;20033.519531;20033.519531;147900000;0;0;0;0;0;0;0;0
21.08.2015;19711.339844;19737.539063;19435.830078;19435.830078;19435.830078;189900000;0;0;0;0;0;0;0;0
24.08.2015;19075.050781;19154.650391;18498.800781;18540.679688;18540.679688;274400000;0;0;0;0;0;0;0;0
25.08.2015;18171.660156;18835.349609;17747.500000;17806.699219;17806.699219;335600000;0;0;0;0;0;0;0;0
26.08.2015;17894.289063;18442.839844;17714.300781;18376.830078;18376.830078;246800000;0;0;0;0;0;0;0;0
27.08.2015;18680.470703;18810.050781;18486.460938;18574.439453;18574.439453;192100000;0;0;0;0;0;0;0;0
28.08.2015;18908.730469;19192.820313;18901.089844;19136.320313;19136.320313;205200000;0;0;0;0;0;0;0;0
31.08.2015;19006.980469;19019.609375;18749.769531;18890.480469;18890.480469;167600000;0;0;0;0;0;0;0;0
01.09.2015;18763.720703;18777.470703;18165.689453;18165.689453;18165.689453;176800000;0;0;0;0;0;0;0;0
02.09.2015;17861.810547;18467.439453;17857.300781;18095.400391;18095.400391;197900000;0;0;0;0;0;0;0;0
03.09.2015;18359.529297;18481.570313;18176.750000;18182.390625;18182.390625;143000000;0;0;0;0;0;0;0;0
04.09.2015;18312.130859;18312.130859;17608.169922;17792.160156;17792.160156;171100000;0;0;0;0;0;0;0;0
07.09.2015;17674.820313;18013.640625;17478.720703;17860.470703;17860.470703;164600000;0;0;0;0;0;0;0;0
08.09.2015;17941.910156;17962.560547;17415.609375;17427.080078;17427.080078;154900000;0;0;0;0;0;0;0;0
09.09.2015;17758.130859;18770.509766;17756.759766;18770.509766;18770.509766;201700000;1;1400000;1;1400000;0;0;0;0
10.09.2015;18418.640625;18420.560547;17956.150391;18299.619141;18299.619141;172700000;0;0;0;0;0;0;0;0
11.09.2015;18155.710938;18362.990234;18124.349609;18264.220703;18264.220703;201500000;0;0;0;0;0;0;0;0
14.09.2015;18341.009766;18344.070313;17925.089844;17965.699219;17965.699219;126500000;0;0;0;0;0;0;0;0
15.09.2015;18082.720703;18329.570313;17995.980469;18026.480469;18026.480469;146400000;0;0;0;0;0;0;0;0
16.09.2015;18238.150391;18291.970703;18094.990234;18171.599609;18171.599609;126000000;0;0;0;0;0;0;0;0
17.09.2015;18361.990234;18468.199219;18289.630859;18432.269531;18432.269531;130900000;0;0;0;0;0;0;0;0
18.09.2015;18275.480469;18295.900391;18069.500000;18070.210938;18070.210938;172000000;0;0;0;0;0;0;0;0
24.09.2015;17803.410156;17865.839844;17571.830078;17571.830078;17571.830078;167900000;0;0;0;0;0;0;0;0
25.09.2015;17618.300781;17880.509766;17483.689453;17880.509766;17880.509766;184800000;0;0;0;0;0;0;0;0
28.09.2015;17811.119141;17886.490234;17562.599609;17645.109375;17645.109375;130800000;0;0;0;0;0;0;0;0
29.09.2015;17359.380859;17366.949219;16901.490234;16930.839844;16930.839844;206300000;0;0;0;0;0;0;0;0
30.09.2015;17193.839844;17460.970703;17179.400391;17388.150391;17388.150391;156500000;0;0;0;0;0;0;0;0
01.10.2015;17479.970703;17831.580078;17389.570313;17722.419922;17722.419922;161200000;0;0;0;0;0;0;0;0
02.10.2015;17564.390625;17775.769531;17537.849609;17725.130859;17725.130859;125300000;0;0;0;0;0;0;0;0
05.10.2015;17921.000000;18079.460938;17869.740234;18005.490234;18005.490234;120900000;0;0;0;0;0;0;0;0
06.10.2015;18302.410156;18372.720703;18094.849609;18186.099609;18186.099609;147600000;0;0;0;0;0;0;0;0
07.10.2015;18168.199219;18379.230469;18043.080078;18322.980469;18322.980469;160800000;0;0;0;0;0;0;0;0
08.10.2015;18310.619141;18400.689453;18121.679688;18141.169922;18141.169922;158300000;0;0;0;0;0;0;0;0
09.10.2015;18281.509766;18438.669922;18184.960938;18438.669922;18438.669922;185000000;0;0;0;0;0;0;0;0
13.10.2015;18335.150391;18359.710938;18223.800781;18234.740234;18234.740234;144300000;0;0;0;0;0;0;0;0
14.10.2015;18106.660156;18126.390625;17831.529297;17891.000000;17891.000000;145000000;0;0;0;0;0;0;0;0
15.10.2015;17804.910156;18170.669922;17758.119141;18096.900391;18096.900391;131700000;0;0;0;0;0;0;0;0
16.10.2015;18300.830078;18397.519531;18238.779297;18291.800781;18291.800781;129600000;0;0;0;0;0;0;0;0
19.10.2015;18282.779297;18314.089844;18078.429688;18131.230469;18131.230469;121300000;0;0;0;0;0;0;0;0
20.10.2015;18245.539063;18253.130859;18147.980469;18207.150391;18207.150391;118800000;0;0;0;0;0;0;0;0
21.10.2015;18167.640625;18605.410156;18167.640625;18554.279297;18554.279297;142900000;0;0;0;0;0;0;0;0
22.10.2015;18443.689453;18579.140625;18376.009766;18435.869141;18435.869141;123900000;0;0;0;0;0;0;0;0
23.10.2015;18762.650391;18915.640625;18746.609375;18825.300781;18825.300781;147500000;0;0;0;0;0;0;0;0
26.10.2015;19036.130859;19088.759766;18937.449219;18947.119141;18947.119141;121800000;0;0;0;0;0;0;0;0
27.10.2015;18961.160156;18964.990234;18760.789063;18777.039063;18777.039063;123300000;0;0;0;0;0;0;0;0
28.10.2015;18826.939453;18925.509766;18815.119141;18903.019531;18903.019531;110200000;0;0;0;0;0;0;0;0
29.10.2015;19046.160156;19080.890625;18809.480469;18935.710938;18935.710938;178200000;0;0;0;0;0;0;0;0
30.10.2015;18924.310547;19202.339844;18784.689453;19083.099609;19083.099609;182000000;0;0;0;0;0;0;0;0
02.11.2015;18827.109375;18861.109375;18641.220703;18683.240234;18683.240234;148300000;0;0;0;0;0;0;0;0
04.11.2015;18941.320313;19151.890625;18926.910156;18926.910156;18926.910156;157000000;0;0;0;0;0;0;0;0
05.11.2015;19029.439453;19167.089844;18995.960938;19116.410156;19116.410156;145900000;0;0;0;0;0;0;0;0
06.11.2015;19194.339844;19294.150391;19164.859375;19265.599609;19265.599609;121300000;0;0;0;0;0;0;0;0
09.11.2015;19411.509766;19684.410156;19389.740234;19642.740234;19642.740234;168800000;0;0;0;0;0;0;0;0
10.11.2015;19457.050781;19674.050781;19457.050781;19671.259766;19671.259766;131200000;0;0;0;0;0;0;0;0
11.11.2015;19602.009766;19724.119141;19602.009766;19691.390625;19691.390625;131300000;0;0;0;0;0;0;0;0
12.11.2015;19644.650391;19725.830078;19597.990234;19697.769531;19697.769531;123500000;0;0;0;0;0;0;0;0
13.11.2015;19495.259766;19601.490234;19388.910156;19596.910156;19596.910156;139100000;0;0;0;0;0;0;0;0
16.11.2015;19263.960938;19451.089844;19252.039063;19393.689453;19393.689453;111500000;0;0;0;0;0;0;0;0
17.11.2015;19641.669922;19726.009766;19628.839844;19630.630859;19630.630859;145400000;0;0;0;0;0;0;0;0
18.11.2015;19771.859375;19840.000000;19643.970703;19649.179688;19649.179688;126700000;0;0;0;0;0;0;0;0
19.11.2015;19851.240234;19959.060547;19761.560547;19859.810547;19859.810547;139600000;0;0;0;0;0;0;0;0
20.11.2015;19800.199219;19879.810547;19715.740234;19879.810547;19879.810547;109700000;0;0;0;0;0;0;0;0
24.11.2015;19875.990234;19954.000000;19834.759766;19924.890625;19924.890625;133900000;0;0;0;0;0;0;0;0
25.11.2015;19856.839844;19871.750000;19786.529297;19847.580078;19847.580078;133200000;0;0;0;0;0;0;0;0
26.11.2015;19929.970703;19992.439453;19926.099609;19944.410156;19944.410156;117300000;0;0;0;0;0;0;0;0
27.11.2015;19994.050781;19994.050781;19831.250000;19883.939453;19883.939453;114600000;0;0;0;0;0;0;0;0
30.11.2015;19857.380859;19867.949219;19707.669922;19747.470703;19747.470703;161200000;0;0;0;0;0;0;0;0
01.12.2015;19799.080078;20012.400391;19797.550781;20012.400391;20012.400391;133100000;0;0;0;0;0;0;0;0
02.12.2015;19957.500000;20002.119141;19926.220703;19938.130859;19938.130859;115900000;0;0;0;0;0;0;0;0
03.12.2015;19894.630859;19967.880859;19862.740234;19939.900391;19939.900391;116200000;0;0;0;0;0;0;0;0
04.12.2015;19616.519531;19660.900391;19444.539063;19504.480469;19504.480469;134100000;0;0;0;0;0;0;0;0
07.12.2015;19710.390625;19811.509766;19677.210938;19698.150391;19698.150391;103300000;0;0;0;0;0;0;0;0
08.12.2015;19689.869141;19764.210938;19475.279297;19492.599609;19492.599609;124100000;0;0;0;0;0;0;0;0
09.12.2015;19391.500000;19475.400391;19260.119141;19301.070313;19301.070313;130300000;0;0;0;0;0;0;0;0
10.12.2015;19070.019531;19125.060547;19025.779297;19046.550781;19046.550781;116100000;0;0;0;0;0;0;0;0
11.12.2015;19020.750000;19282.210938;19020.750000;19230.480469;19230.480469;165800000;0;0;0;0;0;0;0;0
14.12.2015;18887.089844;18911.779297;18611.089844;18883.419922;18883.419922;134300000;0;0;0;0;0;0;0;0
15.12.2015;18869.039063;18897.869141;18562.509766;18565.900391;18565.900391;137800000;0;0;0;0;0;0;0;0
16.12.2015;18868.199219;19054.890625;18859.109375;19049.910156;19049.910156;143900000;0;0;0;0;0;0;0;0
17.12.2015;19364.570313;19507.169922;19325.150391;19353.560547;19353.560547;152700000;0;0;0;0;0;0;0;0
18.12.2015;19320.460938;19869.080078;18982.250000;18986.800781;18986.800781;199200000;0;0;0;0;0;0;0;0
21.12.2015;18845.500000;18979.830078;18651.130859;18916.019531;18916.019531;154800000;0;0;0;0;0;0;0;0
22.12.2015;18927.859375;18943.460938;18824.650391;18886.699219;18886.699219;135700000;0;0;0;0;0;0;0;0
24.12.2015;19071.410156;19071.410156;18780.939453;18789.689453;18789.689453;129500000;0;0;0;0;0;0;0;0
25.12.2015;18823.910156;18870.699219;18744.439453;18769.060547;18769.060547;122600000;0;0;0;0;0;0;0;0
28.12.2015;18838.910156;18922.900391;18764.539063;18873.349609;18873.349609;102300000;0;0;0;0;0;0;0;0
29.12.2015;18843.390625;18991.009766;18783.359375;18982.230469;18982.230469;96900000;0;0;0;0;0;0;0;0
30.12.2015;19070.830078;19113.179688;19017.269531;19033.710938;19033.710938;100500000;0;0;0;0;0;0;0;0
04.01.2016;18818.580078;18951.119141;18394.429688;18450.980469;18450.980469;140200000;0;0;0;0;0;0;0;0
05.01.2016;18398.759766;18547.380859;18327.519531;18374.000000;18374.000000;132300000;0;0;0;0;0;0;0;0
06.01.2016;18410.570313;18469.380859;18064.300781;18191.320313;18191.320313;142200000;0;0;0;0;0;0;0;0
07.01.2016;18139.769531;18172.039063;17767.339844;17767.339844;17767.339844;168000000;0;0;0;0;0;0;0;0
08.01.2016;17562.230469;17975.310547;17509.640625;17697.960938;17697.960938;184300000;0;0;0;0;0;0;0;0
12.01.2016;17470.929688;17546.570313;17184.779297;17218.960938;17218.960938;178400000;0;0;0;0;0;0;0;0
13.01.2016;17449.119141;17717.750000;17414.550781;17715.630859;17715.630859;145900000;0;0;0;0;0;0;0;0
14.01.2016;17384.929688;17393.830078;16944.410156;17240.949219;17240.949219;178300000;0;0;0;0;0;0;0;0
15.01.2016;17522.460938;17597.869141;17057.599609;17147.109375;17147.109375;167800000;0;0;0;0;0;0;0;0
18.01.2016;16826.929688;17037.259766;16665.050781;16955.570313;16955.570313;157200000;0;0;0;0;0;0;0;0
19.01.2016;16902.289063;17088.310547;16812.650391;17048.369141;17048.369141;154200000;0;0;0;0;0;0;0;0
20.01.2016;17030.279297;17031.320313;16387.609375;16416.189453;16416.189453;177800000;0;0;0;0;0;0;0;0
21.01.2016;16466.859375;16734.580078;16017.259766;16017.259766;16017.259766;228200000;0;0;0;0;0;0;0;0
22.01.2016;16336.719727;16993.960938;16332.450195;16958.529297;16958.529297;186800000;0;0;0;0;0;0;0;0
25.01.2016;17145.810547;17208.240234;16922.210938;17110.910156;17110.910156;157000000;0;0;0;0;0;0;0;0
26.01.2016;16833.130859;16839.519531;16652.259766;16708.900391;16708.900391;147000000;0;0;0;0;0;0;0;0
27.01.2016;16949.189453;17242.269531;16947.949219;17163.919922;17163.919922;155000000;0;0;0;0;0;0;0;0
28.01.2016;17059.839844;17235.439453;16942.130859;17041.449219;17041.449219;140900000;0;0;0;0;0;0;0;0
29.01.2016;17155.060547;17638.929688;16767.089844;17518.300781;17518.300781;294400000;0;0;0;0;0;0;0;0
01.02.2016;17699.599609;17905.369141;17666.480469;17865.230469;17865.230469;245000000;0;0;0;0;0;0;0;0
02.02.2016;17716.519531;17864.699219;17684.660156;17750.679688;17750.679688;200800000;0;0;0;0;0;0;0;0
03.02.2016;17497.410156;17515.679688;17080.570313;17191.250000;17191.250000;228500000;0;0;0;0;0;0;0;0
04.02.2016;17071.109375;17209.560547;16941.880859;17044.990234;17044.990234;238800000;0;0;0;0;0;0;0;0
05.02.2016;16790.529297;16893.119141;16627.800781;16819.589844;16819.589844;259900000;0;0;0;0;0;0;0;0
08.02.2016;16620.910156;17099.009766;16552.300781;17004.300781;17004.300781;200100000;0;0;0;0;0;0;0;0
09.02.2016;16666.789063;16668.699219;16025.940430;16085.440430;16085.440430;228200000;0;0;0;0;0;0;0;0
10.02.2016;16127.860352;16163.030273;15429.990234;15713.389648;15713.389648;283500000;0;0;0;0;0;0;0;0
12.02.2016;15426.269531;15437.219727;14865.769531;14952.610352;14952.610352;340500000;0;0;0;0;0;0;0;0
15.02.2016;15248.379883;16155.099609;15243.879883;16022.580078;16022.580078;232200000;0;0;0;0;0;0;0;0
16.02.2016;15849.469727;16341.559570;15809.580078;16054.429688;16054.429688;224900000;0;0;0;0;0;0;0;0
17.02.2016;16035.349609;16214.459961;15632.120117;15836.360352;15836.360352;204100000;0;0;0;0;0;0;0;0
18.02.2016;16138.080078;16337.589844;16118.799805;16196.799805;16196.799805;187800000;0;0;0;0;0;0;0;0
19.02.2016;16050.400391;16050.459961;15799.349609;15967.169922;15967.169922;161700000;0;0;0;0;0;0;0;0
22.02.2016;15851.389648;16187.400391;15816.830078;16111.049805;16111.049805;139800000;0;0;0;0;0;0;0;0
23.02.2016;16230.379883;16350.379883;16001.190430;16052.049805;16052.049805;165200000;0;0;0;0;0;0;0;0
24.02.2016;15851.129883;16006.450195;15753.769531;15915.790039;15915.790039;151600000;0;0;0;0;0;0;0;0
25.02.2016;15983.469727;16218.290039;15953.929688;16140.339844;16140.339844;169800000;0;0;0;0;0;0;0;0
26.02.2016;16311.519531;16472.500000;16188.410156;16188.410156;16188.410156;147400000;0;0;0;0;0;0;0;0
29.02.2016;16313.309570;16464.750000;16026.759766;16026.759766;16026.759766;164300000;0;0;0;0;0;0;0;0
01.03.2016;16013.000000;16099.419922;15857.370117;16085.509766;16085.509766;152300000;0;0;0;0;0;0;0;0
02.03.2016;16391.480469;16815.250000;16388.919922;16746.550781;16746.550781;175100000;0;0;0;0;0;0;0;0
03.03.2016;16695.779297;16962.949219;16691.939453;16960.160156;16960.160156;201400000;0;0;0;0;0;0;0;0
04.03.2016;16927.359375;17042.919922;16861.380859;17014.779297;17014.779297;183600000;0;0;0;0;0;0;0;0
07.03.2016;17024.640625;17026.250000;16894.580078;16911.320313;16911.320313;159500000;0;0;0;0;0;0;0;0
08.03.2016;16889.480469;16909.789063;16570.220703;16783.150391;16783.150391;182800000;0;0;0;0;0;0;0;0
09.03.2016;16625.589844;16706.250000;16494.800781;16642.199219;16642.199219;160700000;0;0;0;0;0;0;0;0
10.03.2016;16811.000000;16887.599609;16713.130859;16852.349609;16852.349609;135600000;0;0;0;0;0;0;0;0
11.03.2016;16610.179688;17015.300781;16575.750000;16938.869141;16938.869141;198000000;0;0;0;0;0;0;0;0
14.03.2016;17155.519531;17291.349609;17149.210938;17233.750000;17233.750000;140900000;0;0;0;0;0;0;0;0
15.03.2016;17219.890625;17279.300781;17042.560547;17117.070313;17117.070313;144300000;0;0;0;0;0;0;0;0
16.03.2016;16981.359375;17102.449219;16950.839844;16974.449219;16974.449219;126400000;0;0;0;0;0;0;0;0
17.03.2016;17107.599609;17253.029297;16814.839844;16936.380859;16936.380859;152500000;0;0;0;0;0;0;0;0
18.03.2016;16883.750000;16920.910156;16613.689453;16724.810547;16724.810547;155700000;0;0;0;0;0;0;0;0
22.03.2016;16937.310547;17107.800781;16851.210938;17048.550781;17048.550781;136200000;0;0;0;0;0;0;0;0
23.03.2016;17066.269531;17142.080078;16964.310547;17000.980469;17000.980469;104700000;0;0;0;0;0;0;0;0
24.03.2016;16979.390625;17041.160156;16843.990234;16892.330078;16892.330078;142100000;0;0;0;0;0;0;0;0
25.03.2016;16949.529297;17026.140625;16889.400391;17002.750000;17002.750000;126500000;0;0;0;0;0;0;0;0
28.03.2016;17129.269531;17167.880859;16961.410156;17134.369141;17134.369141;123500000;0;0;0;0;0;0;0;0
29.03.2016;16985.279297;17137.199219;16948.429688;17103.529297;17103.529297;117000000;0;0;0;0;0;0;0;0
30.03.2016;17078.029297;17078.029297;16875.910156;16878.960938;16878.960938;131200000;0;0;0;0;0;0;0;0
31.03.2016;16997.140625;17033.650391;16758.669922;16758.669922;16758.669922;157500000;0;0;0;0;0;0;0;0
01.04.2016;16719.560547;16719.560547;16113.009766;16164.160156;16164.160156;178400000;0;0;0;0;0;0;0;0
04.04.2016;16087.759766;16238.509766;16029.500000;16123.269531;16123.269531;144800000;0;0;0;0;0;0;0;0
05.04.2016;16044.230469;16066.179688;15698.549805;15732.820313;15732.820313;158100000;0;0;0;0;0;0;0;0
06.04.2016;15727.700195;15828.610352;15612.910156;15715.360352;15715.360352;150500000;0;0;0;0;0;0;0;0
07.04.2016;15739.259766;15871.099609;15636.209961;15749.839844;15749.839844;146000000;0;0;0;0;0;0;0;0
08.04.2016;15597.040039;16027.629883;15471.799805;15821.519531;15821.519531;176800000;0;0;0;0;0;0;0;0
11.04.2016;15761.570313;15778.740234;15525.490234;15751.129883;15751.129883;129900000;0;0;0;0;0;0;0;0
12.04.2016;15719.240234;15963.030273;15693.610352;15928.790039;15928.790039;147000000;0;0;0;0;0;0;0;0
13.04.2016;16142.709961;16405.589844;16132.230469;16381.219727;16381.219727;158800000;0;0;0;0;0;0;0;0
14.04.2016;16629.830078;16911.050781;16602.169922;16911.050781;16911.050781;175400000;1;38000000;1;38000000;1;38000000;1;38000000
15.04.2016;16720.390625;16928.669922;16720.390625;16848.029297;16848.029297;133300000;0;0;0;0;0;0;0;0
18.04.2016;16521.250000;16526.900391;16254.200195;16275.950195;16275.950195;140600000;1;20000000;1;20000000;1;20000000;1;20000000
19.04.2016;16582.660156;16900.330078;16570.500000;16874.439453;16874.439453;145700000;0;0;0;0;0;0;0;0
20.04.2016;17053.830078;17099.359375;16870.730469;16906.539063;16906.539063;143900000;0;0;0;0;0;0;0;0
21.04.2016;17187.269531;17381.699219;17144.529297;17363.619141;17363.619141;165900000;0;0;0;0;0;0;0;0
22.04.2016;17220.470703;17572.490234;17192.390625;17572.490234;17572.490234;228300000;0;0;0;0;0;0;0;0
25.04.2016;17613.560547;17613.560547;17403.869141;17439.300781;17439.300781;171600000;0;0;0;0;0;0;0;0
26.04.2016;17358.560547;17426.019531;17200.500000;17353.279297;17353.279297;161600000;0;0;0;0;0;0;0;0
27.04.2016;17369.679688;17417.539063;17230.230469;17290.490234;17290.490234;140900000;0;0;0;0;0;0;0;0
28.04.2016;17438.990234;17572.269531;16652.740234;16666.050781;16666.050781;233100000;0;0;0;0;0;0;0;0
02.05.2016;16357.099609;16357.099609;15975.469727;16147.379883;16147.379883;179900000;0;0;0;0;0;0;0;0
06.05.2016;16212.669922;16271.610352;15989.349609;16106.719727;16106.719727;148100000;0;0;0;0;0;0;0;0
09.05.2016;16226.570313;16292.860352;16159.309570;16216.030273;16216.030273;118800000;0;0;0;0;0;0;0;0
10.05.2016;16307.500000;16587.630859;16229.150391;16565.189453;16565.189453;166500000;0;0;0;0;0;0;0;0
11.05.2016;16736.720703;16814.640625;16536.609375;16579.009766;16579.009766;143500000;0;0;0;0;0;0;0;0
12.05.2016;16459.689453;16658.070313;16374.589844;16646.339844;16646.339844;138700000;0;0;0;0;0;0;0;0
13.05.2016;16804.169922;16804.169922;16400.869141;16412.210938;16412.210938;171600000;0;0;0;0;0;0;0;0
16.05.2016;16391.919922;16632.619141;16391.919922;16466.400391;16466.400391;125100000;0;0;0;0;0;0;0;0
17.05.2016;16618.949219;16655.890625;16509.310547;16652.800781;16652.800781;117600000;0;0;0;0;0;0;0;0
18.05.2016;16611.400391;16795.470703;16513.169922;16644.689453;16644.689453;165100000;0;0;0;0;0;0;0;0
19.05.2016;16807.460938;16841.039063;16590.160156;16646.660156;16646.660156;141600000;0;0;0;0;0;0;0;0
20.05.2016;16594.990234;16770.869141;16548.339844;16736.349609;16736.349609;126300000;0;0;0;0;0;0;0;0
23.05.2016;16671.279297;16691.500000;16417.839844;16654.599609;16654.599609;116500000;0;0;0;0;0;0;0;0
24.05.2016;16605.039063;16605.039063;16471.369141;16498.759766;16498.759766;109700000;0;0;0;0;0;0;0;0
25.05.2016;16764.349609;16806.029297;16731.119141;16757.349609;16757.349609;107400000;0;0;0;0;0;0;0;0
26.05.2016;16927.689453;16957.560547;16743.169922;16772.460938;16772.460938;122000000;0;0;0;0;0;0;0;0
27.05.2016;16830.500000;16901.089844;16792.730469;16834.839844;16834.839844;108400000;0;0;0;0;0;0;0;0
30.05.2016;16973.720703;17068.019531;16910.189453;17068.019531;17068.019531;100300000;0;0;0;0;0;0;0;0
31.05.2016;17029.460938;17251.359375;16988.640625;17234.980469;17234.980469;156700000;0;0;0;0;0;0;0;0
01.06.2016;17097.220703;17145.949219;16908.919922;16955.730469;16955.730469;133700000;0;0;0;0;0;0;0;0
02.06.2016;16817.259766;16819.849609;16525.470703;16562.550781;16562.550781;142800000;0;0;0;0;0;0;0;0
03.06.2016;16599.509766;16716.140625;16554.599609;16642.230469;16642.230469;107300000;0;0;0;0;0;0;0;0
06.06.2016;16373.320313;16581.300781;16322.639648;16580.029297;16580.029297;122200000;0;0;0;0;0;0;0;0
07.06.2016;16651.050781;16701.009766;16536.230469;16675.449219;16675.449219;109000000;0;0;0;0;0;0;0;0
08.06.2016;16722.490234;16830.919922;16581.710938;16830.919922;16830.919922;112100000;0;0;0;0;0;0;0;0
09.06.2016;16742.029297;16785.830078;16587.769531;16668.410156;16668.410156;115500000;0;0;0;0;0;0;0;0
10.06.2016;16637.509766;16643.359375;16496.109375;16601.359375;16601.359375;155000000;0;0;0;0;0;0;0;0
13.06.2016;16319.110352;16335.379883;16019.179688;16019.179688;16019.179688;126200000;0;0;0;0;0;0;0;0
14.06.2016;16001.190430;16082.500000;15762.089844;15859.000000;15859.000000;131700000;0;0;0;0;0;0;0;0
15.06.2016;15799.070313;15997.299805;15752.009766;15919.580078;15919.580078;136800000;0;0;0;0;0;0;0;0
16.06.2016;15871.219727;15913.080078;15395.980469;15434.139648;15434.139648;154200000;0;0;0;0;0;0;0;0
17.06.2016;15631.790039;15774.870117;15582.940430;15599.660156;15599.660156;167200000;0;0;0;0;0;0;0;0
20.06.2016;15839.059570;16035.440430;15835.860352;15965.299805;15965.299805;132000000;0;0;0;0;0;0;0;0
21.06.2016;15875.809570;16202.299805;15770.959961;16169.110352;16169.110352;120900000;0;0;0;0;0;0;0;0
22.06.2016;16095.809570;16160.990234;15980.650391;16065.719727;16065.719727;111700000;0;0;0;0;0;0;0;0
23.06.2016;16098.610352;16263.870117;16057.860352;16238.349609;16238.349609;110800000;0;0;0;0;0;0;0;0
24.06.2016;16333.870117;16389.169922;14864.009766;14952.019531;14952.019531;263000000;0;0;0;0;0;0;0;0
27.06.2016;15153.080078;15323.950195;15061.660156;15309.209961;15309.209961;161900000;0;0;0;0;0;0;0;0
28.06.2016;15094.709961;15443.820313;14987.790039;15323.139648;15323.139648;180900000;0;0;0;0;0;0;0;0
29.06.2016;15523.349609;15626.660156;15398.309570;15566.830078;15566.830078;147400000;0;0;0;0;0;0;0;0
30.06.2016;15752.709961;15781.690430;15575.919922;15575.919922;15575.919922;150700000;0;0;0;0;0;0;0;0
01.07.2016;15698.019531;15765.000000;15635.570313;15682.480469;15682.480469;119900000;0;0;0;0;0;0;0;0
04.07.2016;15554.040039;15805.309570;15553.919922;15775.799805;15775.799805;108500000;0;0;0;0;0;0;0;0
05.07.2016;15682.160156;15702.040039;15602.730469;15669.330078;15669.330078;109200000;0;0;0;0;0;0;0;0
06.07.2016;15434.459961;15434.459961;15167.980469;15378.990234;15378.990234;158400000;0;0;0;0;0;0;0;0
07.07.2016;15346.809570;15418.900391;15241.910156;15276.240234;15276.240234;127300000;0;0;0;0;0;0;0;0
08.07.2016;15326.839844;15399.700195;15106.519531;15106.980469;15106.980469;129500000;0;0;0;0;0;0;0;0
11.07.2016;15375.940430;15816.669922;15375.940430;15708.820313;15708.820313;138900000;0;0;0;0;0;0;0;0
12.07.2016;15961.299805;16237.620117;15956.910156;16095.650391;16095.650391;185100000;0;0;0;0;0;0;0;0
13.07.2016;16343.000000;16444.250000;16196.440430;16231.429688;16231.429688;195600000;0;0;0;0;0;0;0;0
14.07.2016;16242.200195;16398.730469;16229.259766;16385.890625;16385.890625;136100000;0;0;0;0;0;0;0;0
15.07.2016;16396.119141;16607.320313;16396.119141;16497.849609;16497.849609;171900000;0;0;0;0;0;0;0;0
19.07.2016;16612.089844;16726.710938;16514.660156;16723.310547;16723.310547;131600000;0;0;0;0;0;0;0;0
20.07.2016;16646.919922;16692.839844;16554.029297;16681.890625;16681.890625;120500000;0;0;0;0;0;0;0;0
21.07.2016;16855.179688;16938.960938;16740.000000;16810.220703;16810.220703;134800000;0;0;0;0;0;0;0;0
22.07.2016;16612.900391;16691.810547;16566.980469;16627.250000;16627.250000;100800000;0;0;0;0;0;0;0;0
25.07.2016;16655.810547;16778.650391;16612.330078;16620.289063;16620.289063;102900000;0;0;0;0;0;0;0;0
26.07.2016;16535.810547;16535.810547;16323.099609;16383.040039;16383.040039;129400000;0;0;0;0;0;0;0;0
27.07.2016;16526.060547;16821.429688;16526.060547;16664.820313;16664.820313;155500000;0;0;0;0;0;0;0;0
28.07.2016;16596.150391;16616.279297;16450.279297;16476.839844;16476.839844;126400000;0;0;0;0;0;0;0;0
29.07.2016;16359.679688;16679.189453;16174.349609;16569.269531;16569.269531;234600000;0;0;0;0;0;0;0;0
01.08.2016;16415.310547;16677.490234;16319.150391;16635.769531;16635.769531;174100000;0;0;0;0;0;0;0;0
02.08.2016;16469.679688;16541.880859;16391.449219;16391.449219;16391.449219;131900000;0;0;0;0;0;0;0;0
03.08.2016;16227.280273;16275.339844;16056.669922;16083.110352;16083.110352;155400000;0;0;0;0;0;0;0;0
04.08.2016;16168.339844;16270.120117;15921.040039;16254.889648;16254.889648;160000000;0;0;0;0;0;0;0;0
05.08.2016;16278.990234;16355.980469;16230.700195;16254.450195;16254.450195;129400000;0;0;0;0;0;0;0;0
08.08.2016;16462.289063;16652.039063;16455.570313;16650.570313;16650.570313;141600000;0;0;0;0;0;0;0;0
09.08.2016;16632.410156;16779.589844;16630.560547;16764.970703;16764.970703;127500000;0;0;0;0;0;0;0;0
10.08.2016;16699.080078;16822.859375;16657.589844;16735.119141;16735.119141;113800000;0;0;0;0;0;0;0;0
12.08.2016;16877.179688;16943.669922;16818.429688;16919.919922;16919.919922;119100000;0;0;0;0;0;0;0;0
15.08.2016;16866.890625;16932.109375;16844.580078;16869.560547;16869.560547;83700000;0;0;0;0;0;0;0;0
16.08.2016;16878.660156;16887.570313;16596.509766;16596.509766;16596.509766;110000000;0;0;0;0;0;0;0;0
17.08.2016;16596.259766;16772.109375;16596.259766;16745.640625;16745.640625;117400000;0;0;0;0;0;0;0;0
18.08.2016;16649.910156;16714.609375;16481.410156;16486.009766;16486.009766;130400000;0;0;0;0;0;0;0;0
19.08.2016;16558.380859;16613.039063;16452.619141;16545.820313;16545.820313;121900000;0;0;0;0;0;0;0;0
22.08.2016;16599.259766;16631.230469;16540.939453;16598.189453;16598.189453;95300000;1;100000;0;0;0;0;0;0
23.08.2016;16549.820313;16663.640625;16452.009766;16497.359375;16497.359375;107600000;0;0;0;0;0;0;0;0
24.08.2016;16550.210938;16648.070313;16544.390625;16597.300781;16597.300781;91100000;0;0;0;0;0;0;0;0
25.08.2016;16580.150391;16628.789063;16520.839844;16555.949219;16555.949219;92900000;0;0;0;0;0;0;0;0
26.08.2016;16485.550781;16490.529297;16320.429688;16360.709961;16360.709961;104600000;0;0;0;0;0;0;0;0
29.08.2016;16631.060547;16764.640625;16616.650391;16737.490234;16737.490234;113900000;0;0;0;0;0;0;0;0
30.08.2016;16690.980469;16752.160156;16677.849609;16725.359375;16725.359375;103700000;0;0;0;0;0;0;0;0
31.08.2016;16857.830078;16917.859375;16836.960938;16887.400391;16887.400391;150300000;0;0;0;0;0;0;0;0
01.09.2016;16885.160156;16941.179688;16864.560547;16926.839844;16926.839844;131500000;0;0;0;0;0;0;0;0
02.09.2016;16903.779297;16946.490234;16848.119141;16925.679688;16925.679688;116200000;0;0;0;0;0;0;0;0
05.09.2016;17131.519531;17156.359375;17009.210938;17037.630859;17037.630859;127400000;0;0;0;0;0;0;0;0
06.09.2016;17035.029297;17097.589844;17022.640625;17081.980469;17081.980469;108300000;0;0;0;0;0;0;0;0
07.09.2016;16937.380859;17024.259766;16903.199219;17012.439453;17012.439453;132500000;0;0;0;0;0;0;0;0
08.09.2016;16984.000000;17001.839844;16836.650391;16958.769531;16958.769531;111300000;0;0;0;0;0;0;0;0
09.09.2016;16994.369141;17029.779297;16902.089844;16965.759766;16965.759766;123900000;0;0;0;0;0;0;0;0
12.09.2016;16748.359375;16802.000000;16601.539063;16672.919922;16672.919922;112800000;0;0;0;0;0;0;0;0
13.09.2016;16764.650391;16787.060547;16658.400391;16729.039063;16729.039063;98200000;0;0;0;0;0;0;0;0
14.09.2016;16632.060547;16706.609375;16585.800781;16614.240234;16614.240234;116300000;0;0;0;0;0;0;0;0
15.09.2016;16512.419922;16528.019531;16359.780273;16405.009766;16405.009766;117800000;0;0;0;0;0;0;0;0
16.09.2016;16458.740234;16532.839844;16415.859375;16519.289063;16519.289063;127100000;0;0;0;0;0;0;0;0
20.09.2016;16403.220703;16591.699219;16403.220703;16492.150391;16492.150391;121500000;0;0;0;0;0;0;0;0
21.09.2016;16471.849609;16823.630859;16399.650391;16807.619141;16807.619141;191100000;0;0;0;0;0;0;0;0
23.09.2016;16759.839844;16808.589844;16725.529297;16754.019531;16754.019531;138000000;0;0;0;0;0;0;0;0
26.09.2016;16707.449219;16707.449219;16514.929688;16544.560547;16544.560547;102900000;0;0;0;0;0;0;0;0
27.09.2016;16390.910156;16683.929688;16285.410156;16683.929688;16683.929688;157100000;0;0;0;0;0;0;0;0
28.09.2016;16504.990234;16515.839844;16385.029297;16465.400391;16465.400391;112200000;0;0;0;0;0;0;0;0
29.09.2016;16606.300781;16756.429688;16584.140625;16693.710938;16693.710938;122700000;0;0;0;0;0;0;0;0
30.09.2016;16474.449219;16497.550781;16407.779297;16449.839844;16449.839844;124400000;0;0;0;0;0;0;0;0
03.10.2016;16566.029297;16652.160156;16554.830078;16598.669922;16598.669922;99200000;0;0;0;0;0;0;0;0
04.10.2016;16661.509766;16747.199219;16637.820313;16735.650391;16735.650391;100300000;0;0;0;0;0;0;0;0
05.10.2016;16787.890625;16844.349609;16728.189453;16819.240234;16819.240234;115100000;0;0;0;0;0;0;0;0
06.10.2016;16913.599609;16971.279297;16888.769531;16899.099609;16899.099609;110600000;0;0;0;0;0;0;0;0
07.10.2016;16883.119141;16895.130859;16820.210938;16860.089844;16860.089844;100300000;0;0;0;0;0;0;0;0
11.10.2016;16936.310547;17074.460938;16931.119141;17024.759766;17024.759766;111600000;0;0;0;0;0;0;0;0
12.10.2016;16850.730469;16951.539063;16839.410156;16840.000000;16840.000000;116300000;0;0;0;0;0;0;0;0
13.10.2016;16923.820313;16974.250000;16739.730469;16774.240234;16774.240234;111100000;0;0;0;0;0;0;0;0
14.10.2016;16751.039063;16866.560547;16727.779297;16856.369141;16856.369141;109400000;0;0;0;0;0;0;0;0
17.10.2016;16871.839844;16954.439453;16821.490234;16900.119141;16900.119141;95100000;0;0;0;0;0;0;0;0
18.10.2016;16862.310547;16966.900391;16844.169922;16963.609375;16963.609375;98600000;0;0;0;0;0;0;0;0
19.10.2016;16952.910156;17016.660156;16938.460938;16998.910156;16998.910156;101700000;0;0;0;0;0;0;0;0
20.10.2016;16999.359375;17235.500000;16992.140625;17235.500000;17235.500000;112400000;0;0;0;0;0;0;0;0
21.10.2016;17283.750000;17288.890625;17151.980469;17184.589844;17184.589844;114200000;1;100000;0;0;0;0;0;0
24.10.2016;17216.560547;17244.740234;17162.210938;17234.419922;17234.419922;87700000;0;0;0;0;0;0;0;0
25.10.2016;17298.630859;17381.800781;17298.630859;17365.250000;17365.250000;108400000;0;0;0;0;0;0;0;0
26.10.2016;17329.029297;17391.839844;17295.460938;17391.839844;17391.839844;98100000;0;0;0;0;0;0;0;0
27.10.2016;17346.390625;17414.210938;17278.119141;17336.419922;17336.419922;107600000;0;0;0;0;0;0;0;0
28.10.2016;17448.250000;17461.029297;17406.720703;17446.410156;17446.410156;167900000;0;0;0;0;0;0;0;0
31.10.2016;17360.890625;17433.130859;17327.619141;17425.019531;17425.019531;157200000;0;0;0;0;0;0;0;0
01.11.2016;17380.539063;17473.119141;17339.640625;17442.400391;17442.400391;123000000;0;0;0;0;0;0;0;0
02.11.2016;17238.000000;17283.599609;17080.589844;17134.679688;17134.679688;135200000;0;0;0;0;0;0;0;0
04.11.2016;16964.500000;16996.089844;16801.980469;16905.359375;16905.359375;134800000;0;0;0;0;0;0;0;0
07.11.2016;17126.029297;17186.890625;17056.839844;17177.210938;17177.210938;113000000;0;0;0;0;0;0;0;0
08.11.2016;17242.699219;17247.039063;17130.830078;17171.380859;17171.380859;100000000;0;0;0;0;0;0;0;0
09.11.2016;17281.949219;17427.710938;16111.809570;16251.540039;16251.540039;274900000;0;0;0;0;0;0;0;0
10.11.2016;16562.859375;17393.820313;16560.660156;17344.419922;17344.419922;229400000;0;0;0;0;0;0;0;0
11.11.2016;17526.609375;17621.730469;17333.490234;17374.789063;17374.789063;241800000;0;0;0;0;0;0;0;0
14.11.2016;17467.490234;17697.330078;17455.779297;17672.619141;17672.619141;165300000;0;0;0;0;0;0;0;0
15.11.2016;17690.220703;17727.580078;17605.769531;17668.150391;17668.150391;173200000;0;0;0;0;0;0;0;0
16.11.2016;17832.509766;17886.439453;17807.470703;17862.210938;17862.210938;200300000;0;0;0;0;0;0;0;0
17.11.2016;17766.609375;17884.060547;17764.080078;17862.630859;17862.630859;161100000;0;0;0;0;0;0;0;0
18.11.2016;18024.210938;18043.720703;17967.410156;17967.410156;17967.410156;166800000;0;0;0;0;0;0;0;0
21.11.2016;18038.089844;18129.029297;18007.789063;18106.019531;18106.019531;135700000;0;0;0;0;0;0;0;0
22.11.2016;18091.050781;18175.630859;18050.550781;18162.939453;18162.939453;121900000;0;0;0;0;0;0;0;0
24.11.2016;18329.779297;18382.720703;18310.310547;18333.410156;18333.410156;149400000;0;0;0;0;0;0;0;0
25.11.2016;18387.589844;18482.939453;18288.500000;18381.220703;18381.220703;164900000;0;0;0;0;0;0;0;0
28.11.2016;18302.580078;18374.929688;18222.820313;18356.890625;18356.890625;145000000;0;0;0;0;0;0;0;0
29.11.2016;18263.630859;18327.509766;18258.820313;18307.039063;18307.039063;125600000;0;0;0;0;0;0;0;0
30.11.2016;18356.029297;18370.310547;18280.660156;18308.480469;18308.480469;164700000;0;0;0;0;0;0;0;0
01.12.2016;18535.240234;18746.279297;18469.269531;18513.119141;18513.119141;188000000;0;0;0;0;0;0;0;0
02.12.2016;18435.550781;18469.679688;18315.380859;18426.080078;18426.080078;197200000;0;0;0;0;0;0;0;0
05.12.2016;18349.919922;18365.740234;18227.390625;18274.990234;18274.990234;134500000;0;0;0;0;0;0;0;0
06.12.2016;18457.199219;18484.800781;18318.990234;18360.539063;18360.539063;158800000;0;0;0;0;0;0;0;0
07.12.2016;18434.539063;18502.470703;18410.880859;18496.689453;18496.689453;151700000;0;0;0;0;0;0;0;0
08.12.2016;18674.189453;18765.470703;18614.009766;18765.470703;18765.470703;187400000;0;0;0;0;0;0;0;0
09.12.2016;18839.980469;19042.480469;18821.410156;18996.369141;18996.369141;212300000;0;0;0;0;0;0;0;0
12.12.2016;19183.820313;19280.929688;19054.000000;19155.029297;19155.029297;200600000;0;0;0;0;0;0;0;0
13.12.2016;19120.759766;19253.509766;19060.720703;19250.519531;19250.519531;147600000;0;0;0;0;0;0;0;0
14.12.2016;19270.009766;19284.279297;19184.750000;19253.609375;19253.609375;133200000;0;0;0;0;0;0;0;0
15.12.2016;19327.699219;19436.900391;19192.599609;19273.789063;19273.789063;154600000;0;0;0;0;0;0;0;0
16.12.2016;19438.390625;19439.970703;19360.359375;19401.150391;19401.150391;148700000;0;0;0;0;0;0;0;0
19.12.2016;19345.839844;19399.259766;19307.140625;19391.599609;19391.599609;106000000;0;0;0;0;0;0;0;0
20.12.2016;19367.839844;19511.199219;19356.810547;19494.529297;19494.529297;119600000;0;0;0;0;0;0;0;0
21.12.2016;19547.279297;19592.900391;19375.189453;19444.490234;19444.490234;130300000;0;0;0;0;0;0;0;0
22.12.2016;19396.849609;19427.669922;19327.509766;19427.669922;19427.669922;113500000;0;0;0;0;0;0;0;0
26.12.2016;19394.410156;19432.480469;19385.939453;19396.640625;19396.640625;85500000;0;0;0;0;0;0;0;0
27.12.2016;19353.429688;19478.580078;19352.060547;19403.060547;19403.060547;110200000;0;0;0;0;0;0;0;0
28.12.2016;19392.109375;19442.130859;19364.730469;19401.720703;19401.720703;77700000;0;0;0;0;0;0;0;0
29.12.2016;19301.039063;19301.039063;19092.220703;19145.140625;19145.140625;163500000;0;0;0;0;0;0;0;0
30.12.2016;18997.679688;19176.810547;18991.589844;19114.369141;19114.369141;117800000;0;0;0;0;0;0;0;0
04.01.2017;19298.679688;19594.160156;19277.929688;19594.160156;19594.160156;163500000;0;0;0;0;0;0;0;0
05.01.2017;19602.099609;19615.400391;19473.279297;19520.689453;19520.689453;134500000;0;0;0;0;0;0;0;0
06.01.2017;19393.550781;19472.369141;19354.439453;19454.330078;19454.330078;119100000;0;0;0;0;0;0;0;0
10.01.2017;19414.830078;19484.900391;19255.349609;19301.439453;19301.439453;119100000;0;0;0;0;0;0;0;0
11.01.2017;19358.640625;19402.169922;19325.460938;19364.669922;19364.669922;119100000;0;0;0;0;0;0;0;0
12.01.2017;19300.189453;19300.189453;19069.019531;19134.699219;19134.699219;119100000;0;0;0;0;0;0;0;0
13.01.2017;19174.970703;19299.359375;19156.929688;19287.279297;19287.279297;119100000;0;0;0;0;0;0;0;0
16.01.2017;19219.130859;19255.410156;19061.269531;19095.240234;19095.240234;119100000;0;0;0;0;0;0;0;0
17.01.2017;19038.449219;19043.910156;18812.859375;18813.529297;18813.529297;119100000;0;0;0;0;0;0;0;0
18.01.2017;18753.960938;18941.240234;18650.330078;18894.369141;18894.369141;119100000;0;0;0;0;0;0;0;0
19.01.2017;19082.830078;19122.390625;18982.130859;19072.250000;19072.250000;170600000;0;0;0;0;0;0;0;0
20.01.2017;19059.150391;19176.859375;19040.199219;19137.910156;19137.910156;125800000;0;0;0;0;0;0;0;0
23.01.2017;18938.449219;19024.210938;18879.679688;18891.029297;18891.029297;124800000;0;0;0;0;0;0;0;0
24.01.2017;18817.419922;18915.699219;18783.160156;18787.990234;18787.990234;131500000;0;0;0;0;0;0;0;0
25.01.2017;19091.230469;19133.179688;18987.449219;19057.500000;19057.500000;125400000;0;0;0;0;0;0;0;0
26.01.2017;19260.669922;19405.230469;19232.460938;19402.390625;19402.390625;145200000;0;0;0;0;0;0;0;0
27.01.2017;19453.509766;19486.679688;19404.130859;19467.400391;19467.400391;134600000;0;0;0;0;0;0;0;0
30.01.2017;19371.279297;19390.970703;19295.800781;19368.849609;19368.849609;97800000;0;0;0;0;0;0;0;0
31.01.2017;19145.349609;19199.750000;19041.339844;19041.339844;19041.339844;133900000;0;0;0;0;0;0;0;0
01.02.2017;18926.970703;19155.789063;18916.179688;19148.080078;19148.080078;131500000;0;0;0;0;0;0;0;0
02.02.2017;19152.789063;19170.630859;18866.800781;18914.580078;18914.580078;136500000;0;0;0;0;0;0;0;0
03.02.2017;18996.740234;19061.259766;18830.890625;18918.199219;18918.199219;140900000;0;0;0;0;0;0;0;0
06.02.2017;19069.720703;19075.570313;18899.400391;18976.710938;18976.710938;120500000;0;0;0;0;0;0;0;0
07.02.2017;18844.119141;18970.580078;18805.320313;18910.779297;18910.779297;106100000;0;0;0;0;0;0;0;0
08.02.2017;18951.160156;19009.240234;18875.570313;19007.599609;19007.599609;102900000;0;0;0;0;0;0;0;0
09.02.2017;18942.039063;18991.230469;18874.910156;18907.669922;18907.669922;130500000;0;0;0;0;0;0;0;0
10.02.2017;19216.740234;19395.990234;19193.570313;19378.929688;19378.929688;149400000;0;0;0;0;0;0;0;0
13.02.2017;19513.779297;19519.439453;19418.179688;19459.150391;19459.150391;117900000;0;0;0;0;0;0;0;0
14.02.2017;19478.859375;19501.009766;19232.849609;19238.980469;19238.980469;142800000;0;0;0;0;0;0;0;0
15.02.2017;19438.810547;19495.619141;19420.000000;19437.980469;19437.980469;142800000;0;0;0;0;0;0;0;0
16.02.2017;19431.609375;19431.609375;19260.240234;19347.529297;19347.529297;137800000;0;0;0;0;0;0;0;0
17.02.2017;19228.740234;19275.390625;19173.529297;19234.619141;19234.619141;143600000;0;0;0;0;0;0;0;0
20.02.2017;19161.330078;19274.750000;19115.109375;19251.080078;19251.080078;98900000;0;0;0;0;0;0;0;0
21.02.2017;19267.869141;19395.349609;19261.980469;19381.439453;19381.439453;100700000;0;0;0;0;0;0;0;0
22.02.2017;19419.220703;19419.220703;19329.279297;19379.869141;19379.869141;156700000;0;0;0;0;0;0;0;0
23.02.2017;19379.919922;19379.919922;19262.630859;19371.460938;19371.460938;140800000;0;0;0;0;0;0;0;0
24.02.2017;19232.109375;19381.099609;19219.580078;19283.539063;19283.539063;148900000;0;0;0;0;0;0;0;0
27.02.2017;19130.509766;19178.990234;18995.550781;19107.470703;19107.470703;124200000;0;0;0;0;0;0;0;0
28.02.2017;19194.679688;19267.990234;19118.990234;19118.990234;19118.990234;132900000;0;0;0;0;0;0;0;0
01.03.2017;19226.939453;19414.550781;19164.619141;19393.539063;19393.539063;132300000;0;0;0;0;0;0;0;0
02.03.2017;19624.820313;19668.009766;19564.800781;19564.800781;19564.800781;146200000;0;0;0;0;0;0;0;0
03.03.2017;19551.339844;19587.789063;19392.750000;19469.169922;19469.169922;111000000;0;0;0;0;0;0;0;0
06.03.2017;19409.179688;19411.539063;19340.320313;19379.140625;19379.140625;88000000;0;0;0;0;0;0;0;0
07.03.2017;19337.189453;19375.089844;19317.099609;19344.150391;19344.150391;98800000;0;0;0;0;0;0;0;0
08.03.2017;19308.529297;19326.400391;19198.779297;19254.029297;19254.029297;103200000;0;0;0;0;0;0;0;0
09.03.2017;19343.060547;19350.199219;19262.980469;19318.580078;19318.580078;101100000;0;0;0;0;0;0;0;0
10.03.2017;19444.710938;19623.720703;19427.810547;19604.609375;19604.609375;155300000;0;0;0;0;0;0;0;0
13.03.2017;19545.740234;19656.480469;19531.509766;19633.750000;19633.750000;92600000;0;0;0;0;0;0;0;0
14.03.2017;19634.289063;19637.550781;19599.619141;19609.500000;19609.500000;123300000;0;0;0;0;0;0;0;0
15.03.2017;19528.750000;19581.529297;19503.740234;19577.380859;19577.380859;115700000;0;0;0;0;0;0;0;0
16.03.2017;19458.699219;19618.990234;19454.169922;19590.140625;19590.140625;122500000;0;0;0;0;0;0;0;0
17.03.2017;19510.890625;19547.509766;19487.919922;19521.589844;19521.589844;137100000;0;0;0;0;0;0;0;0
21.03.2017;19416.550781;19485.140625;19337.220703;19455.880859;19455.880859;101700000;0;0;0;0;0;0;0;0
22.03.2017;19146.619141;19183.269531;19026.529297;19041.380859;19041.380859;136600000;0;0;0;0;0;0;0;0
23.03.2017;19048.839844;19105.109375;18973.750000;19085.310547;19085.310547;121000000;0;0;0;0;0;0;0;0
24.03.2017;19066.349609;19296.050781;19060.640625;19262.529297;19262.529297;127700000;0;0;0;0;0;0;0;0
27.03.2017;18985.589844;18985.589844;18985.589844;18985.589844;18985.589844;120800000;0;0;0;0;0;0;0;0
28.03.2017;19159.070313;19203.640625;19113.439453;19202.869141;19202.869141;122300000;0;0;0;0;0;0;0;0
29.03.2017;19216.779297;19251.300781;19164.609375;19217.480469;19217.480469;115100000;0;0;0;0;0;0;0;0
30.03.2017;19150.820313;19218.080078;19043.480469;19063.220703;19063.220703;124500000;0;0;0;0;0;0;0;0
31.03.2017;19170.419922;19210.919922;18909.259766;18909.259766;18909.259766;149200000;0;0;0;0;0;0;0;0
03.04.2017;18988.000000;19068.619141;18920.519531;18983.230469;18983.230469;134200000;0;0;0;0;0;0;0;0
04.04.2017;18933.820313;18947.330078;18703.630859;18810.250000;18810.250000;146900000;0;0;0;0;0;0;0;0
05.04.2017;18900.699219;18941.939453;18773.939453;18861.269531;18861.269531;121600000;0;0;0;0;0;0;0;0
06.04.2017;18754.369141;18797.439453;18532.650391;18597.060547;18597.060547;133600000;0;0;0;0;0;0;0;0
07.04.2017;18714.980469;18785.730469;18517.429688;18664.630859;18664.630859;161600000;0;0;0;0;0;0;0;0
10.04.2017;18800.220703;18850.800781;18762.699219;18797.880859;18797.880859;111300000;0;0;0;0;0;0;0;0
11.04.2017;18717.550781;18767.699219;18661.859375;18747.869141;18747.869141;105100000;0;0;0;0;0;0;0;0
12.04.2017;18592.099609;18602.500000;18460.589844;18552.609375;18552.609375;116300000;0;0;0;0;0;0;0;0
13.04.2017;18391.720703;18455.250000;18304.720703;18426.839844;18426.839844;123700000;0;0;0;0;0;0;0;0
14.04.2017;18531.910156;18531.910156;18285.730469;18335.630859;18335.630859;0;0;0;0;0;0;0;0;0
17.04.2017;18239.839844;18361.439453;18224.679688;18355.259766;18355.259766;0;0;0;0;0;0;0;0;0
18.04.2017;18497.380859;18547.460938;18362.730469;18418.589844;18418.589844;93300000;0;0;0;0;0;0;0;0
19.04.2017;18327.330078;18467.730469;18327.330078;18432.199219;18432.199219;120800000;0;0;0;0;0;0;0;0
20.04.2017;18446.390625;18523.400391;18420.820313;18430.490234;18430.490234;116900000;0;0;0;0;0;0;0;0
21.04.2017;18591.820313;18648.279297;18542.419922;18620.750000;18620.750000;113200000;0;0;0;0;0;0;0;0
24.04.2017;18890.380859;18910.330078;18840.130859;18875.880859;18875.880859;98100000;0;0;0;0;0;0;0;0
25.04.2017;18872.560547;19109.759766;18867.189453;19079.330078;19079.330078;118000000;0;0;0;0;0;0;0;0
26.04.2017;19184.919922;19289.429688;19170.859375;19289.429688;19289.429688;129400000;0;0;0;0;0;0;0;0
27.04.2017;19205.589844;19281.699219;19199.589844;19251.869141;19251.869141;116700000;0;0;0;0;0;0;0;0
28.04.2017;19240.650391;19264.570313;19164.679688;19196.740234;19196.740234;117800000;0;0;0;0;0;0;0;0
01.05.2017;19154.029297;19311.210938;19144.619141;19310.519531;19310.519531;106500000;0;0;0;0;0;0;0;0
02.05.2017;19335.720703;19464.300781;19335.019531;19445.699219;19445.699219;112700000;0;0;0;0;0;0;0;0
08.05.2017;19709.009766;19929.480469;19705.130859;19895.699219;19895.699219;148700000;0;0;0;0;0;0;0;0
09.05.2017;19915.640625;19917.449219;19838.710938;19843.000000;19843.000000;123500000;0;0;0;0;0;0;0;0
10.05.2017;19890.560547;19938.529297;19866.300781;19900.089844;19900.089844;129000000;0;0;0;0;0;0;0;0
11.05.2017;19943.949219;19989.939453;19906.349609;19961.550781;19961.550781;136400000;0;0;0;0;0;0;0;0
12.05.2017;19941.640625;19941.640625;19809.910156;19883.900391;19883.900391;136800000;0;0;0;0;0;0;0;0
15.05.2017;19753.460938;19869.849609;19740.630859;19869.849609;19869.849609;128300000;0;0;0;0;0;0;0;0
16.05.2017;19953.060547;19998.490234;19862.410156;19919.820313;19919.820313;131100000;0;0;0;0;0;0;0;0
17.05.2017;19806.779297;19842.779297;19764.630859;19814.880859;19814.880859;118100000;0;0;0;0;0;0;0;0
18.05.2017;19556.990234;19601.529297;19449.730469;19553.859375;19553.859375;135700000;0;0;0;0;0;0;0;0
19.05.2017;19591.410156;19628.640625;19497.289063;19590.759766;19590.759766;115600000;0;0;0;0;0;0;0;0
22.05.2017;19670.480469;19722.929688;19618.730469;19678.279297;19678.279297;78500000;0;0;0;0;0;0;0;0
23.05.2017;19647.740234;19693.019531;19585.539063;19613.279297;19613.279297;83400000;0;0;0;0;0;0;0;0
24.05.2017;19777.560547;19782.810547;19690.099609;19742.980469;19742.980469;101300000;0;0;0;0;0;0;0;0
25.05.2017;19737.210938;19850.929688;19720.119141;19813.130859;19813.130859;95100000;0;0;0;0;0;0;0;0
26.05.2017;19798.490234;19801.589844;19686.490234;19686.839844;19686.839844;84500000;0;0;0;0;0;0;0;0
29.05.2017;19697.179688;19736.619141;19627.189453;19682.570313;19682.570313;67300000;0;0;0;0;0;0;0;0
30.05.2017;19681.109375;19691.439453;19570.130859;19677.849609;19677.849609;72600000;0;0;0;0;0;0;0;0
31.05.2017;19630.330078;19673.509766;19589.250000;19650.570313;19650.570313;125100000;0;0;0;0;0;0;0;0
01.06.2017;19692.160156;19887.660156;19686.320313;19860.029297;19860.029297;103500000;0;0;0;0;0;0;0;0
02.06.2017;19970.230469;20239.810547;19967.000000;20177.279297;20177.279297;150400000;0;0;0;0;0;0;0;0
05.06.2017;20135.419922;20224.539063;20104.130859;20170.820313;20170.820313;99100000;0;0;0;0;0;0;0;0
06.06.2017;20122.259766;20152.949219;19948.019531;19979.900391;19979.900391;102000000;0;0;0;0;0;0;0;0
07.06.2017;19951.679688;20023.240234;19908.070313;19984.619141;19984.619141;99200000;0;0;0;0;0;0;0;0
08.06.2017;20048.279297;20061.220703;19896.349609;19909.259766;19909.259766;125300000;0;0;0;0;0;0;0;0
09.06.2017;19953.060547;20096.009766;19927.070313;20013.259766;20013.259766;145300000;0;0;0;0;0;0;0;0
12.06.2017;19920.769531;19949.070313;19837.640625;19908.580078;19908.580078;112100000;0;0;0;0;0;0;0;0
13.06.2017;19859.810547;19929.029297;19850.859375;19898.750000;19898.750000;97200000;0;0;0;0;0;0;0;0
14.06.2017;19974.560547;20009.929688;19879.599609;19883.519531;19883.519531;92900000;0;0;0;0;0;0;0;0
15.06.2017;19815.539063;19963.359375;19755.339844;19831.820313;19831.820313;107000000;0;0;0;0;0;0;0;0
16.06.2017;19931.150391;20015.160156;19884.800781;19943.259766;19943.259766;135300000;0;0;0;0;0;0;0;0
19.06.2017;19974.300781;20087.710938;19949.880859;20067.750000;20067.750000;79700000;0;0;0;0;0;0;0;0
20.06.2017;20234.119141;20318.109375;20227.289063;20230.410156;20230.410156;99300000;0;0;0;0;0;0;0;0
21.06.2017;20192.160156;20215.109375;20117.789063;20138.789063;20138.789063;94900000;0;0;0;0;0;0;0;0
22.06.2017;20154.380859;20191.419922;20107.890625;20110.509766;20110.509766;84600000;0;0;0;0;0;0;0;0
23.06.2017;20152.580078;20152.580078;20089.539063;20132.669922;20132.669922;80500000;0;0;0;0;0;0;0;0
26.06.2017;20132.810547;20196.380859;20119.039063;20153.349609;20153.349609;77000000;0;0;0;0;0;0;0;0
27.06.2017;20229.119141;20250.099609;20185.189453;20225.089844;20225.089844;90300000;0;0;0;0;0;0;0;0
28.06.2017;20149.199219;20224.300781;20110.490234;20130.410156;20130.410156;115500000;0;0;0;0;0;0;0;0
29.06.2017;20260.869141;20266.589844;20197.380859;20220.300781;20220.300781;118800000;0;0;0;0;0;0;0;0
30.06.2017;20025.630859;20044.009766;19946.509766;20033.429688;20033.429688;116600000;0;0;0;0;0;0;0;0
03.07.2017;20056.320313;20096.140625;20030.609375;20055.800781;20055.800781;83400000;0;0;0;0;0;0;0;0
04.07.2017;20192.269531;20197.160156;19971.529297;20032.349609;20032.349609;100300000;0;0;0;0;0;0;0;0
05.07.2017;20015.070313;20087.009766;19888.900391;20081.630859;20081.630859;94600000;0;0;0;0;0;0;0;0
06.07.2017;20061.679688;20078.880859;19947.630859;19994.060547;19994.060547;92700000;1;700000;1;700000;0;0;0;0
07.07.2017;19856.650391;19979.929688;19856.650391;19929.089844;19929.089844;91900000;0;0;0;0;0;0;0;0
10.07.2017;20070.439453;20127.759766;20023.029297;20080.980469;20080.980469;85700000;0;0;0;0;0;0;0;0
11.07.2017;20073.859375;20200.880859;20070.669922;20195.480469;20195.480469;77300000;0;0;0;0;0;0;0;0
12.07.2017;20137.220703;20153.039063;20061.160156;20098.380859;20098.380859;81400000;0;0;0;0;0;0;0;0
13.07.2017;20177.279297;20183.800781;20062.269531;20099.810547;20099.810547;90500000;0;0;0;0;0;0;0;0
14.07.2017;20157.919922;20163.669922;20101.710938;20118.859375;20118.859375;83100000;0;0;0;0;0;0;0;0
17.07.2017;null;null;null;null;null;null;0;0;0;0;0;0;0;0
18.07.2017;20074.410156;20081.289063;19943.140625;19999.910156;19999.910156;93400000;0;0;0;0;0;0;0;0
19.07.2017;19970.779297;20032.460938;19947.259766;20020.859375;20020.859375;81200000;0;0;0;0;0;0;0;0
20.07.2017;20046.900391;20157.109375;20032.230469;20144.589844;20144.589844;80800000;0;0;0;0;0;0;0;0
21.07.2017;20089.859375;20135.330078;20081.910156;20099.750000;20099.750000;78700000;0;0;0;0;0;0;0;0
24.07.2017;19973.669922;20002.539063;19901.880859;19975.669922;19975.669922;81300000;0;0;0;0;0;0;0;0
25.07.2017;19979.560547;20036.310547;19941.609375;19955.199219;19955.199219;70100000;0;0;0;0;0;0;0;0
26.07.2017;20098.140625;20116.000000;20016.580078;20050.160156;20050.160156;85500000;0;0;0;0;0;0;0;0
27.07.2017;20026.580078;20176.390625;20005.199219;20079.640625;20079.640625;89900000;0;0;0;0;0;0;0;0
28.07.2017;20048.460938;20056.160156;19926.599609;19959.839844;19959.839844;108500000;0;0;0;0;0;0;0;0
31.07.2017;19933.449219;19983.900391;19891.900391;19925.179688;19925.179688;140300000;0;0;0;0;0;0;0;0
01.08.2017;19907.080078;20000.460938;19904.720703;19985.789063;19985.789063;110100000;0;0;0;0;0;0;0;0
02.08.2017;20057.070313;20113.730469;20022.050781;20080.039063;20080.039063;95600000;0;0;0;0;0;0;0;0
03.08.2017;20066.000000;20070.160156;19985.400391;20029.259766;20029.259766;89300000;0;0;0;0;0;0;0;0
04.08.2017;19949.789063;19984.509766;19933.589844;19952.330078;19952.330078;76500000;0;0;0;0;0;0;0;0
07.08.2017;20059.289063;20085.900391;20037.400391;20055.890625;20055.890625;75300000;1;2000;0;0;0;0;0;0
08.08.2017;20062.650391;20076.800781;19970.570313;19996.009766;19996.009766;80400000;0;0;0;0;0;0;0;0
09.08.2017;19928.960938;19945.279297;19660.220703;19738.710938;19738.710938;104400000;0;0;0;0;0;0;0;0
10.08.2017;19792.449219;19829.880859;19685.830078;19729.740234;19729.740234;104200000;0;0;0;0;0;0;0;0
11.08.2017;null;null;null;null;null;null;0;0;0;0;0;0;0;0
14.08.2017;19545.580078;19598.410156;19486.480469;19537.099609;19537.099609;108300000;0;0;0;0;0;0;0;0
15.08.2017;19689.380859;19824.119141;19656.910156;19753.310547;19753.310547;90300000;0;0;0;0;0;0;0;0
16.08.2017;19750.550781;19776.859375;19719.080078;19729.279297;19729.279297;69400000;0;0;0;0;0;0;0;0
17.08.2017;19707.750000;19739.039063;19679.369141;19702.630859;19702.630859;71900000;0;0;0;0;0;0;0;0
18.08.2017;19471.269531;19543.130859;19433.089844;19470.410156;19470.410156;95700000;0;0;0;0;0;0;0;0
21.08.2017;19509.529297;19509.529297;19365.650391;19393.130859;19393.130859;75300000;0;0;0;0;0;0;0;0
22.08.2017;19373.109375;19437.250000;19361.949219;19383.839844;19383.839844;70500000;0;0;0;0;0;0;0;0
23.08.2017;19547.050781;19561.320313;19408.470703;19434.640625;19434.640625;78500000;0;0;0;0;0;0;0;0
24.08.2017;19366.359375;19428.550781;19351.919922;19353.769531;19353.769531;75400000;0;0;0;0;0;0;0;0
25.08.2017;19401.119141;19485.970703;19384.369141;19452.609375;19452.609375;70700000;0;0;0;0;0;0;0;0
28.08.2017;19502.230469;19535.500000;19420.500000;19449.900391;19449.900391;69500000;0;0;0;0;0;0;0;0
29.08.2017;19319.109375;19371.900391;19280.019531;19362.550781;19362.550781;75000000;0;0;0;0;0;0;0;0
30.08.2017;19480.980469;19538.230469;19435.099609;19506.539063;19506.539063;91800000;0;0;0;0;0;0;0;0
31.08.2017;19591.320313;19687.990234;19583.109375;19646.240234;19646.240234;97900000;0;0;0;0;0;0;0;0
01.09.2017;19733.570313;19735.960938;19620.070313;19691.470703;19691.470703;79400000;0;0;0;0;0;0;0;0
04.09.2017;19615.960938;19628.400391;19479.400391;19508.250000;19508.250000;71700000;0;0;0;0;0;0;0;0
05.09.2017;19533.380859;19542.779297;19354.589844;19385.810547;19385.810547;77600000;0;0;0;0;0;0;0;0
06.09.2017;19286.060547;19371.380859;19254.669922;19357.970703;19357.970703;88500000;0;0;0;0;0;0;0;0
07.09.2017;19433.439453;19482.720703;19365.750000;19396.519531;19396.519531;81900000;0;0;0;0;0;0;0;0
08.09.2017;19297.960938;19357.490234;19239.519531;19274.820313;19274.820313;106600000;0;0;0;0;0;0;0;0
11.09.2017;19441.390625;19567.029297;19437.140625;19545.769531;19545.769531;78700000;0;0;0;0;0;0;0;0
12.09.2017;19736.140625;19792.060547;19718.800781;19776.619141;19776.619141;89900000;0;0;0;0;0;0;0;0
13.09.2017;19873.689453;19888.839844;19845.019531;19865.820313;19865.820313;84500000;0;0;0;0;0;0;0;0
14.09.2017;19860.369141;19918.390625;19793.849609;19807.439453;19807.439453;93700000;0;0;0;0;0;0;0;0
15.09.2017;19793.800781;19933.400391;19787.650391;19909.500000;19909.500000;111900000;0;0;0;0;0;0;0;0
18.09.2017;null;null;null;null;null;null;1;500000;1;500000;0;0;0;0
19.09.2017;20128.179688;20320.779297;20122.000000;20299.380859;20299.380859;120900000;0;0;0;0;0;0;0;0
20.09.2017;20301.330078;20339.369141;20272.820313;20310.460938;20310.460938;100400000;0;0;0;0;0;0;0;0
21.09.2017;20456.500000;20481.269531;20332.689453;20347.480469;20347.480469;115900000;0;0;0;0;0;0;0;0
22.09.2017;20413.609375;20417.070313;20249.240234;20296.449219;20296.449219;95400000;0;0;0;0;0;0;0;0
25.09.2017;20439.429688;20454.289063;20367.029297;20397.580078;20397.580078;82800000;0;0;0;0;0;0;0;0
26.09.2017;20349.259766;20385.500000;20303.980469;20330.189453;20330.189453;95000000;0;0;0;0;0;0;0;0
27.09.2017;20269.820313;20278.089844;20213.660156;20267.050781;20267.050781;63600000;0;0;0;0;0;0;0;0
28.09.2017;20398.630859;20399.869141;20299.679688;20363.109375;20363.109375;84000000;0;0;0;0;0;0;0;0
29.09.2017;20315.339844;20370.330078;20285.060547;20356.279297;20356.279297;85100000;0;0;0;0;0;0;0;0
02.10.2017;20400.509766;20411.330078;20363.279297;20400.779297;20400.779297;67600000;0;0;0;0;0;0;0;0
03.10.2017;20475.250000;20628.380859;20438.169922;20614.070313;20614.070313;72800000;0;0;0;0;0;0;0;0
04.10.2017;20660.810547;20689.080078;20592.179688;20626.660156;20626.660156;73500000;0;0;0;0;0;0;0;0
05.10.2017;20650.710938;20667.470703;20602.259766;20628.560547;20628.560547;57300000;0;0;0;0;0;0;0;0
06.10.2017;20716.849609;20721.150391;20659.150391;20690.710938;20690.710938;75900000;0;0;0;0;0;0;0;0
09.10.2017;null;null;null;null;null;null;0;0;0;0;0;0;0;0
10.10.2017;20680.539063;20823.660156;20663.080078;20823.509766;20823.509766;78300000;0;0;0;0;0;0;0;0
11.10.2017;20803.710938;20898.410156;20788.119141;20881.269531;20881.269531;80200000;0;0;0;0;0;0;0;0
12.10.2017;20958.179688;20994.400391;20917.039063;20954.720703;20954.720703;80400000;0;0;0;0;0;0;0;0
13.10.2017;20959.660156;21211.289063;20933.000000;21155.179688;21155.179688;110500000;0;0;0;0;0;0;0;0
16.10.2017;21221.269531;21347.070313;21187.929688;21255.560547;21255.560547;102300000;0;0;0;0;0;0;0;0
17.10.2017;21352.169922;21393.960938;21230.669922;21336.119141;21336.119141;92400000;0;0;0;0;0;0;0;0
18.10.2017;21374.660156;21402.759766;21317.669922;21363.050781;21363.050781;72700000;0;0;0;0;0;0;0;0
19.10.2017;21450.039063;21503.849609;21381.519531;21448.519531;21448.519531;84600000;0;0;0;0;0;0;0;0
20.10.2017;21390.949219;21489.259766;21363.099609;21457.640625;21457.640625;85700000;0;0;0;0;0;0;0;0
23.10.2017;21709.300781;21723.599609;21614.509766;21696.650391;21696.650391;87400000;1;1000000;1;1000000;0;0;0;0
24.10.2017;21670.000000;21805.169922;21646.519531;21805.169922;21805.169922;88200000;0;0;0;0;0;0;0;0
25.10.2017;21900.130859;21921.359375;21648.349609;21707.619141;21707.619141;122000000;0;0;0;0;0;0;0;0
26.10.2017;21698.949219;21793.619141;21688.560547;21739.779297;21739.779297;82600000;0;0;0;0;0;0;0;0
27.10.2017;21903.269531;22016.500000;21815.720703;22008.449219;22008.449219;120400000;0;0;0;0;0;0;0;0
30.10.2017;22047.949219;22086.880859;21921.240234;22011.669922;22011.669922;135600000;0;0;0;0;0;0;0;0
31.10.2017;21897.289063;22020.380859;21840.070313;22011.609375;22011.609375;102400000;0;0;0;0;0;0;0;0
01.11.2017;22144.919922;22455.919922;22130.029297;22420.080078;22420.080078;112600000;0;0;0;0;0;0;0;0
02.11.2017;22512.179688;22540.250000;22400.009766;22539.119141;22539.119141;105700000;0;0;0;0;0;0;0;0
03.11.2017;null;null;null;null;null;null;0;0;0;0;0;0;0;0
06.11.2017;22612.960938;22644.679688;22435.339844;22548.349609;22548.349609;111900000;0;0;0;0;0;0;0;0
07.11.2017;22518.750000;22953.179688;22512.910156;22937.599609;22937.599609;107800000;0;0;0;0;0;0;0;0
08.11.2017;22849.910156;22922.800781;22759.070313;22913.820313;22913.820313;100200000;0;0;0;0;0;0;0;0
09.11.2017;22989.439453;23382.150391;22522.830078;22868.710938;22868.710938;160400000;0;0;0;0;0;0;0;0
10.11.2017;22580.699219;22724.390625;22511.929688;22681.419922;22681.419922;106600000;0;0;0;0;0;0;0;0
13.11.2017;22607.560547;22607.919922;22380.990234;22380.990234;22380.990234;80700000;0;0;0;0;0;0;0;0
14.11.2017;22342.929688;22532.300781;22323.240234;22380.009766;22380.009766;95900000;0;0;0;0;0;0;0;0
15.11.2017;22250.980469;22305.240234;22004.789063;22028.320313;22028.320313;120600000;0;0;0;0;0;0;0;0
16.11.2017;21975.230469;22392.130859;21972.339844;22351.119141;22351.119141;96600000;0;0;0;0;0;0;0;0
17.11.2017;22603.300781;22757.400391;22319.119141;22396.800781;22396.800781;113700000;0;0;0;0;0;0;0;0
20.11.2017;22279.980469;22410.240234;22215.070313;22261.759766;22261.759766;71700000;0;0;0;0;0;0;0;0
21.11.2017;22456.789063;22563.250000;22416.480469;22416.480469;22416.480469;76100000;0;0;0;0;0;0;0;0
22.11.2017;22601.550781;22677.339844;22513.439453;22523.150391;22523.150391;81100000;0;0;0;0;0;0;0;0
23.11.2017;null;null;null;null;null;null;0;0;0;0;0;0;0;0
24.11.2017;22390.140625;22567.199219;22381.009766;22550.849609;22550.849609;64800000;0;0;0;0;0;0;0;0
27.11.2017;22657.080078;22659.330078;22423.400391;22495.990234;22495.990234;66600000;0;0;0;0;0;0;0;0
28.11.2017;22474.740234;22580.990234;22363.939453;22486.240234;22486.240234;76800000;0;0;0;0;0;0;0;0
29.11.2017;22613.960938;22643.929688;22537.119141;22597.199219;22597.199219;90700000;0;0;0;0;0;0;0;0
30.11.2017;22601.830078;22748.320313;22502.679688;22724.960938;22724.960938;140700000;0;0;0;0;0;0;0;0
01.12.2017;22916.929688;22994.310547;22675.070313;22819.029297;22819.029297;89700000;0;0;0;0;0;0;0;0
04.12.2017;22843.529297;22864.330078;22693.990234;22707.160156;22707.160156;68900000;0;0;0;0;0;0;0;0
05.12.2017;22595.330078;22682.710938;22522.279297;22622.380859;22622.380859;75900000;0;0;0;0;0;0;0;0
06.12.2017;22525.380859;22528.210938;22119.210938;22177.039063;22177.039063;97300000;0;0;0;0;0;0;0;0
07.12.2017;22317.150391;22515.240234;22317.150391;22498.029297;22498.029297;79500000;0;0;0;0;0;0;0;0
08.12.2017;22627.949219;22819.710938;22625.410156;22811.080078;22811.080078;106900000;0;0;0;0;0;0;0;0
11.12.2017;22894.300781;22938.730469;22787.400391;22938.730469;22938.730469;69500000;0;0;0;0;0;0;0;0
12.12.2017;22936.410156;22994.330078;22834.890625;22866.169922;22866.169922;86100000;0;0;0;0;0;0;0;0
13.12.2017;22879.269531;22879.369141;22697.320313;22758.070313;22758.070313;91400000;0;0;0;0;0;0;0;0
14.12.2017;22699.300781;22786.609375;22638.759766;22694.449219;22694.449219;85100000;0;0;0;0;0;0;0;0
15.12.2017;22621.359375;22745.089844;22478.320313;22553.220703;22553.220703;99400000;0;0;0;0;0;0;0;0
18.12.2017;22770.439453;22927.500000;22735.199219;22901.769531;22901.769531;85200000;0;0;0;0;0;0;0;0
19.12.2017;22961.470703;22990.419922;22862.820313;22868.000000;22868.000000;70500000;0;0;0;0;0;0;0;0
20.12.2017;22834.929688;22923.500000;22806.730469;22891.720703;22891.720703;92400000;0;0;0;0;0;0;0;0
21.12.2017;22852.009766;22894.949219;22728.060547;22866.099609;22866.099609;73000000;0;0;0;0;0;0;0;0
22.12.2017;22850.730469;22908.839844;22801.160156;22902.759766;22902.759766;77800000;0;0;0;0;0;0;0;0
25.12.2017;22909.410156;22948.830078;22870.189453;22939.179688;22939.179688;0;0;0;0;0;0;0;0;0
26.12.2017;22922.949219;22950.150391;22877.630859;22892.689453;22892.689453;46400000;0;0;0;0;0;0;0;0
27.12.2017;22854.390625;22936.160156;22854.390625;22911.210938;22911.210938;47200000;0;0;0;0;0;0;0;0
28.12.2017;22912.050781;22954.449219;22736.429688;22783.980469;22783.980469;50300000;0;0;0;0;0;0;0;0
29.12.2017;22831.490234;22881.210938;22753.199219;22764.939453;22764.939453;46500000;0;0;0;0;0;0;0;0
01.01.2018;null;null;null;null;null;null;0;0;0;0;0;0;0;0
02.01.2018;null;null;null;null;null;null;0;0;0;0;0;0;0;0
03.01.2018;null;null;null;null;null;null;0;0;0;0;0;0;0;0
04.01.2018;23073.730469;23506.330078;23065.199219;23506.330078;23506.330078;102200000;0;0;0;0;0;0;0;0
05.01.2018;23643.000000;23730.470703;23520.519531;23714.529297;23714.529297;101900000;0;0;0;0;0;0;0;0
08.01.2018;null;null;null;null;null;null;0;0;0;0;0;0;0;0
09.01.2018;23948.970703;23952.609375;23789.029297;23849.990234;23849.990234;94100000;0;0;0;0;0;0;0;0
10.01.2018;23832.810547;23864.759766;23755.449219;23788.199219;23788.199219;88800000;0;0;0;0;0;0;0;0
11.01.2018;23656.390625;23734.970703;23601.839844;23710.429688;23710.429688;83700000;0;0;0;0;0;0;0;0
12.01.2018;23719.660156;23743.050781;23588.070313;23653.820313;23653.820313;93700000;0;0;0;0;0;0;0;0
15.01.2018;23827.980469;23833.269531;23685.019531;23714.880859;23714.880859;75400000;0;0;0;0;0;0;0;0
16.01.2018;23721.169922;23962.070313;23701.830078;23951.810547;23951.810547;68500000;0;0;0;0;0;0;0;0
17.01.2018;23783.419922;23891.630859;23739.169922;23868.339844;23868.339844;82200000;0;0;0;0;0;0;0;0
18.01.2018;24078.929688;24084.419922;23699.470703;23763.369141;23763.369141;99400000;0;0;0;0;0;0;0;0
19.01.2018;23854.109375;23872.689453;23735.609375;23808.060547;23808.060547;71800000;0;0;0;0;0;0;0;0
22.01.2018;23797.839844;23816.330078;23697.810547;23816.330078;23816.330078;65200000;0;0;0;0;0;0;0;0
23.01.2018;23924.400391;24129.339844;23916.019531;24124.150391;24124.150391;73400000;0;0;0;0;0;0;0;0
24.01.2018;24026.429688;24072.769531;23917.140625;23940.779297;23940.779297;79900000;0;0;0;0;0;0;0;0
25.01.2018;23750.650391;23828.400391;23649.029297;23669.490234;23669.490234;81500000;0;0;0;0;0;0;0;0
26.01.2018;23757.339844;23797.960938;23592.279297;23631.880859;23631.880859;87200000;0;0;0;0;0;0;0;0
29.01.2018;23707.140625;23787.230469;23580.169922;23629.339844;23629.339844;68800000;0;0;0;0;0;0;0;0
30.01.2018;23559.330078;23581.980469;23233.369141;23291.970703;23291.970703;88800000;0;0;0;0;0;0;0;0
31.01.2018;23205.230469;23375.380859;23092.849609;23098.289063;23098.289063;99800000;0;0;0;0;0;0;0;0
01.02.2018;23276.099609;23492.769531;23211.119141;23486.109375;23486.109375;101800000;0;0;0;0;0;0;0;0
02.02.2018;23361.669922;23367.960938;23122.449219;23274.529297;23274.529297;98600000;0;0;0;0;0;0;0;0
05.02.2018;22921.160156;22967.689453;22659.429688;22682.080078;22682.080078;107600000;0;0;0;0;0;0;0;0
06.02.2018;22267.000000;22277.449219;21078.710938;21610.240234;21610.240234;190100000;0;0;0;0;0;0;0;0
07.02.2018;22001.289063;22353.869141;21627.130859;21645.369141;21645.369141;143500000;0;0;0;0;0;0;0;0
08.02.2018;21721.570313;21977.029297;21649.699219;21890.859375;21890.859375;104700000;0;0;0;0;0;0;0;0
09.02.2018;21507.740234;21510.300781;21119.009766;21382.619141;21382.619141;127600000;0;0;0;0;0;0;0;0
12.02.2018;null;null;null;null;null;null;0;0;0;0;0;0;0;0
13.02.2018;21633.339844;21679.199219;21211.529297;21244.679688;21244.679688;114700000;0;0;0;0;0;0;0;0
14.02.2018;21251.240234;21371.009766;20950.150391;21154.169922;21154.169922;103900000;0;0;0;0;0;0;0;0
15.02.2018;21384.099609;21578.990234;21308.919922;21464.980469;21464.980469;86400000;0;0;0;0;0;0;0;0
16.02.2018;21555.990234;21866.369141;21499.880859;21720.250000;21720.250000;77800000;0;0;0;0;0;0;0;0
19.02.2018;21903.660156;22152.849609;21858.330078;22149.210938;22149.210938;68500000;0;0;0;0;0;0;0;0
20.02.2018;22054.320313;22063.869141;21831.449219;21925.099609;21925.099609;67500000;0;0;0;0;0;0;0;0
21.02.2018;21942.419922;22130.580078;21836.730469;21970.810547;21970.810547;77900000;0;0;0;0;0;0;0;0
22.02.2018;21789.880859;21799.400391;21626.849609;21736.439453;21736.439453;77300000;0;0;0;0;0;0;0;0
23.02.2018;21789.720703;21903.390625;21741.630859;21892.779297;21892.779297;64600000;0;0;0;0;0;0;0;0
26.02.2018;22134.640625;22226.529297;22040.869141;22153.630859;22153.630859;64600000;0;0;0;0;0;0;0;0
27.02.2018;22391.669922;22502.050781;22325.070313;22389.859375;22389.859375;74300000;0;0;0;0;0;0;0;0
28.02.2018;22292.529297;22380.279297;22068.240234;22068.240234;22068.240234;88800000;0;0;0;0;0;0;0;0
01.03.2018;21901.130859;21901.130859;21645.220703;21724.470703;21724.470703;90300000;0;0;0;0;0;0;0;0
02.03.2018;21339.980469;21366.089844;21088.960938;21181.640625;21181.640625;97100000;0;0;0;0;0;0;0;0
05.03.2018;21047.810547;21164.380859;20937.259766;21042.089844;21042.089844;87200000;0;0;0;0;0;0;0;0
06.03.2018;21390.199219;21551.140625;21381.419922;21417.759766;21417.759766;76400000;0;0;0;0;0;0;0;0
07.03.2018;21261.960938;21484.080078;21201.939453;21252.720703;21252.720703;87000000;0;0;0;0;0;0;0;0
08.03.2018;21488.160156;21488.160156;21299.400391;21368.070313;21368.070313;72100000;0;0;0;0;0;0;0;0
09.03.2018;21594.220703;21884.449219;21357.550781;21469.199219;21469.199219;110500000;0;0;0;0;0;0;0;0
12.03.2018;21826.099609;21971.160156;21689.970703;21824.029297;21824.029297;70600000;0;0;0;0;0;0;0;0
13.03.2018;21742.449219;21968.099609;21700.779297;21968.099609;21968.099609;68100000;0;0;0;0;0;0;0;0
14.03.2018;21764.990234;21881.089844;21684.019531;21777.289063;21777.289063;65000000;0;0;0;0;0;0;0;0
15.03.2018;21704.140625;21825.970703;21555.490234;21803.949219;21803.949219;65300000;0;0;0;0;0;0;0;0
16.03.2018;21876.529297;21879.279297;21632.849609;21676.509766;21676.509766;75700000;0;0;0;0;0;0;0;0
19.03.2018;21537.900391;21659.039063;21366.880859;21480.900391;21480.900391;67300000;0;0;0;0;0;0;0;0
20.03.2018;21297.980469;21384.859375;21223.970703;21380.970703;21380.970703;66500000;0;0;0;0;0;0;0;0
21.03.2018;null;null;null;null;null;null;0;0;0;0;0;0;0;0
22.03.2018;21352.160156;21592.000000;21349.710938;21591.990234;21591.990234;82600000;0;0;0;0;0;0;0;0
23.03.2018;21188.800781;21188.800781;20559.609375;20617.859375;20617.859375;121000000;0;0;0;0;0;0;0;0
26.03.2018;20423.369141;20766.099609;20347.490234;20766.099609;20766.099609;97500000;0;0;0;0;0;0;0;0
27.03.2018;20958.900391;21317.320313;20943.310547;21317.320313;21317.320313;101900000;0;0;0;0;0;0;0;0
28.03.2018;20893.050781;21031.310547;20776.820313;21031.310547;21031.310547;88100000;0;0;0;0;0;0;0;0
29.03.2018;21250.960938;21298.570313;20996.220703;21159.080078;21159.080078;78900000;0;0;0;0;0;0;0;0
30.03.2018;21392.419922;21512.800781;21311.500000;21454.300781;21454.300781;63600000;0;0;0;0;0;0;0;0
02.04.2018;21441.570313;21597.470703;21388.580078;21388.580078;21388.580078;47500000;0;0;0;0;0;0;0;0
03.04.2018;21115.480469;21333.500000;21056.019531;21292.289063;21292.289063;63800000;0;0;0;0;0;0;0;0
04.04.2018;21415.849609;21415.849609;21238.179688;21319.550781;21319.550781;75600000;0;0;0;0;0;0;0;0
05.04.2018;21541.179688;21737.660156;21462.099609;21645.419922;21645.419922;80700000;0;0;0;0;0;0;0;0
06.04.2018;21633.730469;21742.839844;21550.419922;21567.519531;21567.519531;74400000;0;0;0;0;0;0;0;0
09.04.2018;21534.330078;21737.089844;21517.769531;21678.259766;21678.259766;62100000;0;0;0;0;0;0;0;0
10.04.2018;21599.669922;21933.990234;21542.369141;21794.320313;21794.320313;74700000;0;0;0;0;0;0;0;0
11.04.2018;21819.089844;21837.359375;21687.099609;21687.099609;21687.099609;69500000;0;0;0;0;0;0;0;0
12.04.2018;21657.869141;21719.429688;21591.390625;21660.279297;21660.279297;58400000;0;0;0;0;0;0;0;0
13.04.2018;21801.410156;21917.349609;21746.689453;21778.740234;21778.740234;73100000;0;0;0;0;0;0;0;0
16.04.2018;21843.550781;21879.689453;21775.609375;21835.529297;21835.529297;53400000;0;0;0;0;0;0;0;0
17.04.2018;21801.830078;21889.890625;21772.419922;21847.589844;21847.589844;57400000;0;0;0;0;0;0;0;0
18.04.2018;21929.009766;22194.109375;21914.960938;22158.199219;22158.199219;70400000;0;0;0;0;0;0;0;0
19.04.2018;22231.859375;22360.650391;22176.859375;22191.179688;22191.179688;79700000;0;0;0;0;0;0;0;0
20.04.2018;22148.220703;22261.349609;22076.630859;22162.240234;22162.240234;69600000;0;0;0;0;0;0;0;0
23.04.2018;22157.880859;22204.859375;22065.519531;22088.039063;22088.039063;64000000;0;0;0;0;0;0;0;0
24.04.2018;22228.820313;22304.689453;22149.589844;22278.119141;22278.119141;76500000;0;0;0;0;0;0;0;0
25.04.2018;22118.619141;22228.779297;22080.759766;22215.320313;22215.320313;73300000;0;0;0;0;0;0;0;0
26.04.2018;22278.769531;22381.660156;22265.199219;22319.609375;22319.609375;72800000;0;0;0;0;0;0;0;0
27.04.2018;22466.660156;22495.560547;22357.529297;22467.869141;22467.869141;89100000;0;0;0;0;0;0;0;0
30.04.2018;null;null;null;null;null;null;0;0;0;0;0;0;0;0
01.05.2018;22453.419922;22519.449219;22411.429688;22508.029297;22508.029297;89900000;0;0;0;0;0;0;0;0
02.05.2018;22568.189453;22568.189453;22426.550781;22472.779297;22472.779297;70700000;0;0;0;0;0;0;0;0
03.05.2018;null;null;null;null;null;null;0;0;0;0;0;0;0;0
04.05.2018;null;null;null;null;null;null;0;0;0;0;0;0;0;0
07.05.2018;22513.220703;22513.480469;22350.910156;22467.160156;22467.160156;69000000;0;0;0;0;0;0;0;0
08.05.2018;22440.650391;22566.679688;22423.230469;22508.689453;22508.689453;77000000;0;0;0;0;0;0;0;0
09.05.2018;22463.009766;22478.640625;22364.750000;22408.880859;22408.880859;86000000;0;0;0;0;0;0;0;0
10.05.2018;22482.509766;22530.640625;22418.750000;22497.179688;22497.179688;73300000;0;0;0;0;0;0;0;0
11.05.2018;22573.949219;22769.160156;22545.470703;22758.480469;22758.480469;80200000;0;0;0;0;0;0;0;0
14.05.2018;22705.300781;22894.759766;22683.640625;22865.859375;22865.859375;68900000;0;0;0;0;0;0;0;0
15.05.2018;22889.470703;22912.060547;22805.720703;22818.019531;22818.019531;86400000;0;0;0;0;0;0;0;0
16.05.2018;22730.119141;22796.140625;22695.839844;22717.230469;22717.230469;80200000;0;0;0;0;0;0;0;0
17.05.2018;22820.619141;22887.029297;22799.160156;22838.369141;22838.369141;75600000;0;0;0;0;0;0;0;0
18.05.2018;22907.199219;22954.189453;22867.300781;22930.359375;22930.359375;65300000;0;0;0;0;0;0;0;0
21.05.2018;22937.580078;23050.390625;22935.310547;23002.369141;23002.369141;59100000;0;0;0;0;0;0;0;0
22.05.2018;23025.949219;23031.669922;22952.869141;22960.339844;22960.339844;59400000;0;0;0;0;0;0;0;0
23.05.2018;22868.789063;22949.730469;22649.849609;22689.740234;22689.740234;75000000;0;0;0;0;0;0;0;0
24.05.2018;22621.289063;22644.689453;22366.599609;22437.009766;22437.009766;85600000;0;0;0;0;0;0;0;0
25.05.2018;22380.220703;22509.359375;22318.150391;22450.789063;22450.789063;70400000;0;0;0;0;0;0;0;0
28.05.2018;22488.949219;22547.669922;22410.910156;22481.089844;22481.089844;52900000;0;0;0;0;0;0;0;0
29.05.2018;22431.949219;22439.099609;22240.390625;22358.429688;22358.429688;59800000;0;0;0;0;0;0;0;0
30.05.2018;22051.970703;22079.230469;21931.650391;22018.519531;22018.519531;90500000;0;0;0;0;0;0;0;0
31.05.2018;22163.400391;22254.419922;22098.000000;22201.820313;22201.820313;132400000;0;0;0;0;0;0;0;0
01.06.2018;22126.250000;22316.910156;22098.039063;22171.349609;22171.349609;82500000;0;0;0;0;0;0;0;0
04.06.2018;22365.089844;22515.720703;22355.830078;22475.939453;22475.939453;71900000;0;0;0;0;0;0;0;0
05.06.2018;22552.169922;22602.130859;22470.039063;22539.539063;22539.539063;65800000;0;0;0;0;0;0;0;0
06.06.2018;22520.310547;22662.820313;22498.589844;22625.730469;22625.730469;67900000;0;0;0;0;0;0;0;0
07.06.2018;22748.720703;22856.369141;22732.179688;22823.259766;22823.259766;72200000;0;0;0;0;0;0;0;0
08.06.2018;22799.380859;22879.000000;22694.500000;22694.500000;22694.500000;85200000;0;0;0;0;0;0;0;0
11.06.2018;22686.949219;22856.080078;22667.300781;22804.039063;22804.039063;55700000;0;0;0;0;0;0;0;0
12.06.2018;22977.220703;23011.570313;22797.730469;22878.349609;22878.349609;63900000;0;0;0;0;0;0;0;0
13.06.2018;22896.169922;22993.259766;22895.310547;22966.380859;22966.380859;57000000;0;0;0;0;0;0;0;0
14.06.2018;22842.960938;22898.390625;22738.609375;22738.609375;22738.609375;72100000;0;0;0;0;0;0;0;0
15.06.2018;22883.240234;22885.839844;22770.380859;22851.750000;22851.750000;88500000;0;0;0;0;0;0;0;0
18.06.2018;22806.570313;22806.890625;22601.130859;22680.330078;22680.330078;65000000;1;3250000;1;3250000;1;3250000;0;0
19.06.2018;22565.919922;22618.519531;22278.480469;22278.480469;22278.480469;79400000;0;0;0;0;0;0;0;0
20.06.2018;22338.529297;22581.400391;22167.160156;22555.429688;22555.429688;88900000;0;0;0;0;0;0;0;0
21.06.2018;22523.279297;22782.009766;22491.080078;22693.039063;22693.039063;76000000;0;0;0;0;0;0;0;0
22.06.2018;22456.449219;22535.650391;22414.179688;22516.830078;22516.830078;85900000;0;0;0;0;0;0;0;0
25.06.2018;22543.560547;22556.550781;22312.789063;22338.150391;22338.150391;60600000;0;0;0;0;0;0;0;0
26.06.2018;22160.330078;22368.779297;22104.119141;22342.000000;22342.000000;71300000;0;0;0;0;0;0;0;0
27.06.2018;22320.880859;22356.539063;22205.339844;22271.769531;22271.769531;65800000;0;0;0;0;0;0;0;0
28.06.2018;22195.189453;22299.390625;22038.400391;22270.390625;22270.390625;70000000;0;0;0;0;0;0;0;0
29.06.2018;22314.470703;22332.820313;22145.480469;22304.509766;22304.509766;67900000;1;9500000;1;9500000;1;9500000;1;9500000
02.07.2018;22233.800781;22312.250000;21784.480469;21811.929688;21811.929688;67100000;0;0;0;0;0;0;0;0
03.07.2018;21889.060547;21927.810547;21574.560547;21785.539063;21785.539063;76500000;0;0;0;0;0;0;0;0
04.07.2018;21679.000000;21784.000000;21604.179688;21717.039063;21717.039063;62200000;0;0;0;0;0;0;0;0
05.07.2018;21697.439453;21751.500000;21462.949219;21546.990234;21546.990234;66700000;0;0;0;0;0;0;0;0
06.07.2018;21647.660156;21866.160156;21642.960938;21788.140625;21788.140625;71600000;0;0;0;0;0;0;0;0
09.07.2018;21838.529297;22105.949219;21825.759766;22052.179688;22052.179688;61200000;0;0;0;0;0;0;0;0
10.07.2018;22215.339844;22321.599609;22196.890625;22196.890625;22196.890625;90700000;0;0;0;0;0;0;0;0
11.07.2018;22002.140625;22044.619141;21744.250000;21932.210938;21932.210938;74900000;0;0;0;0;0;0;0;0
12.07.2018;22036.869141;22233.519531;22019.189453;22187.960938;22187.960938;64400000;0;0;0;0;0;0;0;0
13.07.2018;22397.619141;22692.859375;22316.519531;22597.349609;22597.349609;72600000;0;0;0;0;0;0;0;0
16.07.2018;22397.619141;22692.859375;22316.519531;22597.349609;22597.349609;0;0;0;0;0;0;0;0;0
17.07.2018;22605.730469;22832.220703;22575.419922;22697.359375;22697.359375;75800000;0;0;0;0;0;0;0;0
18.07.2018;22917.519531;22949.320313;22794.189453;22794.189453;22794.189453;56500000;0;0;0;0;0;0;0;0
19.07.2018;22871.619141;22926.470703;22761.869141;22764.679688;22764.679688;62400000;0;0;0;0;0;0;0;0
20.07.2018;22734.560547;22869.980469;22541.349609;22697.880859;22697.880859;69700000;0;0;0;0;0;0;0;0
23.07.2018;22480.330078;22507.169922;22341.869141;22396.990234;22396.990234;88000000;0;0;0;0;0;0;0;0
24.07.2018;22555.050781;22555.050781;22416.230469;22510.480469;22510.480469;70400000;0;0;0;0;0;0;0;0
25.07.2018;22594.279297;22645.660156;22547.140625;22614.250000;22614.250000;58700000;0;0;0;0;0;0;0;0
26.07.2018;22711.589844;22717.150391;22549.769531;22586.869141;22586.869141;69600000;0;0;0;0;0;0;0;0
27.07.2018;22646.480469;22712.750000;22593.199219;22712.750000;22712.750000;73200000;0;0;0;0;0;0;0;0
30.07.2018;22613.300781;22631.320313;22518.939453;22544.839844;22544.839844;76200000;0;0;0;0;0;0;0;0
31.07.2018;22472.119141;22678.060547;22352.210938;22553.720703;22553.720703;115400000;0;0;0;0;0;0;0;0
01.08.2018;22642.179688;22775.470703;22615.980469;22746.699219;22746.699219;100800000;0;0;0;0;0;0;0;0
02.08.2018;22676.730469;22754.730469;22464.810547;22512.529297;22512.529297;94500000;0;0;0;0;0;0;0;0
03.08.2018;22585.539063;22613.500000;22490.570313;22525.179688;22525.179688;71700000;0;0;0;0;0;0;0;0
06.08.2018;22536.050781;22635.679688;22486.740234;22507.320313;22507.320313;67000000;0;0;0;0;0;0;0;0
07.08.2018;22514.310547;22666.679688;22499.050781;22662.740234;22662.740234;69400000;0;0;0;0;0;0;0;0
08.08.2018;22666.560547;22800.609375;22610.289063;22644.310547;22644.310547;72800000;0;0;0;0;0;0;0;0
09.08.2018;22591.539063;22648.880859;22497.990234;22598.390625;22598.390625;61800000;0;0;0;0;0;0;0;0
10.08.2018;22606.910156;22608.859375;22272.689453;22298.080078;22298.080078;73900000;0;0;0;0;0;0;0;0
13.08.2018;22117.570313;22124.599609;21851.320313;21857.429688;21857.429688;77800000;0;0;0;0;0;0;0;0
14.08.2018;22053.070313;22356.080078;22047.189453;22356.080078;22356.080078;59700000;0;0;0;0;0;0;0;0
15.08.2018;22368.119141;22380.279297;22110.289063;22204.220703;22204.220703;61200000;0;0;0;0;0;0;0;0
16.08.2018;21980.820313;22240.419922;21871.699219;22192.039063;22192.039063;77900000;0;0;0;0;0;0;0;0
17.08.2018;22313.189453;22340.949219;22244.099609;22270.380859;22270.380859;56100000;0;0;0;0;0;0;0;0
20.08.2018;22267.070313;22288.310547;22150.750000;22199.000000;22199.000000;46800000;0;0;0;0;0;0;0;0
21.08.2018;22110.539063;22306.830078;22053.140625;22219.730469;22219.730469;54500000;0;0;0;0;0;0;0;0
22.08.2018;22270.039063;22390.199219;22162.810547;22362.550781;22362.550781;57100000;0;0;0;0;0;0;0;0
23.08.2018;22420.669922;22463.029297;22377.880859;22410.820313;22410.820313;50100000;0;0;0;0;0;0;0;0
24.08.2018;22484.009766;22602.240234;22452.419922;22601.769531;22601.769531;50400000;0;0;0;0;0;0;0;0
27.08.2018;22693.689453;22838.060547;22682.390625;22799.640625;22799.640625;50200000;0;0;0;0;0;0;0;0
28.08.2018;22967.740234;23006.769531;22813.470703;22813.470703;22813.470703;60700000;0;0;0;0;0;0;0;0
29.08.2018;22820.859375;22968.179688;22819.970703;22848.220703;22848.220703;58800000;0;0;0;0;0;0;0;0
30.08.2018;23020.179688;23032.169922;22832.830078;22869.500000;22869.500000;73900000;0;0;0;0;0;0;0;0
31.08.2018;22733.250000;22890.609375;22678.029297;22865.150391;22865.150391;68100000;0;0;0;0;0;0;0;0
03.09.2018;22819.169922;22820.480469;22684.429688;22707.380859;22707.380859;49900000;0;0;0;0;0;0;0;0
04.09.2018;22740.050781;22753.179688;22612.150391;22696.900391;22696.900391;52300000;1;12500000;1;12500000;1;12500000;1;12500000
05.09.2018;22663.800781;22692.250000;22570.519531;22580.830078;22580.830078;65400000;0;0;0;0;0;0;0;0
06.09.2018;22458.970703;22535.339844;22416.630859;22487.939453;22487.939453;62200000;1;1250000;1;1250000;0;0;0;0
07.09.2018;22351.839844;22372.890625;22172.900391;22307.060547;22307.060547;69800000;0;0;0;0;0;0;0;0
10.09.2018;22253.650391;22396.880859;22249.609375;22373.089844;22373.089844;55700000;0;0;0;0;0;0;0;0
11.09.2018;22469.779297;22667.849609;22457.099609;22664.689453;22664.689453;76500000;0;0;0;0;0;0;0;0
12.09.2018;22702.710938;22709.369141;22522.169922;22604.609375;22604.609375;79800000;0;0;0;0;0;0;0;0
13.09.2018;22657.949219;22858.410156;22643.880859;22821.320313;22821.320313;75000000;0;0;0;0;0;0;0;0
14.09.2018;23035.779297;23105.279297;22965.480469;23094.669922;23094.669922;102700000;0;0;0;0;0;0;0;0
17.09.2018;null;null;null;null;null;null;0;0;0;0;0;0;0;0
18.09.2018;23042.189453;23481.529297;23039.259766;23420.539063;23420.539063;90600000;0;0;0;0;0;0;0;0
19.09.2018;23754.960938;23842.050781;23672.519531;23672.519531;23672.519531;93600000;0;0;0;0;0;0;0;0
20.09.2018;23752.789063;23781.750000;23582.150391;23674.929688;23674.929688;101600000;0;0;0;0;0;0;0;0
21.09.2018;23848.630859;23971.410156;23764.050781;23869.929688;23869.929688;120600000;0;0;0;0;0;0;0;0
24.09.2018;null;null;null;null;null;null;0;0;0;0;0;0;0;0
25.09.2018;23881.849609;23950.980469;23808.949219;23940.259766;23940.259766;100800000;0;0;0;0;0;0;0;0
26.09.2018;23846.599609;24033.789063;23833.919922;24033.789063;24033.789063;84200000;0;0;0;0;0;0;0;0
27.09.2018;23946.429688;24089.320313;23778.039063;23796.740234;23796.740234;76200000;0;0;0;0;0;0;0;0
28.09.2018;24080.009766;24286.099609;24021.269531;24120.039063;24120.039063;90700000;1;4500000;1;4500000;1;4500000;0;0
01.10.2018;24173.369141;24306.539063;24123.500000;24245.759766;24245.759766;65000000;0;0;0;0;0;0;0;0
02.10.2018;24376.169922;24448.070313;24217.259766;24270.619141;24270.619141;80500000;0;0;0;0;0;0;0;0
03.10.2018;24219.189453;24260.630859;24030.589844;24110.960938;24110.960938;71300000;0;0;0;0;0;0;0;0
04.10.2018;24242.060547;24247.820313;23923.259766;23975.619141;23975.619141;89400000;0;0;0;0;0;0;0;0
05.10.2018;23781.759766;23928.619141;23730.189453;23783.720703;23783.720703;84600000;0;0;0;0;0;0;0;0
08.10.2018;null;null;null;null;null;null;0;0;0;0;0;0;0;0
09.10.2018;23550.470703;23587.050781;23442.460938;23469.390625;23469.390625;86500000;0;0;0;0;0;0;0;0
10.10.2018;23538.919922;23589.380859;23373.539063;23506.039063;23506.039063;70600000;0;0;0;0;0;0;0;0
11.10.2018;23043.369141;23051.189453;22459.019531;22590.859375;22590.859375;115300000;0;0;0;0;0;0;0;0
12.10.2018;22323.429688;22711.130859;22323.429688;22694.660156;22694.660156;99500000;0;0;0;0;0;0;0;0
15.10.2018;22501.330078;22520.589844;22261.919922;22271.300781;22271.300781;79900000;0;0;0;0;0;0;0;0
16.10.2018;22298.199219;22549.240234;22269.529297;22549.240234;22549.240234;70100000;0;0;0;0;0;0;0;0
17.10.2018;22806.589844;22959.410156;22765.580078;22841.119141;22841.119141;72100000;0;0;0;0;0;0;0;0
18.10.2018;22871.279297;22873.130859;22637.289063;22658.160156;22658.160156;64300000;0;0;0;0;0;0;0;0
19.10.2018;22342.000000;22551.669922;22212.570313;22532.080078;22532.080078;67400000;0;0;0;0;0;0;0;0
22.10.2018;22374.210938;22672.250000;22271.589844;22614.820313;22614.820313;63000000;0;0;0;0;0;0;0;0
23.10.2018;22404.140625;22410.150391;21993.070313;22010.779297;22010.779297;80200000;0;0;0;0;0;0;0;0
24.10.2018;22167.759766;22207.089844;21911.419922;22091.179688;22091.179688;83900000;0;0;0;0;0;0;0;0
25.10.2018;21676.830078;21703.210938;21204.400391;21268.730469;21268.730469;93600000;0;0;0;0;0;0;0;0
26.10.2018;21440.839844;21476.660156;20971.929688;21184.599609;21184.599609;92900000;0;0;0;0;0;0;0;0
29.10.2018;21323.609375;21465.990234;21109.970703;21149.800781;21149.800781;70800000;0;0;0;0;0;0;0;0
30.10.2018;21049.519531;21568.400391;21035.880859;21457.289063;21457.289063;116900000;0;0;0;0;0;0;0;0
31.10.2018;21569.560547;21920.460938;21530.390625;21920.460938;21920.460938;105000000;0;0;0;0;0;0;0;0
01.11.2018;21906.410156;21906.410156;21628.449219;21687.650391;21687.650391;101900000;0;0;0;0;0;0;0;0
02.11.2018;21761.580078;22308.419922;21751.330078;22243.660156;22243.660156;101900000;0;0;0;0;0;0;0;0
05.11.2018;22002.470703;22051.650391;21865.980469;21898.990234;21898.990234;78700000;0;0;0;0;0;0;0;0
06.11.2018;22018.869141;22160.830078;21994.279297;22147.750000;22147.750000;0;0;0;0;0;0;0;0;0
07.11.2018;22189.740234;22444.650391;21996.939453;22085.800781;22085.800781;96300000;0;0;0;0;0;0;0;0
08.11.2018;22446.009766;22583.429688;22421.000000;22486.919922;22486.919922;81900000;0;0;0;0;0;0;0;0
09.11.2018;22471.310547;22494.580078;22226.009766;22250.250000;22250.250000;78100000;0;0;0;0;0;0;0;0
12.11.2018;22121.699219;22324.009766;22046.289063;22269.880859;22269.880859;59300000;0;0;0;0;0;0;0;0
13.11.2018;21885.240234;21892.289063;21484.650391;21810.519531;21810.519531;85700000;0;0;0;0;0;0;0;0
14.11.2018;21851.130859;21990.410156;21764.880859;21846.480469;21846.480469;75200000;0;0;0;0;0;0;0;0
15.11.2018;21670.349609;21818.730469;21613.529297;21803.619141;21803.619141;0;0;0;0;0;0;0;0;0
16.11.2018;21804.900391;21873.740234;21663.990234;21680.339844;21680.339844;74900000;0;0;0;0;0;0;0;0
19.11.2018;21679.029297;21852.919922;21665.289063;21821.160156;21821.160156;72100000;0;0;0;0;0;0;0;0
20.11.2018;21582.689453;21687.119141;21526.949219;21583.119141;21583.119141;82500000;0;0;0;0;0;0;0;0
21.11.2018;21286.810547;21555.609375;21243.380859;21507.539063;21507.539063;77300000;0;0;0;0;0;0;0;0
22.11.2018;21582.470703;21684.640625;21484.980469;21646.550781;21646.550781;65900000;0;0;0;0;0;0;0;0
23.11.2018;null;null;null;null;null;null;0;0;0;0;0;0;0;0
26.11.2018;21647.689453;21838.099609;21622.599609;21812.000000;21812.000000;78000000;0;0;0;0;0;0;0;0
27.11.2018;21967.980469;22006.830078;21816.050781;21952.400391;21952.400391;74000000;0;0;0;0;0;0;0;0
28.11.2018;22036.720703;22216.980469;22032.720703;22177.019531;22177.019531;77600000;0;0;0;0;0;0;0;0
29.11.2018;22360.980469;22437.949219;22241.169922;22262.599609;22262.599609;69300000;0;0;0;0;0;0;0;0
30.11.2018;22274.970703;22362.199219;22231.960938;22351.060547;22351.060547;104100000;0;0;0;0;0;0;0;0
03.12.2018;22629.390625;22698.789063;22550.289063;22574.759766;22574.759766;70500000;0;0;0;0;0;0;0;0
04.12.2018;22533.970703;22576.619141;22033.410156;22036.050781;22036.050781;89600000;0;0;0;0;0;0;0;0
05.12.2018;21755.169922;21979.179688;21708.820313;21919.330078;21919.330078;83700000;0;0;0;0;0;0;0;0
06.12.2018;21766.500000;21805.019531;21307.720703;21501.619141;21501.619141;87600000;0;0;0;0;0;0;0;0
07.12.2018;21643.750000;21734.939453;21506.449219;21678.679688;21678.679688;78100000;0;0;0;0;0;0;0;0
10.12.2018;21319.470703;21365.779297;21169.960938;21219.500000;21219.500000;79000000;0;0;0;0;0;0;0;0
11.12.2018;21273.039063;21279.019531;21062.310547;21148.019531;21148.019531;87500000;0;0;0;0;0;0;0;0
12.12.2018;21348.400391;21631.470703;21320.720703;21602.750000;21602.750000;89600000;0;0;0;0;0;0;0;0
13.12.2018;21755.130859;21871.339844;21675.660156;21816.189453;21816.189453;79200000;0;0;0;0;0;0;0;0
14.12.2018;21638.960938;21751.310547;21353.939453;21374.830078;21374.830078;102800000;0;0;0;0;0;0;0;0
17.12.2018;21391.730469;21563.269531;21363.669922;21506.880859;21506.880859;63400000;0;0;0;0;0;0;0;0
18.12.2018;21275.509766;21330.359375;21101.439453;21115.449219;21115.449219;80500000;0;0;0;0;0;0;0;0
19.12.2018;21107.169922;21168.619141;20880.730469;20987.919922;20987.919922;81300000;0;0;0;0;0;0;0;0
20.12.2018;20779.929688;20841.339844;20282.929688;20392.580078;20392.580078;96300000;0;0;0;0;0;0;0;0
21.12.2018;20310.500000;20334.730469;20006.669922;20166.189453;20166.189453;116600000;0;0;0;0;0;0;0;0
24.12.2018;null;null;null;null;null;null;0;0;0;0;0;0;0;0
25.12.2018;19785.429688;19785.429688;19117.960938;19155.740234;19155.740234;0;0;0;0;0;0;0;0;0
26.12.2018;19302.589844;19530.349609;18948.580078;19327.060547;19327.060547;79900000;0;0;0;0;0;0;0;0
27.12.2018;19706.189453;20211.570313;19701.759766;20077.619141;20077.619141;93000000;0;0;0;0;0;0;0;0
28.12.2018;19957.880859;20084.380859;19900.039063;20014.769531;20014.769531;70600000;0;0;0;0;0;0;0;0
31.12.2018;null;null;null;null;null;null;0;0;0;0;0;0;0;0
04.01.2019;19655.130859;19692.580078;19241.369141;19561.960938;19561.960938;91600000;0;0;0;0;0;0;0;0
07.01.2019;19944.609375;20266.220703;19920.800781;20038.970703;20038.970703;81500000;0;0;0;0;0;0;0;0
08.01.2019;20224.669922;20347.919922;20106.359375;20204.039063;20204.039063;86400000;0;0;0;0;0;0;0;0
09.01.2019;20366.300781;20494.349609;20331.199219;20427.060547;20427.060547;72800000;0;0;0;0;0;0;0;0
10.01.2019;20270.880859;20345.919922;20101.929688;20163.800781;20163.800781;73700000;0;0;0;0;0;0;0;0
11.01.2019;20296.449219;20389.890625;20294.740234;20359.699219;20359.699219;77700000;0;0;0;0;0;0;0;0
15.01.2019;20264.820313;20571.279297;20204.429688;20555.289063;20555.289063;78300000;0;0;0;0;0;0;0;0
16.01.2019;20575.720703;20580.250000;20323.320313;20442.750000;20442.750000;69500000;0;0;0;0;0;0;0;0
17.01.2019;20544.230469;20571.750000;20342.460938;20402.269531;20402.269531;63600000;0;0;0;0;0;0;0;0
18.01.2019;20472.810547;20682.119141;20454.130859;20666.070313;20666.070313;64700000;0;0;0;0;0;0;0;0
21.01.2019;20848.380859;20892.679688;20678.259766;20719.330078;20719.330078;61200000;0;0;0;0;0;0;0;0
22.01.2019;20770.060547;20805.929688;20558.300781;20622.910156;20622.910156;57100000;0;0;0;0;0;0;0;0
23.01.2019;20453.439453;20686.289063;20438.220703;20593.720703;20593.720703;0;0;0;0;0;0;0;0;0
24.01.2019;20506.240234;20620.720703;20467.589844;20574.630859;20574.630859;61400000;0;0;0;0;0;0;0;0
25.01.2019;20598.640625;20844.310547;20598.640625;20773.560547;20773.560547;68400000;0;0;0;0;0;0;0;0
28.01.2019;20746.289063;20759.480469;20624.550781;20649.000000;20649.000000;56800000;0;0;0;0;0;0;0;0
29.01.2019;20555.439453;20673.660156;20406.220703;20664.640625;20664.640625;63100000;0;0;0;0;0;0;0;0
30.01.2019;20701.619141;20706.269531;20527.529297;20556.539063;20556.539063;72100000;0;0;0;0;0;0;0;0
31.01.2019;20832.910156;20869.419922;20682.910156;20773.490234;20773.490234;75700000;0;0;0;0;0;0;0;0
01.02.2019;20797.029297;20929.630859;20741.980469;20788.390625;20788.390625;82200000;0;0;0;0;0;0;0;0
04.02.2019;20831.900391;20922.580078;20823.679688;20883.769531;20883.769531;66600000;0;0;0;0;0;0;0;0
05.02.2019;20960.470703;20981.230469;20823.179688;20844.449219;20844.449219;65500000;0;0;0;0;0;0;0;0
06.02.2019;20928.869141;20971.660156;20860.990234;20874.060547;20874.060547;68900000;0;0;0;0;0;0;0;0
07.02.2019;20812.220703;20844.769531;20665.509766;20751.279297;20751.279297;70600000;0;0;0;0;0;0;0;0
08.02.2019;20510.500000;20562.390625;20315.310547;20333.169922;20333.169922;86200000;0;0;0;0;0;0;0;0
12.02.2019;20442.550781;20885.880859;20428.570313;20864.210938;20864.210938;84100000;0;0;0;0;0;0;0;0
13.02.2019;21029.929688;21213.740234;20992.880859;21144.480469;21144.480469;78600000;0;0;0;0;0;0;0;0
14.02.2019;21147.890625;21235.619141;21102.160156;21139.710938;21139.710938;64500000;0;0;0;0;0;0;0;0
15.02.2019;21051.509766;21051.509766;20853.330078;20900.630859;20900.630859;65600000;0;0;0;0;0;0;0;0
18.02.2019;21217.320313;21306.359375;21189.970703;21281.849609;21281.849609;61800000;0;0;0;0;0;0;0;0
19.02.2019;21256.580078;21344.169922;21217.160156;21302.650391;21302.650391;53600000;0;0;0;0;0;0;0;0
20.02.2019;21346.039063;21494.849609;21315.390625;21431.490234;21431.490234;59700000;0;0;0;0;0;0;0;0
21.02.2019;21422.310547;21553.349609;21318.740234;21464.230469;21464.230469;68400000;0;0;0;0;0;0;0;0
22.02.2019;21376.359375;21451.230469;21348.669922;21425.509766;21425.509766;52400000;0;0;0;0;0;0;0;0
25.02.2019;21567.660156;21590.029297;21505.070313;21528.230469;21528.230469;51800000;0;0;0;0;0;0;0;0
26.02.2019;21556.019531;21610.880859;21405.839844;21449.390625;21449.390625;56400000;0;0;0;0;0;0;0;0
27.02.2019;21504.609375;21578.810547;21492.650391;21556.509766;21556.509766;67700000;0;0;0;0;0;0;0;0
28.02.2019;21536.550781;21536.550781;21364.089844;21385.160156;21385.160156;71500000;0;0;0;0;0;0;0;0
01.03.2019;21490.019531;21641.580078;21490.019531;21602.689453;21602.689453;62600000;0;0;0;0;0;0;0;0
04.03.2019;21812.810547;21860.390625;21740.919922;21822.039063;21822.039063;59100000;0;0;0;0;0;0;0;0
05.03.2019;21712.800781;21798.380859;21659.039063;21726.279297;21726.279297;59200000;0;0;0;0;0;0;0;0
06.03.2019;21659.029297;21684.599609;21550.449219;21596.810547;21596.810547;57100000;0;0;0;0;0;0;0;0
07.03.2019;21456.880859;21472.160156;21402.119141;21456.009766;21456.009766;75200000;0;0;0;0;0;0;0;0
08.03.2019;21339.169922;21359.320313;20993.070313;21025.560547;21025.560547;99800000;0;0;0;0;0;0;0;0
11.03.2019;21062.750000;21145.939453;20938.000000;21125.089844;21125.089844;55600000;0;0;0;0;0;0;0;0
12.03.2019;21361.609375;21568.480469;21348.810547;21503.689453;21503.689453;67800000;0;0;0;0;0;0;0;0
13.03.2019;21425.769531;21474.169922;21198.990234;21290.240234;21290.240234;66200000;0;0;0;0;0;0;0;0
14.03.2019;21474.580078;21522.750000;21287.019531;21287.019531;21287.019531;64100000;0;0;0;0;0;0;0;0
15.03.2019;21376.730469;21521.679688;21374.849609;21450.849609;21450.849609;83200000;0;0;0;0;0;0;0;0
18.03.2019;21576.359375;21612.669922;21500.320313;21584.500000;21584.500000;55200000;0;0;0;0;0;0;0;0
19.03.2019;21558.429688;21585.550781;21425.789063;21566.849609;21566.849609;59900000;0;0;0;0;0;0;0;0
20.03.2019;21548.650391;21614.169922;21499.160156;21608.919922;21608.919922;65300000;0;0;0;0;0;0;0;0
22.03.2019;21713.259766;21713.259766;21542.029297;21627.339844;21627.339844;78900000;0;0;0;0;0;0;0;0
25.03.2019;21267.410156;21275.429688;20911.570313;20977.109375;20977.109375;77700000;0;0;0;0;0;0;0;0
26.03.2019;21174.339844;21460.990234;21174.339844;21428.390625;21428.390625;101300000;0;0;0;0;0;0;0;0
27.03.2019;21353.609375;21388.589844;21242.519531;21378.730469;21378.730469;76000000;0;0;0;0;0;0;0;0
28.03.2019;21191.320313;21191.320313;20974.189453;21033.759766;21033.759766;71100000;0;0;0;0;0;0;0;0
29.03.2019;21228.509766;21267.250000;21149.419922;21205.810547;21205.810547;61600000;0;0;0;0;0;0;0;0
01.04.2019;21500.890625;21682.939453;21471.119141;21509.029297;21509.029297;77400000;0;0;0;0;0;0;0;0
02.04.2019;21744.640625;21744.640625;21490.560547;21505.310547;21505.310547;71000000;0;0;0;0;0;0;0;0
03.04.2019;21563.640625;21722.720703;21489.949219;21713.210938;21713.210938;68500000;0;0;0;0;0;0;0;0
04.04.2019;21724.689453;21787.599609;21662.900391;21724.949219;21724.949219;57900000;0;0;0;0;0;0;0;0
05.04.2019;21743.140625;21839.179688;21731.339844;21807.500000;21807.500000;58500000;0;0;0;0;0;0;0;0
08.04.2019;21900.550781;21900.550781;21740.529297;21761.650391;21761.650391;54600000;0;0;0;0;0;0;0;0
09.04.2019;21750.289063;21811.880859;21698.419922;21802.589844;21802.589844;54300000;0;0;0;0;0;0;0;0
10.04.2019;21579.679688;21687.570313;21571.669922;21687.570313;21687.570313;58700000;0;0;0;0;0;0;0;0
11.04.2019;21662.650391;21721.419922;21627.869141;21711.380859;21711.380859;61200000;0;0;0;0;0;0;0;0
12.04.2019;21782.349609;21878.779297;21698.710938;21870.560547;21870.560547;61600000;0;0;0;0;0;0;0;0
15.04.2019;22122.970703;22211.029297;22102.929688;22169.109375;22169.109375;66100000;0;0;0;0;0;0;0;0
16.04.2019;22108.150391;22261.330078;22095.320313;22221.660156;22221.660156;57300000;0;0;0;0;0;0;0;0
17.04.2019;22236.410156;22345.189453;22185.869141;22277.970703;22277.970703;75400000;0;0;0;0;0;0;0;0
18.04.2019;22274.130859;22305.630859;22058.390625;22090.119141;22090.119141;67300000;0;0;0;0;0;0;0;0
19.04.2019;22238.070313;22250.369141;22162.230469;22200.560547;22200.560547;0;0;0;0;0;0;0;0;0
22.04.2019;22188.619141;22280.189453;22099.380859;22217.900391;22217.900391;42900000;0;0;0;0;0;0;0;0
23.04.2019;22241.740234;22268.369141;22119.939453;22259.740234;22259.740234;52000000;0;0;0;0;0;0;0;0
24.04.2019;22356.830078;22362.919922;22125.480469;22200.000000;22200.000000;67900000;0;0;0;0;0;0;0;0
25.04.2019;22183.320313;22334.689453;22155.230469;22307.580078;22307.580078;63300000;0;0;0;0;0;0;0;0
26.04.2019;22167.480469;22270.289063;22073.099609;22258.730469;22258.730469;71900000;0;0;0;0;0;0;0;0
07.05.2019;22184.400391;22190.490234;21875.109375;21923.720703;21923.720703;90700000;0;0;0;0;0;0;0;0
08.05.2019;21628.039063;21639.119141;21514.849609;21602.589844;21602.589844;85700000;0;0;0;0;0;0;0;0
09.05.2019;21492.910156;21559.759766;21315.070313;21402.130859;21402.130859;96900000;0;0;0;0;0;0;0;0
10.05.2019;21431.810547;21584.089844;21175.330078;21344.919922;21344.919922;98500000;0;0;0;0;0;0;0;0
13.05.2019;21180.740234;21277.660156;21127.929688;21191.279297;21191.279297;74500000;0;0;0;0;0;0;0;0
14.05.2019;20870.769531;21077.480469;20751.449219;21067.230469;21067.230469;90200000;0;0;0;0;0;0;0;0
15.05.2019;21112.849609;21191.529297;20968.080078;21188.560547;21188.560547;84100000;0;0;0;0;0;0;0;0
16.05.2019;21153.199219;21153.199219;20951.669922;21062.980469;21062.980469;82500000;0;0;0;0;0;0;0;0
17.05.2019;21246.859375;21398.849609;21199.980469;21250.089844;21250.089844;75800000;0;0;0;0;0;0;0;0
20.05.2019;21305.970703;21430.060547;21282.650391;21301.730469;21301.730469;65100000;0;0;0;0;0;0;0;0
21.05.2019;21211.259766;21318.800781;21160.429688;21272.449219;21272.449219;70100000;0;0;0;0;0;0;0;0
22.05.2019;21373.519531;21404.539063;21266.980469;21283.369141;21283.369141;64500000;0;0;0;0;0;0;0;0
23.05.2019;21180.240234;21209.560547;21072.720703;21151.140625;21151.140625;63900000;0;0;0;0;0;0;0;0
24.05.2019;20980.789063;21117.220703;20922.000000;21117.220703;21117.220703;67700000;0;0;0;0;0;0;0;0
27.05.2019;21148.460938;21232.380859;21113.759766;21182.580078;21182.580078;41600000;0;0;0;0;0;0;0;0
28.05.2019;21187.169922;21297.699219;21177.269531;21260.140625;21260.140625;98500000;0;0;0;0;0;0;0;0
29.05.2019;21055.419922;21071.730469;20884.609375;21003.369141;21003.369141;70000000;0;0;0;0;0;0;0;0
30.05.2019;20881.500000;20942.529297;20809.289063;20942.529297;20942.529297;58700000;0;0;0;0;0;0;0;0
31.05.2019;20785.210938;20823.099609;20581.580078;20601.189453;20601.189453;79100000;0;0;0;0;0;0;0;0
03.06.2019;20327.869141;20438.029297;20305.740234;20410.880859;20410.880859;67400000;0;0;0;0;0;0;0;0
04.06.2019;20435.859375;20464.570313;20289.640625;20408.539063;20408.539063;69200000;0;0;0;0;0;0;0;0
05.06.2019;20667.890625;20800.640625;20646.150391;20776.099609;20776.099609;72300000;0;0;0;0;0;0;0;0
06.06.2019;20745.839844;20842.279297;20745.839844;20774.039063;20774.039063;59600000;0;0;0;0;0;0;0;0
07.06.2019;20859.779297;20907.769531;20816.580078;20884.710938;20884.710938;50700000;0;0;0;0;0;0;0;0
10.06.2019;21095.400391;21166.119141;21077.949219;21134.419922;21134.419922;58200000;0;0;0;0;0;0;0;0
11.06.2019;21099.539063;21227.179688;21066.619141;21204.279297;21204.279297;52100000;0;0;0;0;0;0;0;0
12.06.2019;21130.390625;21259.699219;21118.750000;21129.720703;21129.720703;56500000;0;0;0;0;0;0;0;0
13.06.2019;21040.910156;21111.230469;20932.130859;21032.000000;21032.000000;65700000;0;0;0;0;0;0;0;0
14.06.2019;21049.410156;21119.730469;20971.179688;21116.890625;21116.890625;60400000;0;0;0;0;0;0;0;0
17.06.2019;21094.960938;21185.250000;21044.619141;21124.000000;21124.000000;49100000;0;0;0;0;0;0;0;0
18.06.2019;21111.769531;21153.650391;20924.189453;20972.710938;20972.710938;54600000;0;0;0;0;0;0;0;0
19.06.2019;21223.169922;21358.720703;21213.429688;21333.869141;21333.869141;64100000;0;0;0;0;0;0;0;0
20.06.2019;21417.740234;21491.390625;21377.269531;21462.859375;21462.859375;55700000;0;0;0;0;0;0;0;0
21.06.2019;21487.669922;21497.820313;21221.699219;21258.640625;21258.640625;89000000;0;0;0;0;0;0;0;0
24.06.2019;21223.560547;21317.859375;21185.669922;21285.990234;21285.990234;43200000;0;0;0;0;0;0;0;0
25.06.2019;21238.070313;21313.769531;21114.470703;21193.810547;21193.810547;53900000;0;0;0;0;0;0;0;0
26.06.2019;21067.679688;21129.640625;21035.839844;21086.589844;21086.589844;50300000;0;0;0;0;0;0;0;0
27.06.2019;21156.880859;21338.169922;21123.970703;21338.169922;21338.169922;61300000;0;0;0;0;0;0;0;0
28.06.2019;21282.220703;21324.929688;21199.849609;21275.919922;21275.919922;62100000;0;0;0;0;0;0;0;0
01.07.2019;21566.269531;21758.339844;21559.169922;21729.970703;21729.970703;66900000;0;0;0;0;0;0;0;0
02.07.2019;21699.429688;21784.220703;21697.310547;21754.269531;21754.269531;54700000;0;0;0;0;0;0;0;0
03.07.2019;21684.070313;21708.720703;21566.650391;21638.160156;21638.160156;55000000;0;0;0;0;0;0;0;0
04.07.2019;21740.929688;21755.630859;21672.500000;21702.449219;21702.449219;37800000;0;0;0;0;0;0;0;0
05.07.2019;21703.609375;21746.380859;21647.730469;21746.380859;21746.380859;44800000;0;0;0;0;0;0;0;0
08.07.2019;21665.789063;21672.650391;21499.570313;21534.349609;21534.349609;51900000;0;0;0;0;0;0;0;0
09.07.2019;21598.150391;21687.289063;21508.220703;21565.150391;21565.150391;53900000;0;0;0;0;0;0;0;0
10.07.2019;21499.460938;21601.859375;21488.220703;21533.480469;21533.480469;58900000;0;0;0;0;0;0;0;0
11.07.2019;21547.189453;21649.929688;21532.570313;21643.529297;21643.529297;49600000;0;0;0;0;0;0;0;0
12.07.2019;21720.140625;21720.140625;21589.830078;21685.900391;21685.900391;45400000;0;0;0;0;0;0;0;0
16.07.2019;21644.380859;21655.519531;21514.890625;21535.250000;21535.250000;49800000;0;0;0;0;0;0;0;0
17.07.2019;21474.630859;21488.269531;21380.550781;21469.179688;21469.179688;53300000;0;0;0;0;0;0;0;0
18.07.2019;21336.800781;21347.839844;20993.439453;21046.240234;21046.240234;70200000;0;0;0;0;0;0;0;0
19.07.2019;21146.500000;21474.300781;21121.900391;21466.990234;21466.990234;57900000;0;0;0;0;0;0;0;0
22.07.2019;21394.750000;21445.029297;21317.849609;21416.789063;21416.789063;46900000;0;0;0;0;0;0;0;0
23.07.2019;21425.439453;21686.529297;21411.929688;21620.880859;21620.880859;48100000;0;0;0;0;0;0;0;0
24.07.2019;21726.980469;21744.880859;21677.710938;21709.570313;21709.570313;51100000;0;0;0;0;0;0;0;0
25.07.2019;21715.949219;21823.070313;21715.689453;21756.550781;21756.550781;46900000;0;0;0;0;0;0;0;0
26.07.2019;21700.199219;21709.740234;21590.660156;21658.150391;21658.150391;47600000;0;0;0;0;0;0;0;0
29.07.2019;21627.550781;21652.949219;21518.699219;21616.800781;21616.800781;47000000;0;0;0;0;0;0;0;0
30.07.2019;21681.820313;21792.980469;21665.859375;21709.310547;21709.310547;54500000;0;0;0;0;0;0;0;0
31.07.2019;21526.380859;21589.109375;21476.070313;21521.529297;21521.529297;76500000;0;0;0;0;0;0;0;0
01.08.2019;21361.580078;21556.689453;21288.900391;21540.990234;21540.990234;75700000;0;0;0;0;0;0;0;0
02.08.2019;21211.060547;21211.060547;20960.089844;21087.160156;21087.160156;91500000;0;0;0;0;0;0;0;0
05.08.2019;20909.980469;20941.830078;20514.189453;20720.289063;20720.289063;85800000;0;0;0;0;0;0;0;0
06.08.2019;20325.519531;20607.830078;20110.759766;20585.310547;20585.310547;89700000;0;0;0;0;0;0;0;0
07.08.2019;20548.070313;20570.189453;20406.519531;20516.560547;20516.560547;73600000;0;0;0;0;0;0;0;0
08.08.2019;20529.289063;20682.240234;20462.980469;20593.349609;20593.349609;64800000;0;0;0;0;0;0;0;0
09.08.2019;20758.150391;20782.060547;20676.919922;20684.820313;20684.820313;63700000;0;0;0;0;0;0;0;0
13.08.2019;20432.679688;20503.380859;20369.269531;20455.439453;20455.439453;72900000;0;0;0;0;0;0;0;0
14.08.2019;20669.990234;20697.419922;20581.169922;20655.130859;20655.130859;60900000;0;0;0;0;0;0;0;0
15.08.2019;20324.250000;20419.880859;20184.849609;20405.650391;20405.650391;68200000;0;0;0;0;0;0;0;0
16.08.2019;20323.970703;20465.710938;20300.349609;20418.810547;20418.810547;58400000;0;0;0;0;0;0;0;0
19.08.2019;20590.470703;20633.900391;20502.660156;20563.160156;20563.160156;50600000;0;0;0;0;0;0;0;0
20.08.2019;20605.349609;20684.060547;20582.009766;20677.220703;20677.220703;50100000;0;0;0;0;0;0;0;0
21.08.2019;20489.970703;20626.050781;20482.619141;20618.570313;20618.570313;53000000;0;0;0;0;0;0;0;0
22.08.2019;20706.070313;20731.189453;20584.289063;20628.009766;20628.009766;54600000;0;0;0;0;0;0;0;0
23.08.2019;20579.980469;20719.310547;20579.980469;20710.910156;20710.910156;50700000;0;0;0;0;0;0;0;0
26.08.2019;20325.439453;20329.009766;20173.759766;20261.039063;20261.039063;69900000;0;0;0;0;0;0;0;0
27.08.2019;20467.220703;20529.939453;20439.919922;20456.080078;20456.080078;60800000;1;100000;0;0;0;0;0;0
28.08.2019;20474.310547;20511.210938;20433.310547;20479.419922;20479.419922;51500000;0;0;0;0;0;0;0;0
29.08.2019;20500.500000;20520.679688;20361.119141;20460.929688;20460.929688;55100000;0;0;0;0;0;0;0;0
30.08.2019;20641.490234;20748.349609;20633.300781;20704.369141;20704.369141;72000000;0;0;0;0;0;0;0;0
02.09.2019;20625.750000;20667.560547;20614.289063;20620.189453;20620.189453;42400000;0;0;0;0;0;0;0;0
03.09.2019;20581.580078;20662.230469;20578.019531;20625.160156;20625.160156;0;0;0;0;0;0;0;0;0
04.09.2019;20578.669922;20694.349609;20554.160156;20649.140625;20649.140625;51500000;0;0;0;0;0;0;0;0
05.09.2019;20800.289063;21164.609375;20787.929688;21085.939453;21085.939453;83000000;1;10000;0;0;0;0;0;0
06.09.2019;21201.830078;21241.289063;21145.810547;21199.570313;21199.570313;71100000;0;0;0;0;0;0;0;0
09.09.2019;21214.560547;21333.509766;21182.259766;21318.419922;21318.419922;57800000;0;0;0;0;0;0;0;0
10.09.2019;21363.570313;21438.349609;21350.349609;21392.099609;21392.099609;92400000;0;0;0;0;0;0;0;0
11.09.2019;21466.660156;21619.210938;21437.820313;21597.759766;21597.759766;110100000;0;0;0;0;0;0;0;0
12.09.2019;21761.089844;21825.919922;21743.960938;21759.609375;21759.609375;96000000;0;0;0;0;0;0;0;0
13.09.2019;21907.830078;22019.660156;21820.939453;21988.289063;21988.289063;116300000;0;0;0;0;0;0;0;0
17.09.2019;21947.589844;22041.080078;21878.630859;22001.320313;22001.320313;81500000;0;0;0;0;0;0;0;0
18.09.2019;22014.650391;22027.859375;21942.029297;21960.710938;21960.710938;69400000;0;0;0;0;0;0;0;0
19.09.2019;22064.460938;22255.560547;22003.300781;22044.449219;22044.449219;78200000;0;0;0;0;0;0;0;0
20.09.2019;22130.740234;22204.750000;22047.900391;22079.089844;22079.089844;85000000;0;0;0;0;0;0;0;0
24.09.2019;22095.349609;22168.740234;22077.939453;22098.839844;22098.839844;68400000;0;0;0;0;0;0;0;0
25.09.2019;21961.820313;22036.480469;21906.000000;22020.150391;22020.150391;61600000;0;0;0;0;0;0;0;0
26.09.2019;22160.519531;22184.910156;21986.240234;22048.240234;22048.240234;81600000;0;0;0;0;0;0;0;0
27.09.2019;21934.929688;21955.789063;21733.689453;21878.900391;21878.900391;76400000;0;0;0;0;0;0;0;0
30.09.2019;21793.830078;21811.980469;21666.599609;21755.839844;21755.839844;69900000;0;0;0;0;0;0;0;0
01.10.2019;21831.439453;21938.769531;21811.980469;21885.240234;21885.240234;62300000;0;0;0;0;0;0;0;0
02.10.2019;21744.619141;21795.009766;21725.230469;21778.609375;21778.609375;63300000;0;0;0;0;0;0;0;0
03.10.2019;21422.220703;21437.740234;21277.359375;21341.740234;21341.740234;67700000;0;0;0;0;0;0;0;0
04.10.2019;21316.179688;21410.199219;21276.009766;21410.199219;21410.199219;57700000;0;0;0;0;0;0;0;0
07.10.2019;21445.730469;21475.279297;21328.259766;21375.250000;21375.250000;47400000;0;0;0;0;0;0;0;0
08.10.2019;21494.480469;21629.240234;21483.179688;21587.779297;21587.779297;60800000;1;9100000;1;9100000;1;9100000;0;0
09.10.2019;21359.839844;21467.769531;21359.839844;21456.380859;21456.380859;55400000;0;0;0;0;0;0;0;0
10.10.2019;21456.269531;21601.460938;21308.880859;21551.980469;21551.980469;59900000;0;0;0;0;0;0;0;0
11.10.2019;21749.929688;21820.769531;21658.269531;21798.869141;21798.869141;67400000;0;0;0;0;0;0;0;0
15.10.2019;22063.710938;22219.630859;22049.710938;22207.210938;22207.210938;74500000;1;17000000;1;17000000;1;17000000;1;17000000
16.10.2019;22479.570313;22615.470703;22434.349609;22472.919922;22472.919922;78700000;0;0;0;0;0;0;0;0
17.10.2019;22451.150391;22522.390625;22424.919922;22451.859375;22451.859375;57800000;0;0;0;0;0;0;0;0
18.10.2019;22528.560547;22649.849609;22466.259766;22492.679688;22492.679688;59200000;0;0;0;0;0;0;0;0
21.10.2019;22541.220703;22581.279297;22515.730469;22548.900391;22548.900391;48400000;0;0;0;0;0;0;0;0
23.10.2019;22619.769531;22648.810547;22457.890625;22625.380859;22625.380859;68000000;0;0;0;0;0;0;0;0
24.10.2019;22725.439453;22780.990234;22704.330078;22750.599609;22750.599609;61300000;0;0;0;0;0;0;0;0
25.10.2019;22753.240234;22819.919922;22715.130859;22799.810547;22799.810547;57200000;0;0;0;0;0;0;0;0
28.10.2019;22854.439453;22896.220703;22830.570313;22867.269531;22867.269531;48100000;0;0;0;0;0;0;0;0
29.10.2019;22950.789063;23008.429688;22935.349609;22974.130859;22974.130859;72900000;0;0;0;0;0;0;0;0
30.10.2019;22953.169922;22961.230469;22827.929688;22843.119141;22843.119141;101600000;0;0;0;0;0;0;0;0
31.10.2019;22910.099609;22988.800781;22875.500000;22927.039063;22927.039063;78300000;0;0;0;0;0;0;0;0
01.11.2019;22730.490234;22852.720703;22705.599609;22850.769531;22850.769531;65400000;0;0;0;0;0;0;0;0
05.11.2019;23118.789063;23328.519531;23090.939453;23251.990234;23251.990234;102100000;0;0;0;0;0;0;0;0
06.11.2019;23343.509766;23352.560547;23246.570313;23303.820313;23303.820313;77400000;0;0;0;0;0;0;0;0
07.11.2019;23283.140625;23336.000000;23253.320313;23330.320313;23330.320313;70900000;0;0;0;0;0;0;0;0
08.11.2019;23550.039063;23591.089844;23313.410156;23391.869141;23391.869141;94600000;0;0;0;0;0;0;0;0
11.11.2019;23422.130859;23471.820313;23323.019531;23331.839844;23331.839844;61500000;0;0;0;0;0;0;0;0
12.11.2019;23336.369141;23545.699219;23312.250000;23520.009766;23520.009766;63000000;0;0;0;0;0;0;0;0
13.11.2019;23439.250000;23452.630859;23270.929688;23319.869141;23319.869141;63400000;0;0;0;0;0;0;0;0
14.11.2019;23325.500000;23360.060547;23062.160156;23141.550781;23141.550781;79900000;0;0;0;0;0;0;0;0
15.11.2019;23160.529297;23340.769531;23121.589844;23303.320313;23303.320313;72200000;0;0;0;0;0;0;0;0
18.11.2019;23304.250000;23420.619141;23271.289063;23416.759766;23416.759766;57300000;0;0;0;0;0;0;0;0
19.11.2019;23366.359375;23389.529297;23244.929688;23292.650391;23292.650391;64200000;0;0;0;0;0;0;0;0
20.11.2019;23176.490234;23303.169922;23086.119141;23148.570313;23148.570313;65700000;0;0;0;0;0;0;0;0
21.11.2019;23071.490234;23108.080078;22726.710938;23038.580078;23038.580078;69800000;0;0;0;0;0;0;0;0
22.11.2019;23030.330078;23219.509766;23030.330078;23112.880859;23112.880859;55600000;0;0;0;0;0;0;0;0
25.11.2019;23292.849609;23347.179688;23255.390625;23292.810547;23292.810547;50300000;0;0;0;0;0;0;0;0
26.11.2019;23451.400391;23608.060547;23350.099609;23373.320313;23373.320313;94300000;0;0;0;0;0;0;0;0
27.11.2019;23452.849609;23507.820313;23418.230469;23437.769531;23437.769531;52200000;0;0;0;0;0;0;0;0
28.11.2019;23458.880859;23482.320313;23367.330078;23409.140625;23409.140625;44800000;0;0;0;0;0;0;0;0
29.11.2019;23497.439453;23498.769531;23273.369141;23293.910156;23293.910156;52100000;0;0;0;0;0;0;0;0
02.12.2019;23388.630859;23562.050781;23378.400391;23529.500000;23529.500000;47700000;0;0;0;0;0;0;0;0
03.12.2019;23231.140625;23388.179688;23186.839844;23379.810547;23379.810547;58800000;0;0;0;0;0;0;0;0
04.12.2019;23186.740234;23203.769531;23044.779297;23135.230469;23135.230469;58100000;0;0;0;0;0;0;0;0
05.12.2019;23292.699219;23363.439453;23259.820313;23300.089844;23300.089844;61400000;0;0;0;0;0;0;0;0
06.12.2019;23347.669922;23412.480469;23338.400391;23354.400391;23354.400391;54400000;0;0;0;0;0;0;0;0
09.12.2019;23544.310547;23544.310547;23360.009766;23430.699219;23430.699219;55800000;0;0;0;0;0;0;0;0
10.12.2019;23372.390625;23449.470703;23336.929688;23410.189453;23410.189453;52800000;0;0;0;0;0;0;0;0
11.12.2019;23421.140625;23438.429688;23333.630859;23391.859375;23391.859375;61300000;0;0;0;0;0;0;0;0
12.12.2019;23449.279297;23468.150391;23360.429688;23424.810547;23424.810547;56300000;0;0;0;0;0;0;0;0
13.12.2019;23810.560547;24050.039063;23775.730469;24023.099609;24023.099609;115500000;0;0;0;0;0;0;0;0
16.12.2019;23955.199219;24036.300781;23950.050781;23952.349609;23952.349609;53300000;0;0;0;0;0;0;0;0
17.12.2019;24091.119141;24091.119141;23996.509766;24066.119141;24066.119141;64000000;0;0;0;0;0;0;0;0
18.12.2019;24023.269531;24046.089844;23919.359375;23934.429688;23934.429688;66300000;0;0;0;0;0;0;0;0
19.12.2019;23911.460938;23945.529297;23835.289063;23864.849609;23864.849609;55600000;0;0;0;0;0;0;0;0
20.12.2019;23893.449219;23908.769531;23746.630859;23816.630859;23816.630859;70300000;0;0;0;0;0;0;0;0
23.12.2019;23921.289063;23923.089844;23810.820313;23821.109375;23821.109375;45200000;0;0;0;0;0;0;0;0
24.12.2019;23839.179688;23853.560547;23796.349609;23830.580078;23830.580078;37900000;0;0;0;0;0;0;0;0
25.12.2019;23813.589844;23824.849609;23782.869141;23782.869141;23782.869141;31600000;0;0;0;0;0;0;0;0
26.12.2019;23787.699219;23931.509766;23775.400391;23924.919922;23924.919922;40300000;0;0;0;0;0;0;0;0
27.12.2019;23953.750000;23967.179688;23837.720703;23837.720703;23837.720703;44800000;0;0;0;0;0;0;0;0
30.12.2019;23770.929688;23782.490234;23656.619141;23656.619141;23656.619141;41600000;0;0;0;0;0;0;0;0
06.01.2020;23319.759766;23365.359375;23148.529297;23204.859375;23204.859375;72800000;0;0;0;0;0;0;0;0
07.01.2020;23320.119141;23577.439453;23299.919922;23575.720703;23575.720703;64300000;0;0;0;0;0;0;0;0
08.01.2020;23217.490234;23303.210938;22951.179688;23204.759766;23204.759766;79400000;0;0;0;0;0;0;0;0
09.01.2020;23530.289063;23767.089844;23506.150391;23739.869141;23739.869141;62200000;0;0;0;0;0;0;0;0
10.01.2020;23813.279297;23903.289063;23761.080078;23850.570313;23850.570313;55900000;0;0;0;0;0;0;0;0
14.01.2020;23969.039063;24059.859375;23951.660156;24025.169922;24025.169922;64200000;0;0;0;0;0;0;0;0
15.01.2020;23923.480469;23997.390625;23875.820313;23916.580078;23916.580078;57200000;0;0;0;0;0;0;0;0
16.01.2020;23960.199219;23975.380859;23905.380859;23933.130859;23933.130859;55400000;0;0;0;0;0;0;0;0
17.01.2020;24103.449219;24115.949219;24013.750000;24041.259766;24041.259766;59400000;0;0;0;0;0;0;0;0
20.01.2020;24080.679688;24108.109375;24061.669922;24083.509766;24083.509766;38300000;0;0;0;0;0;0;0;0
21.01.2020;24072.810547;24081.750000;23843.480469;23864.560547;23864.560547;44600000;0;0;0;0;0;0;0;0
22.01.2020;23835.490234;24040.869141;23831.099609;24031.349609;24031.349609;49000000;0;0;0;0;0;0;0;0
23.01.2020;23843.509766;23910.009766;23779.230469;23795.439453;23795.439453;55500000;0;0;0;0;0;0;0;0
24.01.2020;23850.119141;23869.380859;23755.320313;23827.179688;23827.179688;48700000;0;0;0;0;0;0;0;0
27.01.2020;23427.900391;23463.890625;23317.320313;23343.509766;23343.509766;62400000;0;0;0;0;0;0;0;0
28.01.2020;23126.929688;23243.359375;23115.150391;23215.710938;23215.710938;64400000;0;0;0;0;0;0;0;0
29.01.2020;23309.320313;23392.609375;23214.279297;23379.400391;23379.400391;54900000;0;0;0;0;0;0;0;0
30.01.2020;23284.580078;23318.570313;22892.949219;22977.750000;22977.750000;69600000;0;0;0;0;0;0;0;0
31.01.2020;23148.919922;23421.589844;23139.980469;23205.179688;23205.179688;75400000;0;0;0;0;0;0;0;0
03.02.2020;22874.269531;23023.730469;22775.919922;22971.939453;22971.939453;72500000;0;0;0;0;0;0;0;0
04.02.2020;22881.130859;23118.130859;22854.449219;23084.589844;23084.589844;67900000;0;0;0;0;0;0;0;0
05.02.2020;23351.470703;23414.689453;23241.640625;23319.560547;23319.560547;70300000;0;0;0;0;0;0;0;0
06.02.2020;23641.099609;23995.369141;23625.130859;23873.589844;23873.589844;95100000;0;0;0;0;0;0;0;0
07.02.2020;23899.009766;23943.449219;23759.419922;23827.980469;23827.980469;65400000;0;0;0;0;0;0;0;0
10.02.2020;23631.789063;23788.250000;23621.720703;23685.980469;23685.980469;56500000;0;0;0;0;0;0;0;0
12.02.2020;23741.210938;23869.730469;23693.720703;23861.210938;23861.210938;74600000;0;0;0;0;0;0;0;0
13.02.2020;23849.759766;23908.849609;23784.310547;23827.730469;23827.730469;64500000;0;0;0;0;0;0;0;0
14.02.2020;23714.519531;23738.419922;23603.480469;23687.589844;23687.589844;69100000;0;0;0;0;0;0;0;0
17.02.2020;23489.779297;23561.980469;23335.990234;23523.240234;23523.240234;54000000;0;0;0;0;0;0;0;0
18.02.2020;23398.570313;23402.009766;23133.599609;23193.800781;23193.800781;59500000;0;0;0;0;0;0;0;0
19.02.2020;23329.330078;23468.560547;23234.960938;23400.699219;23400.699219;61600000;0;0;0;0;0;0;0;0
20.02.2020;23666.580078;23806.560547;23426.419922;23479.150391;23479.150391;63300000;0;0;0;0;0;0;0;0
21.02.2020;23427.769531;23588.550781;23378.330078;23386.740234;23386.740234;62100000;0;0;0;0;0;0;0;0
25.02.2020;22949.369141;22950.230469;22335.210938;22605.410156;22605.410156;105800000;0;0;0;0;0;0;0;0
26.02.2020;22374.140625;22456.550781;22127.419922;22426.189453;22426.189453;99300000;0;0;0;0;0;0;0;0
27.02.2020;22255.830078;22272.259766;21844.289063;21948.230469;21948.230469;106200000;0;0;0;0;0;0;0;0
28.02.2020;21518.009766;21528.130859;20916.400391;21142.960938;21142.960938;148500000;0;0;0;0;0;0;0;0
02.03.2020;20849.789063;21593.109375;20834.289063;21344.080078;21344.080078;123700000;0;0;0;0;0;0;0;0
03.03.2020;21651.990234;21719.779297;21082.730469;21082.730469;21082.730469;105300000;0;0;0;0;0;0;0;0
04.03.2020;20897.199219;21245.929688;20862.050781;21100.060547;21100.060547;94600000;0;0;0;0;0;0;0;0
05.03.2020;21399.869141;21399.869141;21220.759766;21329.119141;21329.119141;85700000;0;0;0;0;0;0;0;0
06.03.2020;21009.800781;21061.199219;20613.910156;20749.750000;20749.750000;111700000;0;0;0;0;0;0;0;0
09.03.2020;20343.310547;20347.189453;19472.259766;19698.759766;19698.759766;170300000;0;0;0;0;0;0;0;0
10.03.2020;19474.890625;19970.349609;18891.769531;19867.119141;19867.119141;164700000;0;0;0;0;0;0;0;0
11.03.2020;19758.259766;19974.830078;19392.250000;19416.060547;19416.060547;129200000;0;0;0;0;0;0;0;0
12.03.2020;19064.509766;19142.179688;18339.269531;18559.630859;18559.630859;164600000;0;0;0;0;0;0;0;0
13.03.2020;18183.470703;18184.460938;16690.599609;17431.050781;17431.050781;233400000;0;0;0;0;0;0;0;0
16.03.2020;17586.080078;17785.759766;16914.449219;17002.039063;17002.039063;158100000;0;0;0;0;0;0;0;0
17.03.2020;16726.949219;17557.039063;16378.940430;17011.529297;17011.529297;198800000;0;0;0;0;0;0;0;0
18.03.2020;17154.080078;17396.839844;16698.460938;16726.550781;16726.550781;177200000;0;0;0;0;0;0;0;0
19.03.2020;16995.769531;17160.970703;16358.190430;16552.830078;16552.830078;198900000;0;0;0;0;0;0;0;0
23.03.2020;16570.570313;17049.029297;16480.949219;16887.779297;16887.779297;170300000;0;0;0;0;0;0;0;0
24.03.2020;17206.880859;18100.390625;17197.140625;18092.349609;18092.349609;147300000;0;0;0;0;0;0;0;0
25.03.2020;18446.800781;19564.380859;18446.800781;19546.630859;19546.630859;147700000;0;0;0;0;0;0;0;0
26.03.2020;19234.769531;19240.289063;18512.810547;18664.599609;18664.599609;128100000;0;0;0;0;0;0;0;0
27.03.2020;19021.970703;19389.429688;18832.210938;19389.429688;19389.429688;148900000;0;0;0;0;0;0;0;0
30.03.2020;18884.070313;19084.970703;18578.199219;19084.970703;19084.970703;121000000;0;0;0;0;0;0;0;0
31.03.2020;19181.900391;19336.189453;18834.160156;18917.009766;18917.009766;122200000;0;0;0;0;0;0;0;0
01.04.2020;18686.119141;18784.250000;17871.619141;18065.410156;18065.410156;105800000;0;0;0;0;0;0;0;0
02.04.2020;17934.419922;18132.039063;17707.660156;17818.720703;17818.720703;107300000;0;0;0;0;0;0;0;0
03.04.2020;17951.439453;18059.150391;17646.500000;17820.189453;17820.189453;96000000;0;0;0;0;0;0;0;0
06.04.2020;17857.990234;18672.259766;17802.619141;18576.300781;18576.300781;105700000;0;0;0;0;0;0;0;0
07.04.2020;18878.859375;19162.519531;18553.140625;18950.179688;18950.179688;108200000;0;0;0;0;0;0;0;0
08.04.2020;19047.759766;19454.339844;18730.800781;19353.240234;19353.240234;105900000;0;0;0;0;0;0;0;0
09.04.2020;19376.000000;19406.960938;19158.550781;19345.769531;19345.769531;82300000;0;0;0;0;0;0;0;0
10.04.2020;19500.070313;19500.070313;19235.960938;19498.500000;19498.500000;87500000;0;0;0;0;0;0;0;0
13.04.2020;19312.039063;19355.039063;19014.320313;19043.400391;19043.400391;65600000;0;0;0;0;0;0;0;0
14.04.2020;19150.300781;19705.990234;19093.119141;19638.810547;19638.810547;81900000;0;0;0;0;0;0;0;0
15.04.2020;19589.250000;19660.679688;19465.949219;19550.089844;19550.089844;94100000;0;0;0;0;0;0;0;0
16.04.2020;19311.300781;19362.169922;19154.410156;19290.199219;19290.199219;81400000;0;0;0;0;0;0;0;0
17.04.2020;19575.849609;19922.070313;19554.699219;19897.259766;19897.259766;87800000;0;0;0;0;0;0;0;0
20.04.2020;19689.849609;19784.380859;19611.789063;19669.119141;19669.119141;65000000;0;0;0;0;0;0;0;0
21.04.2020;19479.830078;19529.060547;19193.220703;19280.779297;19280.779297;79400000;0;0;0;0;0;0;0;0
22.04.2020;19109.179688;19137.949219;18858.250000;19137.949219;19137.949219;76400000;0;0;0;0;0;0;0;0
23.04.2020;19313.039063;19429.439453;19221.539063;19429.439453;19429.439453;72600000;0;0;0;0;0;0;0;0
24.04.2020;19331.859375;19352.240234;19175.380859;19262.000000;19262.000000;84700000;0;0;0;0;0;0;0;0
27.04.2020;19410.839844;19819.060547;19410.179688;19783.220703;19783.220703;77600000;0;0;0;0;0;0;0;0
28.04.2020;19776.179688;19841.779297;19638.480469;19771.189453;19771.189453;68600000;0;0;0;0;0;0;0;0
30.04.2020;20105.679688;20365.890625;20084.830078;20193.689453;20193.689453;103400000;0;0;0;0;0;0;0;0
01.05.2020;19991.970703;20000.250000;19551.730469;19619.349609;19619.349609;86600000;0;0;0;0;0;0;0;0
07.05.2020;19468.519531;19720.869141;19448.929688;19674.769531;19674.769531;82900000;0;0;0;0;0;0;0;0
08.05.2020;19972.089844;20179.089844;19894.580078;20179.089844;20179.089844;82200000;0;0;0;0;0;0;0;0
11.05.2020;20333.730469;20534.880859;20285.039063;20390.660156;20390.660156;76200000;0;0;0;0;0;0;0;0
12.05.2020;20413.230469;20457.369141;20293.970703;20366.480469;20366.480469;67700000;0;0;0;0;0;0;0;0
13.05.2020;20140.919922;20329.890625;20056.460938;20267.050781;20267.050781;79500000;0;0;0;0;0;0;0;0
14.05.2020;20140.490234;20185.000000;19902.929688;19914.779297;19914.779297;76900000;0;0;0;0;0;0;0;0
15.05.2020;20149.789063;20198.250000;19832.880859;20037.470703;20037.470703;75200000;0;0;0;0;0;0;0;0
18.05.2020;20097.619141;20197.589844;19999.099609;20133.730469;20133.730469;71900000;0;0;0;0;0;0;0;0
19.05.2020;20469.519531;20659.460938;20433.449219;20433.449219;20433.449219;93000000;0;0;0;0;0;0;0;0
20.05.2020;20454.490234;20684.460938;20454.029297;20595.150391;20595.150391;71800000;0;0;0;0;0;0;0;0
21.05.2020;20692.589844;20734.910156;20503.869141;20552.310547;20552.310547;62900000;0;0;0;0;0;0;0;0
22.05.2020;20583.949219;20615.119141;20334.990234;20388.160156;20388.160156;71100000;0;0;0;0;0;0;0;0
25.05.2020;20653.410156;20741.650391;20584.060547;20741.650391;20741.650391;55100000;0;0;0;0;0;0;0;0
26.05.2020;20927.960938;21328.339844;20918.109375;21271.169922;21271.169922;87200000;0;0;0;0;0;0;0;0
27.05.2020;21249.310547;21475.679688;21142.720703;21419.230469;21419.230469;112000000;0;0;0;0;0;0;0;0
28.05.2020;21612.900391;21926.289063;21580.500000;21916.310547;21916.310547;134000000;0;0;0;0;0;0;0;0
29.05.2020;21807.630859;21955.439453;21710.800781;21877.890625;21877.890625;153200000;0;0;0;0;0;0;0;0
01.06.2020;21910.890625;22161.390625;21898.990234;22062.390625;22062.390625;72200000;0;0;0;0;0;0;0;0
02.06.2020;22175.519531;22401.789063;22118.400391;22325.609375;22325.609375;77900000;0;0;0;0;0;0;0;0
03.06.2020;22649.009766;22818.869141;22462.679688;22613.759766;22613.759766;94100000;0;0;0;0;0;0;0;0
04.06.2020;22885.140625;22907.919922;22501.810547;22695.740234;22695.740234;92000000;0;0;0;0;0;0;0;0
05.06.2020;22613.080078;22865.880859;22563.560547;22863.730469;22863.730469;85600000;0;0;0;0;0;0;0;0
08.06.2020;23121.980469;23178.099609;23028.619141;23178.099609;23178.099609;108500000;0;0;0;0;0;0;0;0
09.06.2020;23135.789063;23185.849609;22933.140625;23091.029297;23091.029297;91500000;0;0;0;0;0;0;0;0
10.06.2020;22939.000000;23175.820313;22900.300781;23124.949219;23124.949219;75600000;0;0;0;0;0;0;0;0
11.06.2020;22848.019531;22939.390625;22466.539063;22472.910156;22472.910156;105900000;0;0;0;0;0;0;0;0
12.06.2020;22082.119141;22350.300781;21786.929688;22305.480469;22305.480469;120500000;0;0;0;0;0;0;0;0
15.06.2020;22135.269531;22251.830078;21529.830078;21530.949219;21530.949219;78500000;0;0;0;0;0;0;0;0
16.06.2020;21912.289063;22624.140625;21899.480469;22582.210938;22582.210938;100100000;0;0;0;0;0;0;0;0
17.06.2020;22517.140625;22536.380859;22318.070313;22455.759766;22455.759766;72500000;0;0;0;0;0;0;0;0
18.06.2020;22363.880859;22432.250000;22125.349609;22355.460938;22355.460938;65200000;0;0;0;0;0;0;0;0
19.06.2020;22515.750000;22523.660156;22352.160156;22478.789063;22478.789063;97000000;0;0;0;0;0;0;0;0
22.06.2020;22353.689453;22575.740234;22311.939453;22437.269531;22437.269531;54600000;0;0;0;0;0;0;0;0
23.06.2020;22636.060547;22693.890625;22257.140625;22549.050781;22549.050781;0;0;0;0;0;0;0;0;0
24.06.2020;22541.009766;22663.289063;22479.859375;22534.320313;22534.320313;67000000;0;0;0;0;0;0;0;0
25.06.2020;22287.869141;22423.410156;22165.140625;22259.789063;22259.789063;80800000;0;0;0;0;0;0;0;0
26.06.2020;22424.369141;22589.140625;22408.269531;22512.080078;22512.080078;66600000;0;0;0;0;0;0;0;0
29.06.2020;22255.050781;22281.380859;21969.589844;21995.039063;21995.039063;73700000;1;5800000;1;5800000;1;5800000;0;0
30.06.2020;22335.099609;22448.300781;22273.380859;22288.140625;22288.140625;74200000;0;0;0;0;0;0;0;0
01.07.2020;22338.300781;22360.310547;22039.560547;22121.730469;22121.730469;67400000;0;0;0;0;0;0;0;0
02.07.2020;22182.679688;22267.509766;22072.109375;22145.960938;22145.960938;73600000;0;0;0;0;0;0;0;0
03.07.2020;22266.910156;22312.439453;22154.970703;22306.480469;22306.480469;51700000;0;0;0;0;0;0;0;0
06.07.2020;22341.269531;22734.109375;22325.750000;22714.439453;22714.439453;58000000;0;0;0;0;0;0;0;0
07.07.2020;22649.900391;22742.279297;22540.439453;22614.689453;22614.689453;62700000;0;0;0;0;0;0;0;0
08.07.2020;22481.609375;22667.949219;22438.650391;22438.650391;22438.650391;64900000;0;0;0;0;0;0;0;0
09.07.2020;22442.300781;22679.080078;22434.380859;22529.289063;22529.289063;65200000;0;0;0;0;0;0;0;0
10.07.2020;22534.970703;22563.679688;22285.070313;22290.810547;22290.810547;78800000;0;0;0;0;0;0;0;0
13.07.2020;22591.810547;22784.740234;22561.470703;22784.740234;22784.740234;71200000;0;0;0;0;0;0;0;0
14.07.2020;22631.869141;22677.019531;22538.779297;22587.009766;22587.009766;61000000;0;0;0;0;0;0;0;0
15.07.2020;22817.910156;22965.560547;22800.109375;22945.500000;22945.500000;72600000;0;0;0;0;0;0;0;0
16.07.2020;22907.960938;22925.900391;22739.419922;22770.359375;22770.359375;89400000;0;0;0;0;0;0;0;0
17.07.2020;22807.570313;22857.820313;22643.519531;22696.419922;22696.419922;55900000;0;0;0;0;0;0;0;0
20.07.2020;22772.070313;22788.529297;22580.189453;22717.480469;22717.480469;50000000;0;0;0;0;0;0;0;0
21.07.2020;22789.380859;22925.580078;22780.220703;22884.220703;22884.220703;68600000;0;0;0;0;0;0;0;0
22.07.2020;22791.750000;22855.310547;22732.919922;22751.609375;22751.609375;65400000;0;0;0;0;0;0;0;0
27.07.2020;22495.949219;22741.130859;22429.570313;22715.849609;22715.849609;71800000;0;0;0;0;0;0;0;0
28.07.2020;22735.019531;22842.189453;22646.220703;22657.380859;22657.380859;67800000;0;0;0;0;0;0;0;0
29.07.2020;22543.890625;22584.869141;22366.339844;22397.109375;22397.109375;74300000;0;0;0;0;0;0;0;0
30.07.2020;22489.240234;22506.599609;22334.710938;22339.230469;22339.230469;77800000;0;0;0;0;0;0;0;0
31.07.2020;22267.589844;22295.050781;21710.000000;21710.000000;21710.000000;106600000;0;0;0;0;0;0;0;0
03.08.2020;21947.580078;22214.589844;21919.830078;22195.380859;22195.380859;84000000;0;0;0;0;0;0;0;0
04.08.2020;22379.740234;22603.820313;22379.740234;22573.660156;22573.660156;89100000;0;0;0;0;0;0;0;0
05.08.2020;22479.720703;22554.199219;22356.250000;22514.849609;22514.849609;74000000;0;0;0;0;0;0;0;0
06.08.2020;22471.710938;22587.750000;22362.890625;22418.150391;22418.150391;62600000;0;0;0;0;0;0;0;0
07.08.2020;22433.779297;22436.160156;22204.609375;22329.939453;22329.939453;66700000;0;0;0;0;0;0;0;0
11.08.2020;22505.509766;22760.869141;22497.070313;22750.240234;22750.240234;99300000;0;0;0;0;0;0;0;0
12.08.2020;22747.439453;22874.369141;22670.740234;22843.960938;22843.960938;90800000;0;0;0;0;0;0;0;0
13.08.2020;23123.359375;23316.689453;23111.500000;23249.609375;23249.609375;84800000;0;0;0;0;0;0;0;0
14.08.2020;23323.919922;23338.789063;23222.849609;23289.359375;23289.359375;59800000;0;0;0;0;0;0;0;0
17.08.2020;23189.480469;23248.750000;23068.529297;23096.750000;23096.750000;43600000;0;0;0;0;0;0;0;0
18.08.2020;23097.800781;23128.179688;22948.890625;23051.080078;23051.080078;55600000;0;0;0;0;0;0;0;0
19.08.2020;22997.929688;23149.849609;22953.599609;23110.609375;23110.609375;50100000;0;0;0;0;0;0;0;0
20.08.2020;23003.580078;23078.359375;22851.830078;22880.619141;22880.619141;50200000;0;0;0;0;0;0;0;0
21.08.2020;23022.759766;23135.429688;22920.300781;22920.300781;22920.300781;51200000;0;0;0;0;0;0;0;0
24.08.2020;22913.199219;23012.710938;22862.539063;22985.509766;22985.509766;40600000;0;0;0;0;0;0;0;0
25.08.2020;23242.740234;23431.039063;23225.390625;23296.769531;23296.769531;75300000;0;0;0;0;0;0;0;0
26.08.2020;23257.050781;23348.800781;23203.000000;23290.859375;23290.859375;47800000;0;0;0;0;0;0;0;0
27.08.2020;23311.039063;23323.070313;23177.849609;23208.859375;23208.859375;52700000;0;0;0;0;0;0;0;0
28.08.2020;23232.300781;23376.130859;22594.789063;22882.650391;22882.650391;98100000;0;0;0;0;0;0;0;0
31.08.2020;23147.140625;23342.320313;23102.609375;23139.759766;23139.759766;81000000;0;0;0;0;0;0;0;0
01.09.2020;23089.630859;23206.660156;23047.769531;23138.070313;23138.070313;59600000;0;0;0;0;0;0;0;0
02.09.2020;23261.089844;23287.400391;23170.820313;23247.150391;23247.150391;52600000;0;0;0;0;0;0;0;0
03.09.2020;23524.490234;23580.509766;23426.109375;23465.529297;23465.529297;57500000;0;0;0;0;0;0;0;0
04.09.2020;23130.320313;23257.689453;23098.769531;23205.429688;23205.429688;59300000;0;0;0;0;0;0;0;0
07.09.2020;23145.470703;23218.220703;23086.890625;23089.949219;23089.949219;57300000;0;0;0;0;0;0;0;0
08.09.2020;23188.789063;23277.660156;23129.660156;23274.130859;23274.130859;62100000;0;0;0;0;0;0;0;0
09.09.2020;22966.890625;23059.019531;22878.710938;23032.539063;23032.539063;84400000;0;0;0;0;0;0;0;0
10.09.2020;23193.470703;23250.310547;23134.019531;23235.470703;23235.470703;67600000;0;0;0;0;0;0;0;0
11.09.2020;23114.630859;23412.929688;23114.630859;23406.490234;23406.490234;76900000;0;0;0;0;0;0;0;0
14.09.2020;23431.160156;23582.210938;23429.419922;23559.300781;23559.300781;65400000;0;0;0;0;0;0;0;0
15.09.2020;23438.830078;23477.859375;23351.349609;23454.890625;23454.890625;61800000;0;0;0;0;0;0;0;0
16.09.2020;23425.230469;23506.449219;23397.429688;23475.529297;23475.529297;63000000;0;0;0;0;0;0;0;0
17.09.2020;23416.619141;23446.390625;23272.230469;23319.369141;23319.369141;61100000;0;0;0;0;0;0;0;0
18.09.2020;23321.189453;23398.460938;23290.189453;23360.300781;23360.300781;82600000;0;0;0;0;0;0;0;0
23.09.2020;23245.890625;23370.130859;23154.449219;23346.490234;23346.490234;77000000;0;0;0;0;0;0;0;0
24.09.2020;23215.000000;23234.720703;23039.480469;23087.820313;23087.820313;70500000;0;0;0;0;0;0;0;0
25.09.2020;23217.330078;23272.669922;23154.660156;23204.619141;23204.619141;72200000;0;0;0;0;0;0;0;0
28.09.2020;23391.960938;23516.039063;23303.029297;23511.619141;23511.619141;82000000;0;0;0;0;0;0;0;0
29.09.2020;23410.500000;23622.740234;23347.640625;23539.099609;23539.099609;61300000;0;0;0;0;0;0;0;0
30.09.2020;23478.849609;23522.380859;23170.890625;23185.119141;23185.119141;88200000;0;0;0;0;0;0;0;0
02.10.2020;23294.800781;23365.580078;22951.410156;23029.900391;23029.900391;86300000;0;0;0;0;0;0;0;0
05.10.2020;23254.279297;23377.429688;23252.689453;23312.140625;23312.140625;59500000;0;0;0;0;0;0;0;0
06.10.2020;23420.070313;23441.160156;23331.400391;23433.730469;23433.730469;57700000;0;0;0;0;0;0;0;0
07.10.2020;23272.449219;23432.730469;23272.449219;23422.820313;23422.820313;52100000;0;0;0;0;0;0;0;0
08.10.2020;23506.339844;23701.769531;23477.730469;23647.070313;23647.070313;56300000;0;0;0;0;0;0;0;0
09.10.2020;23713.859375;23725.580078;23552.730469;23619.689453;23619.689453;56100000;0;0;0;0;0;0;0;0
12.10.2020;23588.740234;23597.910156;23501.259766;23558.689453;23558.689453;44900000;0;0;0;0;0;0;0;0
13.10.2020;23667.900391;23667.900391;23490.949219;23601.779297;23601.779297;47200000;0;0;0;0;0;0;0;0
14.10.2020;23545.660156;23656.699219;23518.810547;23626.730469;23626.730469;54000000;0;0;0;0;0;0;0;0
15.10.2020;23548.449219;23581.160156;23458.429688;23507.230469;23507.230469;48300000;0;0;0;0;0;0;0;0
16.10.2020;23478.400391;23538.740234;23382.669922;23410.630859;23410.630859;48100000;0;0;0;0;0;0;0;0
19.10.2020;23543.689453;23707.160156;23543.689453;23671.130859;23671.130859;46300000;0;0;0;0;0;0;0;0
20.10.2020;23587.869141;23674.869141;23518.289063;23567.039063;23567.039063;48700000;0;0;0;0;0;0;0;0
21.10.2020;23615.519531;23702.300781;23611.330078;23639.460938;23639.460938;53300000;0;0;0;0;0;0;0;0
22.10.2020;23525.589844;23555.779297;23436.169922;23474.269531;23474.269531;44900000;0;0;0;0;0;0;0;0
23.10.2020;23558.710938;23587.900391;23469.130859;23516.589844;23516.589844;49200000;0;0;0;0;0;0;0;0
26.10.2020;23520.779297;23572.599609;23475.519531;23494.339844;23494.339844;41700000;0;0;0;0;0;0;0;0
27.10.2020;23376.960938;23485.800781;23232.310547;23485.800781;23485.800781;52700000;0;0;0;0;0;0;0;0
28.10.2020;23372.609375;23451.029297;23334.230469;23418.509766;23418.509766;67100000;0;0;0;0;0;0;0;0
29.10.2020;23170.759766;23374.099609;23170.759766;23331.939453;23331.939453;57500000;0;0;0;0;0;0;0;0
30.10.2020;23320.710938;23320.710938;22948.470703;22977.130859;22977.130859;76700000;0;0;0;0;0;0;0;0
02.11.2020;23110.740234;23370.910156;23096.789063;23295.480469;23295.480469;69700000;0;0;0;0;0;0;0;0
04.11.2020;23619.580078;23801.880859;23505.779297;23695.230469;23695.230469;81600000;0;0;0;0;0;0;0;0
05.11.2020;23776.199219;24112.419922;23756.779297;24105.279297;24105.279297;78600000;0;0;0;0;0;0;0;0
06.11.2020;24076.220703;24389.000000;24039.160156;24325.230469;24325.230469;73200000;0;0;0;0;0;0;0;0
09.11.2020;24568.839844;24962.800781;24541.279297;24839.839844;24839.839844;67000000;0;0;0;0;0;0;0;0
10.11.2020;25087.300781;25279.939453;24833.179688;24905.589844;24905.589844;128200000;0;0;0;0;0;0;0;0
11.11.2020;25145.660156;25401.300781;25145.660156;25349.599609;25349.599609;102500000;0;0;0;0;0;0;0;0
12.11.2020;25439.349609;25587.960938;25316.599609;25520.880859;25520.880859;80500000;0;0;0;0;0;0;0;0
13.11.2020;25405.640625;25456.179688;25215.310547;25385.869141;25385.869141;77600000;0;0;0;0;0;0;0;0
16.11.2020;25652.689453;25928.179688;25640.289063;25906.929688;25906.929688;84900000;0;0;0;0;0;0;0;0
17.11.2020;26043.449219;26057.300781;25851.539063;26014.619141;26014.619141;84800000;0;0;0;0;0;0;0;0
18.11.2020;25860.550781;25882.140625;25656.699219;25728.140625;25728.140625;69200000;0;0;0;0;0;0;0;0
19.11.2020;25628.730469;25650.859375;25474.939453;25634.339844;25634.339844;82000000;0;0;0;0;0;0;0;0
20.11.2020;25486.830078;25555.369141;25425.589844;25527.369141;25527.369141;63400000;0;0;0;0;0;0;0;0
24.11.2020;25901.449219;26261.779297;25901.449219;26165.589844;26165.589844;81700000;0;0;0;0;0;0;0;0
25.11.2020;26468.519531;26706.419922;26258.349609;26296.859375;26296.859375;92500000;0;0;0;0;0;0;0;0
26.11.2020;26255.470703;26560.029297;26255.470703;26537.310547;26537.310547;63500000;0;0;0;0;0;0;0;0
27.11.2020;26530.279297;26672.400391;26419.050781;26644.710938;26644.710938;86200000;0;0;0;0;0;0;0;0
30.11.2020;26830.099609;26834.199219;26405.830078;26433.619141;26433.619141;147700000;0;0;0;0;0;0;0;0
01.12.2020;26624.199219;26852.160156;26618.390625;26787.539063;26787.539063;73200000;0;0;0;0;0;0;0;0
02.12.2020;26884.990234;26889.900391;26695.279297;26800.980469;26800.980469;80200000;0;0;0;0;0;0;0;0
03.12.2020;26740.300781;26868.089844;26719.230469;26809.369141;26809.369141;69500000;0;0;0;0;0;0;0;0
04.12.2020;26697.259766;26799.830078;26646.080078;26751.240234;26751.240234;61600000;0;0;0;0;0;0;0;0
07.12.2020;26894.250000;26894.250000;26500.320313;26547.439453;26547.439453;61600000;0;0;0;0;0;0;0;0
08.12.2020;26380.320313;26523.300781;26327.080078;26467.080078;26467.080078;55100000;0;0;0;0;0;0;0;0
09.12.2020;26526.339844;26826.779297;26520.599609;26817.939453;26817.939453;61800000;0;0;0;0;0;0;0;0
10.12.2020;26688.500000;26852.769531;26639.980469;26756.240234;26756.240234;69200000;0;0;0;0;0;0;0;0
11.12.2020;26732.849609;26819.410156;26553.009766;26652.519531;26652.519531;74900000;0;0;0;0;0;0;0;0
14.12.2020;26659.529297;26870.470703;26648.689453;26732.439453;26732.439453;60000000;0;0;0;0;0;0;0;0
15.12.2020;26683.109375;26736.839844;26605.539063;26687.839844;26687.839844;59300000;0;0;0;0;0;0;0;0
16.12.2020;26835.589844;26874.980469;26717.029297;26757.400391;26757.400391;61300000;1;200000;0;0;0;0;0;0
17.12.2020;26744.500000;26843.050781;26676.279297;26806.669922;26806.669922;61500000;0;0;0;0;0;0;0;0
18.12.2020;26775.529297;26824.289063;26707.300781;26763.390625;26763.390625;73800000;0;0;0;0;0;0;0;0
21.12.2020;26834.099609;26905.669922;26533.630859;26714.419922;26714.419922;60700000;0;0;0;0;0;0;0;0
22.12.2020;26559.330078;26639.990234;26361.660156;26436.390625;26436.390625;58600000;0;0;0;0;0;0;0;0
23.12.2020;26580.429688;26585.210938;26414.740234;26524.789063;26524.789063;56000000;0;0;0;0;0;0;0;0
24.12.2020;26635.109375;26764.529297;26605.259766;26668.349609;26668.349609;47900000;0;0;0;0;0;0;0;0
25.12.2020;26708.099609;26716.609375;26638.279297;26656.609375;26656.609375;33400000;0;0;0;0;0;0;0;0
28.12.2020;26691.289063;26854.029297;26664.599609;26854.029297;26854.029297;50700000;0;0;0;0;0;0;0;0
29.12.2020;26936.380859;27602.519531;26921.140625;27568.150391;27568.150391;59400000;0;0;0;0;0;0;0;0
30.12.2020;27559.099609;27572.570313;27338.560547;27444.169922;27444.169922;50600000;0;0;0;0;0;0;0;0
04.01.2021;27575.570313;27602.109375;27042.320313;27258.380859;27258.380859;51500000;0;0;0;0;0;0;0;0
05.01.2021;27151.380859;27279.779297;27073.460938;27158.630859;27158.630859;55000000;0;0;0;0;0;0;0;0
06.01.2021;27102.849609;27196.400391;27002.179688;27055.939453;27055.939453;72700000;0;0;0;0;0;0;0;0
07.01.2021;27340.460938;27624.730469;27340.460938;27490.130859;27490.130859;98900000;1;2000000;1;2000000;0;0;0;0
08.01.2021;27720.140625;28139.029297;27667.750000;28139.029297;28139.029297;84900000;0;0;0;0;0;0;0;0
12.01.2021;28004.369141;28287.369141;27899.449219;28164.339844;28164.339844;78800000;0;0;0;0;0;0;0;0
13.01.2021;28140.099609;28503.429688;28133.589844;28456.589844;28456.589844;70900000;0;0;0;0;0;0;0;0
14.01.2021;28442.730469;28979.529297;28411.580078;28698.259766;28698.259766;81900000;0;0;0;0;0;0;0;0
15.01.2021;28777.470703;28820.500000;28477.029297;28519.179688;28519.179688;74100000;0;0;0;0;0;0;0;0
18.01.2021;28238.679688;28349.970703;28111.539063;28242.210938;28242.210938;51900000;0;0;0;0;0;0;0;0
19.01.2021;28405.490234;28720.910156;28373.339844;28633.460938;28633.460938;58200000;0;0;0;0;0;0;0;0
20.01.2021;28798.740234;28801.189453;28402.109375;28523.259766;28523.259766;69800000;0;0;0;0;0;0;0;0
21.01.2021;28710.410156;28846.150391;28677.609375;28756.859375;28756.859375;67700000;0;0;0;0;0;0;0;0
22.01.2021;28580.199219;28698.179688;28527.160156;28631.449219;28631.449219;66900000;0;0;0;0;0;0;0;0
25.01.2021;28698.890625;28822.289063;28566.849609;28822.289063;28822.289063;57300000;0;0;0;0;0;0;0;0
26.01.2021;28696.300781;28740.710938;28527.810547;28546.179688;28546.179688;63500000;0;0;0;0;0;0;0;0
27.01.2021;28665.339844;28754.990234;28542.000000;28635.210938;28635.210938;69000000;0;0;0;0;0;0;0;0
28.01.2021;28169.269531;28360.480469;27975.849609;28197.419922;28197.419922;123900000;0;0;0;0;0;0;0;0
29.01.2021;28320.720703;28320.720703;27629.800781;27663.390625;27663.390625;91700000;0;0;0;0;0;0;0;0
01.02.2021;27649.070313;28107.099609;27649.070313;28091.050781;28091.050781;65700000;0;0;0;0;0;0;0;0
02.02.2021;28207.480469;28379.310547;28089.119141;28362.169922;28362.169922;67500000;0;0;0;0;0;0;0;0
03.02.2021;28482.710938;28669.949219;28402.300781;28646.500000;28646.500000;84000000;0;0;0;0;0;0;0;0
04.02.2021;28557.460938;28600.220703;28325.890625;28341.949219;28341.949219;81100000;0;0;0;0;0;0;0;0
05.02.2021;28631.460938;28785.710938;28548.269531;28779.189453;28779.189453;93200000;0;0;0;0;0;0;0;0
08.02.2021;28831.580078;29400.560547;28817.599609;29388.500000;29388.500000;93600000;0;0;0;0;0;0;0;0
09.02.2021;29435.609375;29585.750000;29350.480469;29505.929688;29505.929688;86900000;0;0;0;0;0;0;0;0
10.02.2021;29412.550781;29562.929688;29368.179688;29562.929688;29562.929688;81100000;0;0;0;0;0;0;0;0
12.02.2021;29635.880859;29650.509766;29417.320313;29520.070313;29520.070313;79800000;0;0;0;0;0;0;0;0
15.02.2021;29662.410156;30092.339844;29662.410156;30084.150391;30084.150391;70300000;1;7700000;1;7700000;1;7700000;0;0
16.02.2021;30229.460938;30714.519531;30191.650391;30467.750000;30467.750000;81300000;0;0;0;0;0;0;0;0
17.02.2021;30366.820313;30398.199219;30191.009766;30292.189453;30292.189453;74800000;0;0;0;0;0;0;0;0
18.02.2021;30311.980469;30560.490234;30140.009766;30236.089844;30236.089844;77900000;0;0;0;0;0;0;0;0
19.02.2021;29970.589844;30169.589844;29847.330078;30017.919922;30017.919922;63700000;0;0;0;0;0;0;0;0
22.02.2021;30281.779297;30458.130859;30089.179688;30156.029297;30156.029297;62800000;0;0;0;0;0;0;0;0
24.02.2021;30020.109375;30089.589844;29671.699219;29671.699219;29671.699219;79300000;0;0;0;0;0;0;0;0
25.02.2021;30077.269531;30213.279297;30044.429688;30168.269531;30168.269531;70100000;0;0;0;0;0;0;0;0
26.02.2021;29753.730469;29760.310547;28966.009766;28966.009766;28966.009766;92900000;0;0;0;0;0;0;0;0
01.03.2021;29419.449219;29686.390625;29396.039063;29663.500000;29663.500000;62700000;0;0;0;0;0;0;0;0
02.03.2021;29939.750000;29996.390625;29314.820313;29408.169922;29408.169922;70100000;0;0;0;0;0;0;0;0
03.03.2021;29482.119141;29604.369141;29336.599609;29559.099609;29559.099609;68800000;0;0;0;0;0;0;0;0
04.03.2021;29198.419922;29277.189453;28711.039063;28930.109375;28930.109375;75200000;0;0;0;0;0;0;0;0
05.03.2021;28725.480469;28867.830078;28308.570313;28864.320313;28864.320313;85800000;0;0;0;0;0;0;0;0
08.03.2021;29208.189453;29255.900391;28644.259766;28743.250000;28743.250000;92400000;0;0;0;0;0;0;0;0
09.03.2021;28748.869141;29053.560547;28609.210938;29027.939453;29027.939453;96700000;0;0;0;0;0;0;0;0
10.03.2021;29118.279297;29233.470703;28960.089844;29036.560547;29036.560547;83000000;0;0;0;0;0;0;0;0
11.03.2021;29033.919922;29255.419922;28995.330078;29211.640625;29211.640625;78500000;0;0;0;0;0;0;0;0
12.03.2021;29287.740234;29744.320313;29210.400391;29717.830078;29717.830078;96600000;0;0;0;0;0;0;0;0
15.03.2021;29804.500000;29884.730469;29670.310547;29766.970703;29766.970703;94100000;0;0;0;0;0;0;0;0
16.03.2021;29770.390625;30026.400391;29755.470703;29921.089844;29921.089844;83800000;0;0;0;0;0;0;0;0
17.03.2021;29836.830078;29984.970703;29825.160156;29914.330078;29914.330078;74600000;0;0;0;0;0;0;0;0
18.03.2021;30148.480469;30485.000000;30041.500000;30216.750000;30216.750000;95400000;0;0;0;0;0;0;0;0
19.03.2021;29904.570313;30049.769531;29621.220703;29792.050781;29792.050781;128500000;0;0;0;0;0;0;0;0
22.03.2021;29444.099609;29472.980469;29107.630859;29174.150391;29174.150391;78800000;1;550000;1;550000;0;0;0;0
23.03.2021;29381.490234;29496.830078;28995.919922;28995.919922;28995.919922;79200000;0;0;0;0;0;0;0;0
24.03.2021;28765.550781;28867.669922;28379.060547;28405.519531;28405.519531;96000000;0;0;0;0;0;0;0;0
25.03.2021;28457.330078;28821.830078;28414.919922;28729.880859;28729.880859;72800000;0;0;0;0;0;0;0;0
26.03.2021;29068.519531;29240.740234;28953.220703;29176.699219;29176.699219;73700000;0;0;0;0;0;0;0;0
29.03.2021;29478.119141;29578.369141;29200.880859;29384.519531;29384.519531;107900000;0;0;0;0;0;0;0;0
30.03.2021;29365.039063;29478.199219;29283.890625;29432.699219;29432.699219;79900000;0;0;0;0;0;0;0;0
31.03.2021;29278.330078;29348.990234;29165.519531;29178.800781;29178.800781;82000000;0;0;0;0;0;0;0;0
01.04.2021;29441.910156;29585.460938;29318.820313;29388.869141;29388.869141;75600000;0;0;0;0;0;0;0;0
02.04.2021;29704.660156;29869.669922;29694.089844;29854.000000;29854.000000;57200000;0;0;0;0;0;0;0;0
05.04.2021;30084.609375;30195.000000;30024.250000;30089.250000;30089.250000;55400000;0;0;0;0;0;0;0;0
06.04.2021;30208.890625;30208.890625;29665.859375;29696.630859;29696.630859;65500000;0;0;0;0;0;0;0;0
07.04.2021;29743.480469;29867.939453;29523.550781;29730.789063;29730.789063;61500000;0;0;0;0;0;0;0;0
08.04.2021;29675.880859;29744.789063;29516.419922;29708.980469;29708.980469;62600000;0;0;0;0;0;0;0;0
09.04.2021;29865.529297;30064.349609;29768.060547;29768.060547;29768.060547;64900000;0;0;0;0;0;0;0;0
12.04.2021;29874.429688;29876.039063;29538.730469;29538.730469;29538.730469;50200000;0;0;0;0;0;0;0;0
13.04.2021;29605.689453;29897.109375;29573.789063;29751.609375;29751.609375;54900000;0;0;0;0;0;0;0;0
14.04.2021;29718.060547;29722.400391;29567.179688;29620.990234;29620.990234;57200000;0;0;0;0;0;0;0;0
15.04.2021;29573.900391;29787.660156;29558.550781;29642.689453;29642.689453;50600000;0;0;0;0;0;0;0;0
16.04.2021;29789.080078;29789.080078;29621.830078;29683.369141;29683.369141;49100000;0;0;0;0;0;0;0;0
19.04.2021;29688.320313;29808.009766;29530.839844;29685.369141;29685.369141;44700000;0;0;0;0;0;0;0;0
20.04.2021;29355.869141;29361.279297;29014.359375;29100.380859;29100.380859;59900000;0;0;0;0;0;0;0;0
21.04.2021;28660.359375;28778.929688;28419.839844;28508.550781;28508.550781;71000000;0;0;0;0;0;0;0;0
22.04.2021;28880.779297;29192.390625;28800.859375;29188.169922;29188.169922;55100000;0;0;0;0;0;0;0;0
23.04.2021;28939.119141;29035.339844;28770.619141;29020.630859;29020.630859;47500000;0;0;0;0;0;0;0;0
26.04.2021;29095.490234;29241.279297;28896.369141;29126.230469;29126.230469;49200000;0;0;0;0;0;0;0;0
27.04.2021;29174.529297;29187.109375;28990.189453;28991.890625;28991.890625;59400000;0;0;0;0;0;0;0;0
28.04.2021;28935.509766;29139.699219;28875.910156;29053.970703;29053.970703;61400000;0;0;0;0;0;0;0;0
30.04.2021;28996.660156;29046.490234;28760.269531;28812.630859;28812.630859;78400000;0;0;0;0;0;0;0;0
06.05.2021;29024.009766;29430.220703;28966.470703;29331.369141;29331.369141;94300000;0;0;0;0;0;0;0;0
07.05.2021;29330.449219;29449.859375;29237.359375;29357.820313;29357.820313;67500000;0;0;0;0;0;0;0;0
10.05.2021;29376.890625;29685.410156;29346.140625;29518.339844;29518.339844;66300000;0;0;0;0;0;0;0;0
11.05.2021;29238.560547;29289.119141;28535.359375;28608.589844;28608.589844;73200000;0;0;0;0;0;0;0;0
12.05.2021;28712.099609;28831.029297;27888.589844;28147.509766;28147.509766;90000000;0;0;0;0;0;0;0;0
13.05.2021;27929.009766;27961.960938;27385.029297;27448.009766;27448.009766;80500000;0;0;0;0;0;0;0;0
14.05.2021;27723.699219;28139.960938;27723.699219;28084.470703;28084.470703;73500000;0;0;0;0;0;0;0;0
17.05.2021;28310.460938;28312.779297;27632.529297;27824.830078;27824.830078;63900000;0;0;0;0;0;0;0;0
18.05.2021;27931.570313;28481.169922;27931.570313;28406.839844;28406.839844;74700000;0;0;0;0;0;0;0;0
19.05.2021;28031.220703;28216.650391;27842.980469;28044.449219;28044.449219;68700000;0;0;0;0;0;0;0;0
20.05.2021;27875.500000;28176.869141;27821.960938;28098.250000;28098.250000;56800000;0;0;0;0;0;0;0;0
21.05.2021;28269.609375;28411.560547;28193.029297;28317.830078;28317.830078;58700000;0;0;0;0;0;0;0;0
24.05.2021;28212.320313;28584.179688;28212.320313;28364.609375;28364.609375;54700000;0;0;0;0;0;0;0;0
25.05.2021;28516.990234;28576.970703;28443.740234;28553.980469;28553.980469;54000000;0;0;0;0;0;0;0;0
26.05.2021;28396.619141;28710.830078;28396.619141;28642.189453;28642.189453;64200000;0;0;0;0;0;0;0;0
27.05.2021;28543.320313;28587.210938;28360.560547;28549.009766;28549.009766;138200000;0;0;0;0;0;0;0;0
28.05.2021;28912.539063;29194.109375;28899.660156;29149.410156;29149.410156;80600000;0;0;0;0;0;0;0;0
31.05.2021;29019.449219;29147.710938;28791.599609;28860.080078;28860.080078;53800000;0;0;0;0;0;0;0;0
01.06.2021;28998.650391;29075.470703;28611.250000;28814.339844;28814.339844;47400000;0;0;0;0;0;0;0;0
02.06.2021;28730.810547;29003.550781;28565.830078;28946.140625;28946.140625;71000000;0;0;0;0;0;0;0;0
03.06.2021;28890.390625;29157.160156;28879.150391;29058.109375;29058.109375;58500000;0;0;0;0;0;0;0;0
04.06.2021;28901.419922;28991.240234;28764.679688;28941.519531;28941.519531;55800000;0;0;0;0;0;0;0;0
07.06.2021;29214.000000;29241.199219;28973.050781;29019.240234;29019.240234;51000000;0;0;0;0;0;0;0;0
08.06.2021;29046.029297;29140.679688;28897.640625;28963.560547;28963.560547;50400000;0;0;0;0;0;0;0;0
09.06.2021;28901.560547;28932.029297;28801.830078;28860.800781;28860.800781;50400000;0;0;0;0;0;0;0;0
10.06.2021;28799.740234;29007.529297;28799.740234;28958.560547;28958.560547;53300000;0;0;0;0;0;0;0;0
11.06.2021;29030.039063;29080.890625;28839.539063;28948.730469;28948.730469;71100000;0;0;0;0;0;0;0;0
14.06.2021;29153.109375;29208.349609;29026.269531;29161.800781;29161.800781;45000000;0;0;0;0;0;0;0;0
15.06.2021;29256.029297;29480.849609;29235.710938;29441.300781;29441.300781;53000000;0;0;0;0;0;0;0;0
16.06.2021;29306.140625;29434.099609;29263.720703;29291.009766;29291.009766;52400000;0;0;0;0;0;0;0;0
17.06.2021;29149.339844;29197.679688;28875.390625;29018.330078;29018.330078;56900000;0;0;0;0;0;0;0;0
18.06.2021;29136.740234;29136.740234;28957.980469;28964.080078;28964.080078;90200000;0;0;0;0;0;0;0;0
21.06.2021;28506.839844;28506.839844;27795.859375;28010.929688;28010.929688;75800000;0;0;0;0;0;0;0;0
22.06.2021;28513.070313;28895.259766;28494.460938;28884.130859;28884.130859;67800000;0;0;0;0;0;0;0;0
23.06.2021;28886.919922;29007.830078;28860.060547;28874.890625;28874.890625;51100000;0;0;0;0;0;0;0;0
24.06.2021;28811.820313;28935.339844;28758.369141;28875.230469;28875.230469;44600000;0;0;0;0;0;0;0;0
25.06.2021;29137.300781;29174.169922;28992.740234;29066.179688;29066.179688;51600000;0;0;0;0;0;0;0;0
28.06.2021;29112.660156;29121.279297;28984.929688;29048.019531;29048.019531;47700000;0;0;0;0;0;0;0;0
29.06.2021;28927.439453;28951.679688;28735.550781;28812.609375;28812.609375;59700000;0;0;0;0;0;0;0;0
30.06.2021;28896.310547;28998.990234;28779.759766;28791.529297;28791.529297;54000000;0;0;0;0;0;0;0;0
01.07.2021;28832.410156;28833.169922;28624.800781;28707.039063;28707.039063;45900000;0;0;0;0;0;0;0;0
02.07.2021;28719.240234;28849.320313;28688.630859;28783.279297;28783.279297;47500000;0;0;0;0;0;0;0;0
05.07.2021;28709.570313;28731.070313;28581.080078;28598.189453;28598.189453;38500000;1;250000;1;250000;0;0;0;0
06.07.2021;28677.949219;28748.230469;28587.609375;28643.210938;28643.210938;41700000;0;0;0;0;0;0;0;0
07.07.2021;28262.400391;28434.990234;28161.750000;28366.949219;28366.949219;60300000;0;0;0;0;0;0;0;0
08.07.2021;28332.630859;28366.759766;28118.029297;28118.029297;28118.029297;62200000;0;0;0;0;0;0;0;0
09.07.2021;27739.419922;28000.019531;27419.400391;27940.419922;27940.419922;82300000;0;0;0;0;0;0;0;0
12.07.2021;28412.699219;28595.119141;28405.599609;28569.019531;28569.019531;55500000;0;0;0;0;0;0;0;0
13.07.2021;28713.820313;28852.310547;28699.039063;28718.240234;28718.240234;49800000;0;0;0;0;0;0;0;0
14.07.2021;28517.310547;28696.800781;28482.820313;28608.490234;28608.490234;54800000;0;0;0;0;0;0;0;0
15.07.2021;28539.320313;28571.720703;28240.210938;28279.089844;28279.089844;53200000;0;0;0;0;0;0;0;0
16.07.2021;28039.259766;28201.300781;27847.349609;28003.080078;28003.080078;50400000;0;0;0;0;0;0;0;0
19.07.2021;27663.400391;27792.519531;27493.630859;27652.740234;27652.740234;49900000;0;0;0;0;0;0;0;0
20.07.2021;27351.800781;27564.519531;27330.150391;27388.160156;27388.160156;63000000;0;0;0;0;0;0;0;0
21.07.2021;27747.060547;27882.429688;27438.070313;27548.000000;27548.000000;51400000;0;0;0;0;0;0;0;0
26.07.2021;27990.470703;28036.470703;27786.439453;27833.289063;27833.289063;54500000;0;0;0;0;0;0;0;0
27.07.2021;27911.929688;28036.230469;27862.689453;27970.220703;27970.220703;51700000;0;0;0;0;0;0;0;0
28.07.2021;27674.990234;27809.859375;27466.990234;27581.660156;27581.660156;57100000;0;0;0;0;0;0;0;0
29.07.2021;27722.609375;27798.050781;27663.410156;27782.419922;27782.419922;67800000;0;0;0;0;0;0;0;0
30.07.2021;27677.890625;27699.349609;27272.490234;27283.589844;27283.589844;70600000;0;0;0;0;0;0;0;0
02.08.2021;27493.320313;27834.599609;27493.320313;27781.019531;27781.019531;60100000;0;0;0;0;0;0;0;0
03.08.2021;27580.029297;27724.449219;27492.400391;27641.830078;27641.830078;57900000;0;0;0;0;0;0;0;0
04.08.2021;27612.900391;27636.339844;27488.740234;27584.080078;27584.080078;67500000;0;0;0;0;0;0;0;0
05.08.2021;27526.669922;27741.550781;27526.669922;27728.119141;27728.119141;55900000;0;0;0;0;0;0;0;0
06.08.2021;27709.220703;27888.869141;27709.220703;27820.039063;27820.039063;56400000;0;0;0;0;0;0;0;0
10.08.2021;27887.029297;28128.609375;27808.539063;27888.150391;27888.150391;61400000;0;0;0;0;0;0;0;0
11.08.2021;28045.839844;28146.679688;27974.990234;28070.509766;28070.509766;67100000;1;100000;0;0;0;0;0;0
12.08.2021;28177.199219;28279.800781;28006.310547;28015.019531;28015.019531;57900000;0;0;0;0;0;0;0;0
13.08.2021;28038.960938;28070.000000;27949.330078;27977.150391;27977.150391;55800000;0;0;0;0;0;0;0;0
16.08.2021;27806.109375;27833.210938;27427.380859;27523.189453;27523.189453;57200000;0;0;0;0;0;0;0;0
17.08.2021;27666.939453;27750.390625;27424.470703;27424.470703;27424.470703;49600000;0;0;0;0;0;0;0;0
18.08.2021;27418.080078;27671.570313;27347.769531;27585.910156;27585.910156;50100000;0;0;0;0;0;0;0;0
19.08.2021;27398.580078;27504.800781;27255.580078;27281.169922;27281.169922;65100000;0;0;0;0;0;0;0;0
20.08.2021;27238.449219;27316.789063;26954.810547;27013.250000;27013.250000;75800000;0;0;0;0;0;0;0;0
23.08.2021;27193.099609;27541.630859;27193.099609;27494.240234;27494.240234;56800000;0;0;0;0;0;0;0;0
24.08.2021;27653.230469;27817.890625;27653.230469;27732.099609;27732.099609;57100000;0;0;0;0;0;0;0;0
25.08.2021;27768.130859;27897.720703;27684.050781;27724.800781;27724.800781;51500000;0;0;0;0;0;0;0;0
26.08.2021;27793.630859;27828.279297;27684.500000;27742.289063;27742.289063;48500000;0;0;0;0;0;0;0;0
27.08.2021;27581.240234;27670.660156;27481.230469;27641.140625;27641.140625;49200000;0;0;0;0;0;0;0;0
30.08.2021;27867.599609;27921.550781;27656.630859;27789.289063;27789.289063;58600000;0;0;0;0;0;0;0;0
31.08.2021;27690.769531;28158.949219;27602.210938;28089.539063;28089.539063;75900000;0;0;0;0;0;0;0;0
01.09.2021;28179.039063;28457.669922;28179.039063;28451.019531;28451.019531;64800000;0;0;0;0;0;0;0;0
02.09.2021;28522.460938;28626.199219;28412.910156;28543.509766;28543.509766;60100000;0;0;0;0;0;0;0;0
03.09.2021;28626.480469;29149.650391;28607.869141;29128.109375;29128.109375;74900000;0;0;0;0;0;0;0;0
06.09.2021;29501.220703;29705.039063;29469.349609;29659.890625;29659.890625;68300000;0;0;0;0;0;0;0;0
07.09.2021;29883.919922;30048.230469;29838.429688;29916.140625;29916.140625;75200000;0;0;0;0;0;0;0;0
08.09.2021;29819.550781;30241.869141;29787.130859;30181.210938;30181.210938;82500000;0;0;0;0;0;0;0;0
09.09.2021;29959.210938;30097.560547;29909.919922;30008.189453;30008.189453;78800000;0;0;0;0;0;0;0;0
10.09.2021;30089.449219;30381.839844;30064.019531;30381.839844;30381.839844;88800000;0;0;0;0;0;0;0;0
13.09.2021;30372.019531;30447.369141;30229.009766;30447.369141;30447.369141;64600000;0;0;0;0;0;0;0;0
14.09.2021;30584.769531;30795.779297;30504.810547;30670.099609;30670.099609;79100000;0;0;0;0;0;0;0;0
15.09.2021;30464.169922;30573.410156;30347.300781;30511.710938;30511.710938;68600000;0;0;0;0;0;0;0;0
16.09.2021;30606.150391;30622.390625;30202.509766;30323.339844;30323.339844;69900000;0;0;0;0;0;0;0;0
17.09.2021;30387.539063;30541.990234;30358.929688;30500.050781;30500.050781;97900000;0;0;0;0;0;0;0;0
21.09.2021;30021.250000;30051.000000;29832.519531;29839.710938;29839.710938;76300000;0;0;0;0;0;0;0;0
22.09.2021;29744.730469;29868.099609;29573.880859;29639.400391;29639.400391;69000000;0;0;0;0;0;0;0;0
24.09.2021;30141.609375;30276.380859;30110.300781;30248.810547;30248.810547;84600000;0;0;0;0;0;0;0;0
27.09.2021;30277.820313;30414.609375;30197.400391;30240.060547;30240.060547;74600000;0;0;0;0;0;0;0;0
28.09.2021;30142.380859;30207.630859;30001.990234;30183.960938;30183.960938;89800000;0;0;0;0;0;0;0;0
29.09.2021;29611.919922;29679.259766;29329.160156;29544.289063;29544.289063;94700000;0;0;0;0;0;0;0;0
30.09.2021;29569.189453;29622.269531;29311.339844;29452.660156;29452.660156;99000000;0;0;0;0;0;0;0;0
01.10.2021;29235.109375;29393.669922;28680.730469;28771.070313;28771.070313;82200000;0;0;0;0;0;0;0;0
04.10.2021;29044.470703;29046.060547;28343.580078;28444.890625;28444.890625;76400000;0;0;0;0;0;0;0;0
05.10.2021;28050.390625;28058.669922;27460.289063;27822.119141;27822.119141;88200000;0;0;0;0;0;0;0;0
06.10.2021;28033.910156;28209.820313;27293.619141;27528.869141;27528.869141;100200000;0;0;0;0;0;0;0;0
07.10.2021;27665.970703;28015.109375;27607.970703;27678.210938;27678.210938;79600000;0;0;0;0;0;0;0;0
08.10.2021;28031.369141;28321.349609;28018.890625;28048.939453;28048.939453;82700000;0;0;0;0;0;0;0;0
11.10.2021;27977.570313;28581.359375;27893.320313;28498.199219;28498.199219;72300000;0;0;0;0;0;0;0;0
12.10.2021;28458.880859;28468.880859;28166.380859;28230.609375;28230.609375;66300000;0;0;0;0;0;0;0;0
13.10.2021;28085.439453;28364.990234;27993.460938;28140.279297;28140.279297;63900000;0;0;0;0;0;0;0;0
14.10.2021;28264.410156;28576.679688;28234.009766;28550.929688;28550.929688;64800000;0;0;0;0;0;0;0;0
15.10.2021;28787.259766;29082.349609;28726.220703;29068.630859;29068.630859;66300000;0;0;0;0;0;0;0;0
18.10.2021;29093.820313;29144.330078;28924.400391;29025.460938;29025.460938;62600000;0;0;0;0;0;0;0;0
19.10.2021;29117.279297;29272.490234;29075.369141;29215.519531;29215.519531;57600000;0;0;0;0;0;0;0;0
20.10.2021;29385.949219;29489.109375;29222.320313;29255.550781;29255.550781;66100000;0;0;0;0;0;0;0;0
21.10.2021;29152.740234;29220.820313;28688.779297;28708.580078;28708.580078;59100000;0;0;0;0;0;0;0;0
22.10.2021;28578.529297;28989.500000;28546.570313;28804.849609;28804.849609;60200000;0;0;0;0;0;0;0;0
25.10.2021;28527.130859;28668.699219;28472.550781;28600.410156;28600.410156;62700000;0;0;0;0;0;0;0;0
26.10.2021;28927.609375;29160.759766;28893.949219;29106.009766;29106.009766;72800000;0;0;0;0;0;0;0;0
27.10.2021;29056.009766;29139.220703;28870.250000;29098.240234;29098.240234;70600000;0;0;0;0;0;0;0;0
28.10.2021;28871.609375;28895.109375;28693.060547;28820.089844;28820.089844;142800000;0;0;0;0;0;0;0;0
29.10.2021;28819.160156;29000.650391;28475.060547;28892.689453;28892.689453;104500000;0;0;0;0;0;0;0;0
01.11.2021;29330.679688;29666.830078;29267.630859;29647.080078;29647.080078;76700000;0;0;0;0;0;0;0;0
02.11.2021;29462.400391;29599.570313;29457.179688;29520.900391;29520.900391;71100000;0;0;0;0;0;0;0;0
04.11.2021;29859.740234;29880.810547;29718.779297;29794.369141;29794.369141;90400000;0;0;0;0;0;0;0;0
05.11.2021;29840.730469;29840.730469;29504.070313;29611.570313;29611.570313;73500000;0;0;0;0;0;0;0;0
08.11.2021;29735.449219;29735.449219;29507.050781;29507.050781;29507.050781;68300000;0;0;0;0;0;0;0;0
09.11.2021;29557.550781;29750.460938;29240.310547;29285.460938;29285.460938;65000000;0;0;0;0;0;0;0;0
10.11.2021;29209.060547;29296.880859;29079.769531;29106.779297;29106.779297;63900000;0;0;0;0;0;0;0;0
11.11.2021;29046.189453;29336.029297;29040.080078;29277.859375;29277.859375;60600000;0;0;0;0;0;0;0;0
12.11.2021;29381.449219;29661.220703;29381.449219;29609.970703;29609.970703;68400000;0;0;0;0;0;0;0;0
15.11.2021;29807.369141;29861.880859;29718.210938;29776.800781;29776.800781;60400000;0;0;0;0;0;0;0;0
16.11.2021;29749.710938;29960.929688;29681.250000;29808.119141;29808.119141;62000000;0;0;0;0;0;0;0;0
17.11.2021;29906.679688;29909.970703;29623.789063;29688.330078;29688.330078;63900000;0;0;0;0;0;0;0;0
18.11.2021;29597.929688;29715.949219;29402.570313;29598.660156;29598.660156;65400000;0;0;0;0;0;0;0;0
19.11.2021;29641.050781;29768.539063;29589.189453;29745.869141;29745.869141;65600000;0;0;0;0;0;0;0;0
22.11.2021;29618.550781;29806.490234;29542.289063;29774.109375;29774.109375;58800000;0;0;0;0;0;0;0;0
24.11.2021;29663.449219;29758.050781;29212.929688;29302.660156;29302.660156;69500000;0;0;0;0;0;0;0;0
25.11.2021;29469.650391;29570.419922;29444.449219;29499.279297;29499.279297;50700000;0;0;0;0;0;0;0;0
26.11.2021;29324.470703;29332.990234;28605.609375;28751.619141;28751.619141;72900000;0;0;0;0;0;0;0;0
29.11.2021;28337.960938;28776.339844;28187.119141;28283.919922;28283.919922;85900000;0;0;0;0;0;0;0;0
30.11.2021;28611.730469;28718.699219;27819.140625;27821.759766;27821.759766;140700000;0;0;0;0;0;0;0;0
01.12.2021;27866.730469;28106.300781;27594.009766;27935.619141;27935.619141;80900000;0;0;0;0;0;0;0;0
02.12.2021;27716.199219;27938.550781;27644.960938;27753.369141;27753.369141;77400000;0;0;0;0;0;0;0;0
03.12.2021;27841.050781;28029.570313;27588.609375;28029.570313;28029.570313;71900000;0;0;0;0;0;0;0;0
06.12.2021;28069.960938;28081.039063;27693.910156;27927.369141;27927.369141;61700000;0;0;0;0;0;0;0;0
07.12.2021;28138.820313;28618.460938;27961.660156;28455.599609;28455.599609;78300000;0;0;0;0;0;0;0;0
08.12.2021;28792.890625;28897.439453;28621.470703;28860.619141;28860.619141;72000000;0;0;0;0;0;0;0;0
09.12.2021;28827.320313;28908.289063;28725.470703;28725.470703;28725.470703;54400000;0;0;0;0;0;0;0;0
10.12.2021;28542.500000;28699.009766;28392.869141;28437.769531;28437.769531;63400000;0;0;0;0;0;0;0;0
13.12.2021;28705.259766;28793.320313;28593.449219;28640.490234;28640.490234;53500000;0;0;0;0;0;0;0;0
14.12.2021;28554.859375;28672.960938;28309.669922;28432.640625;28432.640625;55200000;0;0;0;0;0;0;0;0
15.12.2021;28358.470703;28525.830078;28358.470703;28459.720703;28459.720703;55900000;0;0;0;0;0;0;0;0
16.12.2021;28868.369141;29070.080078;28782.189453;29066.320313;29066.320313;60300000;0;0;0;0;0;0;0;0
17.12.2021;28854.599609;28904.939453;28503.080078;28545.679688;28545.679688;84400000;0;0;0;0;0;0;0;0
20.12.2021;28325.460938;28441.509766;27893.179688;27937.810547;27937.810547;65200000;0;0;0;0;0;0;0;0
21.12.2021;28309.599609;28533.740234;28226.429688;28517.589844;28517.589844;55800000;0;0;0;0;0;0;0;0
22.12.2021;28614.060547;28673.769531;28473.849609;28562.210938;28562.210938;44700000;0;0;0;0;0;0;0;0
23.12.2021;28703.009766;28798.369141;28640.150391;28798.369141;28798.369141;43600000;0;0;0;0;0;0;0;0
24.12.2021;28836.050781;28870.130859;28773.500000;28782.589844;28782.589844;35900000;0;0;0;0;0;0;0;0
27.12.2021;28786.330078;28805.279297;28658.820313;28676.460938;28676.460938;37500000;0;0;0;0;0;0;0;0
28.12.2021;28953.320313;29121.009766;28879.679688;29069.160156;29069.160156;47000000;0;0;0;0;0;0;0;0
29.12.2021;28995.730469;29106.279297;28729.609375;28906.880859;28906.880859;44700000;0;0;0;0;0;0;0;0
30.12.2021;28794.240234;28904.419922;28579.490234;28791.710938;28791.710938;40400000;0;0;0;0;0;0;0;0
04.01.2022;29098.410156;29323.789063;28954.560547;29301.789063;29301.789063;66000000;0;0;0;0;0;0;0;0
05.01.2022;29288.800781;29388.160156;29204.449219;29332.160156;29332.160156;78600000;0;0;0;0;0;0;0;0
06.01.2022;29136.750000;29158.949219;28487.869141;28487.869141;28487.869141;71600000;0;0;0;0;0;0;0;0
07.01.2022;28711.529297;28813.089844;28293.699219;28478.560547;28478.560547;75200000;0;0;0;0;0;0;0;0
11.01.2022;28380.900391;28473.470703;28089.490234;28222.480469;28222.480469;73700000;0;0;0;0;0;0;0;0
12.01.2022;28449.529297;28814.310547;28427.599609;28765.660156;28765.660156;72500000;0;0;0;0;0;0;0;0
13.01.2022;28658.220703;28660.449219;28444.960938;28489.130859;28489.130859;69900000;0;0;0;0;0;0;0;0
14.01.2022;28246.990234;28252.960938;27889.210938;28124.279297;28124.279297;82100000;0;0;0;0;0;0;0;0
17.01.2022;28332.720703;28449.990234;28274.179688;28333.519531;28333.519531;54500000;0;0;0;0;0;0;0;0
18.01.2022;28451.339844;28690.339844;28129.660156;28257.250000;28257.250000;71300000;0;0;0;0;0;0;0;0
19.01.2022;27928.890625;27958.169922;27314.410156;27467.230469;27467.230469;84300000;0;0;0;0;0;0;0;0
20.01.2022;27401.429688;27882.529297;27217.589844;27772.929688;27772.929688;74000000;0;0;0;0;0;0;0;0
21.01.2022;27404.359375;27586.419922;27129.609375;27522.259766;27522.259766;72700000;0;0;0;0;0;0;0;0
24.01.2022;27258.449219;27627.599609;27203.330078;27588.369141;27588.369141;61000000;0;0;0;0;0;0;0;0
25.01.2022;27466.820313;27493.750000;26890.939453;27131.339844;27131.339844;77000000;0;0;0;0;0;0;0;0
26.01.2022;27105.980469;27184.539063;26858.679688;27011.330078;27011.330078;60500000;0;0;0;0;0;0;0;0
27.01.2022;27139.880859;27193.589844;26044.519531;26170.300781;26170.300781;88700000;0;0;0;0;0;0;0;0
28.01.2022;26429.849609;26764.849609;26289.689453;26717.339844;26717.339844;76000000;0;0;0;0;0;0;0;0
31.01.2022;26690.599609;27134.570313;26541.650391;27001.980469;27001.980469;78300000;0;0;0;0;0;0;0;0
01.02.2022;27167.140625;27410.789063;27016.710938;27078.480469;27078.480469;81100000;0;0;0;0;0;0;0;0
02.02.2022;27302.990234;27564.619141;27289.160156;27533.599609;27533.599609;85200000;0;0;0;0;0;0;0;0
03.02.2022;27330.960938;27357.330078;27165.929688;27241.310547;27241.310547;81100000;0;0;0;0;0;0;0;0
04.02.2022;27095.900391;27455.980469;27075.990234;27439.990234;27439.990234;79600000;0;0;0;0;0;0;0;0
07.02.2022;27327.630859;27369.679688;27085.320313;27248.869141;27248.869141;77100000;0;0;0;0;0;0;0;0
08.02.2022;27318.300781;27461.330078;27280.250000;27284.519531;27284.519531;76600000;0;0;0;0;0;0;0;0
09.02.2022;27488.650391;27633.099609;27405.880859;27579.869141;27579.869141;93500000;0;0;0;0;0;0;0;0
10.02.2022;27818.099609;27880.699219;27575.070313;27696.080078;27696.080078;82900000;0;0;0;0;0;0;0;0
14.02.2022;27305.919922;27325.500000;26947.650391;27079.589844;27079.589844;79800000;0;0;0;0;0;0;0;0
15.02.2022;27183.560547;27205.199219;26724.910156;26865.189453;26865.189453;76200000;0;0;0;0;0;0;0;0
16.02.2022;27269.050781;27486.089844;27227.240234;27460.400391;27460.400391;64100000;0;0;0;0;0;0;0;0
17.02.2022;27431.419922;27438.740234;27080.919922;27232.869141;27232.869141;67800000;0;0;0;0;0;0;0;0
18.02.2022;26895.160156;27216.160156;26792.539063;27122.070313;27122.070313;63500000;0;0;0;0;0;0;0;0
21.02.2022;26771.580078;26998.470703;26549.000000;26910.869141;26910.869141;52900000;0;0;0;0;0;0;0;0
22.02.2022;26515.449219;26550.140625;26243.730469;26449.609375;26449.609375;67300000;0;0;0;0;0;0;0;0
24.02.2022;26281.349609;26357.580078;25775.640625;25970.820313;25970.820313;93500000;0;0;0;0;0;0;0;0
25.02.2022;26213.199219;26481.599609;26160.189453;26476.500000;26476.500000;77600000;0;0;0;0;0;0;0;0
28.02.2022;26457.519531;26644.560547;26262.630859;26526.820313;26526.820313;91100000;0;0;0;0;0;0;0;0
01.03.2022;26836.740234;27013.259766;26821.750000;26844.720703;26844.720703;74000000;0;0;0;0;0;0;0;0
02.03.2022;26532.199219;26585.300781;26313.720703;26393.029297;26393.029297;87700000;0;0;0;0;0;0;0;0
03.03.2022;26628.869141;26704.849609;26496.720703;26577.269531;26577.269531;74800000;0;0;0;0;0;0;0;0
04.03.2022;26421.849609;26421.849609;25774.279297;25985.470703;25985.470703;93500000;0;0;0;0;0;0;0;0
07.03.2022;25634.089844;25640.410156;25006.259766;25221.410156;25221.410156;105400000;0;0;0;0;0;0;0;0
08.03.2022;24974.349609;25291.330078;24767.330078;24790.949219;24790.949219;114700000;0;0;0;0;0;0;0;0
09.03.2022;24876.490234;25084.080078;24681.740234;24717.529297;24717.529297;91500000;0;0;0;0;0;0;0;0
10.03.2022;25108.470703;25720.310547;25099.849609;25690.400391;25690.400391;95200000;0;0;0;0;0;0;0;0
11.03.2022;25495.029297;25503.650391;24966.500000;25162.779297;25162.779297;89600000;0;0;0;0;0;0;0;0
14.03.2022;25338.640625;25631.009766;25299.640625;25307.849609;25307.849609;72600000;0;0;0;0;0;0;0;0
15.03.2022;25228.529297;25441.669922;25219.130859;25346.480469;25346.480469;73200000;0;0;0;0;0;0;0;0
16.03.2022;25574.900391;25824.939453;25470.460938;25762.009766;25762.009766;82300000;1;8800000;1;8800000;1;8800000;0;0
17.03.2022;26170.380859;26702.939453;26152.890625;26652.890625;26652.890625;89600000;0;0;0;0;0;0;0;0
18.03.2022;26649.500000;26862.429688;26592.980469;26827.429688;26827.429688;108200000;0;0;0;0;0;0;0;0
22.03.2022;27091.320313;27284.470703;27076.330078;27224.109375;27224.109375;98000000;0;0;0;0;0;0;0;0
23.03.2022;27606.789063;28056.199219;27604.369141;28040.160156;28040.160156;88200000;0;0;0;0;0;0;0;0
24.03.2022;27693.769531;28110.390625;27624.619141;28110.390625;28110.390625;71600000;0;0;0;0;0;0;0;0
25.03.2022;28338.810547;28338.810547;27946.789063;28149.839844;28149.839844;67400000;0;0;0;0;0;0;0;0
28.03.2022;28084.080078;28084.080078;27812.669922;27943.890625;27943.890625;65300000;0;0;0;0;0;0;0;0
29.03.2022;28173.429688;28252.419922;28063.919922;28252.419922;28252.419922;77700000;0;0;0;0;0;0;0;0
30.03.2022;28250.800781;28281.449219;27736.269531;28027.250000;28027.250000;83400000;0;0;0;0;0;0;0;0
31.03.2022;27809.970703;28101.679688;27763.960938;27821.429688;27821.429688;78600000;0;0;0;0;0;0;0;0
01.04.2022;27624.109375;27738.310547;27399.480469;27665.980469;27665.980469;66800000;0;0;0;0;0;0;0;0
04.04.2022;27685.650391;27754.240234;27578.810547;27736.470703;27736.470703;50300000;0;0;0;0;0;0;0;0
05.04.2022;27965.939453;27965.939453;27662.279297;27787.980469;27787.980469;64300000;0;0;0;0;0;0;0;0
06.04.2022;27533.880859;27549.669922;27214.609375;27350.300781;27350.300781;68700000;0;0;0;0;0;0;0;0
07.04.2022;27032.419922;27042.490234;26801.789063;26888.570313;26888.570313;71100000;0;0;0;0;0;0;0;0
08.04.2022;27097.050781;27185.230469;26764.359375;26985.800781;26985.800781;78100000;0;0;0;0;0;0;0;0
11.04.2022;26877.599609;27004.500000;26720.460938;26821.519531;26821.519531;73500000;0;0;0;0;0;0;0;0
12.04.2022;26606.869141;26674.859375;26304.080078;26334.980469;26334.980469;75300000;0;0;0;0;0;0;0;0
13.04.2022;26436.060547;26885.869141;26429.470703;26843.490234;26843.490234;71600000;0;0;0;0;0;0;0;0
14.04.2022;26925.640625;27200.890625;26890.679688;27172.000000;27172.000000;61800000;0;0;0;0;0;0;0;0
15.04.2022;26932.480469;27203.769531;26784.919922;27093.189453;27093.189453;51500000;0;0;0;0;0;0;0;0
18.04.2022;26831.449219;26851.800781;26571.380859;26799.710938;26799.710938;48300000;0;0;0;0;0;0;0;0
19.04.2022;27096.490234;27100.589844;26777.710938;26985.089844;26985.089844;60500000;0;0;0;0;0;0;0;0
20.04.2022;27210.789063;27389.839844;27066.179688;27217.849609;27217.849609;72300000;0;0;0;0;0;0;0;0
21.04.2022;27259.140625;27580.640625;27252.830078;27553.060547;27553.060547;62300000;0;0;0;0;0;0;0;0
22.04.2022;27197.800781;27205.830078;26904.380859;27105.259766;27105.259766;58500000;0;0;0;0;0;0;0;0
25.04.2022;26692.480469;26764.480469;26487.839844;26590.779297;26590.779297;62700000;0;0;0;0;0;0;0;0
26.04.2022;26743.210938;26808.990234;26592.990234;26700.109375;26700.109375;64300000;0;0;0;0;0;0;0;0
27.04.2022;26313.140625;26406.619141;26051.039063;26386.630859;26386.630859;97300000;0;0;0;0;0;0;0;0
28.04.2022;26430.279297;26876.949219;26348.359375;26847.900391;26847.900391;86700000;0;0;0;0;0;0;0;0
02.05.2022;26851.099609;26964.589844;26610.859375;26818.529297;26818.529297;74500000;0;0;0;0;0;0;0;0
06.05.2022;26784.289063;27072.589844;26543.289063;27003.560547;27003.560547;98500000;0;0;0;0;0;0;0;0
09.05.2022;26705.320313;26732.609375;26309.220703;26319.339844;26319.339844;79500000;0;0;0;0;0;0;0;0
10.05.2022;26149.060547;26246.630859;25773.830078;26167.099609;26167.099609;80800000;0;0;0;0;0;0;0;0
11.05.2022;26045.380859;26290.619141;26003.259766;26213.640625;26213.640625;85900000;0;0;0;0;0;0;0;0
12.05.2022;25945.039063;26028.359375;25688.109375;25748.720703;25748.720703;91200000;0;0;0;0;0;0;0;0
13.05.2022;25918.800781;26479.929688;25904.400391;26427.650391;26427.650391;103800000;0;0;0;0;0;0;0;0
16.05.2022;26753.369141;26836.960938;26438.609375;26547.050781;26547.050781;87000000;0;0;0;0;0;0;0;0
17.05.2022;26555.230469;26709.259766;26440.619141;26659.750000;26659.750000;78900000;0;0;0;0;0;0;0;0
18.05.2022;26826.820313;27053.179688;26741.339844;26911.199219;26911.199219;74700000;0;0;0;0;0;0;0;0
19.05.2022;26435.320313;26458.849609;26150.089844;26402.839844;26402.839844;74500000;0;0;0;0;0;0;0;0
20.05.2022;26448.230469;26769.199219;26426.990234;26739.029297;26739.029297;76300000;0;0;0;0;0;0;0;0
23.05.2022;26991.419922;27047.470703;26832.650391;27001.519531;27001.519531;65000000;0;0;0;0;0;0;0;0
24.05.2022;27005.429688;27005.429688;26736.009766;26748.140625;26748.140625;67400000;0;0;0;0;0;0;0;0
25.05.2022;26711.529297;26795.890625;26578.029297;26677.800781;26677.800781;72300000;0;0;0;0;0;0;0;0
26.05.2022;26685.019531;26898.750000;26597.970703;26604.839844;26604.839844;64500000;0;0;0;0;0;0;0;0
27.05.2022;26947.800781;26996.699219;26731.599609;26781.679688;26781.679688;69300000;0;0;0;0;0;0;0;0
30.05.2022;27092.820313;27401.240234;27057.199219;27369.429688;27369.429688;97000000;0;0;0;0;0;0;0;0
31.05.2022;27318.089844;27463.330078;27250.699219;27279.800781;27279.800781;141800000;0;0;0;0;0;0;0;0
01.06.2022;27295.630859;27482.310547;27295.419922;27457.890625;27457.890625;75800000;0;0;0;0;0;0;0;0
02.06.2022;27340.519531;27450.470703;27251.240234;27413.880859;27413.880859;63600000;0;0;0;0;0;0;0;0
03.06.2022;27660.619141;27776.330078;27614.859375;27761.570313;27761.570313;63700000;0;0;0;0;0;0;0;0
06.06.2022;27549.640625;27979.539063;27523.949219;27915.890625;27915.890625;56800000;0;0;0;0;0;0;0;0
07.06.2022;27984.789063;28094.730469;27863.380859;27943.949219;27943.949219;68300000;0;0;0;0;0;0;0;0
08.06.2022;28100.259766;28234.289063;28089.779297;28234.289063;28234.289063;78700000;0;0;0;0;0;0;0;0
09.06.2022;28189.349609;28389.750000;28189.349609;28246.529297;28246.529297;80300000;0;0;0;0;0;0;0;0
10.06.2022;27996.349609;28044.449219;27795.169922;27824.289063;27824.289063;79700000;0;0;0;0;0;0;0;0
13.06.2022;27369.660156;27389.300781;26948.220703;26987.439453;26987.439453;71400000;0;0;0;0;0;0;0;0
14.06.2022;26555.750000;26657.919922;26357.900391;26629.859375;26629.859375;75000000;0;0;0;0;0;0;0;0
15.06.2022;26625.679688;26638.759766;26321.679688;26326.160156;26326.160156;72700000;0;0;0;0;0;0;0;0
16.06.2022;26715.519531;26947.699219;26431.199219;26431.199219;26431.199219;67800000;0;0;0;0;0;0;0;0
17.06.2022;25988.199219;26072.349609;25720.800781;25963.000000;25963.000000;115200000;0;0;0;0;0;0;0;0
20.06.2022;26156.619141;26156.619141;25520.230469;25771.220703;25771.220703;72200000;0;0;0;0;0;0;0;0
21.06.2022;26070.919922;26418.839844;25972.279297;26246.310547;26246.310547;65400000;0;0;0;0;0;0;0;0
22.06.2022;26441.720703;26462.830078;26149.169922;26149.550781;26149.550781;66400000;0;0;0;0;0;0;0;0
23.06.2022;26134.890625;26401.970703;26039.570313;26171.250000;26171.250000;65700000;0;0;0;0;0;0;0;0
24.06.2022;26228.419922;26519.160156;26148.560547;26491.970703;26491.970703;72600000;0;0;0;0;0;0;0;0
27.06.2022;26741.800781;26938.429688;26665.439453;26871.269531;26871.269531;65800000;0;0;0;0;0;0;0;0
28.06.2022;26795.679688;27062.310547;26789.500000;27049.470703;27049.470703;73400000;0;0;0;0;0;0;0;0
29.06.2022;26814.230469;26858.679688;26687.470703;26804.599609;26804.599609;101100000;0;0;0;0;0;0;0;0
30.06.2022;26753.279297;26753.279297;26324.310547;26393.039063;26393.039063;86100000;0;0;0;0;0;0;0;0
01.07.2022;26460.710938;26531.240234;25841.750000;25935.619141;25935.619141;81700000;0;0;0;0;0;0;0;0
04.07.2022;26086.779297;26258.859375;25945.830078;26153.810547;26153.810547;68700000;0;0;0;0;0;0;0;0
05.07.2022;26386.230469;26532.509766;26294.839844;26423.470703;26423.470703;62800000;0;0;0;0;0;0;0;0
06.07.2022;26190.400391;26298.960938;26051.189453;26107.650391;26107.650391;89700000;0;0;0;0;0;0;0;0
07.07.2022;26280.939453;26533.650391;26136.990234;26490.529297;26490.529297;80700000;0;0;0;0;0;0;0;0
08.07.2022;26623.849609;26881.750000;26510.529297;26517.189453;26517.189453;89300000;0;0;0;0;0;0;0;0
11.07.2022;26892.730469;27062.169922;26710.589844;26812.300781;26812.300781;68500000;0;0;0;0;0;0;0;0
12.07.2022;26701.000000;26718.669922;26278.279297;26336.660156;26336.660156;64400000;0;0;0;0;0;0;0;0
13.07.2022;26403.789063;26543.070313;26389.099609;26478.769531;26478.769531;54100000;0;0;0;0;0;0;0;0
14.07.2022;26357.320313;26713.070313;26312.789063;26643.390625;26643.390625;60600000;0;0;0;0;0;0;0;0
15.07.2022;26736.080078;26857.769531;26571.380859;26788.470703;26788.470703;65500000;0;0;0;0;0;0;0;0
19.07.2022;27003.830078;27043.580078;26791.710938;26961.679688;26961.679688;59400000;0;0;0;0;0;0;0;0
20.07.2022;27295.949219;27692.849609;27295.949219;27680.259766;27680.259766;66700000;0;0;0;0;0;0;0;0
21.07.2022;27627.880859;27803.000000;27549.560547;27803.000000;27803.000000;56700000;0;0;0;0;0;0;0;0
22.07.2022;27773.140625;27952.250000;27701.250000;27914.660156;27914.660156;60100000;0;0;0;0;0;0;0;0
25.07.2022;27697.769531;27848.589844;27663.160156;27699.250000;27699.250000;46500000;0;0;0;0;0;0;0;0
26.07.2022;27682.199219;27715.779297;27538.390625;27655.210938;27655.210938;50000000;0;0;0;0;0;0;0;0
27.07.2022;27575.160156;27772.970703;27525.089844;27715.750000;27715.750000;51100000;0;0;0;0;0;0;0;0
28.07.2022;27909.150391;28015.679688;27651.990234;27815.480469;27815.480469;83500000;0;0;0;0;0;0;0;0
29.07.2022;27915.220703;28001.800781;27725.240234;27801.640625;27801.640625;79300000;0;0;0;0;0;0;0;0
01.08.2022;27813.820313;27993.349609;27751.589844;27993.349609;27993.349609;71900000;0;0;0;0;0;0;0;0
02.08.2022;27812.480469;27830.580078;27530.599609;27594.730469;27594.730469;71800000;1;141000;0;0;0;0;0;0
03.08.2022;27673.000000;27837.630859;27634.650391;27741.900391;27741.900391;72300000;0;0;0;0;0;0;0;0
04.08.2022;27930.939453;28005.589844;27870.050781;27932.199219;27932.199219;83100000;0;0;0;0;0;0;0;0
05.08.2022;27915.060547;28190.039063;27910.220703;28175.869141;28175.869141;71300000;0;0;0;0;0;0;0;0
08.08.2022;28050.089844;28279.119141;28047.080078;28249.240234;28249.240234;66100000;0;0;0;0;0;0;0;0
09.08.2022;28236.839844;28257.339844;27966.910156;27999.960938;27999.960938;64900000;0;0;0;0;0;0;0;0
10.08.2022;27955.109375;27964.960938;27729.460938;27819.330078;27819.330078;59900000;0;0;0;0;0;0;0;0
12.08.2022;28251.740234;28546.980469;28207.859375;28546.980469;28546.980469;89600000;0;0;0;0;0;0;0;0
15.08.2022;28623.779297;28897.070313;28623.779297;28871.779297;28871.779297;53700000;0;0;0;0;0;0;0;0
16.08.2022;28829.529297;28928.160156;28752.880859;28868.910156;28868.910156;50100000;0;0;0;0;0;0;0;0
17.08.2022;28952.650391;29222.769531;28944.710938;29222.769531;29222.769531;66600000;0;0;0;0;0;0;0;0
18.08.2022;28957.400391;28999.640625;28846.519531;28942.140625;28942.140625;47400000;0;0;0;0;0;0;0;0
19.08.2022;29095.710938;29150.800781;28913.050781;28930.330078;28930.330078;48400000;0;0;0;0;0;0;0;0
22.08.2022;28654.070313;28828.210938;28586.359375;28794.500000;28794.500000;49200000;0;0;0;0;0;0;0;0
23.08.2022;28580.199219;28580.199219;28395.300781;28452.750000;28452.750000;55700000;0;0;0;0;0;0;0;0
24.08.2022;28481.339844;28515.609375;28282.210938;28313.470703;28313.470703;62000000;0;0;0;0;0;0;0;0
25.08.2022;28415.109375;28534.710938;28357.029297;28479.009766;28479.009766;53700000;0;0;0;0;0;0;0;0
26.08.2022;28639.470703;28792.929688;28608.699219;28641.380859;28641.380859;49100000;0;0;0;0;0;0;0;0
29.08.2022;28161.060547;28179.089844;27788.119141;27878.960938;27878.960938;64100000;0;0;0;0;0;0;0;0
30.08.2022;28086.720703;28233.800781;27944.250000;28195.580078;28195.580078;60700000;0;0;0;0;0;0;0;0
31.08.2022;27928.089844;28104.800781;27906.169922;28091.529297;28091.529297;86200000;0;0;0;0;0;0;0;0
01.09.2022;27797.000000;27832.779297;27589.699219;27661.470703;27661.470703;68900000;0;0;0;0;0;0;0;0
02.09.2022;27755.599609;27772.369141;27570.740234;27650.839844;27650.839844;58800000;0;0;0;0;0;0;0;0
05.09.2022;27567.289063;27673.439453;27511.679688;27619.609375;27619.609375;47100000;0;0;0;0;0;0;0;0
06.09.2022;27650.150391;27813.779297;27557.990234;27626.509766;27626.509766;46300000;0;0;0;0;0;0;0;0
07.09.2022;27546.009766;27546.009766;27268.699219;27430.300781;27430.300781;69400000;0;0;0;0;0;0;0;0
08.09.2022;27732.679688;28083.789063;27718.300781;28065.279297;28065.279297;75200000;0;0;0;0;0;0;0;0
09.09.2022;28204.710938;28286.019531;28091.380859;28214.750000;28214.750000;74000000;0;0;0;0;0;0;0;0
12.09.2022;28483.589844;28612.890625;28438.369141;28542.109375;28542.109375;50500000;0;0;0;0;0;0;0;0
13.09.2022;28556.210938;28659.759766;28530.359375;28614.630859;28614.630859;51700000;0;0;0;0;0;0;0;0
14.09.2022;28132.699219;28141.919922;27795.640625;27818.619141;27818.619141;70900000;0;0;0;0;0;0;0;0
15.09.2022;27873.960938;27946.199219;27801.439453;27875.910156;27875.910156;48700000;0;0;0;0;0;0;0;0
16.09.2022;27631.390625;27654.990234;27525.679688;27567.650391;27567.650391;81600000;0;0;0;0;0;0;0;0
20.09.2022;27788.679688;27907.449219;27627.859375;27688.419922;27688.419922;60000000;1;2000000;1;2000000;0;0;0;0
21.09.2022;27440.839844;27467.339844;27297.500000;27313.130859;27313.130859;65500000;0;0;0;0;0;0;0;0
22.09.2022;27053.580078;27197.070313;26955.179688;27153.830078;27153.830078;62200000;0;0;0;0;0;0;0;0
26.09.2022;26779.439453;26779.439453;26424.599609;26431.550781;26431.550781;96500000;1;752000;1;752000;0;0;0;0
27.09.2022;26585.380859;26680.199219;26523.769531;26571.869141;26571.869141;66800000;0;0;0;0;0;0;0;0
28.09.2022;26422.859375;26516.320313;25938.359375;26173.980469;26173.980469;92900000;0;0;0;0;0;0;0;0
29.09.2022;26280.500000;26458.669922;26221.779297;26422.050781;26422.050781;88900000;0;0;0;0;0;0;0;0
30.09.2022;26240.000000;26273.650391;25805.589844;25937.210938;25937.210938;101300000;0;0;0;0;0;0;0;0
03.10.2022;25778.949219;26223.839844;25621.960938;26215.789063;26215.789063;80700000;0;0;0;0;0;0;0;0
04.10.2022;26653.490234;26994.439453;26633.519531;26992.210938;26992.210938;87100000;0;0;0;0;0;0;0;0
05.10.2022;27211.320313;27216.800781;27030.550781;27120.529297;27120.529297;73300000;0;0;0;0;0;0;0;0
06.10.2022;27137.980469;27399.189453;27137.980469;27311.300781;27311.300781;69400000;0;0;0;0;0;0;0;0
07.10.2022;26975.919922;27198.910156;26921.900391;27116.109375;27116.109375;66700000;0;0;0;0;0;0;0;0
11.10.2022;26757.119141;26759.619141;26369.560547;26401.250000;26401.250000;78900000;0;0;0;0;0;0;0;0
12.10.2022;26353.220703;26495.750000;26313.410156;26396.830078;26396.830078;68800000;0;0;0;0;0;0;0;0
13.10.2022;26398.289063;26408.310547;26237.419922;26237.419922;26237.419922;59200000;0;0;0;0;0;0;0;0
14.10.2022;26599.320313;27180.160156;26595.349609;27090.759766;27090.759766;82400000;0;0;0;0;0;0;0;0
17.10.2022;26785.019531;26814.919922;26649.130859;26775.789063;26775.789063;65300000;0;0;0;0;0;0;0;0
18.10.2022;27167.730469;27229.880859;26910.099609;27156.140625;27156.140625;66100000;0;0;0;0;0;0;0;0
19.10.2022;27225.169922;27371.380859;27192.789063;27257.380859;27257.380859;57600000;0;0;0;0;0;0;0;0
20.10.2022;26981.750000;27092.550781;26872.449219;27006.960938;27006.960938;60300000;0;0;0;0;0;0;0;0
21.10.2022;26903.500000;26985.380859;26869.380859;26890.580078;26890.580078;56300000;0;0;0;0;0;0;0;0
24.10.2022;27233.000000;27308.970703;26974.900391;26974.900391;26974.900391;59100000;0;0;0;0;0;0;0;0
25.10.2022;27113.199219;27337.800781;27073.179688;27250.279297;27250.279297;62200000;0;0;0;0;0;0;0;0
26.10.2022;27410.640625;27578.050781;27404.900391;27431.839844;27431.839844;61000000;0;0;0;0;0;0;0;0
27.10.2022;27407.230469;27450.259766;27330.789063;27345.240234;27345.240234;65400000;0;0;0;0;0;0;0;0
28.10.2022;27097.380859;27265.460938;26981.080078;27105.199219;27105.199219;144600000;0;0;0;0;0;0;0;0
31.10.2022;27404.300781;27602.990234;27392.990234;27587.460938;27587.460938;71100000;0;0;0;0;0;0;0;0
01.11.2022;27614.640625;27682.970703;27526.179688;27678.919922;27678.919922;72600000;0;0;0;0;0;0;0;0
02.11.2022;27562.300781;27692.550781;27546.880859;27663.390625;27663.390625;86600000;0;0;0;0;0;0;0;0
04.11.2022;27371.890625;27389.300781;27032.019531;27199.740234;27199.740234;111100000;0;0;0;0;0;0;0;0
07.11.2022;27406.779297;27578.009766;27357.529297;27527.640625;27527.640625;78900000;0;0;0;0;0;0;0;0
08.11.2022;27718.839844;27943.269531;27704.640625;27872.109375;27872.109375;84400000;0;0;0;0;0;0;0;0
09.11.2022;27884.550781;27926.519531;27688.859375;27716.429688;27716.429688;79100000;0;0;0;0;0;0;0;0
10.11.2022;27459.080078;27485.380859;27370.619141;27446.099609;27446.099609;77100000;0;0;0;0;0;0;0;0
11.11.2022;27868.689453;28329.539063;27837.089844;28263.570313;28263.570313;103700000;0;0;0;0;0;0;0;0
14.11.2022;28277.640625;28305.039063;27963.470703;27963.470703;27963.470703;85100000;0;0;0;0;0;0;0;0
15.11.2022;27940.259766;28038.630859;27903.269531;27990.169922;27990.169922;71200000;0;0;0;0;0;0;0;0
16.11.2022;28020.490234;28069.250000;27743.150391;28028.300781;28028.300781;73200000;0;0;0;0;0;0;0;0
17.11.2022;27952.210938;28029.619141;27910.009766;27930.570313;27930.570313;58900000;0;0;0;0;0;0;0;0
18.11.2022;28009.820313;28045.439453;27877.779297;27899.769531;27899.769531;64800000;0;0;0;0;0;0;0;0
21.11.2022;27982.000000;28007.060547;27846.300781;27944.789063;27944.789063;56500000;0;0;0;0;0;0;0;0
22.11.2022;28059.509766;28203.349609;28038.160156;28115.740234;28115.740234;75900000;0;0;0;0;0;0;0;0
24.11.2022;28373.720703;28502.289063;28363.660156;28383.089844;28383.089844;83900000;0;0;0;0;0;0;0;0
25.11.2022;28398.769531;28399.880859;28263.599609;28283.029297;28283.029297;56800000;0;0;0;0;0;0;0;0
28.11.2022;28220.560547;28238.500000;28046.320313;28162.830078;28162.830078;64600000;0;0;0;0;0;0;0;0
29.11.2022;27991.500000;28055.910156;27899.980469;28027.839844;28027.839844;64800000;0;0;0;0;0;0;0;0
30.11.2022;27886.669922;27972.890625;27802.710938;27968.990234;27968.990234;106600000;0;0;0;0;0;0;0;0
01.12.2022;28273.130859;28423.460938;28226.080078;28226.080078;28226.080078;71400000;0;0;0;0;0;0;0;0
02.12.2022;27983.179688;27983.179688;27662.119141;27777.900391;27777.900391;79400000;0;0;0;0;0;0;0;0
05.12.2022;27752.990234;27854.109375;27700.859375;27820.400391;27820.400391;63900000;0;0;0;0;0;0;0;0
06.12.2022;27704.060547;27934.070313;27698.310547;27885.869141;27885.869141;60400000;0;0;0;0;0;0;0;0
07.12.2022;27670.289063;27786.250000;27646.779297;27686.400391;27686.400391;63000000;0;0;0;0;0;0;0;0
08.12.2022;27622.300781;27643.640625;27415.660156;27574.429688;27574.429688;64900000;0;0;0;0;0;0;0;0
09.12.2022;27633.960938;27952.800781;27633.960938;27901.009766;27901.009766;70200000;0;0;0;0;0;0;0;0
12.12.2022;27741.099609;27865.720703;27734.660156;27842.330078;27842.330078;49600000;0;0;0;0;0;0;0;0
13.12.2022;28067.369141;28116.560547;27907.490234;27954.849609;27954.849609;51900000;0;0;0;0;0;0;0;0
14.12.2022;28005.029297;28195.689453;27993.779297;28156.210938;28156.210938;54800000;0;0;0;0;0;0;0;0
15.12.2022;27991.140625;28163.169922;27987.539063;28051.699219;28051.699219;51100000;0;0;0;0;0;0;0;0
16.12.2022;27706.699219;27713.039063;27488.830078;27527.119141;27527.119141;83800000;0;0;0;0;0;0;0;0
19.12.2022;27279.919922;27349.580078;27165.779297;27237.640625;27237.640625;58200000;0;0;0;0;0;0;0;0
20.12.2022;27257.349609;27339.490234;26416.910156;26568.029297;26568.029297;118500000;0;0;0;0;0;0;0;0
21.12.2022;26547.169922;26616.279297;26269.800781;26387.720703;26387.720703;119200000;0;0;0;0;0;0;0;0
22.12.2022;26552.429688;26585.279297;26399.310547;26507.869141;26507.869141;73400000;0;0;0;0;0;0;0;0
23.12.2022;26207.769531;26291.980469;26106.380859;26235.250000;26235.250000;75700000;0;0;0;0;0;0;0;0
26.12.2022;26299.539063;26438.650391;26294.849609;26405.869141;26405.869141;47300000;0;0;0;0;0;0;0;0
27.12.2022;26570.779297;26620.490234;26447.869141;26447.869141;26447.869141;50200000;0;0;0;0;0;0;0;0
28.12.2022;26309.339844;26354.269531;26199.669922;26340.500000;26340.500000;61500000;0;0;0;0;0;0;0;0
29.12.2022;26074.900391;26126.699219;25953.919922;26093.669922;26093.669922;63100000;0;0;0;0;0;0;0;0
30.12.2022;26288.000000;26321.369141;26067.919922;26094.500000;26094.500000;52700000;0;0;0;0;0;0;0;0