Date,Open,High,Low,Close,Adj Close,Volume,Dummy,Damage,Dummy_over_0.5,Damage_over_0.5,Dummy_over_0.75,Damage_over_0.75,Dummy_over_0.90,Damage_over_0.90
2010-01-04,9970.000000,9970.000000,9970.000000,9970.000000,7929.324219,1,0,0,0,0,0,0,0,0
2010-01-05,10100.000000,10140.000000,10050.000000,10050.000000,7992.950684,1196,0,0,0,0,0,0,0,0
2010-01-06,10140.000000,10210.000000,10140.000000,10210.000000,8120.201172,693,0,0,0,0,0,0,0,0
2010-01-07,10160.000000,10270.000000,10160.000000,10270.000000,8167.920898,141,0,0,0,0,0,0,0,0
2010-01-08,10270.000000,10410.000000,10270.000000,10410.000000,8279.264648,46,0,0,0,0,0,0,0,0
2010-01-12,10480.000000,10480.000000,10480.000000,10480.000000,8334.936523,46,0,0,0,0,0,0,0,0
2010-01-13,10400.000000,10400.000000,10390.000000,10390.000000,8263.358398,66,0,0,0,0,0,0,0,0
2010-01-14,10460.000000,10460.000000,10420.000000,10420.000000,8287.217773,2,0,0,0,0,0,0,0,0
2010-01-15,10430.000000,10440.000000,10430.000000,10440.000000,8303.125000,140,0,0,0,0,0,0,0,0
2010-01-18,10440.000000,10440.000000,10370.000000,10400.000000,8271.311523,144,0,0,0,0,0,0,0,0
2010-01-19,10420.000000,10420.000000,10380.000000,10380.000000,8255.404297,275,0,0,0,0,0,0,0,0
2010-01-20,10350.000000,10360.000000,10300.000000,10310.000000,8199.732422,420,0,0,0,0,0,0,0,0
2010-01-21,10040.000000,10370.000000,10040.000000,10370.000000,8247.451172,937,0,0,0,0,0,0,0,0
2010-01-22,10274.099609,10274.099609,10274.099609,10274.099609,8171.181152,0,0,0,0,0,0,0,0,0
2010-01-25,10320.000000,10320.000000,10250.000000,10250.000000,8152.013672,137,0,0,0,0,0,0,0,0
2010-01-26,10220.000000,10220.000000,10190.000000,10190.000000,8104.294922,201,0,0,0,0,0,0,0,0
2010-01-27,10090.000000,10090.000000,10090.000000,10090.000000,8024.763672,5,0,0,0,0,0,0,0,0
2010-01-28,10130.000000,10130.000000,10130.000000,10130.000000,8056.576660,136,0,0,0,0,0,0,0,0
2010-01-29,10050.000000,10050.000000,9970.000000,9970.000000,7929.324219,170,0,0,0,0,0,0,0,0
2010-02-01,9930.000000,9930.000000,9930.000000,9880.000000,7857.746094,3,0,0,0,0,0,0,0,0
2010-02-02,9980.000000,9980.000000,9960.000000,9960.000000,7921.371094,138,0,0,0,0,0,0,0,0
2010-02-03,10110.000000,10110.000000,10070.000000,10070.000000,8008.854980,65,0,0,0,0,0,0,0,0
2010-02-04,10150.000000,10150.000000,10070.000000,10070.000000,8008.854980,145,0,0,0,0,0,0,0,0
2010-02-05,9930.000000,9960.000000,9920.000000,9940.000000,7905.466797,299,0,0,0,0,0,0,0,0
2010-02-08,9890.000000,9890.000000,9860.000000,9860.000000,7841.841309,140,0,0,0,0,0,0,0,0
2010-02-09,9780.000000,9780.000000,9780.000000,9780.000000,7778.215820,1,0,0,0,0,0,0,0,0
2010-02-10,9820.000000,9820.000000,9820.000000,9820.000000,7810.026855,2,0,0,0,0,0,0,0,0
2010-02-12,9750.000000,9780.000000,9720.000000,9780.000000,7778.215820,17,0,0,0,0,0,0,0,0
2010-02-15,9820.000000,9820.000000,9820.000000,9820.000000,7810.026855,1,0,0,0,0,0,0,0,0
2010-02-16,9818.000000,9818.000000,9818.000000,9818.000000,7808.437500,0,0,0,0,0,0,0,0,0
2010-02-17,9870.000000,10040.000000,9870.000000,10040.000000,7984.996582,560,0,0,0,0,0,0,0,0
2010-02-18,9950.000000,9950.000000,9950.000000,9950.000000,7913.420410,1,0,0,0,0,0,0,0,0
2010-02-19,9890.000000,9890.000000,9860.000000,9860.000000,7841.841309,192,0,0,0,0,0,0,0,0
2010-02-22,9960.000000,10070.000000,9960.000000,10060.000000,8000.904297,3087,0,0,0,0,0,0,0,0
2010-02-23,10000.000000,10000.000000,10000.000000,10000.000000,7953.185547,10,0,0,0,0,0,0,0,0
2010-02-24,9944.799805,9944.799805,9944.799805,9944.799805,7909.283691,0,0,0,0,0,0,0,0,0
2010-02-25,9979.900391,9979.900391,9979.900391,9979.900391,7937.198730,0,0,0,0,0,0,0,0,0
2010-02-26,9940.000000,9940.000000,9940.000000,9940.000000,7905.466797,12,0,0,0,0,0,0,0,0
2010-03-01,10040.000000,10040.000000,10040.000000,10240.000000,8144.059570,10,0,0,0,0,0,0,0,0
2010-03-02,10050.000000,10050.000000,9990.000000,9990.000000,7945.231445,4,0,0,0,0,0,0,0,0
2010-03-03,10035.700195,10035.700195,10035.700195,10035.700195,7981.578613,0,0,0,0,0,0,0,0,0
2010-03-04,9970.000000,9970.000000,9970.000000,9970.000000,7929.324219,2,0,0,0,0,0,0,0,0
2010-03-05,10100.000000,10100.000000,10100.000000,10100.000000,8032.717773,1,0,0,0,0,0,0,0,0
2010-03-08,10180.000000,10180.000000,10180.000000,10180.000000,8096.343262,5,0,0,0,0,0,0,0,0
2010-03-09,10157.099609,10157.099609,10157.099609,10157.099609,8078.128418,0,0,0,0,0,0,0,0,0
2010-03-10,10120.400391,10120.400391,10120.400391,10120.400391,8048.940430,0,0,0,0,0,0,0,0,0
2010-03-11,10187.700195,10187.700195,10187.700195,10187.700195,8102.465820,0,0,0,0,0,0,0,0,0
2010-03-12,10220.000000,10220.000000,10220.000000,10220.000000,8128.154297,1,0,0,0,0,0,0,0,0
2010-03-15,10300.000000,10300.000000,10300.000000,10300.000000,8191.781250,1,0,0,0,0,0,0,0,0
2010-03-16,10361.400391,10361.400391,10361.400391,10361.400391,8240.612305,0,0,0,0,0,0,0,0,0
2010-03-17,10371.799805,10371.799805,10371.799805,10371.799805,8248.883789,0,0,0,0,0,0,0,0,0
2010-03-18,10302.000000,10302.000000,10302.000000,10302.000000,8193.370117,0,0,0,0,0,0,0,0,0
2010-03-19,10384.700195,10384.700195,10384.700195,10384.700195,8259.143555,0,0,0,0,0,0,0,0,0
2010-03-23,10500.000000,10500.000000,10430.000000,10430.000000,8295.171875,2,0,0,0,0,0,0,0,0
2010-03-24,10408.799805,10408.799805,10408.799805,10408.799805,8278.311523,0,0,0,0,0,0,0,0,0
2010-03-25,10460.000000,10460.000000,10350.000000,10350.000000,8231.546875,32,0,0,0,0,0,0,0,0
2010-03-26,10394.900391,10394.900391,10394.900391,10394.900391,8267.254883,0,0,0,0,0,0,0,0,0
2010-03-29,10370.000000,10370.000000,10370.000000,10370.000000,8247.451172,1,0,0,0,0,0,0,0,0
2010-03-30,10614.099609,10614.099609,10614.099609,10614.099609,8441.589844,0,0,0,0,0,0,0,0,0
2010-03-31,10650.000000,10650.000000,10650.000000,10650.000000,8470.142578,20,0,0,0,0,0,0,0,0
2010-04-01,10950.000000,10950.000000,10800.000000,10800.000000,8589.439453,16,0,0,0,0,0,0,0,0
2010-04-02,10850.000000,10850.000000,10850.000000,10850.000000,8629.205078,200,0,0,0,0,0,0,0,0
2010-04-05,10811.599609,10811.599609,10811.599609,10811.599609,8598.664063,0,0,0,0,0,0,0,0,0
2010-04-06,10890.000000,10890.000000,10870.000000,10870.000000,8645.113281,18,0,0,0,0,0,0,0,0
2010-04-07,11000.000000,11000.000000,11000.000000,11000.000000,8748.502930,105,0,0,0,0,0,0,0,0
2010-04-08,10860.000000,10860.000000,10850.000000,10850.000000,8629.205078,17,0,0,0,0,0,0,0,0
2010-04-09,11004.099609,11004.099609,11004.099609,11004.099609,8751.761719,0,0,0,0,0,0,0,0,0
2010-04-12,11000.000000,11040.000000,11000.000000,11040.000000,8780.315430,16,0,0,0,0,0,0,0,0
2010-04-13,10880.000000,10890.000000,10880.000000,10890.000000,8661.017578,6,0,0,0,0,0,0,0,0
2010-04-14,10972.000000,10972.000000,10972.000000,10972.000000,8726.234375,0,0,0,0,0,0,0,0,0
2010-04-15,11030.000000,11030.000000,11030.000000,11030.000000,8772.362305,12,0,0,0,0,0,0,0,0
2010-04-16,11110.000000,11110.000000,11030.000000,11030.000000,8772.362305,205,0,0,0,0,0,0,0,0
2010-04-19,10830.000000,10830.000000,10830.000000,10830.000000,8613.298828,7,0,0,0,0,0,0,0,0
2010-04-20,10840.000000,10910.000000,10840.000000,10910.000000,8676.924805,1175,0,0,0,0,0,0,0,0
2010-04-21,11030.000000,11070.000000,11030.000000,11070.000000,8804.175781,28,0,0,0,0,0,0,0,0
2010-04-22,10950.000000,11040.000000,10940.000000,11040.000000,8780.315430,13,0,0,0,0,0,0,0,0
2010-04-23,11022.099609,11022.099609,11022.099609,11022.099609,8766.078125,0,0,0,0,0,0,0,0,0
2010-04-26,11110.000000,11110.000000,11100.000000,11100.000000,8828.035156,46,0,0,0,0,0,0,0,0
2010-04-27,11060.000000,11060.000000,11060.000000,11060.000000,8796.221680,7,0,0,0,0,0,0,0,0
2010-04-28,10830.000000,10830.000000,10720.000000,10720.000000,8525.814453,172,0,0,0,0,0,0,0,0
2010-04-30,10880.000000,10970.000000,10880.000000,10970.000000,8724.643555,85,0,0,0,0,0,0,0,0
2010-05-06,10730.000000,10730.000000,10730.000000,10730.000000,8533.767578,2,0,0,0,0,0,0,0,0
2010-05-07,10390.000000,10510.000000,10390.000000,10510.000000,8358.795898,217,0,0,0,0,0,0,0,0
2010-05-10,10623.799805,10623.799805,10623.799805,10623.799805,8449.304688,0,0,0,0,0,0,0,0,0
2010-05-11,10700.000000,10700.000000,10700.000000,10700.000000,8509.907227,100,0,0,0,0,0,0,0,0
2010-05-12,10640.000000,10640.000000,10640.000000,10640.000000,8462.188477,5,0,0,0,0,0,0,0,0
2010-05-13,10774.299805,10774.299805,10774.299805,10774.299805,8569.000000,0,0,0,0,0,0,0,0,0
2010-05-14,10742.700195,10742.700195,10742.700195,10742.700195,8543.869141,0,0,0,0,0,0,0,0,0
2010-05-17,10607.099609,10607.099609,10607.099609,10607.099609,8436.022461,0,0,0,0,0,0,0,0,0
2010-05-18,10555.900391,10555.900391,10555.900391,10555.900391,8395.301758,0,0,0,0,0,0,0,0,0
2010-05-19,10437.500000,10437.500000,10437.500000,10437.500000,8301.136719,0,0,0,0,0,0,0,0,0
2010-05-20,10337.000000,10337.000000,10337.000000,10337.000000,8221.207031,0,0,0,0,0,0,0,0,0
2010-05-21,10132.700195,10132.700195,10132.700195,10132.700195,8058.723633,0,0,0,0,0,0,0,0,0
2010-05-24,10139.500000,10139.500000,10139.500000,10139.500000,8064.131836,0,0,0,0,0,0,0,0,0
2010-05-25,10020.000000,10020.000000,9990.000000,9990.000000,7945.231445,55,0,0,0,0,0,0,0,0
2010-05-26,9990.900391,9990.900391,9990.900391,9990.900391,7945.946777,0,0,0,0,0,0,0,0,0
2010-05-27,10013.299805,10013.299805,10013.299805,10013.299805,7963.761719,0,0,0,0,0,0,0,0,0
2010-05-28,10170.000000,10170.000000,10170.000000,10170.000000,8088.389160,1,0,0,0,0,0,0,0,0
2010-05-31,10217.799805,10217.799805,10217.799805,10217.799805,8126.404297,0,0,0,0,0,0,0,0,0
2010-06-01,10217.500000,10217.500000,10217.500000,10217.500000,8126.166016,0,0,0,0,0,0,0,0,0
2010-06-02,10180.000000,10180.000000,10150.000000,10150.000000,8072.481934,400,0,0,0,0,0,0,0,0
2010-06-03,10260.000000,10340.000000,10260.000000,10340.000000,8223.591797,392,0,0,0,0,0,0,0,0
2010-06-04,10360.000000,10360.000000,10360.000000,10360.000000,8239.500000,129,0,0,0,0,0,0,0,0
2010-06-07,10128.599609,10128.599609,10128.599609,10128.599609,8055.461426,0,0,0,0,0,0,0,0,0
2010-06-08,10000.000000,10000.000000,10000.000000,10000.000000,7953.185547,1,0,0,0,0,0,0,0,0
2010-06-09,10050.000000,10050.000000,10050.000000,10050.000000,7992.950684,1,0,0,0,0,0,0,0,0
2010-06-10,10123.299805,10123.299805,10123.299805,10123.299805,8051.246582,0,0,0,0,0,0,0,0,0
2010-06-11,10161.799805,10161.799805,10161.799805,10161.799805,8081.866699,0,0,0,0,0,0,0,0,0
2010-06-14,10320.599609,10320.599609,10320.599609,10320.599609,8208.163086,0,0,0,0,0,0,0,0,0
2010-06-15,10342.700195,10342.700195,10342.700195,10342.700195,8225.739258,0,0,0,0,0,0,0,0,0
2010-06-16,10430.000000,10440.000000,10410.000000,10440.000000,8303.125000,221,0,0,0,0,0,0,0,0
2010-06-17,10389.799805,10389.799805,10389.799805,10389.799805,8263.200195,0,0,0,0,0,0,0,0,0
2010-06-18,10407.799805,10407.799805,10407.799805,10407.799805,8277.515625,0,0,0,0,0,0,0,0,0
2010-06-21,10560.000000,10560.000000,10560.000000,10560.000000,8398.562500,51,0,0,0,0,0,0,0,0
2010-06-22,10550.000000,10550.000000,10510.000000,10510.000000,8358.795898,2,0,0,0,0,0,0,0,0
2010-06-23,10400.000000,10430.000000,10390.000000,10390.000000,8263.358398,16,0,0,0,0,0,0,0,0
2010-06-24,10401.299805,10401.299805,10401.299805,10401.299805,8272.346680,0,0,0,0,0,0,0,0,0
2010-06-25,10343.700195,10343.700195,10343.700195,10343.700195,8226.536133,0,0,0,0,0,0,0,0,0
2010-06-28,10302.400391,10302.400391,10302.400391,10302.400391,8193.688477,0,0,0,0,0,0,0,0,0
2010-06-29,10280.000000,10310.000000,10280.000000,10310.000000,8199.732422,11,0,0,0,0,0,0,0,0
2010-06-30,10110.000000,10110.000000,10110.000000,10110.000000,8040.669922,1,0,0,0,0,0,0,0,0
2010-07-01,10076.099609,10076.099609,10076.099609,10076.099609,8013.708008,0,0,0,0,0,0,0,0,0
2010-07-02,10111.099609,10111.099609,10111.099609,10111.099609,8041.544922,0,0,0,0,0,0,0,0,0
2010-07-05,10161.500000,10161.500000,10161.500000,10161.500000,8081.628418,0,0,0,0,0,0,0,0,0
2010-07-06,10263.900391,10263.900391,10263.900391,10263.900391,8163.069336,0,0,0,0,0,0,0,0,0
2010-07-07,10120.000000,10120.000000,10120.000000,10120.000000,8048.622559,5,0,0,0,0,0,0,0,0
2010-07-08,10342.500000,10342.500000,10342.500000,10342.500000,8225.581055,0,0,0,0,0,0,0,0,0
2010-07-09,10331.400391,10331.400391,10331.400391,10331.400391,8216.750977,0,0,0,0,0,0,0,0,0
2010-07-12,10330.000000,10330.000000,10330.000000,10330.000000,8215.639648,1,0,0,0,0,0,0,0,0
2010-07-13,10160.400391,10160.400391,10160.400391,10160.400391,8080.753418,0,0,0,0,0,0,0,0,0
2010-07-14,10020.000000,10020.000000,10020.000000,10020.000000,7969.091309,11,0,0,0,0,0,0,0,0
2010-07-15,10012.900391,10012.900391,10012.900391,10012.900391,7963.445313,0,0,0,0,0,0,0,0,0
2010-07-16,9916.500000,9916.500000,9916.500000,9916.500000,7886.774902,0,0,0,0,0,0,0,0,0
2010-07-21,9868.400391,9868.400391,9868.400391,9868.400391,7848.522461,0,0,0,0,0,0,0,0,0
2010-07-22,9833.900391,9833.900391,9833.900391,9833.900391,7821.082520,0,0,0,0,0,0,0,0,0
2010-07-23,9950.000000,9950.000000,9940.000000,9940.000000,7905.466797,128,0,0,0,0,0,0,0,0
2010-07-26,9970.000000,9970.000000,9970.000000,9970.000000,7929.324219,1,0,0,0,0,0,0,0,0
2010-07-27,10039.900391,10039.900391,10039.900391,10039.900391,7984.917480,0,0,0,0,0,0,0,0,0
2010-07-28,10130.000000,10130.000000,10130.000000,10130.000000,8056.576660,128,0,0,0,0,0,0,0,0
2010-07-29,10050.000000,10050.000000,10050.000000,10050.000000,7992.950684,0,0,0,0,0,0,0,0,0
2010-07-30,9950.000000,9950.000000,9840.000000,9840.000000,7825.934082,132,0,0,0,0,0,0,0,0
2010-08-02,9850.000000,9850.000000,9850.000000,9850.000000,7833.887207,1,0,0,0,0,0,0,0,0
2010-08-03,9900.000000,9900.000000,9900.000000,9900.000000,7873.651367,44,0,0,0,0,0,0,0,0
2010-08-04,9850.000000,9850.000000,9800.000000,9800.000000,7794.120605,141,0,0,0,0,0,0,0,0
2010-08-05,9900.000000,9900.000000,9870.000000,9870.000000,7849.793457,174,0,0,0,0,0,0,0,0
2010-08-06,9880.000000,9880.000000,9880.000000,9880.000000,7857.746094,130,0,0,0,0,0,0,0,0
2010-08-09,10014.700195,10014.700195,10014.700195,10014.700195,7964.875977,0,0,0,0,0,0,0,0,0
2010-08-10,10010.000000,10010.000000,9960.000000,9960.000000,7921.371094,2,0,0,0,0,0,0,0,0
2010-08-11,9769.200195,9769.200195,9769.200195,9769.200195,7769.626465,0,0,0,0,0,0,0,0,0
2010-08-12,9750.000000,9760.000000,9750.000000,9760.000000,7762.308594,127,0,0,0,0,0,0,0,0
2010-08-13,9610.000000,9690.000000,9610.000000,9690.000000,7706.636719,2,0,0,0,0,0,0,0,0
2010-08-16,9740.000000,9780.000000,9730.000000,9780.000000,7778.215820,255,0,0,0,0,0,0,0,0
2010-08-17,9770.000000,9770.000000,9770.000000,9770.000000,7770.260742,127,0,0,0,0,0,0,0,0
2010-08-18,9770.000000,9860.000000,9770.000000,9860.000000,7841.841309,761,0,0,0,0,0,0,0,0
2010-08-19,9850.000000,9850.000000,9840.000000,9840.000000,7825.934082,256,0,0,0,0,0,0,0,0
2010-08-20,9760.000000,9760.000000,9730.000000,9730.000000,7738.447754,4,0,0,0,0,0,0,0,0
2010-08-23,9653.799805,9653.799805,9653.799805,9653.799805,7677.844238,0,0,0,0,0,0,0,0,0
2010-08-24,9580.000000,9600.000000,9580.000000,9600.000000,7635.057129,258,0,0,0,0,0,0,0,0
2010-08-25,9560.000000,9560.000000,9540.000000,9540.000000,7587.338867,254,0,0,0,0,0,0,0,0
2010-08-26,9560.000000,9560.000000,9560.000000,9560.000000,7603.243164,2,0,0,0,0,0,0,0,0
2010-08-27,9530.000000,9610.000000,9530.000000,9610.000000,7643.010742,767,0,0,0,0,0,0,0,0
2010-08-30,9720.000000,9720.000000,9720.000000,9720.000000,7730.495117,128,0,0,0,0,0,0,0,0
2010-08-31,9610.000000,9610.000000,9580.000000,9580.000000,7619.151367,381,0,0,0,0,0,0,0,0
2010-09-01,9550.000000,9630.000000,9550.000000,9630.000000,7658.917480,128,0,0,0,0,0,0,0,0
2010-09-02,9740.000000,9820.000000,9740.000000,9820.000000,7810.026855,752,0,0,0,0,0,0,0,0
2010-09-03,9790.000000,9810.000000,9780.000000,9780.000000,7778.215820,253,0,0,0,0,0,0,0,0
2010-09-06,9930.000000,9930.000000,9860.000000,9870.000000,7849.793457,255,0,0,0,0,0,0,0,0
2010-09-07,9880.000000,9880.000000,9880.000000,9880.000000,7857.746094,254,0,0,0,0,0,0,0,0
2010-09-08,9794.000000,9794.000000,9794.000000,9794.000000,7789.350098,0,0,0,0,0,0,0,0,0
2010-09-09,9818.900391,9818.900391,9818.900391,9818.900391,7809.153320,0,0,0,0,0,0,0,0,0
2010-09-10,9829.900391,9829.900391,9829.900391,9829.900391,7817.900879,0,0,0,0,0,0,0,0,0
2010-09-13,9890.000000,9890.000000,9890.000000,9890.000000,7865.699707,1400,0,0,0,0,0,0,0,0
2010-09-14,9810.000000,9810.000000,9810.000000,9810.000000,7802.073242,1,0,0,0,0,0,0,0,0
2010-09-16,9652.299805,9652.299805,9652.299805,9652.299805,7676.653809,0,0,0,0,0,0,0,0,0
2010-09-17,9654.799805,9654.799805,9654.799805,9654.799805,7678.639648,0,0,0,0,0,0,0,0,0
2010-09-21,9640.000000,9640.000000,9640.000000,9640.000000,7666.868652,10,0,0,0,0,0,0,0,0
2010-09-22,9610.500000,9610.500000,9610.500000,9610.500000,7643.408691,0,0,0,0,0,0,0,0,0
2010-09-24,9580.000000,9580.000000,9580.000000,9580.000000,7619.151367,3,0,0,0,0,0,0,0,0
2010-09-27,9620.000000,9620.000000,9620.000000,9620.000000,7650.963379,1,0,0,0,0,0,0,0,0
2010-09-28,9611.900391,9611.900391,9611.900391,9611.900391,7644.521973,0,0,0,0,0,0,0,0,0
2010-09-29,9574.099609,9574.099609,9574.099609,9574.099609,7614.458008,0,0,0,0,0,0,0,0,0
2010-09-30,9530.000000,9530.000000,9410.000000,9410.000000,7483.946777,22,0,0,0,0,0,0,0,0
2010-10-01,9280.000000,9280.000000,9280.000000,9280.000000,7380.556152,10,0,0,0,0,0,0,0,0
2010-10-04,9280.000000,9310.000000,9280.000000,9310.000000,7404.414063,12,0,0,0,0,0,0,0,0
2010-10-05,9190.000000,9190.000000,9190.000000,9190.000000,7308.976563,1,0,0,0,0,0,0,0,0
2010-10-06,9412.799805,9412.799805,9412.799805,9412.799805,7486.172852,0,0,0,0,0,0,0,0,0
2010-10-07,9451.099609,9451.099609,9451.099609,9451.099609,7516.635254,0,0,0,0,0,0,0,0,0
2010-10-08,9377.200195,9377.200195,9377.200195,9377.200195,7457.860840,0,0,0,0,0,0,0,0,0
2010-10-12,9260.000000,9260.000000,9260.000000,9260.000000,7364.648926,3,0,0,0,0,0,0,0,0
2010-10-13,9210.599609,9210.599609,9210.599609,9210.599609,7325.359863,0,0,0,0,0,0,0,0,0
2010-10-14,9282.900391,9282.900391,9282.900391,9282.900391,7382.862305,0,0,0,0,0,0,0,0,0
2010-10-15,9180.000000,9180.000000,9180.000000,9180.000000,7301.023926,3,0,0,0,0,0,0,0,0
2010-10-18,9307.400391,9307.400391,9307.400391,9307.400391,7402.346680,0,0,0,0,0,0,0,0,0
2010-10-19,9371.700195,9371.700195,9371.700195,9371.700195,7453.485352,0,0,0,0,0,0,0,0,0
2010-10-20,9230.000000,9280.000000,9230.000000,9260.000000,7364.648926,12,0,0,0,0,0,0,0,0
2010-10-21,9140.000000,9150.000000,9110.000000,9110.000000,7245.351074,31,0,0,0,0,0,0,0,0
2010-10-22,9177.200195,9177.200195,9177.200195,9177.200195,7298.796387,0,0,0,0,0,0,0,0,0
2010-10-25,9149.900391,9149.900391,9149.900391,9149.900391,7277.083984,0,0,0,0,0,0,0,0,0
2010-10-26,9130.000000,9130.000000,9130.000000,9130.000000,7261.258301,10,0,0,0,0,0,0,0,0
2010-10-27,9080.000000,9080.000000,9030.000000,9030.000000,7181.726074,23,0,0,0,0,0,0,0,0
2010-10-28,9130.000000,9130.000000,9130.000000,9130.000000,7261.258301,1,0,0,0,0,0,0,0,0
2010-10-29,9119.400391,9119.400391,9119.400391,9119.400391,7252.828613,0,0,0,0,0,0,0,0,0
2010-11-01,9030.000000,9040.000000,9000.000000,9040.000000,7189.679688,34,0,0,0,0,0,0,0,0
2010-11-02,8940.000000,8940.000000,8940.000000,8940.000000,7110.146973,6,0,0,0,0,0,0,0,0
2010-11-04,9060.000000,9060.000000,9060.000000,9060.000000,7205.586426,3,0,0,0,0,0,0,0,0
2010-11-05,9240.000000,9240.000000,9240.000000,9240.000000,7348.742188,45,0,0,0,0,0,0,0,0
2010-11-08,9292.700195,9292.700195,9292.700195,9292.700195,7390.656250,0,0,0,0,0,0,0,0,0
2010-11-09,9200.000000,9200.000000,9200.000000,9200.000000,7316.929688,20,0,0,0,0,0,0,0,0
2010-11-10,9320.000000,9320.000000,9280.000000,9280.000000,7380.556152,3,0,0,0,0,0,0,0,0
2010-11-11,9370.599609,9370.599609,9370.599609,9370.599609,7452.610352,0,0,0,0,0,0,0,0,0
2010-11-12,9280.000000,9280.000000,9280.000000,9280.000000,7380.556152,1,0,0,0,0,0,0,0,0
2010-11-15,9350.000000,9350.000000,9350.000000,9350.000000,7436.227539,2,0,0,0,0,0,0,0,0
2010-11-16,9240.000000,9240.000000,9210.000000,9210.000000,7324.881836,3,0,0,0,0,0,0,0,0
2010-11-17,9176.599609,9176.599609,9176.599609,9176.599609,7298.319336,0,0,0,0,0,0,0,0,0
2010-11-18,9330.000000,9330.000000,9330.000000,9330.000000,7420.320801,7,0,0,0,0,0,0,0,0
2010-11-19,9330.000000,9330.000000,9320.000000,9320.000000,7412.367188,41,0,0,0,0,0,0,0,0
2010-11-22,9330.000000,9340.000000,9320.000000,9340.000000,7428.274414,2,0,0,0,0,0,0,0,0
2010-11-24,9300.000000,9300.000000,9290.000000,9290.000000,7388.507813,68,0,0,0,0,0,0,0,0
2010-11-25,9275.700195,9275.700195,9275.700195,9275.700195,7377.135742,0,0,0,0,0,0,0,0,0
2010-11-26,9250.000000,9250.000000,9250.000000,9250.000000,7356.695313,1,0,0,0,0,0,0,0,0
2010-11-29,9340.000000,9350.000000,9340.000000,9350.000000,7436.227539,10,0,0,0,0,0,0,0,0
2010-11-30,9311.200195,9311.200195,9311.200195,9311.200195,7405.370117,0,0,0,0,0,0,0,0,0
2010-12-01,9377.000000,9377.000000,9377.000000,9377.000000,7457.701172,0,0,0,0,0,0,0,0,0
2010-12-02,9450.000000,9450.000000,9450.000000,9450.000000,7515.760254,1,0,0,0,0,0,0,0,0
2010-12-03,9450.000000,9450.000000,9410.000000,9410.000000,7483.946777,6,0,0,0,0,0,0,0,0
2010-12-06,9430.000000,9430.000000,9430.000000,9430.000000,7499.854004,40,0,0,0,0,0,0,0,0
2010-12-07,9430.000000,9430.000000,9430.000000,9430.000000,7499.854004,10,0,0,0,0,0,0,0,0
2010-12-08,9470.000000,9500.000000,9470.000000,9500.000000,7555.524902,103,0,0,0,0,0,0,0,0
2010-12-09,9540.000000,9560.000000,9520.000000,9520.000000,7571.432129,26,0,0,0,0,0,0,0,0
2010-12-10,9532.200195,9532.200195,9532.200195,9532.200195,7581.135254,0,0,0,0,0,0,0,0,0
2010-12-13,9550.000000,9550.000000,9550.000000,9550.000000,7595.291504,8,0,0,0,0,0,0,0,0
2010-12-14,9620.000000,9630.000000,9620.000000,9630.000000,7658.917480,40,0,0,0,0,0,0,0,0
2010-12-15,9630.000000,9630.000000,9610.000000,9610.000000,7643.010742,110,0,0,0,0,0,0,0,0
2010-12-16,9660.000000,9660.000000,9660.000000,9660.000000,7682.776367,2,0,0,0,0,0,0,0,0
2010-12-17,9640.000000,9640.000000,9640.000000,9640.000000,7666.868652,1,0,0,0,0,0,0,0,0
2010-12-20,9650.000000,9650.000000,9590.000000,9590.000000,7627.103516,13,0,0,0,0,0,0,0,0
2010-12-21,9643.000000,9643.000000,9643.000000,9643.000000,7669.255859,0,0,0,0,0,0,0,0,0
2010-12-22,9610.000000,9610.000000,9570.000000,9570.000000,7611.197266,424,0,0,0,0,0,0,0,0
2010-12-24,9580.000000,9580.000000,9540.000000,9540.000000,7587.338867,190,0,0,0,0,0,0,0,0
2010-12-27,9580.000000,9580.000000,9570.000000,9580.000000,7619.151367,6,0,0,0,0,0,0,0,0
2010-12-28,9590.000000,9590.000000,9590.000000,9590.000000,7627.103516,3,0,0,0,0,0,0,0,0
2010-12-29,9633.700195,9633.700195,9633.700195,9633.700195,7661.859863,0,0,0,0,0,0,0,0,0
2010-12-30,9590.000000,9590.000000,9520.000000,9520.000000,7571.432129,1747,0,0,0,0,0,0,0,0
2011-01-04,9630.000000,9630.000000,9630.000000,9630.000000,7658.917480,189,0,0,0,0,0,0,0,0
2011-01-05,9540.000000,9540.000000,9540.000000,9540.000000,7587.338867,3,0,0,0,0,0,0,0,0
2011-01-06,9627.299805,9627.299805,9627.299805,9627.299805,7656.769531,0,0,0,0,0,0,0,0,0
2011-01-07,9650.000000,9650.000000,9650.000000,9650.000000,7674.823730,2,0,0,0,0,0,0,0,0
2011-01-11,9662.799805,9662.799805,9662.799805,9662.799805,7685.002930,0,0,0,0,0,0,0,0,0
2011-01-12,9670.000000,9680.000000,9660.000000,9680.000000,7698.683594,104,0,0,0,0,0,0,0,0
2011-01-13,9750.900391,9750.900391,9750.900391,9750.900391,7755.071289,0,0,0,0,0,0,0,0,0
2011-01-14,9710.400391,9710.400391,9710.400391,9710.400391,7722.862305,0,0,0,0,0,0,0,0,0
2011-01-17,9684.400391,9684.400391,9684.400391,9684.400391,7702.183105,0,0,0,0,0,0,0,0,0
2011-01-18,9720.000000,9720.000000,9720.000000,9720.000000,7730.495117,105,0,0,0,0,0,0,0,0
2011-01-19,9770.000000,9770.000000,9770.000000,9770.000000,7770.260742,10,0,0,0,0,0,0,0,0
2011-01-20,9740.000000,9740.000000,9740.000000,9740.000000,7746.402344,190,0,0,0,0,0,0,0,0
2011-01-21,9730.000000,9730.000000,9620.000000,9620.000000,7650.963379,95,0,0,0,0,0,0,0,0
2011-01-24,9672.000000,9672.000000,9672.000000,9672.000000,7692.319336,0,0,0,0,0,0,0,0,0
2011-01-25,9670.000000,9670.000000,9670.000000,9670.000000,7690.729004,10,0,0,0,0,0,0,0,0
2011-01-26,9750.000000,9750.000000,9750.000000,9750.000000,7754.355469,5,0,0,0,0,0,0,0,0
2011-01-27,9700.000000,9700.000000,9700.000000,9690.000000,7706.636719,100,0,0,0,0,0,0,0,0
2011-01-28,9620.000000,9620.000000,9560.000000,9560.000000,7603.243164,129,0,0,0,0,0,0,0,0
2011-01-31,9590.000000,9590.000000,9580.000000,9580.000000,7619.151367,116,0,0,0,0,0,0,0,0
2011-02-01,9568.700195,9568.700195,9568.700195,9568.700195,7610.164551,0,0,0,0,0,0,0,0,0
2011-02-02,9650.000000,9650.000000,9650.000000,9650.000000,7674.823730,2,0,0,0,0,0,0,0,0
2011-02-03,9598.299805,9598.299805,9598.299805,9598.299805,7633.706055,0,0,0,0,0,0,0,0,0
2011-02-04,9660.000000,9660.000000,9640.000000,9640.000000,7666.868652,98,0,0,0,0,0,0,0,0
2011-02-07,9660.000000,9660.000000,9660.000000,9660.000000,7682.776367,97,0,0,0,0,0,0,0,0
2011-02-08,9699.799805,9699.799805,9699.799805,9699.799805,7714.430176,0,0,0,0,0,0,0,0,0
2011-02-09,9723.299805,9723.299805,9723.299805,9723.299805,7733.121094,0,0,0,0,0,0,0,0,0
2011-02-10,9787.099609,9787.099609,9787.099609,9787.099609,7783.860840,0,0,0,0,0,0,0,0,0
2011-02-14,9880.000000,9890.000000,9880.000000,9880.000000,7857.746094,11,0,0,0,0,0,0,0,0
2011-02-15,9919.900391,9919.900391,9919.900391,9919.900391,7889.479492,0,0,0,0,0,0,0,0,0
2011-02-16,9917.200195,9917.200195,9917.200195,9917.200195,7887.331055,0,0,0,0,0,0,0,0,0
2011-02-17,9930.000000,9930.000000,9930.000000,9930.000000,7897.512695,2,0,0,0,0,0,0,0,0
2011-02-18,10050.000000,10050.000000,10050.000000,10050.000000,7992.950684,1,0,0,0,0,0,0,0,0
2011-02-21,10020.000000,10020.000000,10020.000000,10020.000000,7969.091309,1,0,0,0,0,0,0,0,0
2011-02-22,9940.000000,9940.000000,9930.000000,9940.000000,7905.466797,4,0,0,0,0,0,0,0,0
2011-02-23,9910.000000,9910.000000,9910.000000,9910.000000,7881.606445,1,0,0,0,0,0,0,0,0
2011-02-24,9820.000000,9820.000000,9750.000000,9750.000000,7754.355469,96,0,0,0,0,0,0,0,0
2011-02-25,9821.400391,9821.400391,9821.400391,9821.400391,7811.141113,0,0,0,0,0,0,0,0,0
2011-02-28,9810.000000,9840.000000,9810.000000,9840.000000,7825.934082,194,0,0,0,0,0,0,0,0
2011-03-01,9925.099609,9925.099609,9925.099609,9925.099609,7893.615234,0,0,0,0,0,0,0,0,0
2011-03-02,9820.000000,9820.000000,9820.000000,9820.000000,7810.026855,97,0,0,0,0,0,0,0,0
2011-03-03,9830.000000,9830.000000,9790.000000,9790.000000,7786.168945,193,0,0,0,0,0,0,0,0
2011-03-04,9810.000000,9810.000000,9810.000000,9810.000000,7802.073242,98,0,0,0,0,0,0,0,0
2011-03-07,9810.000000,9810.000000,9710.000000,9710.000000,7722.542969,195,0,0,0,0,0,0,0,0
2011-03-08,9720.000000,9720.000000,9700.000000,9700.000000,7714.588867,2,0,0,0,0,0,0,0,0
2011-03-09,9725.700195,9725.700195,9725.700195,9725.700195,7735.028320,0,0,0,0,0,0,0,0,0
2011-03-10,9650.000000,9650.000000,9650.000000,9650.000000,7674.823730,1,0,0,0,0,0,0,0,0
2011-03-11,9491.799805,9491.799805,9491.799805,9491.799805,7549.004883,0,1,210000000,1,210000000,1,210000000,1,210000000
2011-03-14,8450.000000,8940.000000,8450.000000,8750.000000,6959.037109,449,0,0,0,0,0,0,0,0
2011-03-15,8600.000000,8600.000000,7720.000000,7980.000000,6346.642090,345,0,0,0,0,0,0,0,0
2011-03-16,8130.000000,8260.000000,8130.000000,8260.000000,6569.330566,41,0,0,0,0,0,0,0,0
2011-03-17,8130.000000,8280.000000,8130.000000,8280.000000,6585.236816,17,0,0,0,0,0,0,0,0
2011-03-18,8600.000000,8630.000000,8600.000000,8600.000000,6839.737793,116,0,0,0,0,0,0,0,0
2011-03-22,8750.000000,8990.000000,8750.000000,8990.000000,7149.913086,83,0,0,0,0,0,0,0,0
2011-03-23,9050.000000,9050.000000,8900.000000,8940.000000,7110.146973,62,0,0,0,0,0,0,0,0
2011-03-24,8940.000000,8940.000000,8810.000000,8810.000000,7006.754883,58,0,0,0,0,0,0,0,0
2011-03-25,8840.000000,8840.000000,8820.000000,8820.000000,7014.708984,2,0,0,0,0,0,0,0,0
2011-03-28,8840.000000,8840.000000,8840.000000,8840.000000,7030.614746,91,0,0,0,0,0,0,0,0
2011-03-29,8800.000000,8810.000000,8770.000000,8810.000000,7006.754883,21,0,0,0,0,0,0,0,0
2011-03-30,8920.000000,8970.000000,8900.000000,8970.000000,7134.007324,485,0,0,0,0,0,0,0,0
2011-03-31,8920.000000,8920.000000,8910.000000,8910.000000,7086.288086,108,0,0,0,0,0,0,0,0
2011-04-01,8920.000000,8940.000000,8870.000000,8870.000000,7054.475098,390,0,0,0,0,0,0,0,0
2011-04-04,8920.000000,8920.000000,8820.000000,8820.000000,7014.708984,204,0,0,0,0,0,0,0,0
2011-04-05,8810.000000,8810.000000,8710.000000,8730.000000,6943.129395,131,0,0,0,0,0,0,0,0
2011-04-06,8710.000000,8710.000000,8620.000000,8620.000000,6855.645508,150,0,0,0,0,0,0,0,0
2011-04-07,8720.000000,8720.000000,8680.000000,8700.000000,6919.271484,13,0,0,0,0,0,0,0,0
2011-04-08,8640.000000,8740.000000,8640.000000,8710.000000,6927.224121,198,0,0,0,0,0,0,0,0
2011-04-11,8730.000000,8730.000000,8710.000000,8710.000000,6927.224121,324,0,0,0,0,0,0,0,0
2011-04-12,8700.000000,8700.000000,8630.000000,8630.000000,6863.597656,262,0,0,0,0,0,0,0,0
2011-04-13,8650.000000,8650.000000,8600.000000,8610.000000,6847.691895,2285,0,0,0,0,0,0,0,0
2011-04-14,8580.000000,8640.000000,8580.000000,8640.000000,6871.551758,139,0,0,0,0,0,0,0,0
2011-04-15,8600.000000,8610.000000,8600.000000,8610.000000,6847.691895,7,0,0,0,0,0,0,0,0
2011-04-18,8590.000000,8610.000000,8580.000000,8580.000000,6823.832031,17,0,0,0,0,0,0,0,0
2011-04-19,8520.000000,8520.000000,8500.000000,8500.000000,6760.206543,18,0,0,0,0,0,0,0,0
2011-04-20,8560.000000,8570.000000,8500.000000,8500.000000,6760.206543,306,0,0,0,0,0,0,0,0
2011-04-21,8500.000000,8500.000000,8500.000000,8500.000000,6760.206543,3,0,0,0,0,0,0,0,0
2011-04-22,8450.000000,8470.000000,8440.000000,8470.000000,6736.346680,166,0,0,0,0,0,0,0,0
2011-04-25,8470.000000,8470.000000,8460.000000,8460.000000,6728.394043,8,0,0,0,0,0,0,0,0
2011-04-26,8450.000000,8450.000000,8390.000000,8390.000000,6672.721680,16,0,0,0,0,0,0,0,0
2011-04-27,8378.799805,8378.799805,8378.799805,8378.799805,6663.813965,0,0,0,0,0,0,0,0,0
2011-04-28,8400.000000,8490.000000,8400.000000,8480.000000,6744.301270,603,0,0,0,0,0,0,0,0
2011-05-02,8600.000000,8680.000000,8600.000000,8680.000000,6903.364258,134,0,0,0,0,0,0,0,0
2011-05-06,8690.000000,8690.000000,8650.000000,8680.000000,6903.364258,258,0,0,0,0,0,0,0,0
2011-05-09,8683.000000,8683.000000,8683.000000,8683.000000,6905.750488,0,0,0,0,0,0,0,0,0
2011-05-10,8737.299805,8737.299805,8737.299805,8737.299805,6948.936035,0,0,0,0,0,0,0,0,0
2011-05-11,8780.000000,8780.000000,8780.000000,8780.000000,6982.895996,42,0,0,0,0,0,0,0,0
2011-05-12,8770.000000,8770.000000,8680.000000,8680.000000,6903.364258,346,0,0,0,0,0,0,0,0
2011-05-13,8640.000000,8640.000000,8510.000000,8520.000000,6776.113770,339,0,0,0,0,0,0,0,0
2011-05-16,8500.000000,8500.000000,8500.000000,8500.000000,6760.206543,1,0,0,0,0,0,0,0,0
2011-05-17,8440.000000,8440.000000,8400.000000,8400.000000,6680.674805,8,0,0,0,0,0,0,0,0
2011-05-18,8483.500000,8483.500000,8483.500000,8483.500000,6747.083984,0,0,0,0,0,0,0,0,0
2011-05-19,8510.000000,8510.000000,8420.000000,8420.000000,6696.581543,13,0,0,0,0,0,0,0,0
2011-05-20,8393.900391,8393.900391,8393.900391,8393.900391,6675.824219,0,0,0,0,0,0,0,0,0
2011-05-23,8352.900391,8352.900391,8352.900391,8352.900391,6643.214844,0,0,0,0,0,0,0,0,0
2011-05-24,8424.099609,8424.099609,8424.099609,8424.099609,6699.841797,0,0,0,0,0,0,0,0,0
2011-05-25,8433.900391,8433.900391,8433.900391,8433.900391,6707.636719,0,0,0,0,0,0,0,0,0
2011-05-26,8484.900391,8484.900391,8484.900391,8484.900391,6748.197754,0,0,0,0,0,0,0,0,0
2011-05-27,8470.000000,8470.000000,8470.000000,8470.000000,6736.346680,1,0,0,0,0,0,0,0,0
2011-05-30,8400.000000,8410.000000,8390.000000,8410.000000,6688.627930,8,0,0,0,0,0,0,0,0
2011-05-31,8460.000000,8510.000000,8460.000000,8500.000000,6760.206543,982,0,0,0,0,0,0,0,0
2011-06-01,8511.599609,8511.599609,8511.599609,8511.599609,6769.432129,0,0,0,0,0,0,0,0,0
2011-06-02,8370.000000,8410.000000,8370.000000,8410.000000,6688.627930,248,0,0,0,0,0,0,0,0
2011-06-03,8400.000000,8400.000000,8390.000000,8390.000000,6672.721680,18,0,0,0,0,0,0,0,0
2011-06-06,8350.000000,8350.000000,8230.000000,8230.000000,6545.470703,16,0,0,0,0,0,0,0,0
2011-06-07,8230.000000,8280.000000,8230.000000,8280.000000,6585.236816,14,0,0,0,0,0,0,0,0
2011-06-08,8310.000000,8310.000000,8310.000000,8310.000000,6609.096191,12,0,0,0,0,0,0,0,0
2011-06-09,8280.000000,8280.000000,8280.000000,8280.000000,6585.236816,3,0,0,0,0,0,0,0,0
2011-06-10,8360.000000,8360.000000,8360.000000,8360.000000,6648.862305,10,0,0,0,0,0,0,0,0
2011-06-13,8300.000000,8330.000000,8300.000000,8330.000000,6625.003418,10,0,0,0,0,0,0,0,0
2011-06-14,8340.000000,8420.000000,8340.000000,8420.000000,6696.581543,5,0,0,0,0,0,0,0,0
2011-06-15,8390.000000,8390.000000,8390.000000,8390.000000,6672.721680,260,0,0,0,0,0,0,0,0
2011-06-16,8280.000000,8280.000000,8280.000000,8280.000000,6585.236816,1,0,0,0,0,0,0,0,0
2011-06-17,8310.000000,8310.000000,8250.000000,8250.000000,6561.377930,7,0,0,0,0,0,0,0,0
2011-06-20,8260.000000,8290.000000,8260.000000,8290.000000,6593.189941,7,0,0,0,0,0,0,0,0
2011-06-21,8290.000000,8340.000000,8260.000000,8340.000000,6632.955566,1400,0,0,0,0,0,0,0,0
2011-06-22,8489.599609,8489.599609,8489.599609,8489.599609,6751.934570,0,0,0,0,0,0,0,0,0
2011-06-23,8500.000000,8500.000000,8480.000000,8480.000000,6744.301270,8,0,0,0,0,0,0,0,0
2011-06-24,8540.000000,8540.000000,8540.000000,8540.000000,6792.019531,1,0,0,0,0,0,0,0,0
2011-06-27,8570.000000,8570.000000,8520.000000,8520.000000,6776.113770,18,0,0,0,0,0,0,0,0
2011-06-28,8570.000000,8570.000000,8570.000000,8570.000000,6815.879395,4,0,0,0,0,0,0,0,0
2011-06-29,8590.000000,8610.000000,8590.000000,8610.000000,6847.691895,11,0,0,0,0,0,0,0,0
2011-06-30,8650.000000,8650.000000,8630.000000,8630.000000,6863.597656,6,0,0,0,0,0,0,0,0
2011-07-01,8690.000000,8700.000000,8670.000000,8670.000000,6895.412109,12,0,0,0,0,0,0,0,0
2011-07-04,8710.000000,8750.000000,8710.000000,8750.000000,6959.037109,11,0,0,0,0,0,0,0,0
2011-07-05,8770.000000,8770.000000,8770.000000,8770.000000,6974.942871,2,0,0,0,0,0,0,0,0
2011-07-06,8800.000000,8820.000000,8800.000000,8820.000000,7014.708984,6,0,0,0,0,0,0,0,0
2011-07-07,8890.000000,8890.000000,8890.000000,8890.000000,7070.380371,3,0,0,0,0,0,0,0,0
2011-07-08,8990.000000,8990.000000,8910.000000,8940.000000,7110.146973,24,0,0,0,0,0,0,0,0
2011-07-11,8920.000000,8940.000000,8920.000000,8940.000000,7110.146973,18,0,0,0,0,0,0,0,0
2011-07-12,8800.000000,8840.000000,8800.000000,8840.000000,7030.614746,366,0,0,0,0,0,0,0,0
2011-07-13,8640.000000,8640.000000,8640.000000,8640.000000,6871.551758,355,0,0,0,0,0,0,0,0
2011-07-14,8829.900391,8829.900391,8829.900391,8829.900391,7022.583008,0,0,0,0,0,0,0,0,0
2011-07-15,8735.400391,8735.400391,8735.400391,8735.400391,6947.425781,0,0,0,0,0,0,0,0,0
2011-07-19,8740.000000,8750.000000,8740.000000,8750.000000,6959.037109,16,1,50000,0,0,0,0,0,0
2011-07-20,8770.000000,8810.000000,8750.000000,8750.000000,6959.037109,49,0,0,0,0,0,0,0,0
2011-07-21,8726.599609,8726.599609,8726.599609,8726.599609,6940.425781,0,0,0,0,0,0,0,0,0
2011-07-22,8760.000000,8800.000000,8750.000000,8790.000000,6990.849609,276,0,0,0,0,0,0,0,0
2011-07-25,8800.000000,8800.000000,8760.000000,8760.000000,6966.990234,8,0,0,0,0,0,0,0,0
2011-07-26,8790.000000,8880.000000,8790.000000,8840.000000,7030.614746,271,0,0,0,0,0,0,0,0
2011-07-27,8770.000000,8790.000000,8770.000000,8780.000000,6982.895996,4,0,0,0,0,0,0,0,0
2011-07-28,8720.000000,8730.000000,8630.000000,8630.000000,6863.597656,302,0,0,0,0,0,0,0,0
2011-07-29,8660.000000,8660.000000,8610.000000,8610.000000,6847.691895,50,0,0,0,0,0,0,0,0
2011-08-01,8662.500000,8662.500000,8662.500000,8662.500000,6889.447266,0,0,0,0,0,0,0,0,0
2011-08-02,8570.500000,8570.500000,8570.500000,8570.500000,6816.277344,0,0,0,0,0,0,0,0,0
2011-08-03,8490.000000,8490.000000,8420.000000,8420.000000,6696.581543,6,0,0,0,0,0,0,0,0
2011-08-04,8470.000000,8470.000000,8470.000000,8470.000000,6736.346680,49,0,0,0,0,0,0,0,0
2011-08-05,8230.000000,8230.000000,8200.000000,8210.000000,6529.564453,303,0,0,0,0,0,0,0,0
2011-08-08,8120.000000,8130.000000,8120.000000,8120.000000,6457.985352,192,0,0,0,0,0,0,0,0
2011-08-09,7970.000000,7970.000000,7880.000000,7880.000000,6267.109375,89,0,0,0,0,0,0,0,0
2011-08-10,8120.000000,8120.000000,8050.000000,8070.000000,6418.219727,54,0,0,0,0,0,0,0,0
2011-08-11,8010.000000,8140.000000,8010.000000,8140.000000,6473.891602,60,0,0,0,0,0,0,0,0
2011-08-12,8230.000000,8230.000000,8120.000000,8120.000000,6457.985352,77,0,0,0,0,0,0,0,0
2011-08-15,8180.000000,8180.000000,8100.000000,8100.000000,6442.079102,53,0,0,0,0,0,0,0,0
2011-08-16,8210.000000,8210.000000,8190.000000,8190.000000,6513.657715,62,0,0,0,0,0,0,0,0
2011-08-17,8202.900391,8202.900391,8202.900391,8202.900391,6523.918457,0,0,0,0,0,0,0,0,0
2011-08-18,8200.000000,8200.000000,8200.000000,8200.000000,6521.610840,3,0,0,0,0,0,0,0,0
2011-08-19,8200.000000,8230.000000,8200.000000,8230.000000,6545.470703,92,0,0,0,0,0,0,0,0
2011-08-22,8220.000000,8220.000000,8200.000000,8200.000000,6521.610840,7,0,0,0,0,0,0,0,0
2011-08-23,8200.000000,8210.000000,8200.000000,8210.000000,6529.564453,15,0,0,0,0,0,0,0,0
2011-08-24,8229.400391,8229.400391,8229.400391,8229.400391,6544.993652,0,0,0,0,0,0,0,0,0
2011-08-25,8226.700195,8226.700195,8226.700195,8226.700195,6542.846191,0,0,0,0,0,0,0,0,0
2011-08-26,8240.000000,8250.000000,8240.000000,8240.000000,6553.422852,33,0,0,0,0,0,0,0,0
2011-08-29,8260.000000,8260.000000,8260.000000,8260.000000,6569.330566,1,0,0,0,0,0,0,0,0
2011-08-30,8317.400391,8317.400391,8317.400391,8317.400391,6614.981934,0,0,0,0,0,0,0,0,0
2011-08-31,8380.000000,8380.000000,8380.000000,8380.000000,6664.769043,10,0,0,0,0,0,0,0,0
2011-09-01,8425.099609,8425.099609,8425.099609,8425.099609,6700.636719,0,0,0,0,0,0,0,0,0
2011-09-02,8413.099609,8413.099609,8413.099609,8413.099609,6691.092773,0,1,65000,0,0,0,0,0,0
2011-09-05,8380.000000,8380.000000,8380.000000,8380.000000,6664.769043,13,0,0,0,0,0,0,0,0
2011-09-06,8420.000000,8420.000000,8420.000000,8420.000000,6696.581543,1,0,0,0,0,0,0,0,0
2011-09-07,8491.200195,8491.200195,8491.200195,8491.200195,6753.208008,0,0,0,0,0,0,0,0,0
2011-09-08,8573.599609,8573.599609,8573.599609,8573.599609,6818.742188,0,0,0,0,0,0,0,0,0
2011-09-09,8640.000000,8640.000000,8600.000000,8600.000000,6839.737793,56,0,0,0,0,0,0,0,0
2011-09-12,8510.000000,8510.000000,8500.000000,8500.000000,6760.206543,172,0,0,0,0,0,0,0,0
2011-09-13,8550.000000,8590.000000,8550.000000,8590.000000,6831.786133,65,0,0,0,0,0,0,0,0
2011-09-14,8590.000000,8590.000000,8550.000000,8550.000000,6799.972168,9,0,0,0,0,0,0,0,0
2011-09-15,8620.000000,8620.000000,8580.000000,8580.000000,6823.832031,21,0,0,0,0,0,0,0,0
2011-09-16,8660.000000,8660.000000,8620.000000,8620.000000,6855.645508,54,0,0,0,0,0,0,0,0
2011-09-20,8540.000000,8540.000000,8540.000000,8540.000000,6792.019531,2,0,0,0,0,0,0,0,0
2011-09-21,8487.200195,8487.200195,8487.200195,8487.200195,6750.026367,0,0,0,0,0,0,0,0,0
2011-09-22,8540.000000,8540.000000,8540.000000,8540.000000,6792.019531,1,1,1820000,1,1820000,0,0,0,0
2011-09-26,8520.000000,8520.000000,8500.000000,8500.000000,6760.206543,89,0,0,0,0,0,0,0,0
2011-09-27,8560.000000,8560.000000,8560.000000,8560.000000,6807.925293,43,0,0,0,0,0,0,0,0
2011-09-28,8630.000000,8630.000000,8630.000000,8630.000000,6863.597656,1,0,0,0,0,0,0,0,0
2011-09-29,8640.000000,8680.000000,8640.000000,8680.000000,6903.364258,173,0,0,0,0,0,0,0,0
2011-09-30,8700.000000,8700.000000,8700.000000,8700.000000,6919.271484,44,0,0,0,0,0,0,0,0
2011-10-03,8580.000000,8600.000000,8580.000000,8600.000000,6839.737793,172,0,0,0,0,0,0,0,0
2011-10-04,8660.000000,8660.000000,8550.000000,8550.000000,6799.972168,182,0,0,0,0,0,0,0,0
2011-10-05,8590.000000,8590.000000,8590.000000,8590.000000,6831.786133,1,0,0,0,0,0,0,0,0
2011-10-06,8610.000000,8610.000000,8610.000000,8610.000000,6847.691895,250,0,0,0,0,0,0,0,0
2011-10-07,8610.000000,8610.000000,8590.000000,8590.000000,6831.786133,24,0,0,0,0,0,0,0,0
2011-10-11,8570.000000,8620.000000,8570.000000,8620.000000,6855.645508,2,0,0,0,0,0,0,0,0
2011-10-12,8650.000000,8660.000000,8650.000000,8660.000000,6887.458984,45,0,0,0,0,0,0,0,0
2011-10-13,8670.000000,8670.000000,8580.000000,8580.000000,6823.832031,37,0,0,0,0,0,0,0,0
2011-10-14,8540.000000,8540.000000,8510.000000,8510.000000,6768.159668,10,0,0,0,0,0,0,0,0
2011-10-17,8480.000000,8480.000000,8450.000000,8450.000000,6720.440918,9,0,0,0,0,0,0,0,0
2011-10-18,8459.099609,8459.099609,8459.099609,8459.099609,6727.677734,0,0,0,0,0,0,0,0,0
2011-10-19,8549.799805,8549.799805,8549.799805,8549.799805,6799.812500,0,0,0,0,0,0,0,0,0
2011-10-20,8566.000000,8566.000000,8566.000000,8566.000000,6812.697266,0,0,0,0,0,0,0,0,0
2011-10-21,8488.900391,8488.900391,8488.900391,8488.900391,6751.378906,0,0,0,0,0,0,0,0,0
2011-10-24,8546.400391,8546.400391,8546.400391,8546.400391,6797.110352,0,0,0,0,0,0,0,0,0
2011-10-25,8399.599609,8399.599609,8399.599609,8399.599609,6680.356934,0,0,0,0,0,0,0,0,0
2011-10-26,8356.400391,8356.400391,8356.400391,8356.400391,6645.999023,0,0,0,0,0,0,0,0,0
2011-10-27,8463.000000,8463.000000,8463.000000,8463.000000,6730.780762,0,0,0,0,0,0,0,0,0
2011-10-28,8560.000000,8560.000000,8520.000000,8520.000000,6776.113770,48,0,0,0,0,0,0,0,0
2011-10-31,8541.700195,8541.700195,8541.700195,8541.700195,6793.371582,0,0,0,0,0,0,0,0,0
2011-11-01,8532.500000,8532.500000,8532.500000,8532.500000,6786.055176,0,0,0,0,0,0,0,0,0
2011-11-02,8460.000000,8460.000000,8340.000000,8340.000000,6632.955566,46,0,0,0,0,0,0,0,0
2011-11-04,8404.099609,8404.099609,8404.099609,8404.099609,6683.936523,0,0,0,0,0,0,0,0,0
2011-11-07,8370.000000,8370.000000,8370.000000,8370.000000,6656.815430,1,0,0,0,0,0,0,0,0
2011-11-08,8410.000000,8420.000000,8410.000000,8420.000000,6696.581543,2,0,0,0,0,0,0,0,0
2011-11-09,8562.400391,8562.400391,8562.400391,8562.400391,6809.833984,0,0,0,0,0,0,0,0,0
2011-11-10,8460.000000,8460.000000,8460.000000,8460.000000,6728.394043,20,0,0,0,0,0,0,0,0
2011-11-11,8469.500000,8469.500000,8469.500000,8469.500000,6735.949707,0,0,0,0,0,0,0,0,0
2011-11-14,8452.099609,8452.099609,8452.099609,8452.099609,6722.110840,0,0,0,0,0,0,0,0,0
2011-11-15,8427.200195,8427.200195,8427.200195,8427.200195,6702.307129,0,0,0,0,0,0,0,0,0
2011-11-16,8380.000000,8380.000000,8380.000000,8380.000000,6664.769043,1,0,0,0,0,0,0,0,0
2011-11-17,8300.000000,8300.000000,8300.000000,8300.000000,6601.143066,2,0,0,0,0,0,0,0,0
2011-11-18,8330.000000,8330.000000,8330.000000,8330.000000,6625.003418,9,0,0,0,0,0,0,0,0
2011-11-21,8380.700195,8380.700195,8380.700195,8380.700195,6665.325684,0,0,0,0,0,0,0,0,0
2011-11-22,8290.000000,8290.000000,8280.000000,8280.000000,6585.236816,44,0,0,0,0,0,0,0,0
2011-11-24,8240.000000,8240.000000,8240.000000,8240.000000,6553.422852,1,0,0,0,0,0,0,0,0
2011-11-25,8137.899902,8137.899902,8137.899902,8137.899902,6472.222656,0,0,0,0,0,0,0,0,0
2011-11-28,8190.000000,8190.000000,8110.000000,8110.000000,6450.032227,372,0,0,0,0,0,0,0,0
2011-11-29,8110.000000,8120.000000,8110.000000,8120.000000,6457.985352,50,0,0,0,0,0,0,0,0
2011-11-30,8130.000000,8150.000000,8120.000000,8120.000000,6457.985352,33,0,0,0,0,0,0,0,0
2011-12-01,8223.099609,8223.099609,8223.099609,8223.099609,6539.983398,0,0,0,0,0,0,0,0,0
2011-12-02,8240.000000,8260.000000,8240.000000,8260.000000,6569.330566,22,0,0,0,0,0,0,0,0
2011-12-05,8276.400391,8276.400391,8276.400391,8276.400391,6582.374023,0,0,0,0,0,0,0,0,0
2011-12-06,8260.000000,8260.000000,8260.000000,8260.000000,6569.330566,1,0,0,0,0,0,0,0,0
2011-12-07,8332.299805,8332.299805,8332.299805,8332.299805,6626.833496,0,0,0,0,0,0,0,0,0
2011-12-08,8356.700195,8356.700195,8356.700195,8356.700195,6646.237305,0,0,0,0,0,0,0,0,0
2011-12-09,8299.799805,8299.799805,8299.799805,8299.799805,6600.983887,0,0,0,0,0,0,0,0,0
2011-12-12,8420.000000,8420.000000,8420.000000,8420.000000,6696.581543,1,0,0,0,0,0,0,0,0
2011-12-13,8437.200195,8437.200195,8437.200195,8437.200195,6710.261719,0,0,0,0,0,0,0,0,0
2011-12-14,8410.000000,8410.000000,8410.000000,8410.000000,6688.627930,10,0,0,0,0,0,0,0,0
2011-12-15,8430.000000,8430.000000,8430.000000,8430.000000,6704.534668,2,0,0,0,0,0,0,0,0
2011-12-16,8409.599609,8409.599609,8409.599609,8409.599609,6688.309082,0,0,0,0,0,0,0,0,0
2011-12-19,8340.000000,8340.000000,8340.000000,8340.000000,6632.955566,4,0,0,0,0,0,0,0,0
2011-12-20,8375.700195,8375.700195,8375.700195,8375.700195,6661.349609,0,0,0,0,0,0,0,0,0
2011-12-21,8450.000000,8450.000000,8450.000000,8450.000000,6720.440918,1,0,0,0,0,0,0,0,0
2011-12-22,8493.599609,8493.599609,8493.599609,8493.599609,6755.116699,0,0,0,0,0,0,0,0,0
2011-12-26,8440.000000,8520.000000,8390.000000,8520.000000,6776.113770,201,0,0,0,0,0,0,0,0
2011-12-27,8460.000000,8460.000000,8460.000000,8460.000000,6728.394043,30,0,0,0,0,0,0,0,0
2011-12-28,8440.000000,8440.000000,8440.000000,8440.000000,6712.487305,20,0,0,0,0,0,0,0,0
2011-12-29,8440.000000,8440.000000,8440.000000,8440.000000,6712.487305,1,0,0,0,0,0,0,0,0
2011-12-30,8470.000000,8470.000000,8470.000000,8470.000000,6736.346680,591,0,0,0,0,0,0,0,0
2012-01-04,8600.000000,8600.000000,8600.000000,8600.000000,6839.737793,8,1,752000,1,752000,0,0,0,0
2012-01-05,8570.000000,8570.000000,8570.000000,8570.000000,6815.879395,1,0,0,0,0,0,0,0,0
2012-01-06,8440.000000,8440.000000,8440.000000,8440.000000,6712.487305,1,0,0,0,0,0,0,0,0
2012-01-10,8460.000000,8460.000000,8460.000000,8460.000000,6728.394043,1,0,0,0,0,0,0,0,0
2012-01-11,8460.000000,8460.000000,8460.000000,8460.000000,6728.394043,2,0,0,0,0,0,0,0,0
2012-01-12,8390.000000,8390.000000,8390.000000,8390.000000,6672.721680,2,0,0,0,0,0,0,0,0
2012-01-13,8420.000000,8420.000000,8420.000000,8420.000000,6696.581543,1,0,0,0,0,0,0,0,0
2012-01-16,8350.000000,8350.000000,8350.000000,8350.000000,6640.910156,2,0,0,0,0,0,0,0,0
2012-01-17,8380.000000,8380.000000,8380.000000,8380.000000,6664.769043,1,0,0,0,0,0,0,0,0
2012-01-18,8370.000000,8380.000000,8370.000000,8370.000000,6656.815430,46,0,0,0,0,0,0,0,0
2012-01-19,8350.000000,8370.000000,8330.000000,8330.000000,6625.003418,659,0,0,0,0,0,0,0,0
2012-01-20,8390.000000,8390.000000,8360.000000,8360.000000,6648.862305,150,0,0,0,0,0,0,0,0
2012-01-23,8380.000000,8380.000000,8380.000000,8380.000000,6664.769043,1,0,0,0,0,0,0,0,0
2012-01-24,8400.000000,8400.000000,8400.000000,8400.000000,6680.674805,1,0,0,0,0,0,0,0,0
2012-01-25,8490.000000,8500.000000,8490.000000,8500.000000,6760.206543,4,0,0,0,0,0,0,0,0
2012-01-26,8500.000000,8510.000000,8500.000000,8510.000000,6768.159668,4,0,0,0,0,0,0,0,0
2012-01-27,8500.000000,8510.000000,8500.000000,8510.000000,6768.159668,6,0,0,0,0,0,0,0,0
2012-01-30,8510.000000,8510.000000,8510.000000,8510.000000,6768.159668,1,0,0,0,0,0,0,0,0
2012-01-31,8570.000000,8570.000000,8570.000000,8570.000000,6815.879395,1,0,0,0,0,0,0,0,0
2012-02-01,8650.000000,8650.000000,8630.000000,8630.000000,6863.597656,2,0,0,0,0,0,0,0,0
2012-02-02,8680.000000,8680.000000,8680.000000,8680.000000,6903.364258,1,0,0,0,0,0,0,0,0
2012-02-03,8680.000000,8680.000000,8680.000000,8680.000000,6903.364258,17,0,0,0,0,0,0,0,0
2012-02-06,8710.000000,8710.000000,8710.000000,8710.000000,6927.224121,1,0,0,0,0,0,0,0,0
2012-02-07,8730.000000,8730.000000,8730.000000,8730.000000,6943.129395,6,0,0,0,0,0,0,0,0
2012-02-08,8750.000000,8750.000000,8750.000000,8750.000000,6959.037109,151,0,0,0,0,0,0,0,0
2012-02-09,8740.000000,8750.000000,8740.000000,8750.000000,6959.037109,11,0,0,0,0,0,0,0,0
2012-02-10,8750.000000,8750.000000,8750.000000,8750.000000,6959.037109,1,0,0,0,0,0,0,0,0
2012-02-13,8740.000000,8740.000000,8740.000000,8740.000000,6951.083496,1,0,0,0,0,0,0,0,0
2012-02-14,8750.000000,8800.000000,8750.000000,8790.000000,6990.849609,3,0,0,0,0,0,0,0,0
2012-02-15,8860.000000,8910.000000,8840.000000,8910.000000,7086.288086,15,0,0,0,0,0,0,0,0
2012-02-16,8880.000000,8880.000000,8880.000000,8880.000000,7062.427246,1,0,0,0,0,0,0,0,0
2012-02-17,8910.000000,8910.000000,8910.000000,8910.000000,7086.288086,2,0,0,0,0,0,0,0,0
2012-02-20,8980.000000,8980.000000,8980.000000,8980.000000,7141.959473,1,0,0,0,0,0,0,0,0
2012-02-21,8940.000000,8940.000000,8940.000000,8940.000000,7110.146973,1,0,0,0,0,0,0,0,0
2012-02-22,9093.700195,9093.700195,9093.700195,9093.700195,7232.387695,0,0,0,0,0,0,0,0,0
2012-02-23,9080.000000,9080.000000,9080.000000,9080.000000,7221.491211,1,0,0,0,0,0,0,0,0
2012-02-24,9110.000000,9110.000000,9110.000000,9110.000000,7245.351074,1,0,0,0,0,0,0,0,0
2012-02-27,9050.000000,9050.000000,9030.000000,9050.000000,7197.632324,7,0,0,0,0,0,0,0,0
2012-02-28,9000.000000,9000.000000,9000.000000,9000.000000,7157.866699,1,0,0,0,0,0,0,0,0
2012-02-29,9180.000000,9180.000000,9100.000000,9100.000000,7237.397949,9,0,0,0,0,0,0,0,0
2012-03-01,9110.000000,9180.000000,9110.000000,9160.000000,7285.116699,12,0,0,0,0,0,0,0,0
2012-03-02,9220.000000,9220.000000,9220.000000,9220.000000,7332.836914,1,0,0,0,0,0,0,0,0
2012-03-05,9330.000000,9330.000000,9320.000000,9320.000000,7412.367188,8,0,0,0,0,0,0,0,0
2012-03-06,9300.000000,9300.000000,9300.000000,9300.000000,7396.461914,1,0,0,0,0,0,0,0,0
2012-03-07,9250.000000,9260.000000,9250.000000,9260.000000,7364.648926,234,0,0,0,0,0,0,0,0
2012-03-08,9320.000000,9320.000000,9320.000000,9320.000000,7412.367188,1,0,0,0,0,0,0,0,0
2012-03-09,9410.000000,9440.000000,9400.000000,9420.000000,7491.899414,21,0,0,0,0,0,0,0,0
2012-03-12,9420.000000,9420.000000,9410.000000,9410.000000,7483.946777,6,0,0,0,0,0,0,0,0
2012-03-13,9390.000000,9390.000000,9390.000000,9390.000000,7468.040527,1,0,0,0,0,0,0,0,0
2012-03-14,9390.000000,9410.000000,9360.000000,9360.000000,7444.180664,3,0,0,0,0,0,0,0,0
2012-03-15,9330.000000,9330.000000,9330.000000,9330.000000,7420.320801,1,0,0,0,0,0,0,0,0
2012-03-16,9330.000000,9330.000000,9330.000000,9330.000000,7420.320801,3,0,0,0,0,0,0,0,0
2012-03-19,9330.000000,9330.000000,9330.000000,9330.000000,7420.320801,1,0,0,0,0,0,0,0,0
2012-03-21,9310.000000,9310.000000,9310.000000,9310.000000,7404.414063,1,0,0,0,0,0,0,0,0
2012-03-22,9375.700195,9375.700195,9375.700195,9375.700195,7456.666992,0,0,0,0,0,0,0,0,0
2012-03-23,9360.000000,9360.000000,9360.000000,9360.000000,7444.180664,1,0,0,0,0,0,0,0,0
2012-03-26,9350.000000,9350.000000,9330.000000,9330.000000,7420.320801,6,0,0,0,0,0,0,0,0
2012-03-27,9390.000000,9390.000000,9390.000000,9390.000000,7468.040527,1,0,0,0,0,0,0,0,0
2012-03-28,9290.000000,9290.000000,9290.000000,9290.000000,7388.507813,1,0,0,0,0,0,0,0,0
2012-03-29,9320.000000,9320.000000,9320.000000,9320.000000,7412.367188,1,0,0,0,0,0,0,0,0
2012-03-30,9290.000000,9290.000000,9290.000000,9290.000000,7388.507813,2,0,0,0,0,0,0,0,0
2012-04-02,9320.000000,9320.000000,9320.000000,9320.000000,7412.367188,10,0,0,0,0,0,0,0,0
2012-04-03,9170.000000,9170.000000,9170.000000,9170.000000,7293.071289,1,0,0,0,0,0,0,0,0
2012-04-04,9090.000000,9090.000000,9010.000000,9010.000000,7165.820801,5,0,0,0,0,0,0,0,0
2012-04-05,9020.000000,9020.000000,9020.000000,9020.000000,7173.773438,1,0,0,0,0,0,0,0,0
2012-04-06,9050.000000,9050.000000,9050.000000,9050.000000,7197.632324,1,0,0,0,0,0,0,0,0
2012-04-09,9000.000000,9000.000000,9000.000000,9000.000000,7157.866699,1,0,0,0,0,0,0,0,0
2012-04-10,8900.000000,8900.000000,8900.000000,8900.000000,7078.333984,1,0,0,0,0,0,0,0,0
2012-04-11,8830.000000,8830.000000,8830.000000,8830.000000,7022.663086,1,0,0,0,0,0,0,0,0
2012-04-12,8830.000000,8830.000000,8830.000000,8830.000000,7022.663086,1,0,0,0,0,0,0,0,0
2012-04-13,8850.000000,8860.000000,8820.000000,8820.000000,7014.708984,71,0,0,0,0,0,0,0,0
2012-04-16,8790.000000,8820.000000,8770.000000,8820.000000,7014.708984,50,0,0,0,0,0,0,0,0
2012-04-17,8800.000000,8800.000000,8800.000000,8800.000000,6998.801270,1,0,0,0,0,0,0,0,0
2012-04-18,9000.000000,9000.000000,8950.000000,8950.000000,7118.099121,51,0,0,0,0,0,0,0,0
2012-04-19,8870.000000,8870.000000,8870.000000,8870.000000,7054.475098,1,0,0,0,0,0,0,0,0
2012-04-20,8880.000000,8880.000000,8880.000000,8880.000000,7062.427246,1,0,0,0,0,0,0,0,0
2012-04-23,8790.000000,8800.000000,8790.000000,8790.000000,6990.849609,158,0,0,0,0,0,0,0,0
2012-04-24,8780.000000,8780.000000,8780.000000,8780.000000,6982.895996,1,0,0,0,0,0,0,0,0
2012-04-25,8829.500000,8829.500000,8829.500000,8829.500000,7022.264648,0,0,0,0,0,0,0,0,0
2012-04-26,8870.000000,8870.000000,8870.000000,8870.000000,7054.475098,20,0,0,0,0,0,0,0,0
2012-04-27,8920.000000,8920.000000,8870.000000,8870.000000,7054.475098,51,0,0,0,0,0,0,0,0
2012-05-01,8850.000000,8850.000000,8800.000000,8800.000000,6998.801270,31,0,0,0,0,0,0,0,0
2012-05-02,8790.000000,8790.000000,8790.000000,8790.000000,6990.849609,21,0,0,0,0,0,0,0,0
2012-05-07,8640.000000,8700.000000,8640.000000,8700.000000,6919.271484,31,0,0,0,0,0,0,0,0
2012-05-08,8750.000000,8750.000000,8720.000000,8720.000000,6935.176758,9,0,0,0,0,0,0,0,0
2012-05-09,8710.000000,8710.000000,8670.000000,8670.000000,6895.412109,2,0,0,0,0,0,0,0,0
2012-05-10,8660.000000,8660.000000,8660.000000,8660.000000,6887.458984,1,0,0,0,0,0,0,0,0
2012-05-11,8540.000000,8540.000000,8530.000000,8530.000000,6784.066406,2,0,0,0,0,0,0,0,0
2012-05-14,8540.000000,8560.000000,8540.000000,8560.000000,6807.925293,3,0,0,0,0,0,0,0,0
2012-05-15,8460.000000,8460.000000,8460.000000,8460.000000,6728.394043,1,0,0,0,0,0,0,0,0
2012-05-16,8450.000000,8450.000000,8450.000000,8450.000000,6720.440918,1,0,0,0,0,0,0,0,0
2012-05-17,8390.000000,8440.000000,8390.000000,8430.000000,6704.534668,564,0,0,0,0,0,0,0,0
2012-05-18,8320.000000,8320.000000,8270.000000,8270.000000,6577.283691,5,0,0,0,0,0,0,0,0
2012-05-21,8310.000000,8330.000000,8300.000000,8300.000000,6601.143066,32,0,0,0,0,0,0,0,0
2012-05-22,8370.000000,8370.000000,8350.000000,8350.000000,6640.910156,21,0,0,0,0,0,0,0,0
2012-05-23,8320.000000,8320.000000,8240.000000,8240.000000,6553.422852,302,0,0,0,0,0,0,0,0
2012-05-24,8260.000000,8260.000000,8260.000000,8260.000000,6569.330566,1,0,0,0,0,0,0,0,0
2012-05-25,8230.000000,8230.000000,8230.000000,8230.000000,6545.470703,1,0,0,0,0,0,0,0,0
2012-05-28,8270.000000,8270.000000,8270.000000,8270.000000,6577.283691,71,0,0,0,0,0,0,0,0
2012-05-29,8270.000000,8270.000000,8270.000000,8270.000000,6577.283691,1,0,0,0,0,0,0,0,0
2012-05-30,8300.000000,8310.000000,8300.000000,8310.000000,6609.096191,2,0,0,0,0,0,0,0,0
2012-05-31,8230.000000,8340.000000,8230.000000,8340.000000,6632.955566,281,0,0,0,0,0,0,0,0
2012-06-01,8280.000000,8280.000000,8260.000000,8280.000000,6585.236816,3,0,0,0,0,0,0,0,0
2012-06-04,8170.000000,8220.000000,8170.000000,8200.000000,6521.610840,97,0,0,0,0,0,0,0,0
2012-06-05,8310.000000,8310.000000,8310.000000,8310.000000,6609.096191,1,0,0,0,0,0,0,0,0
2012-06-06,8440.000000,8440.000000,8410.000000,8410.000000,6688.627930,21,0,0,0,0,0,0,0,0
2012-06-07,8420.000000,8420.000000,8420.000000,8420.000000,6696.581543,1,0,0,0,0,0,0,0,0
2012-06-08,8390.000000,8390.000000,8390.000000,8390.000000,6672.721680,1,0,0,0,0,0,0,0,0
2012-06-11,8470.000000,8470.000000,8460.000000,8460.000000,6728.394043,86,0,0,0,0,0,0,0,0
2012-06-12,8340.000000,8370.000000,8340.000000,8350.000000,6640.910156,161,0,0,0,0,0,0,0,0
2012-06-13,8450.000000,8450.000000,8450.000000,8450.000000,6720.440918,1,0,0,0,0,0,0,0,0
2012-06-14,8410.000000,8410.000000,8410.000000,8410.000000,6688.627930,1,0,0,0,0,0,0,0,0
2012-06-15,8420.000000,8420.000000,8420.000000,8420.000000,6696.581543,1,0,0,0,0,0,0,0,0
2012-06-18,8490.000000,8490.000000,8430.000000,8430.000000,6704.534668,35,0,0,0,0,0,0,0,0
2012-06-19,8420.000000,8480.000000,8420.000000,8480.000000,6744.301270,21,0,0,0,0,0,0,0,0
2012-06-20,8570.000000,8570.000000,8570.000000,8570.000000,6815.879395,1,0,0,0,0,0,0,0,0
2012-06-21,8650.000000,8650.000000,8650.000000,8650.000000,6879.505859,1,0,0,0,0,0,0,0,0
2012-06-22,8590.000000,8620.000000,8590.000000,8620.000000,6855.645508,52,0,0,0,0,0,0,0,0
2012-06-25,8600.000000,8600.000000,8580.000000,8580.000000,6823.832031,23,0,0,0,0,0,0,0,0
2012-06-26,8553.099609,8553.099609,8553.099609,8553.099609,6802.437988,0,0,0,0,0,0,0,0,0
2012-06-27,8685.299805,8685.299805,8685.299805,8685.299805,6907.579590,0,0,0,0,0,0,0,0,0
2012-06-28,8839.700195,8839.700195,8839.700195,8839.700195,7030.376465,0,0,0,0,0,0,0,0,0
2012-06-29,8800.000000,8800.000000,8800.000000,8800.000000,6998.801270,5,0,0,0,0,0,0,0,0
2012-07-02,8887.500000,8887.500000,8887.500000,8887.500000,7068.391602,0,0,0,0,0,0,0,0,0
2012-07-03,8820.000000,8820.000000,8820.000000,8820.000000,7014.708984,1,0,0,0,0,0,0,0,0
2012-07-04,8900.000000,8900.000000,8860.000000,8860.000000,7046.521484,11,0,0,0,0,0,0,0,0
2012-07-05,8860.700195,8860.700195,8860.700195,8860.700195,7047.077637,0,0,0,0,0,0,0,0,0
2012-07-06,8818.700195,8818.700195,8818.700195,8818.700195,7013.675781,0,0,0,0,0,0,0,0,0
2012-07-09,8857.200195,8857.200195,8857.200195,8857.200195,7044.295410,0,0,0,0,0,0,0,0,0
2012-07-10,8852.200195,8852.200195,8852.200195,8852.200195,7040.318359,0,0,0,0,0,0,0,0,0
2012-07-11,8863.099609,8863.099609,8863.099609,8863.099609,7048.986816,0,0,0,0,0,0,0,0,0
2012-07-12,8840.200195,8840.200195,8840.200195,8840.200195,7030.774902,0,1,1400000,1,1400000,0,0,0,0
2012-07-13,8770.099609,8770.099609,8770.099609,8770.099609,6975.022461,0,0,0,0,0,0,0,0,0
2012-07-17,8680.000000,8680.000000,8680.000000,8680.000000,6903.364258,6,0,0,0,0,0,0,0,0
2012-07-18,8606.700195,8606.700195,8606.700195,8606.700195,6845.067383,0,0,0,0,0,0,0,0,0
2012-07-19,8593.299805,8593.299805,8593.299805,8593.299805,6834.411133,0,0,0,0,0,0,0,0,0
2012-07-20,8490.000000,8490.000000,8490.000000,8490.000000,6752.254395,16,0,0,0,0,0,0,0,0
2012-07-23,8411.599609,8411.599609,8411.599609,8411.599609,6689.900391,0,0,0,0,0,0,0,0,0
2012-07-24,8460.000000,8460.000000,8460.000000,8460.000000,6728.394043,2,0,0,0,0,0,0,0,0
2012-07-25,8402.500000,8402.500000,8402.500000,8402.500000,6682.663574,0,0,0,0,0,0,0,0,0
2012-07-26,8420.599609,8420.599609,8420.599609,8420.599609,6697.059570,0,0,0,0,0,0,0,0,0
2012-07-27,8500.000000,8500.000000,8500.000000,8500.000000,6760.206543,1,0,0,0,0,0,0,0,0
2012-07-30,8610.000000,8610.000000,8610.000000,8610.000000,6847.691895,1,0,0,0,0,0,0,0,0
2012-07-31,8603.000000,8603.000000,8603.000000,8603.000000,6842.125000,0,0,0,0,0,0,0,0,0
2012-08-01,8585.900391,8585.900391,8585.900391,8585.900391,6828.525391,0,0,0,0,0,0,0,0,0
2012-08-02,8603.400391,8603.400391,8603.400391,8603.400391,6842.442871,0,0,0,0,0,0,0,0,0
2012-08-03,8525.500000,8525.500000,8525.500000,8525.500000,6780.488770,0,0,0,0,0,0,0,0,0
2012-08-06,8580.000000,8580.000000,8580.000000,8580.000000,6823.832031,6,0,0,0,0,0,0,0,0
2012-08-07,8630.400391,8630.400391,8630.400391,8630.400391,6863.917480,0,0,0,0,0,0,0,0,0
2012-08-08,8690.000000,8690.000000,8690.000000,8690.000000,6911.316895,0,0,0,0,0,0,0,0,0
2012-08-09,8743.099609,8743.099609,8743.099609,8743.099609,6953.547852,0,0,0,0,0,0,0,0,0
2012-08-10,8710.000000,8710.000000,8710.000000,8710.000000,6927.224121,1,0,0,0,0,0,0,0,0
2012-08-13,8640.000000,8640.000000,8640.000000,8640.000000,6871.551758,1,0,0,0,0,0,0,0,0
2012-08-14,8750.000000,8770.000000,8750.000000,8770.000000,6974.942871,3,0,0,0,0,0,0,0,0
2012-08-15,8790.000000,8790.000000,8790.000000,8790.000000,6990.849609,1,0,0,0,0,0,0,0,0
2012-08-16,8818.700195,8818.700195,8818.700195,8818.700195,7013.675781,0,0,0,0,0,0,0,0,0
2012-08-17,8800.000000,8800.000000,8800.000000,8800.000000,6998.801270,1,0,0,0,0,0,0,0,0
2012-08-20,8910.000000,8910.000000,8860.000000,8860.000000,7046.521484,5,0,0,0,0,0,0,0,0
2012-08-21,8870.000000,8870.000000,8870.000000,8870.000000,7054.475098,1,0,0,0,0,0,0,0,0
2012-08-22,8860.000000,8860.000000,8860.000000,8860.000000,7046.521484,1,0,0,0,0,0,0,0,0
2012-08-23,8880.000000,8900.000000,8880.000000,8900.000000,7078.333984,51,0,0,0,0,0,0,0,0
2012-08-24,8860.000000,8860.000000,8860.000000,8860.000000,7046.521484,1,0,0,0,0,0,0,0,0
2012-08-27,8880.000000,8880.000000,8880.000000,8880.000000,7062.427246,1,1,86000,0,0,0,0,0,0
2012-08-28,8850.000000,8850.000000,8850.000000,8850.000000,7038.568359,1,0,0,0,0,0,0,0,0
2012-08-29,8810.000000,8810.000000,8810.000000,8810.000000,7006.754883,5,0,0,0,0,0,0,0,0
2012-08-30,8836.000000,8836.000000,8836.000000,8836.000000,7027.433594,0,0,0,0,0,0,0,0,0
2012-08-31,8760.000000,8760.000000,8760.000000,8760.000000,6966.990234,1,0,0,0,0,0,0,0,0
2012-09-03,8710.000000,8730.000000,8710.000000,8730.000000,6943.129395,2,0,0,0,0,0,0,0,0
2012-09-04,8580.000000,8580.000000,8580.000000,8580.000000,6823.832031,10,0,0,0,0,0,0,0,0
2012-09-05,8580.000000,8580.000000,8580.000000,8580.000000,6823.832031,1,0,0,0,0,0,0,0,0
2012-09-06,8469.599609,8469.599609,8469.599609,8469.599609,6736.029297,0,0,0,0,0,0,0,0,0
2012-09-07,8529.500000,8529.500000,8529.500000,8529.500000,6783.669922,0,0,0,0,0,0,0,0,0
2012-09-10,8530.000000,8530.000000,8530.000000,8530.000000,6784.066406,30,0,0,0,0,0,0,0,0
2012-09-11,8490.000000,8490.000000,8490.000000,8490.000000,6752.254395,30,0,0,0,0,0,0,0,0
2012-09-12,8550.000000,8550.000000,8550.000000,8550.000000,6799.972168,1,0,0,0,0,0,0,0,0
2012-09-13,8656.099609,8656.099609,8656.099609,8656.099609,6884.357422,0,0,0,0,0,0,0,0,0
2012-09-14,8610.000000,8620.000000,8600.000000,8620.000000,6855.645508,210,0,0,0,0,0,0,0,0
2012-09-18,8547.099609,8547.099609,8547.099609,8547.099609,6797.665527,0,1,31000,0,0,0,0,0,0
2012-09-19,8540.000000,8560.000000,8540.000000,8560.000000,6807.925293,50,0,0,0,0,0,0,0,0
2012-09-20,8550.000000,8550.000000,8510.000000,8510.000000,6768.159668,51,0,0,0,0,0,0,0,0
2012-09-21,8560.000000,8640.000000,8560.000000,8640.000000,6871.551758,120,0,0,0,0,0,0,0,0
2012-09-24,8690.000000,8690.000000,8690.000000,8690.000000,6911.316895,1,0,0,0,0,0,0,0,0
2012-09-25,8620.000000,8620.000000,8620.000000,8620.000000,6855.645508,10,0,0,0,0,0,0,0,0
2012-09-26,8620.000000,8620.000000,8620.000000,8620.000000,6855.645508,1,0,0,0,0,0,0,0,0
2012-09-27,8640.000000,8640.000000,8630.000000,8630.000000,6863.597656,5,0,0,0,0,0,0,0,0
2012-09-28,8557.400391,8557.400391,8557.400391,8557.400391,6805.857910,0,0,0,0,0,0,0,0,0
2012-10-01,8502.400391,8502.400391,8502.400391,8502.400391,6762.116211,0,1,27400,0,0,0,0,0,0
2012-10-02,8516.500000,8516.500000,8516.500000,8516.500000,6773.329102,0,0,0,0,0,0,0,0,0
2012-10-03,8476.000000,8476.000000,8476.000000,8476.000000,6741.119629,0,0,0,0,0,0,0,0,0
2012-10-04,8490.000000,8490.000000,8490.000000,8490.000000,6752.254395,1,0,0,0,0,0,0,0,0
2012-10-05,8548.900391,8548.900391,8548.900391,8548.900391,6799.097656,0,0,0,0,0,0,0,0,0
2012-10-09,8455.799805,8455.799805,8455.799805,8455.799805,6725.053711,0,0,0,0,0,0,0,0,0
2012-10-10,8425.200195,8425.200195,8425.200195,8425.200195,6700.717285,0,0,0,0,0,0,0,0,0
2012-10-11,8480.099609,8480.099609,8480.099609,8480.099609,6744.380371,0,0,0,0,0,0,0,0,0
2012-10-12,8532.900391,8532.900391,8532.900391,8532.900391,6786.374023,0,0,0,0,0,0,0,0,0
2012-10-15,8545.099609,8545.099609,8545.099609,8545.099609,6796.075195,0,0,0,0,0,0,0,0,0
2012-10-16,8606.299805,8606.299805,8606.299805,8606.299805,6844.748535,0,0,0,0,0,0,0,0,0
2012-10-17,8684.599609,8684.599609,8684.599609,8684.599609,6907.021973,0,0,0,0,0,0,0,0,0
2012-10-18,8709.400391,8709.400391,8709.400391,8709.400391,6926.746582,0,0,0,0,0,0,0,0,0
2012-10-19,8728.099609,8728.099609,8728.099609,8728.099609,6941.619141,0,0,0,0,0,0,0,0,0
2012-10-22,8729.500000,8729.500000,8729.500000,8729.500000,6942.732422,0,0,0,0,0,0,0,0,0
2012-10-23,8669.700195,8669.700195,8669.700195,8669.700195,6895.172363,0,0,0,0,0,0,0,0,0
2012-10-24,8649.500000,8649.500000,8649.500000,8649.500000,6879.106934,0,0,0,0,0,0,0,0,0
2012-10-25,8750.500000,8750.500000,8750.500000,8750.500000,6959.433594,0,0,0,0,0,0,0,0,0
2012-10-26,8750.000000,8750.000000,8750.000000,8750.000000,6959.037109,1,0,0,0,0,0,0,0,0
2012-10-29,8802.799805,8802.799805,8802.799805,8802.799805,7001.029785,0,0,0,0,0,0,0,0,0
2012-10-30,8770.000000,8770.000000,8770.000000,8770.000000,6974.942871,5,0,0,0,0,0,0,0,0
2012-10-31,8779.000000,8779.000000,8779.000000,8779.000000,6982.100586,0,0,0,0,0,0,0,0,0
2012-11-01,8760.000000,8760.000000,8760.000000,8760.000000,6966.990234,1,0,0,0,0,0,0,0,0
2012-11-02,8780.000000,8780.000000,8780.000000,8780.000000,6982.895996,1,0,0,0,0,0,0,0,0
2012-11-05,8820.000000,8820.000000,8820.000000,8820.000000,7014.708984,6,0,0,0,0,0,0,0,0
2012-11-06,8730.000000,8730.000000,8730.000000,8730.000000,6943.129395,1,0,0,0,0,0,0,0,0
2012-11-07,8757.700195,8757.700195,8757.700195,8757.700195,6965.161133,0,0,0,0,0,0,0,0,0
2012-11-08,8654.400391,8654.400391,8654.400391,8654.400391,6883.004395,0,0,0,0,0,0,0,0,0
2012-11-09,8612.500000,8612.500000,8612.500000,8612.500000,6849.680176,0,0,0,0,0,0,0,0,0
2012-11-12,8580.000000,8580.000000,8580.000000,8580.000000,6823.832031,1,0,0,0,0,0,0,0,0
2012-11-13,8504.299805,8504.299805,8504.299805,8504.299805,6763.626465,0,0,0,0,0,0,0,0,0
2012-11-14,8510.000000,8510.000000,8510.000000,8510.000000,6768.159668,1,0,0,0,0,0,0,0,0
2012-11-15,8480.000000,8500.000000,8480.000000,8500.000000,6760.206543,2,0,0,0,0,0,0,0,0
2012-11-16,8547.099609,8547.099609,8547.099609,8547.099609,6797.665527,0,0,0,0,0,0,0,0,0
2012-11-19,8610.000000,8650.000000,8610.000000,8650.000000,6879.505859,2,0,0,0,0,0,0,0,0
2012-11-20,8700.000000,8710.000000,8700.000000,8710.000000,6927.224121,51,0,0,0,0,0,0,0,0
2012-11-21,8692.400391,8692.400391,8692.400391,8692.400391,6913.225586,0,0,0,0,0,0,0,0,0
2012-11-22,8722.799805,8722.799805,8722.799805,8722.799805,6937.405273,0,0,0,0,0,0,0,0,0
2012-11-26,8764.799805,8764.799805,8764.799805,8764.799805,6970.807129,0,0,0,0,0,0,0,0,0
2012-11-27,8790.000000,8820.000000,8790.000000,8820.000000,7014.708984,2,0,0,0,0,0,0,0,0
2012-11-28,8781.700195,8781.700195,8781.700195,8781.700195,6984.248047,0,0,0,0,0,0,0,0,0
2012-11-29,8830.000000,8830.000000,8830.000000,8830.000000,7022.663086,1,0,0,0,0,0,0,0,0
2012-11-30,8821.700195,8821.700195,8821.700195,8821.700195,7016.061035,0,0,0,0,0,0,0,0,0
2012-12-03,8860.000000,8860.000000,8860.000000,8860.000000,7046.521484,2,0,0,0,0,0,0,0,0
2012-12-04,8848.200195,8848.200195,8848.200195,8848.200195,7037.136719,0,0,0,0,0,0,0,0,0
2012-12-05,8833.599609,8833.599609,8833.599609,8833.599609,7025.524902,0,0,0,0,0,0,0,0,0
2012-12-06,8880.000000,8880.000000,8880.000000,8880.000000,7062.427246,2,0,0,0,0,0,0,0,0
2012-12-07,8900.000000,8900.000000,8900.000000,8900.000000,7078.333984,1,0,0,0,0,0,0,0,0
2012-12-10,8880.099609,8880.099609,8880.099609,8880.099609,7062.506348,0,0,0,0,0,0,0,0,0
2012-12-11,8840.000000,8840.000000,8840.000000,8840.000000,7030.614746,0,0,0,0,0,0,0,0,0
2012-12-12,8878.599609,8878.599609,8878.599609,8878.599609,7061.315918,0,0,0,0,0,0,0,0,0
2012-12-13,8853.099609,8853.099609,8853.099609,8853.099609,7041.033691,0,0,0,0,0,0,0,0,0
2012-12-14,8890.000000,8890.000000,8890.000000,8890.000000,7070.380371,1,0,0,0,0,0,0,0,0
2012-12-17,8930.000000,8930.000000,8930.000000,8930.000000,7102.194824,2,0,0,0,0,0,0,0,0
2012-12-18,8950.000000,8950.000000,8950.000000,8950.000000,7118.099121,2,0,0,0,0,0,0,0,0
2012-12-19,8970.000000,8980.000000,8970.000000,8980.000000,7141.959473,8,0,0,0,0,0,0,0,0
2012-12-20,9158.500000,9158.500000,9158.500000,9158.500000,7283.923828,0,0,0,0,0,0,0,0,0
2012-12-21,9144.799805,9144.799805,9144.799805,9144.799805,7273.027832,0,0,0,0,0,0,0,0,0
2012-12-25,9200.000000,9200.000000,9190.000000,9190.000000,7308.976563,9,0,0,0,0,0,0,0,0
2012-12-26,9210.000000,9210.000000,9210.000000,9210.000000,7324.881836,545,0,0,0,0,0,0,0,0
2012-12-27,9290.000000,9410.000000,9290.000000,9410.000000,7483.946777,2,0,0,0,0,0,0,0,0
2012-12-28,9370.000000,9370.000000,9370.000000,9370.000000,7452.134766,1,0,0,0,0,0,0,0,0
2013-01-04,9570.000000,9570.000000,9500.000000,9550.000000,7595.291504,53,0,0,0,0,0,0,0,0
2013-01-07,9560.000000,9560.000000,9550.000000,9560.000000,7603.243164,11,0,0,0,0,0,0,0,0
2013-01-08,9580.000000,9650.000000,9580.000000,9650.000000,7674.823730,12,0,0,0,0,0,0,0,0
2013-01-09,9560.000000,9570.000000,9560.000000,9570.000000,7611.197266,3,0,0,0,0,0,0,0,0
2013-01-10,9620.000000,9650.000000,9620.000000,9650.000000,7674.823730,6,0,0,0,0,0,0,0,0
2013-01-11,9660.000000,9660.000000,9660.000000,9660.000000,7682.776367,1,0,0,0,0,0,0,0,0
2013-01-15,9812.200195,9812.200195,9812.200195,9812.200195,7803.824219,0,0,0,0,0,0,0,0,0
2013-01-16,9850.000000,9850.000000,9810.000000,9840.000000,7825.934082,9,0,0,0,0,0,0,0,0
2013-01-17,9730.000000,9730.000000,9730.000000,9730.000000,7738.447754,5,0,0,0,0,0,0,0,0
2013-01-18,9820.000000,9880.000000,9820.000000,9880.000000,7857.746094,8,0,0,0,0,0,0,0,0
2013-01-21,9900.000000,9900.000000,9850.000000,9850.000000,7833.887207,12,0,0,0,0,0,0,0,0
2013-01-22,9850.000000,9850.000000,9850.000000,9850.000000,7833.887207,10,0,0,0,0,0,0,0,0
2013-01-23,9780.000000,9780.000000,9780.000000,9780.000000,7778.215820,15,0,0,0,0,0,0,0,0
2013-01-24,9827.799805,9827.799805,9827.799805,9827.799805,7816.230469,0,0,0,0,0,0,0,0,0
2013-01-25,9980.000000,9980.000000,9980.000000,9980.000000,7937.277832,1,0,0,0,0,0,0,0,0
2013-01-28,10020.000000,10020.000000,10020.000000,10020.000000,7969.091309,5,0,0,0,0,0,0,0,0
2013-01-29,9960.000000,9980.000000,9930.000000,9930.000000,7897.512695,61,0,0,0,0,0,0,0,0
2013-01-30,10070.000000,10140.000000,10070.000000,10140.000000,8064.529297,68,0,0,0,0,0,0,0,0
2013-01-31,10120.000000,10120.000000,10020.000000,10120.000000,8048.622559,34,0,0,0,0,0,0,0,0
2013-02-01,10150.000000,10150.000000,10150.000000,10150.000000,8072.481934,1,0,0,0,0,0,0,0,0
2013-02-04,10180.000000,10200.000000,10180.000000,10200.000000,8112.248535,22,0,0,0,0,0,0,0,0
2013-02-05,10071.000000,10071.000000,10071.000000,10071.000000,8009.653320,0,0,0,0,0,0,0,0,0
2013-02-06,10200.000000,10250.000000,10200.000000,10220.000000,8128.154297,14,0,0,0,0,0,0,0,0
2013-02-07,10400.000000,10400.000000,10400.000000,10400.000000,8271.311523,1,0,0,0,0,0,0,0,0
2013-02-08,10300.000000,10300.000000,10300.000000,10300.000000,8191.781250,6,0,0,0,0,0,0,0,0
2013-02-12,10520.000000,10560.000000,10520.000000,10560.000000,8398.562500,11,0,0,0,0,0,0,0,0
2013-02-13,10480.000000,10480.000000,10480.000000,10480.000000,8334.936523,1,0,0,0,0,0,0,0,0
2013-02-14,10407.599609,10407.599609,10407.599609,10407.599609,8277.357422,0,0,0,0,0,0,0,0,0
2013-02-15,10300.000000,10300.000000,10250.000000,10250.000000,8152.013672,9,0,0,0,0,0,0,0,0
2013-02-18,10430.000000,10510.000000,10430.000000,10510.000000,8358.795898,16,0,0,0,0,0,0,0,0
2013-02-19,10640.000000,10640.000000,10640.000000,10640.000000,8462.188477,4,0,0,0,0,0,0,0,0
2013-02-20,10860.000000,10890.000000,10800.000000,10800.000000,8589.439453,10,0,0,0,0,0,0,0,0
2013-02-21,10880.000000,10880.000000,10710.000000,10710.000000,8517.860352,9,0,0,0,0,0,0,0,0
2013-02-22,10740.000000,10820.000000,10740.000000,10820.000000,8605.345703,554,0,0,0,0,0,0,0,0
2013-02-25,11000.000000,11000.000000,10910.000000,10930.000000,8692.832031,811,1,14200,0,0,0,0,0,0
2013-02-26,10860.000000,10960.000000,10860.000000,10960.000000,8716.690430,21,0,0,0,0,0,0,0,0
2013-02-27,10870.000000,10870.000000,10800.000000,10830.000000,8613.298828,37,0,0,0,0,0,0,0,0
2013-02-28,10983.200195,10983.200195,10983.200195,10983.200195,8735.140625,0,0,0,0,0,0,0,0,0
2013-03-01,11193.200195,11193.200195,11193.200195,11193.200195,8902.159180,0,0,0,0,0,0,0,0,0
2013-03-04,11320.000000,11550.000000,11320.000000,11550.000000,9185.928711,200,0,0,0,0,0,0,0,0
2013-03-05,11620.000000,11680.000000,11450.000000,11450.000000,9106.397461,200,0,0,0,0,0,0,0,0
2013-03-06,11520.000000,11620.000000,11520.000000,11610.000000,9233.648438,28,0,0,0,0,0,0,0,0
2013-03-07,11720.000000,11720.000000,11630.000000,11640.000000,9257.507813,118,0,0,0,0,0,0,0,0
2013-03-08,11720.000000,11770.000000,11700.000000,11740.000000,9337.039063,52,0,0,0,0,0,0,0,0
2013-03-11,11890.000000,12110.000000,11890.000000,12110.000000,9631.306641,194,0,0,0,0,0,0,0,0
2013-03-12,12190.000000,12190.000000,12040.000000,12070.000000,9599.493164,406,0,0,0,0,0,0,0,0
2013-03-13,12000.000000,12030.000000,11970.000000,12000.000000,9543.821289,601,0,0,0,0,0,0,0,0
2013-03-14,12030.000000,12030.000000,11900.000000,12020.000000,9559.726563,126,0,0,0,0,0,0,0,0
2013-03-15,12110.000000,12350.000000,12110.000000,12350.000000,9822.182617,82,0,0,0,0,0,0,0,0
2013-03-18,12280.000000,12300.000000,12180.000000,12190.000000,9694.932617,856,0,0,0,0,0,0,0,0
2013-03-19,12340.000000,12480.000000,12340.000000,12460.000000,9909.667969,2470,0,0,0,0,0,0,0,0
2013-03-21,12610.000000,12710.000000,12520.000000,12520.000000,9957.385742,371,0,0,0,0,0,0,0,0
2013-03-22,12520.000000,12520.000000,12410.000000,12430.000000,9885.808594,157,0,0,0,0,0,0,0,0
2013-03-25,12460.000000,12520.000000,12390.000000,12390.000000,9853.996094,326,0,0,0,0,0,0,0,0
2013-03-26,12320.000000,12400.000000,12320.000000,12400.000000,9861.948242,526,0,0,0,0,0,0,0,0
2013-03-27,12400.000000,12410.000000,12360.000000,12410.000000,9869.901367,17,0,0,0,0,0,0,0,0
2013-03-28,12380.000000,12380.000000,12130.000000,12130.000000,9647.212891,209,0,0,0,0,0,0,0,0
2013-03-29,12260.000000,12260.000000,12050.000000,12200.000000,9702.885742,706,0,0,0,0,0,0,0,0
2013-04-01,12120.000000,12120.000000,11650.000000,11650.000000,9265.460938,283,0,0,0,0,0,0,0,0
2013-04-02,11520.000000,11730.000000,11460.000000,11720.000000,9321.132813,168,0,0,0,0,0,0,0,0
2013-04-03,11670.000000,12000.000000,11650.000000,11980.000000,9527.913086,540,0,0,0,0,0,0,0,0
2013-04-04,11870.000000,12180.000000,11800.000000,12160.000000,9671.073242,199,0,0,0,0,0,0,0,0
2013-04-05,12600.000000,12870.000000,12300.000000,12780.000000,10164.169922,530,0,0,0,0,0,0,0,0
2013-04-08,13200.000000,13510.000000,12900.000000,13180.000000,10482.296875,152,0,0,0,0,0,0,0,0
2013-04-09,13200.000000,13200.000000,12940.000000,12990.000000,10331.187500,1122,0,0,0,0,0,0,0,0
2013-04-10,13030.000000,13080.000000,13030.000000,13080.000000,10402.765625,89,0,0,0,0,0,0,0,0
2013-04-11,13190.000000,13330.000000,13180.000000,13330.000000,10601.593750,122,0,0,0,0,0,0,0,0
2013-04-12,13500.000000,13890.000000,13210.000000,13280.000000,10561.829102,682,0,0,0,0,0,0,0,0
2013-04-15,13100.000000,13250.000000,13100.000000,13200.000000,10498.204102,72,0,0,0,0,0,0,0,0
2013-04-16,13030.000000,13100.000000,12980.000000,13100.000000,10418.670898,85,0,0,0,0,0,0,0,0
2013-04-17,13100.000000,13210.000000,13100.000000,13150.000000,10458.438477,94,0,0,0,0,0,0,0,0
2013-04-18,13130.000000,13240.000000,13070.000000,13130.000000,10442.531250,104,0,0,0,0,0,0,0,0
2013-04-19,13130.000000,13130.000000,12980.000000,13130.000000,10442.531250,151,0,0,0,0,0,0,0,0
2013-04-22,13270.000000,13340.000000,13250.000000,13250.000000,10537.968750,107,0,0,0,0,0,0,0,0
2013-04-23,13150.000000,13230.000000,13150.000000,13210.000000,10506.158203,567,0,0,0,0,0,0,0,0
2013-04-24,13210.000000,13260.000000,13170.000000,13260.000000,10545.922852,170,0,0,0,0,0,0,0,0
2013-04-25,13370.000000,13370.000000,13320.000000,13320.000000,10593.641602,54,0,0,0,0,0,0,0,0
2013-04-26,13390.000000,13390.000000,13210.000000,13300.000000,10577.736328,215,0,0,0,0,0,0,0,0
2013-04-30,13190.000000,13320.000000,13190.000000,13320.000000,10593.641602,162,0,0,0,0,0,0,0,0
2013-05-01,13190.000000,13360.000000,13180.000000,13360.000000,10625.455078,242,0,0,0,0,0,0,0,0
2013-05-02,13290.000000,13400.000000,13290.000000,13350.000000,10617.501953,411,0,0,0,0,0,0,0,0
2013-05-07,13570.000000,13670.000000,13550.000000,13590.000000,10808.377930,164,0,0,0,0,0,0,0,0
2013-05-08,13710.000000,13770.000000,13710.000000,13730.000000,10919.723633,578,0,0,0,0,0,0,0,0
2013-05-09,13720.000000,13720.000000,13520.000000,13520.000000,10752.706055,155,0,0,0,0,0,0,0,0
2013-05-10,13800.000000,13800.000000,13660.000000,13660.000000,10864.051758,73,0,0,0,0,0,0,0,0
2013-05-13,13630.000000,13660.000000,13530.000000,13640.000000,10848.144531,117,0,0,0,0,0,0,0,0
2013-05-14,13560.000000,13590.000000,13530.000000,13530.000000,10760.658203,108,0,0,0,0,0,0,0,0
2013-05-15,13540.000000,13590.000000,13530.000000,13580.000000,10800.424805,147,0,0,0,0,0,0,0,0
2013-05-16,13600.000000,13600.000000,13400.000000,13490.000000,10728.845703,201,0,0,0,0,0,0,0,0
2013-05-17,13520.000000,13620.000000,13520.000000,13610.000000,10824.285156,60,0,0,0,0,0,0,0,0
2013-05-20,13630.000000,13690.000000,13610.000000,13660.000000,10864.051758,114,0,0,0,0,0,0,0,0
2013-05-21,13600.000000,13600.000000,13470.000000,13470.000000,10712.940430,91,0,0,0,0,0,0,0,0
2013-05-22,13560.000000,13820.000000,13560.000000,13720.000000,10911.769531,263,0,0,0,0,0,0,0,0
2013-05-23,13720.000000,13750.000000,13160.000000,13160.000000,10466.391602,546,0,0,0,0,0,0,0,0
2013-05-24,13100.000000,13170.000000,12450.000000,12450.000000,9901.714844,374,0,0,0,0,0,0,0,0
2013-05-27,12680.000000,12850.000000,12580.000000,12850.000000,10219.841797,209,0,0,0,0,0,0,0,0
2013-05-28,12370.000000,12600.000000,12370.000000,12490.000000,9933.526367,99,0,0,0,0,0,0,0,0
2013-05-29,12680.000000,12740.000000,12680.000000,12740.000000,10132.357422,50,0,0,0,0,0,0,0,0
2013-05-30,12370.000000,12420.000000,12090.000000,12090.000000,9615.398438,80,0,0,0,0,0,0,0,0
2013-05-31,12330.000000,12510.000000,12300.000000,12300.000000,9782.416992,76,0,0,0,0,0,0,0,0
2013-06-03,12000.000000,12100.000000,11800.000000,11810.000000,9392.710938,164,0,0,0,0,0,0,0,0
2013-06-04,11700.000000,11930.000000,11700.000000,11930.000000,9488.149414,74,0,0,0,0,0,0,0,0
2013-06-05,12100.000000,12280.000000,11950.000000,11950.000000,9504.055664,72,0,0,0,0,0,0,0,0
2013-06-06,11700.000000,11700.000000,11630.000000,11630.000000,9249.553711,44,0,0,0,0,0,0,0,0
2013-06-07,11470.000000,11470.000000,11330.000000,11410.000000,9074.584961,162,0,0,0,0,0,0,0,0
2013-06-10,11740.000000,11770.000000,11660.000000,11660.000000,9273.414063,86,0,0,0,0,0,0,0,0
2013-06-11,11709.400391,11709.400391,11709.400391,11709.400391,9312.702148,0,0,0,0,0,0,0,0,0
2013-06-12,11300.000000,11450.000000,11300.000000,11410.000000,9074.584961,6,0,0,0,0,0,0,0,0
2013-06-13,11440.000000,11440.000000,11230.000000,11230.000000,8931.426758,54,0,0,0,0,0,0,0,0
2013-06-14,11480.000000,11480.000000,11480.000000,11480.000000,9130.256836,4,0,0,0,0,0,0,0,0
2013-06-17,11380.000000,11780.000000,11220.000000,11780.000000,9368.850586,73,0,0,0,0,0,0,0,0
2013-06-18,11697.500000,11697.500000,11697.500000,11697.500000,9303.238281,0,0,0,0,0,0,0,0,0
2013-06-19,11810.000000,11810.000000,11810.000000,11810.000000,9392.710938,1,0,0,0,0,0,0,0,0
2013-06-20,11899.900391,11899.900391,11899.900391,11899.900391,9464.209961,0,0,0,0,0,0,0,0,0
2013-06-21,11620.000000,11630.000000,11620.000000,11630.000000,9249.553711,21,0,0,0,0,0,0,0,0
2013-06-24,11980.000000,11980.000000,11970.000000,11970.000000,9519.960938,11,0,0,0,0,0,0,0,0
2013-06-25,11890.000000,11890.000000,11880.000000,11880.000000,9448.382813,80,0,0,0,0,0,0,0,0
2013-06-26,12040.000000,12040.000000,11960.000000,11960.000000,9512.009766,417,0,0,0,0,0,0,0,0
2013-06-27,12072.200195,12072.200195,12072.200195,12072.200195,9601.243164,0,0,0,0,0,0,0,0,0
2013-06-28,12240.000000,12300.000000,12240.000000,12300.000000,9782.416992,102,0,0,0,0,0,0,0,0
2013-07-01,12550.000000,12800.000000,12550.000000,12800.000000,10180.077148,133,0,0,0,0,0,0,0,0
2013-07-02,12910.000000,12910.000000,12800.000000,12900.000000,10259.608398,57,0,0,0,0,0,0,0,0
2013-07-03,12900.000000,12900.000000,12890.000000,12890.000000,10251.656250,12,0,0,0,0,0,0,0,0
2013-07-04,12820.000000,12870.000000,12820.000000,12870.000000,10235.749023,160,0,0,0,0,0,0,0,0
2013-07-05,12920.000000,12950.000000,12920.000000,12950.000000,10299.375000,27,0,0,0,0,0,0,0,0
2013-07-08,13060.000000,13060.000000,12900.000000,12900.000000,10259.608398,22,0,0,0,0,0,0,0,0
2013-07-09,13060.000000,13060.000000,13060.000000,13060.000000,10386.858398,7,0,0,0,0,0,0,0,0
2013-07-10,13060.000000,13060.000000,13010.000000,13010.000000,10347.093750,61,0,0,0,0,0,0,0,0
2013-07-11,12970.000000,12970.000000,12880.000000,12880.000000,10243.704102,12,0,0,0,0,0,0,0,0
2013-07-12,13100.000000,13100.000000,13100.000000,13100.000000,10418.670898,11,0,0,0,0,0,0,0,0
2013-07-16,13300.000000,13300.000000,13130.000000,13140.000000,10547.098633,112,0,0,0,0,0,0,0,0
2013-07-17,13130.000000,13160.000000,13070.000000,13160.000000,10563.153320,115,0,0,0,0,0,0,0,0
2013-07-18,13150.000000,13150.000000,13130.000000,13150.000000,10555.127930,37,0,0,0,0,0,0,0,0
2013-07-19,13190.000000,13260.000000,13050.000000,13130.000000,10539.072266,54,0,0,0,0,0,0,0,0
2013-07-22,13130.000000,13130.000000,13100.000000,13100.000000,10514.991211,10,0,0,0,0,0,0,0,0
2013-07-23,12980.000000,13130.000000,12980.000000,13130.000000,10539.072266,40,0,0,0,0,0,0,0,0
2013-07-24,13050.000000,13050.000000,13050.000000,13050.000000,10474.858398,15,0,0,0,0,0,0,0,0
2013-07-25,13040.000000,13040.000000,12860.000000,12860.000000,10322.350586,24,0,0,0,0,0,0,0,0
2013-07-26,12860.000000,12860.000000,12860.000000,12860.000000,10322.350586,1,0,0,0,0,0,0,0,0
2013-07-29,12560.000000,12560.000000,12220.000000,12360.000000,9921.016602,17,1,2000,0,0,0,0,0,0
2013-07-30,12532.500000,12532.500000,12532.500000,12532.500000,10059.476563,0,0,0,0,0,0,0,0,0
2013-07-31,12290.000000,12290.000000,12290.000000,12290.000000,9864.827148,18,0,0,0,0,0,0,0,0
2013-08-01,12260.000000,12500.000000,12260.000000,12480.000000,10017.336914,14,0,0,0,0,0,0,0,0
2013-08-02,12610.000000,12610.000000,12610.000000,12610.000000,10121.682617,1,0,0,0,0,0,0,0,0
2013-08-05,12780.000000,12780.000000,12780.000000,12780.000000,10258.136719,2,0,0,0,0,0,0,0,0
2013-08-06,12560.000000,12560.000000,12560.000000,12560.000000,10081.550781,10,0,0,0,0,0,0,0,0
2013-08-07,12460.000000,12700.000000,12460.000000,12570.000000,10089.576172,58,0,0,0,0,0,0,0,0
2013-08-08,12490.000000,12490.000000,12400.000000,12400.000000,9953.122070,12,0,0,0,0,0,0,0,0
2013-08-09,12440.000000,12450.000000,12420.000000,12450.000000,9993.255859,31,0,0,0,0,0,0,0,0
2013-08-12,12310.000000,12310.000000,12310.000000,12310.000000,9880.882813,1,0,0,0,0,0,0,0,0
2013-08-13,12540.000000,12540.000000,12540.000000,12540.000000,10065.497070,1,0,0,0,0,0,0,0,0
2013-08-14,12590.000000,12590.000000,12590.000000,12590.000000,10105.629883,11,0,0,0,0,0,0,0,0
2013-08-15,12620.000000,12620.000000,12620.000000,12620.000000,10129.711914,1,0,0,0,0,0,0,0,0
2013-08-16,12514.700195,12514.700195,12514.700195,12514.700195,10045.188477,0,0,0,0,0,0,0,0,0
2013-08-19,12420.000000,12540.000000,12420.000000,12540.000000,10065.497070,8,0,0,0,0,0,0,0,0
2013-08-20,12420.000000,12420.000000,12420.000000,12420.000000,9969.174805,1,0,0,0,0,0,0,0,0
2013-08-21,12350.000000,12350.000000,12110.000000,12110.000000,9720.347656,18,0,0,0,0,0,0,0,0
2013-08-22,12180.000000,12180.000000,12180.000000,12180.000000,9776.536133,200,0,0,0,0,0,0,0,0
2013-08-23,12320.000000,12320.000000,12320.000000,12320.000000,9888.908203,1,0,0,0,0,0,0,0,0
2013-08-26,12400.000000,12400.000000,12400.000000,12400.000000,9953.122070,3,0,0,0,0,0,0,0,0
2013-08-27,12200.500000,12200.500000,12200.500000,12200.500000,9792.989258,0,0,0,0,0,0,0,0,0
2013-08-28,12060.000000,12060.000000,12060.000000,12060.000000,9680.213867,1,0,0,0,0,0,0,0,0
2013-08-29,12110.000000,12110.000000,12110.000000,12110.000000,9720.347656,2,0,0,0,0,0,0,0,0
2013-08-30,12150.000000,12150.000000,12000.000000,12000.000000,9632.053711,30,0,0,0,0,0,0,0,0
2013-09-02,11910.000000,11910.000000,11910.000000,11910.000000,9559.813477,2,1,2000,0,0,0,0,0,0
2013-09-03,12160.000000,12400.000000,12160.000000,12400.000000,9953.122070,35,0,0,0,0,0,0,0,0
2013-09-04,12440.000000,12490.000000,12440.000000,12490.000000,10025.362305,86,1,2000,0,0,0,0,0,0
2013-09-05,12530.000000,12530.000000,12480.000000,12480.000000,10017.336914,21,0,0,0,0,0,0,0,0
2013-09-06,12590.000000,12590.000000,12480.000000,12480.000000,10017.336914,18,0,0,0,0,0,0,0,0
2013-09-09,12990.000000,13590.000000,12790.000000,12800.000000,10274.191406,263,0,0,0,0,0,0,0,0
2013-09-10,12960.000000,13210.000000,12860.000000,13200.000000,10595.258789,223,0,0,0,0,0,0,0,0
2013-09-11,13410.000000,13420.000000,13000.000000,13000.000000,10434.724609,190,0,0,0,0,0,0,0,0
2013-09-12,13050.000000,13050.000000,12950.000000,12960.000000,10402.618164,9,0,0,0,0,0,0,0,0
2013-09-13,12840.000000,12900.000000,12840.000000,12900.000000,10354.458008,53,0,0,0,0,0,0,0,0
2013-09-17,13070.000000,13070.000000,13000.000000,13010.000000,10442.751953,51,1,2000,0,0,0,0,0,0
2013-09-18,13000.000000,13000.000000,13000.000000,13000.000000,10434.724609,16,0,0,0,0,0,0,0,0
2013-09-19,13090.000000,13300.000000,13090.000000,13300.000000,10675.527344,38,0,0,0,0,0,0,0,0
2013-09-20,13320.000000,13330.000000,13180.000000,13280.000000,10659.472656,112,0,0,0,0,0,0,0,0
2013-09-24,13100.000000,13200.000000,13100.000000,13200.000000,10595.258789,14,0,0,0,0,0,0,0,0
2013-09-25,13070.000000,13100.000000,13060.000000,13100.000000,10514.991211,30,0,0,0,0,0,0,0,0
2013-09-26,13140.000000,13140.000000,13100.000000,13100.000000,10514.991211,4,0,0,0,0,0,0,0,0
2013-09-27,13210.000000,13250.000000,13210.000000,13250.000000,10635.393555,24,0,0,0,0,0,0,0,0
2013-09-30,13130.000000,13130.000000,12970.000000,12970.000000,10410.647461,237,0,0,0,0,0,0,0,0
2013-10-01,13070.000000,13070.000000,13070.000000,13070.000000,10490.911133,510,0,0,0,0,0,0,0,0
2013-10-02,12980.000000,12980.000000,12980.000000,12980.000000,10418.670898,10,0,0,0,0,0,0,0,0
2013-10-03,12870.000000,12870.000000,12770.000000,12800.000000,10274.191406,476,0,0,0,0,0,0,0,0
2013-10-04,12730.000000,12730.000000,12700.000000,12700.000000,10193.922852,3,0,0,0,0,0,0,0,0
2013-10-07,12650.000000,12680.000000,12600.000000,12680.000000,10177.869141,6,0,0,0,0,0,0,0,0
2013-10-08,12500.000000,12640.000000,12500.000000,12620.000000,10129.711914,22,0,0,0,0,0,0,0,0
2013-10-09,12570.000000,12570.000000,12570.000000,12570.000000,10089.576172,4,0,0,0,0,0,0,0,0
2013-10-10,12830.000000,12830.000000,12730.000000,12800.000000,10274.191406,204,0,0,0,0,0,0,0,0
2013-10-11,12840.000000,13090.000000,12840.000000,13040.000000,10466.833008,37,0,0,0,0,0,0,0,0
2013-10-15,13090.000000,13090.000000,13090.000000,13090.000000,10506.964844,4,1,200000,0,0,0,0,0,0
2013-10-16,13096.000000,13096.000000,13096.000000,13096.000000,10511.780273,0,0,0,0,0,0,0,0,0
2013-10-17,13120.000000,13120.000000,13120.000000,13120.000000,10531.046875,10,0,0,0,0,0,0,0,0
2013-10-18,13200.000000,13280.000000,13190.000000,13280.000000,10659.472656,56,0,0,0,0,0,0,0,0
2013-10-21,13220.000000,13220.000000,13220.000000,13220.000000,10611.313477,20,0,0,0,0,0,0,0,0
2013-10-22,13300.000000,13300.000000,13180.000000,13180.000000,10579.206055,6,0,0,0,0,0,0,0,0
2013-10-23,13280.000000,13280.000000,13170.000000,13170.000000,10571.178711,4,0,0,0,0,0,0,0,0
2013-10-24,13000.000000,13000.000000,13000.000000,13000.000000,10434.724609,11,0,0,0,0,0,0,0,0
2013-10-25,12960.000000,12960.000000,12960.000000,12960.000000,10402.618164,1,0,0,0,0,0,0,0,0
2013-10-28,12980.000000,12980.000000,12980.000000,12980.000000,10418.670898,11,0,0,0,0,0,0,0,0
2013-10-29,13003.799805,13003.799805,13003.799805,13003.799805,10437.775391,0,0,0,0,0,0,0,0,0
2013-10-30,13120.000000,13120.000000,13110.000000,13120.000000,10531.046875,200,0,0,0,0,0,0,0,0
2013-10-31,13080.000000,13080.000000,12900.000000,12900.000000,10354.458008,13,0,0,0,0,0,0,0,0
2013-11-01,12830.000000,12840.000000,12770.000000,12770.000000,10250.111328,21,0,0,0,0,0,0,0,0
2013-11-05,12730.000000,12730.000000,12720.000000,12720.000000,10209.975586,5,0,0,0,0,0,0,0,0
2013-11-06,12761.500000,12761.500000,12761.500000,12761.500000,10243.288086,0,0,0,0,0,0,0,0,0
2013-11-07,12710.000000,12750.000000,12710.000000,12750.000000,10234.056641,9,0,0,0,0,0,0,0,0
2013-11-08,12590.000000,12590.000000,12590.000000,12590.000000,10105.629883,5,0,0,0,0,0,0,0,0
2013-11-11,12670.000000,12670.000000,12650.000000,12650.000000,10153.790039,37,0,0,0,0,0,0,0,0
2013-11-12,12877.599609,12877.599609,12877.599609,12877.599609,10336.477539,0,0,0,0,0,0,0,0,0
2013-11-13,12890.000000,12890.000000,12890.000000,12890.000000,10346.431641,20,0,0,0,0,0,0,0,0
2013-11-14,12940.000000,12960.000000,12940.000000,12960.000000,10402.618164,61,0,0,0,0,0,0,0,0
2013-11-15,12980.000000,13120.000000,12980.000000,13120.000000,10531.046875,120,0,0,0,0,0,0,0,0
2013-11-18,13110.000000,13110.000000,13020.000000,13020.000000,10450.777344,4,0,0,0,0,0,0,0,0
2013-11-19,13040.000000,13040.000000,12990.000000,12990.000000,10426.697266,6,0,0,0,0,0,0,0,0
2013-11-20,12920.000000,12920.000000,12920.000000,12920.000000,10370.510742,3,0,0,0,0,0,0,0,0
2013-11-21,12910.000000,12980.000000,12910.000000,12940.000000,10386.564453,6,0,0,0,0,0,0,0,0
2013-11-22,13000.000000,13000.000000,12940.000000,12940.000000,10386.564453,12,0,0,0,0,0,0,0,0
2013-11-25,12980.000000,13030.000000,12910.000000,13030.000000,10458.804688,250,0,0,0,0,0,0,0,0
2013-11-26,13000.000000,13000.000000,12960.000000,12960.000000,10402.618164,13,0,0,0,0,0,0,0,0
2013-11-27,12890.000000,12910.000000,12890.000000,12910.000000,10362.485352,13,0,0,0,0,0,0,0,0
2013-11-28,12850.000000,12850.000000,12850.000000,12850.000000,10314.323242,60,0,0,0,0,0,0,0,0
2013-11-29,12880.000000,12970.000000,12850.000000,12850.000000,10314.323242,10,0,0,0,0,0,0,0,0
2013-12-02,12860.000000,12870.000000,12860.000000,12870.000000,10330.378906,45,0,0,0,0,0,0,0,0
2013-12-03,12920.000000,12920.000000,12910.000000,12910.000000,10362.485352,2,0,0,0,0,0,0,0,0
2013-12-04,12830.000000,12830.000000,12740.000000,12740.000000,10226.031250,7,0,0,0,0,0,0,0,0
2013-12-05,12690.000000,12690.000000,12580.000000,12580.000000,10097.603516,26,0,0,0,0,0,0,0,0
2013-12-06,12500.000000,12500.000000,12500.000000,12500.000000,10033.388672,40,0,0,0,0,0,0,0,0
2013-12-09,12790.000000,12790.000000,12660.000000,12660.000000,10161.817383,57,0,0,0,0,0,0,0,0
2013-12-10,12680.000000,12680.000000,12680.000000,12680.000000,10177.869141,3,0,0,0,0,0,0,0,0
2013-12-11,12680.000000,12680.000000,12650.000000,12650.000000,10153.790039,4,0,0,0,0,0,0,0,0
2013-12-12,12630.000000,12630.000000,12600.000000,12610.000000,10121.682617,14,0,0,0,0,0,0,0,0
2013-12-13,12510.000000,12590.000000,12480.000000,12590.000000,10105.629883,52,0,0,0,0,0,0,0,0
2013-12-16,12570.000000,12570.000000,12450.000000,12450.000000,9993.255859,21,0,0,0,0,0,0,0,0
2013-12-17,12500.000000,12510.000000,12500.000000,12510.000000,10041.416016,7,0,0,0,0,0,0,0,0
2013-12-18,12570.000000,12600.000000,12570.000000,12600.000000,10113.655273,16,0,0,0,0,0,0,0,0
2013-12-19,12710.000000,12750.000000,12680.000000,12750.000000,10234.056641,415,0,0,0,0,0,0,0,0
2013-12-20,12620.000000,12620.000000,12620.000000,12620.000000,10129.711914,10,0,0,0,0,0,0,0,0
2013-12-24,12670.000000,12670.000000,12620.000000,12620.000000,10129.711914,116,0,0,0,0,0,0,0,0
2013-12-25,12640.000000,12640.000000,12590.000000,12590.000000,10105.629883,22,0,0,0,0,0,0,0,0
2013-12-26,12730.000000,12730.000000,12730.000000,12730.000000,10218.002930,13,0,0,0,0,0,0,0,0
2013-12-27,12830.000000,12910.000000,12740.000000,12910.000000,10362.485352,105,0,0,0,0,0,0,0,0
2013-12-30,13000.000000,13000.000000,12930.000000,12950.000000,10394.590820,14,0,0,0,0,0,0,0,0
2014-01-06,12980.000000,12980.000000,12910.000000,12910.000000,10362.485352,6,0,0,0,0,0,0,0,0
2014-01-07,12900.000000,12900.000000,12840.000000,12840.000000,10306.298828,6,0,0,0,0,0,0,0,0
2014-01-08,12840.000000,12850.000000,12840.000000,12850.000000,10314.323242,2,0,0,0,0,0,0,0,0
2014-01-09,12850.000000,12850.000000,12850.000000,12850.000000,10314.323242,3,0,0,0,0,0,0,0,0
2014-01-10,12750.000000,12750.000000,12710.000000,12710.000000,10201.952148,9,0,0,0,0,0,0,0,0
2014-01-14,12620.000000,12620.000000,12620.000000,12620.000000,10129.711914,2,0,0,0,0,0,0,0,0
2014-01-15,12690.000000,12690.000000,12690.000000,12690.000000,10185.896484,30,0,0,0,0,0,0,0,0
2014-01-16,12950.000000,12950.000000,12950.000000,12950.000000,10394.590820,20,0,0,0,0,0,0,0,0
2014-01-17,12910.000000,12910.000000,12910.000000,12910.000000,10362.485352,1,0,0,0,0,0,0,0,0
2014-01-20,13010.000000,13010.000000,12880.000000,12880.000000,10338.405273,30,0,0,0,0,0,0,0,0
2014-01-21,12930.000000,12940.000000,12930.000000,12940.000000,10386.564453,8,0,0,0,0,0,0,0,0
2014-01-22,12860.000000,12860.000000,12790.000000,12790.000000,10266.163086,68,0,0,0,0,0,0,0,0
2014-01-23,12850.000000,12850.000000,12850.000000,12850.000000,10314.323242,3,0,0,0,0,0,0,0,0
2014-01-24,12660.000000,12660.000000,12550.000000,12560.000000,10081.550781,30,0,0,0,0,0,0,0,0
2014-01-27,12340.000000,12340.000000,12270.000000,12290.000000,9864.827148,24,0,0,0,0,0,0,0,0
2014-01-28,12310.000000,12310.000000,12230.000000,12230.000000,9816.668945,43,0,0,0,0,0,0,0,0
2014-01-29,12250.000000,12250.000000,12250.000000,12250.000000,9832.721680,12,0,0,0,0,0,0,0,0
2014-01-30,12420.000000,12420.000000,12310.000000,12340.000000,9904.961914,35,0,0,0,0,0,0,0,0
2014-01-31,12310.000000,12310.000000,12270.000000,12270.000000,9848.775391,33,0,0,0,0,0,0,0,0
2014-02-03,12220.000000,12220.000000,12220.000000,12220.000000,9808.642578,2,0,0,0,0,0,0,0,0
2014-02-04,12000.000000,12000.000000,11880.000000,11880.000000,9535.734375,785,0,0,0,0,0,0,0,0
2014-02-05,11830.000000,11830.000000,11770.000000,11770.000000,9447.439453,5,0,0,0,0,0,0,0,0
2014-02-06,11808.500000,11808.500000,11808.500000,11808.500000,9478.340820,0,0,0,0,0,0,0,0,0
2014-02-07,11990.000000,12030.000000,11990.000000,12030.000000,9656.133789,14,0,0,0,0,0,0,0,0
2014-02-10,12191.099609,12191.099609,12191.099609,12191.099609,9785.442383,0,1,5900000,1,5900000,1,5900000,0,0
2014-02-12,12290.000000,12290.000000,12290.000000,12290.000000,9864.827148,1,0,0,0,0,0,0,0,0
2014-02-13,12240.000000,12240.000000,12240.000000,12240.000000,9824.695313,1,0,0,0,0,0,0,0,0
2014-02-14,12190.000000,12190.000000,11960.000000,11960.000000,9599.948242,4,1,185000,0,0,0,0,0,0
2014-02-17,11980.000000,11980.000000,11930.000000,11930.000000,9575.865234,17,0,0,0,0,0,0,0,0
2014-02-18,12427.700195,12427.700195,12427.700195,12427.700195,9975.357422,0,0,0,0,0,0,0,0,0
2014-02-19,12340.000000,12380.000000,12330.000000,12380.000000,9937.068359,8,0,0,0,0,0,0,0,0
2014-02-20,12280.000000,12280.000000,12240.000000,12240.000000,9824.695313,11,0,0,0,0,0,0,0,0
2014-02-21,12340.000000,12340.000000,12340.000000,12340.000000,9904.961914,14,0,0,0,0,0,0,0,0
2014-02-24,12400.000000,12400.000000,12290.000000,12290.000000,9864.827148,2,0,0,0,0,0,0,0,0
2014-02-25,12450.000000,12520.000000,12450.000000,12520.000000,10049.443359,174,0,0,0,0,0,0,0,0
2014-02-26,12585.900391,12585.900391,12585.900391,12585.900391,10102.338867,0,0,0,0,0,0,0,0,0
2014-02-27,12520.000000,12520.000000,12520.000000,12520.000000,10049.443359,20,0,0,0,0,0,0,0,0
2014-02-28,12500.000000,12500.000000,12400.000000,12400.000000,9953.122070,2,0,0,0,0,0,0,0,0
2014-03-03,12400.000000,12400.000000,12180.000000,12210.000000,9800.616211,18,0,0,0,0,0,0,0,0
2014-03-04,12240.000000,12340.000000,12240.000000,12340.000000,9904.961914,40,0,0,0,0,0,0,0,0
2014-03-05,12431.900391,12431.900391,12431.900391,12431.900391,9978.727539,0,0,0,0,0,0,0,0,0
2014-03-06,12526.200195,12526.200195,12526.200195,12526.200195,10054.419922,0,0,0,0,0,0,0,0,0
2014-03-07,12580.000000,12600.000000,12580.000000,12600.000000,10113.655273,9,0,0,0,0,0,0,0,0
2014-03-10,12540.000000,12540.000000,12500.000000,12500.000000,10033.388672,5,0,0,0,0,0,0,0,0
2014-03-11,12660.000000,12660.000000,12570.000000,12570.000000,10089.576172,16,0,0,0,0,0,0,0,0
2014-03-12,12550.000000,12550.000000,12550.000000,12550.000000,10073.523438,1,0,0,0,0,0,0,0,0
2014-03-13,12440.000000,12440.000000,12440.000000,12440.000000,9985.229492,4,0,0,0,0,0,0,0,0
2014-03-14,12230.000000,12230.000000,12230.000000,12230.000000,9816.668945,2,0,0,0,0,0,0,0,0
2014-03-17,12050.000000,12050.000000,11900.000000,11900.000000,9551.786133,7,0,0,0,0,0,0,0,0
2014-03-18,12030.000000,12030.000000,12030.000000,12030.000000,9656.133789,4,0,0,0,0,0,0,0,0
2014-03-19,12050.000000,12050.000000,12050.000000,12050.000000,9672.187500,1,0,0,0,0,0,0,0,0
2014-03-20,12060.000000,12060.000000,11800.000000,11800.000000,9471.518555,13,0,0,0,0,0,0,0,0
2014-03-24,11800.000000,11800.000000,11800.000000,11800.000000,9471.518555,10,0,0,0,0,0,0,0,0
2014-03-25,12260.000000,12260.000000,12260.000000,12260.000000,9840.748047,1,0,0,0,0,0,0,0,0
2014-03-26,12140.000000,12140.000000,12130.000000,12130.000000,9736.401367,2,0,0,0,0,0,0,0,0
2014-03-27,12150.000000,12200.000000,12150.000000,12200.000000,9792.587891,103,0,0,0,0,0,0,0,0
2014-03-28,12320.000000,12420.000000,12320.000000,12420.000000,9969.174805,4,0,0,0,0,0,0,0,0
2014-03-31,12720.000000,12720.000000,12510.000000,12510.000000,10041.416016,204,0,0,0,0,0,0,0,0
2014-04-01,12600.000000,12600.000000,12600.000000,12600.000000,10113.655273,28,0,0,0,0,0,0,0,0
2014-04-02,12650.000000,12650.000000,12640.000000,12640.000000,10145.762695,13,0,0,0,0,0,0,0,0
2014-04-03,12540.000000,12540.000000,12540.000000,12540.000000,10065.497070,1,0,0,0,0,0,0,0,0
2014-04-04,12676.799805,12676.799805,12676.799805,12676.799805,10175.302734,0,0,0,0,0,0,0,0,0
2014-04-07,12563.099609,12563.099609,12563.099609,12563.099609,10084.039063,0,0,0,0,0,0,0,0,0
2014-04-08,12520.000000,12520.000000,12420.000000,12420.000000,9969.174805,62,0,0,0,0,0,0,0,0
2014-04-09,12340.000000,12340.000000,12340.000000,12340.000000,9904.961914,1,0,0,0,0,0,0,0,0
2014-04-10,12210.000000,12210.000000,12210.000000,12210.000000,9800.616211,0,0,0,0,0,0,0,0,0
2014-04-11,12034.099609,12034.099609,12034.099609,12034.099609,9659.424805,0,0,0,0,0,0,0,0,0
2014-04-14,11990.700195,11990.700195,11990.700195,11990.700195,9624.589844,0,0,0,0,0,0,0,0,0
2014-04-15,12030.000000,12030.000000,11990.000000,11990.000000,9624.028320,3,0,0,0,0,0,0,0,0
2014-04-16,12227.799805,12227.799805,12227.799805,12227.799805,9814.901367,0,0,0,0,0,0,0,0,0
2014-04-17,12260.000000,12300.000000,12260.000000,12300.000000,9872.856445,12,0,0,0,0,0,0,0,0
2014-04-18,12370.000000,12370.000000,12370.000000,12370.000000,9929.041016,3,0,0,0,0,0,0,0,0
2014-04-21,12270.000000,12270.000000,12270.000000,12270.000000,9848.775391,1,0,0,0,0,0,0,0,0
2014-04-22,12274.200195,12274.200195,12274.200195,12274.200195,9852.146484,0,0,0,0,0,0,0,0,0
2014-04-23,12320.000000,12320.000000,12320.000000,12320.000000,9888.908203,1,0,0,0,0,0,0,0,0
2014-04-24,12336.299805,12336.299805,12336.299805,12336.299805,9901.992188,0,0,0,0,0,0,0,0,0
2014-04-25,12310.000000,12410.000000,12310.000000,12410.000000,9961.149414,207,0,0,0,0,0,0,0,0
2014-04-28,12332.700195,12332.700195,12332.700195,12332.700195,9899.101563,0,0,0,0,0,0,0,0,0
2014-04-30,12400.000000,12400.000000,12400.000000,12400.000000,9953.122070,7,0,0,0,0,0,0,0,0
2014-05-01,12450.000000,12620.000000,12450.000000,12620.000000,10129.711914,506,0,0,0,0,0,0,0,0
2014-05-02,12500.000000,12510.000000,12500.000000,12500.000000,10033.388672,17,0,0,0,0,0,0,0,0
2014-05-07,12500.000000,12500.000000,12230.000000,12230.000000,9816.668945,65,0,0,0,0,0,0,0,0
2014-05-08,12383.500000,12383.500000,12383.500000,12383.500000,9939.877930,0,0,0,0,0,0,0,0,0
2014-05-09,12507.700195,12507.700195,12507.700195,12507.700195,10039.569336,0,0,0,0,0,0,0,0,0
2014-05-12,12472.000000,12472.000000,12472.000000,12472.000000,10010.913086,0,0,0,0,0,0,0,0,0
2014-05-13,12530.000000,12600.000000,12530.000000,12600.000000,10113.655273,333,0,0,0,0,0,0,0,0
2014-05-14,12600.000000,12600.000000,12600.000000,12600.000000,10113.655273,1,0,0,0,0,0,0,0,0
2014-05-15,12530.000000,12530.000000,12470.000000,12470.000000,10009.308594,11,0,0,0,0,0,0,0,0
2014-05-16,12447.299805,12447.299805,12447.299805,12447.299805,9991.087891,0,0,0,0,0,0,0,0,0
2014-05-19,12483.000000,12483.000000,12483.000000,12483.000000,10019.744141,0,0,0,0,0,0,0,0,0
2014-05-20,12570.000000,12570.000000,12570.000000,12570.000000,10089.576172,3,0,0,0,0,0,0,0,0
2014-05-21,12430.000000,12430.000000,12430.000000,12430.000000,9977.201172,1,0,0,0,0,0,0,0,0
2014-05-22,12590.000000,12680.000000,12590.000000,12680.000000,10177.869141,3,0,0,0,0,0,0,0,0
2014-05-23,12650.000000,12730.000000,12650.000000,12730.000000,10218.002930,36,0,0,0,0,0,0,0,0
2014-05-26,12730.000000,12730.000000,12730.000000,12730.000000,10218.002930,1,0,0,0,0,0,0,0,0
2014-05-27,12790.000000,12800.000000,12790.000000,12800.000000,10274.191406,21,0,0,0,0,0,0,0,0
2014-05-28,12850.000000,12850.000000,12850.000000,12850.000000,10314.323242,5,0,0,0,0,0,0,0,0
2014-05-29,12870.000000,12870.000000,12870.000000,12870.000000,10330.378906,5,0,0,0,0,0,0,0,0
2014-05-30,12895.400391,12895.400391,12895.400391,12895.400391,10350.763672,0,0,0,0,0,0,0,0,0
2014-06-02,12570.000000,13000.000000,12570.000000,13000.000000,10434.724609,46,0,0,0,0,0,0,0,0
2014-06-03,13190.000000,13190.000000,13060.000000,13060.000000,10482.885742,30,0,0,0,0,0,0,0,0
2014-06-04,13060.000000,13150.000000,13060.000000,13150.000000,10555.127930,224,0,0,0,0,0,0,0,0
2014-06-05,13190.000000,13190.000000,13160.000000,13160.000000,10563.153320,4,0,0,0,0,0,0,0,0
2014-06-06,13160.000000,13160.000000,13160.000000,13160.000000,10563.153320,1,0,0,0,0,0,0,0,0
2014-06-09,13210.000000,13210.000000,13140.000000,13140.000000,10547.098633,11,0,0,0,0,0,0,0,0
2014-06-10,13150.000000,13150.000000,13150.000000,13150.000000,10555.127930,500,0,0,0,0,0,0,0,0
2014-06-11,13200.000000,13200.000000,13200.000000,13200.000000,10595.258789,10,0,0,0,0,0,0,0,0
2014-06-12,13070.000000,13070.000000,13070.000000,13070.000000,10490.911133,1,0,0,0,0,0,0,0,0
2014-06-13,13182.900391,13182.900391,13182.900391,13182.900391,10581.534180,0,0,0,0,0,0,0,0,0
2014-06-16,13080.799805,13080.799805,13080.799805,13080.799805,10499.580078,0,0,0,0,0,0,0,0,0
2014-06-17,13117.500000,13117.500000,13117.500000,13117.500000,10529.039063,0,0,0,0,0,0,0,0,0
2014-06-18,13160.000000,13160.000000,13160.000000,13160.000000,10563.153320,2,0,0,0,0,0,0,0,0
2014-06-19,13160.000000,13410.000000,13160.000000,13410.000000,10763.820313,6,0,0,0,0,0,0,0,0
2014-06-20,13443.099609,13443.099609,13443.099609,13443.099609,10790.388672,0,0,0,0,0,0,0,0,0
2014-06-23,13414.500000,13414.500000,13414.500000,13414.500000,10767.431641,0,0,0,0,0,0,0,0,0
2014-06-24,13350.000000,13350.000000,13350.000000,13350.000000,10715.660156,1,0,0,0,0,0,0,0,0
2014-06-25,13403.799805,13403.799805,13403.799805,13403.799805,10758.843750,0,0,0,0,0,0,0,0,0
2014-06-26,13400.400391,13400.400391,13400.400391,13400.400391,10756.113281,0,0,0,0,0,0,0,0,0
2014-06-27,13330.000000,13330.000000,13330.000000,13330.000000,10699.605469,29,0,0,0,0,0,0,0,0
2014-06-30,13330.000000,13330.000000,13330.000000,13330.000000,10699.605469,7,0,0,0,0,0,0,0,0
2014-07-01,13460.000000,13530.000000,13460.000000,13530.000000,10860.140625,20,0,0,0,0,0,0,0,0
2014-07-02,13570.000000,13570.000000,13570.000000,13570.000000,10892.249023,1,0,0,0,0,0,0,0,0
2014-07-03,13550.400391,13550.400391,13550.400391,13550.400391,10876.514648,0,0,0,0,0,0,0,0,0
2014-07-04,13650.000000,13650.000000,13570.000000,13570.000000,10892.249023,33,0,0,0,0,0,0,0,0
2014-07-07,13625.500000,13625.500000,13625.500000,13625.500000,10936.794922,0,1,156000,0,0,0,0,0,0
2014-07-08,13631.200195,13631.200195,13631.200195,13631.200195,10941.372070,0,0,0,0,0,0,0,0,0
2014-07-09,13624.099609,13624.099609,13624.099609,13624.099609,10935.670898,0,0,0,0,0,0,0,0,0
2014-07-10,13590.000000,13600.000000,13590.000000,13600.000000,10916.328125,30,0,0,0,0,0,0,0,0
2014-07-11,13320.000000,13440.000000,13320.000000,13440.000000,10787.901367,13,0,0,0,0,0,0,0,0
2014-07-14,13550.000000,13550.000000,13470.000000,13470.000000,10811.982422,21,0,0,0,0,0,0,0,0
2014-07-15,13580.000000,13620.000000,13580.000000,13620.000000,11006.738281,42,0,0,0,0,0,0,0,0
2014-07-16,13680.000000,13680.000000,13620.000000,13620.000000,11006.738281,30,0,0,0,0,0,0,0,0
2014-07-17,13660.000000,13730.000000,13660.000000,13730.000000,11095.634766,51,0,0,0,0,0,0,0,0
2014-07-18,13710.000000,13790.000000,13610.000000,13790.000000,11144.122070,80,0,0,0,0,0,0,0,0
2014-07-22,13800.000000,13850.000000,13800.000000,13850.000000,11192.610352,27,0,0,0,0,0,0,0,0
2014-07-23,13881.099609,13881.099609,13881.099609,13881.099609,11217.743164,0,0,0,0,0,0,0,0,0
2014-07-24,13900.000000,13900.000000,13900.000000,13900.000000,11233.016602,9,0,0,0,0,0,0,0,0
2014-07-25,13880.000000,13880.000000,13880.000000,13880.000000,11216.853516,200,0,0,0,0,0,0,0,0
2014-07-28,13900.000000,13970.000000,13870.000000,13970.000000,11289.585938,109,0,0,0,0,0,0,0,0
2014-07-29,13955.799805,13955.799805,13955.799805,13955.799805,11278.109375,0,0,0,0,0,0,0,0,0
2014-07-30,13841.200195,13841.200195,13841.200195,13841.200195,11185.498047,0,0,0,0,0,0,0,0,0
2014-07-31,13890.000000,13890.000000,13890.000000,13890.000000,11224.934570,17,0,0,0,0,0,0,0,0
2014-08-01,13710.000000,13720.000000,13640.000000,13720.000000,11087.552734,43,0,0,0,0,0,0,0,0
2014-08-04,13694.700195,13694.700195,13694.700195,13694.700195,11067.107422,0,0,0,0,0,0,0,0,0
2014-08-05,13529.000000,13529.000000,13529.000000,13529.000000,10933.200195,0,0,0,0,0,0,0,0,0
2014-08-06,13414.599609,13414.599609,13414.599609,13414.599609,10840.750000,0,0,0,0,0,0,0,0,0
2014-08-07,13510.200195,13510.200195,13510.200195,13510.200195,10918.006836,0,0,0,0,0,0,0,0,0
2014-08-08,13210.700195,13210.700195,13210.700195,13210.700195,10675.972656,0,0,0,0,0,0,0,0,0
2014-08-11,13240.000000,13240.000000,13240.000000,13240.000000,10699.651367,15,1,200000,0,0,0,0,0,0
2014-08-12,13562.200195,13562.200195,13562.200195,13562.200195,10960.031250,0,0,0,0,0,0,0,0,0
2014-08-13,13641.200195,13641.200195,13641.200195,13641.200195,11023.873047,0,0,0,0,0,0,0,0,0
2014-08-14,13660.000000,13690.000000,13660.000000,13690.000000,11063.310547,9,0,0,0,0,0,0,0,0
2014-08-15,13830.000000,13830.000000,13830.000000,13830.000000,11176.447266,1,0,0,0,0,0,0,0,0
2014-08-18,13780.000000,13790.000000,13780.000000,13790.000000,11144.122070,20,0,0,0,0,0,0,0,0
2014-08-19,13950.000000,13950.000000,13950.000000,13950.000000,11273.423828,2,0,0,0,0,0,0,0,0
2014-08-20,13940.000000,13940.000000,13940.000000,13940.000000,11265.342773,1,1,38000,0,0,0,0,0,0
2014-08-21,13920.000000,13930.000000,13920.000000,13930.000000,11257.260742,200,0,0,0,0,0,0,0,0
2014-08-22,13960.000000,13960.000000,13960.000000,13960.000000,11281.504883,3,0,0,0,0,0,0,0,0
2014-08-25,13970.000000,13970.000000,13970.000000,13970.000000,11289.585938,4,0,0,0,0,0,0,0,0
2014-08-26,13900.000000,13900.000000,13900.000000,13900.000000,11233.016602,10,0,0,0,0,0,0,0,0
2014-08-27,13770.000000,13770.000000,13770.000000,13770.000000,11127.959961,1,0,0,0,0,0,0,0,0
2014-08-28,13710.000000,13710.000000,13700.000000,13700.000000,11071.390625,13,0,0,0,0,0,0,0,0
2014-08-29,13716.400391,13716.400391,13716.400391,13716.400391,11084.645508,0,0,0,0,0,0,0,0,0
2014-09-01,13742.000000,13742.000000,13742.000000,13742.000000,11105.333008,0,0,0,0,0,0,0,0,0
2014-09-02,13800.000000,13800.000000,13680.000000,13680.000000,11055.228516,4,0,0,0,0,0,0,0,0
2014-09-03,13820.000000,13870.000000,13820.000000,13870.000000,11208.772461,3,0,0,0,0,0,0,0,0
2014-09-04,13870.000000,13870.000000,13870.000000,13870.000000,11208.772461,11,0,0,0,0,0,0,0,0
2014-09-05,13630.000000,13630.000000,13630.000000,13630.000000,11014.820313,10,0,0,0,0,0,0,0,0
2014-09-08,13710.000000,13710.000000,13710.000000,13710.000000,11079.471680,1,0,0,0,0,0,0,0,0
2014-09-09,13724.799805,13724.799805,13724.799805,13724.799805,11091.432617,0,0,0,0,0,0,0,0,0
2014-09-10,13610.000000,13610.000000,13610.000000,13610.000000,10998.659180,15,0,0,0,0,0,0,0,0
2014-09-11,13700.000000,13700.000000,13700.000000,13700.000000,11071.390625,2,0,0,0,0,0,0,0,0
2014-09-12,13680.000000,13690.000000,13680.000000,13690.000000,11063.310547,238,0,0,0,0,0,0,0,0
2014-09-16,13746.099609,13746.099609,13746.099609,13746.099609,11108.644531,0,0,0,0,0,0,0,0,0
2014-09-17,13660.000000,13660.000000,13660.000000,13660.000000,11039.065430,6,0,0,0,0,0,0,0,0
2014-09-18,13730.000000,13730.000000,13730.000000,13730.000000,11095.634766,17,0,0,0,0,0,0,0,0
2014-09-19,13650.000000,13650.000000,13650.000000,13650.000000,11030.985352,1,0,0,0,0,0,0,0,0
2014-09-22,13730.000000,13730.000000,13730.000000,13730.000000,11095.634766,15,0,0,0,0,0,0,0,0
2014-09-24,13730.000000,13730.000000,13730.000000,13730.000000,11095.634766,1,0,0,0,0,0,0,0,0
2014-09-25,13963.099609,13963.099609,13963.099609,13963.099609,11284.008789,0,0,0,0,0,0,0,0,0
2014-09-26,13834.900391,13834.900391,13834.900391,13834.900391,11180.408203,0,0,0,0,0,0,0,0,0
2014-09-29,13800.000000,13800.000000,13800.000000,13800.000000,11152.203125,5,0,0,0,0,0,0,0,0
2014-09-30,13830.000000,13830.000000,13830.000000,13830.000000,11176.447266,10,0,0,0,0,0,0,0,0
2014-10-01,13887.500000,13887.500000,13887.500000,13887.500000,11222.916016,0,0,0,0,0,0,0,0,0
2014-10-02,13680.000000,13680.000000,13680.000000,13680.000000,11055.228516,6,0,0,0,0,0,0,0,0
2014-10-03,13500.000000,13560.000000,13490.000000,13490.000000,10901.683594,6,0,0,0,0,0,0,0,0
2014-10-06,13570.000000,13570.000000,13570.000000,13570.000000,10966.334961,11,1,100000,0,0,0,0,0,0
2014-10-07,13600.000000,13600.000000,13600.000000,13600.000000,10990.578125,10,0,0,0,0,0,0,0,0
2014-10-08,13450.000000,13450.000000,13450.000000,13450.000000,10869.357422,1,0,0,0,0,0,0,0,0
2014-10-09,13361.000000,13361.000000,13361.000000,13361.000000,10797.435547,0,0,0,0,0,0,0,0,0
2014-10-10,13200.000000,13280.000000,13200.000000,13280.000000,10731.975586,2,0,0,0,0,0,0,0,0
2014-10-14,13030.000000,13030.000000,13030.000000,13030.000000,10529.942383,150,1,100000,0,0,0,0,0,0
2014-10-15,13044.400391,13044.400391,13044.400391,13044.400391,10541.581055,0,0,0,0,0,0,0,0,0
2014-10-16,12722.599609,12722.599609,12722.599609,12722.599609,10281.522461,0,0,0,0,0,0,0,0,0
2014-10-17,12700.000000,12700.000000,12680.000000,12680.000000,10247.096680,3,0,0,0,0,0,0,0,0
2014-10-20,12950.000000,12970.000000,12950.000000,12970.000000,10481.456055,6,0,0,0,0,0,0,0,0
2014-10-21,13050.000000,13100.000000,12920.000000,12920.000000,10441.047852,29,0,0,0,0,0,0,0,0
2014-10-22,13100.000000,13100.000000,13100.000000,13100.000000,10586.510742,22,0,0,0,0,0,0,0,0
2014-10-23,13294.599609,13294.599609,13294.599609,13294.599609,10743.774414,0,0,0,0,0,0,0,0,0
2014-10-24,13358.000000,13358.000000,13358.000000,13358.000000,10795.009766,0,0,0,0,0,0,0,0,0
2014-10-27,13562.500000,13562.500000,13562.500000,13562.500000,10960.271484,0,0,0,0,0,0,0,0,0
2014-10-28,13570.000000,13570.000000,13570.000000,13570.000000,10966.334961,10,0,0,0,0,0,0,0,0
2014-10-29,13733.000000,13733.000000,13733.000000,13733.000000,11098.058594,0,0,0,0,0,0,0,0,0
2014-10-30,13819.799805,13819.799805,13819.799805,13819.799805,11168.204102,0,0,0,0,0,0,0,0,0
2014-10-31,13900.000000,14270.000000,13900.000000,14270.000000,11532.025391,209,0,0,0,0,0,0,0,0
2014-11-04,14570.000000,14880.000000,14570.000000,14790.000000,11952.251953,195,0,0,0,0,0,0,0,0
2014-11-05,14710.000000,14800.000000,14710.000000,14800.000000,11960.333984,47,0,0,0,0,0,0,0,0
2014-11-06,14800.000000,14880.000000,14580.000000,14580.000000,11782.545898,44,0,0,0,0,0,0,0,0
2014-11-07,14688.500000,14688.500000,14688.500000,14688.500000,11870.227539,0,0,0,0,0,0,0,0,0
2014-11-10,14580.000000,14650.000000,14580.000000,14650.000000,11839.114258,12,0,0,0,0,0,0,0,0
2014-11-11,14800.000000,14880.000000,14800.000000,14860.000000,12008.822266,22,0,0,0,0,0,0,0,0
2014-11-12,15000.000000,15190.000000,15000.000000,15070.000000,12178.530273,25,0,0,0,0,0,0,0,0
2014-11-13,15070.000000,15190.000000,15070.000000,15190.000000,12275.504883,33,0,0,0,0,0,0,0,0
2014-11-14,15240.000000,15300.000000,15240.000000,15240.000000,12315.913086,31,0,0,0,0,0,0,0,0
2014-11-17,15170.000000,15170.000000,15020.000000,15020.000000,12138.124023,18,0,0,0,0,0,0,0,0
2014-11-18,15140.000000,15190.000000,15080.000000,15190.000000,12275.504883,31,0,0,0,0,0,0,0,0
2014-11-19,15210.000000,15210.000000,15210.000000,15210.000000,12291.668945,3,0,0,0,0,0,0,0,0
2014-11-20,15256.700195,15256.700195,15256.700195,15256.700195,12329.407227,0,0,0,0,0,0,0,0,0
2014-11-21,15296.099609,15296.099609,15296.099609,15296.099609,12361.249023,0,0,0,0,0,0,0,0,0
2014-11-25,15340.000000,15340.000000,15340.000000,15340.000000,12396.725586,3,1,2000,0,0,0,0,0,0
2014-11-26,15300.000000,15300.000000,15280.000000,15280.000000,12348.237305,20,0,0,0,0,0,0,0,0
2014-11-27,15240.000000,15240.000000,15180.000000,15180.000000,12267.423828,7,0,0,0,0,0,0,0,0
2014-11-28,15170.000000,15350.000000,15170.000000,15350.000000,12404.805664,65,0,0,0,0,0,0,0,0
2014-12-01,15500.000000,15500.000000,15480.000000,15480.000000,12509.862305,100,0,0,0,0,0,0,0,0
2014-12-02,15400.000000,15400.000000,15400.000000,15400.000000,12445.211914,31,0,0,0,0,0,0,0,0
2014-12-03,15520.000000,15530.000000,15450.000000,15450.000000,12485.619141,230,0,0,0,0,0,0,0,0
2014-12-04,15560.000000,15560.000000,15370.000000,15370.000000,12420.969727,34,0,0,0,0,0,0,0,0
2014-12-05,15370.000000,15370.000000,15370.000000,15370.000000,12420.969727,5,0,0,0,0,0,0,0,0
2014-12-08,15360.000000,15360.000000,15360.000000,15360.000000,12412.886719,200,0,0,0,0,0,0,0,0
2014-12-09,15200.000000,15270.000000,15200.000000,15270.000000,12340.156250,47,0,0,0,0,0,0,0,0
2014-12-10,15210.000000,15210.000000,15000.000000,15000.000000,12121.959961,31,0,0,0,0,0,0,0,0
2014-12-11,14970.000000,15070.000000,14970.000000,15070.000000,12178.530273,31,0,0,0,0,0,0,0,0
2014-12-12,15200.000000,15290.000000,15200.000000,15290.000000,12356.320313,56,0,0,0,0,0,0,0,0
2014-12-15,14970.000000,15010.000000,14970.000000,15010.000000,12130.041992,20,0,0,0,0,0,0,0,0
2014-12-16,14961.000000,14961.000000,14961.000000,14961.000000,12090.443359,0,0,0,0,0,0,0,0,0
2014-12-17,14848.299805,14848.299805,14848.299805,14848.299805,11999.367188,0,0,0,0,0,0,0,0,0
2014-12-18,15240.000000,15240.000000,15230.000000,15230.000000,12307.831055,52,0,0,0,0,0,0,0,0
2014-12-19,15460.000000,15560.000000,15460.000000,15530.000000,12550.268555,24,0,0,0,0,0,0,0,0
2014-12-22,15525.200195,15525.200195,15525.200195,15525.200195,12546.390625,0,0,0,0,0,0,0,0,0
2014-12-24,15600.000000,15800.000000,15600.000000,15690.000000,12679.570313,35,0,0,0,0,0,0,0,0
2014-12-25,15740.000000,15740.000000,15650.000000,15700.000000,12687.650391,29,0,0,0,0,0,0,0,0
2014-12-26,15710.000000,15710.000000,15710.000000,15710.000000,12695.732422,5,0,0,0,0,0,0,0,0
2014-12-29,15730.000000,15730.000000,15730.000000,15730.000000,12711.897461,2,0,0,0,0,0,0,0,0
2014-12-30,15680.000000,15680.000000,15680.000000,15680.000000,12671.489258,21,0,0,0,0,0,0,0,0
2015-01-05,15550.000000,15550.000000,15550.000000,15550.000000,12566.433594,25,0,0,0,0,0,0,0,0
2015-01-06,15310.000000,15310.000000,15170.000000,15240.000000,12315.913086,108,0,0,0,0,0,0,0,0
2015-01-07,15080.000000,15080.000000,15080.000000,15080.000000,12186.609375,4,0,0,0,0,0,0,0,0
2015-01-08,15390.000000,15390.000000,15390.000000,15390.000000,12437.130859,10,0,0,0,0,0,0,0,0
2015-01-09,15400.700195,15400.700195,15400.700195,15400.700195,12445.778320,0,0,0,0,0,0,0,0,0
2015-01-13,15260.000000,15420.000000,15250.000000,15420.000000,12461.376953,41,0,0,0,0,0,0,0,0
2015-01-14,15450.000000,15530.000000,15450.000000,15460.000000,12493.703125,416,0,0,0,0,0,0,0,0
2015-01-15,15610.000000,15920.000000,15610.000000,15920.000000,12865.440430,129,0,0,0,0,0,0,0,0
2015-01-16,15590.000000,15660.000000,15560.000000,15560.000000,12574.513672,119,0,0,0,0,0,0,0,0
2015-01-19,15741.000000,15741.000000,15741.000000,15741.000000,12720.785156,0,0,0,0,0,0,0,0,0
2015-01-20,15800.000000,15800.000000,15690.000000,15690.000000,12679.570313,3,0,0,0,0,0,0,0,0
2015-01-21,15750.000000,15900.000000,15750.000000,15900.000000,12849.278320,18,0,0,0,0,0,0,0,0
2015-01-22,15900.000000,15900.000000,15900.000000,15900.000000,12849.278320,16,0,0,0,0,0,0,0,0
2015-01-23,16061.099609,16061.099609,16061.099609,16061.099609,12979.467773,0,0,0,0,0,0,0,0,0
2015-01-26,15780.000000,15780.000000,15780.000000,15780.000000,12752.301758,1,0,0,0,0,0,0,0,0
2015-01-27,16230.000000,16230.000000,16230.000000,16230.000000,13115.959961,109,0,0,0,0,0,0,0,0
2015-01-28,16390.000000,16640.000000,16390.000000,16640.000000,13447.295898,66,0,0,0,0,0,0,0,0
2015-01-29,16790.000000,16820.000000,16580.000000,16820.000000,13592.759766,67,0,0,0,0,0,0,0,0
2015-01-30,16700.000000,16810.000000,16630.000000,16630.000000,13439.214844,979,0,0,0,0,0,0,0,0
2015-02-02,16330.000000,16560.000000,16330.000000,16560.000000,13382.644531,6,0,0,0,0,0,0,0,0
2015-02-03,16700.000000,16700.000000,16130.000000,16130.000000,13035.148438,186,0,0,0,0,0,0,0,0
2015-02-04,16200.000000,16560.000000,16200.000000,16560.000000,13382.644531,39,0,0,0,0,0,0,0,0
2015-02-05,16370.000000,16400.000000,16370.000000,16370.000000,13229.100586,5,0,0,0,0,0,0,0,0
2015-02-06,16390.000000,16390.000000,16390.000000,16390.000000,13245.261719,1,0,0,0,0,0,0,0,0
2015-02-09,16340.000000,16340.000000,16300.000000,16300.000000,13172.530273,4,0,0,0,0,0,0,0,0
2015-02-10,16298.400391,16298.400391,16298.400391,16298.400391,13171.236328,0,0,0,0,0,0,0,0,0
2015-02-12,16370.000000,16600.000000,16370.000000,16540.000000,13366.482422,264,0,0,0,0,0,0,0,0
2015-02-13,16610.000000,16750.000000,16560.000000,16690.000000,13487.701172,180,0,0,0,0,0,0,0,0
2015-02-16,16848.500000,16848.500000,16848.500000,16848.500000,13615.789063,0,0,0,0,0,0,0,0,0
2015-02-17,16670.000000,17010.000000,16670.000000,17010.000000,13746.303711,60,0,0,0,0,0,0,0,0
2015-02-18,17120.000000,17120.000000,17060.000000,17060.000000,13786.708984,14,0,0,0,0,0,0,0,0
2015-02-19,17270.000000,17270.000000,17270.000000,17270.000000,13956.416992,5,0,0,0,0,0,0,0,0
2015-02-20,17479.500000,17479.500000,17479.500000,17479.500000,14125.720703,0,0,0,0,0,0,0,0,0
2015-02-23,17724.699219,17724.699219,17724.699219,17724.699219,14323.872070,0,0,0,0,0,0,0,0,0
2015-02-24,17570.000000,17570.000000,17520.000000,17520.000000,14158.451172,3,0,0,0,0,0,0,0,0
2015-02-25,17920.000000,17920.000000,17400.000000,17400.000000,14061.475586,23,0,0,0,0,0,0,0,0
2015-02-26,17350.000000,17620.000000,17350.000000,17470.000000,14118.041992,65,0,0,0,0,0,0,0,0
2015-02-27,17620.000000,17620.000000,17590.000000,17590.000000,14215.019531,61,0,0,0,0,0,0,0,0
2015-03-02,17623.099609,17623.099609,17623.099609,17623.099609,14241.768555,0,0,0,0,0,0,0,0,0
2015-03-03,17990.000000,17990.000000,17630.000000,17630.000000,14247.342773,22,0,0,0,0,0,0,0,0
2015-03-04,17544.800781,17544.800781,17544.800781,17544.800781,14178.493164,0,0,0,0,0,0,0,0,0
2015-03-05,17580.900391,17580.900391,17580.900391,17580.900391,14207.666016,0,0,0,0,0,0,0,0,0
2015-03-06,17655.599609,17655.599609,17655.599609,17655.599609,14268.032227,0,0,0,0,0,0,0,0,0
2015-03-09,17620.000000,17620.000000,17580.000000,17580.000000,14206.938477,5,0,0,0,0,0,0,0,0
2015-03-10,17580.000000,17580.000000,17470.000000,17490.000000,14134.207031,70,0,0,0,0,0,0,0,0
2015-03-11,17570.000000,17690.000000,17550.000000,17690.000000,14295.832031,70,0,0,0,0,0,0,0,0
2015-03-12,17700.000000,18090.000000,17700.000000,18070.000000,14602.921875,113,0,0,0,0,0,0,0,0
2015-03-13,18220.000000,18230.000000,17970.000000,18080.000000,14611.001953,30,0,0,0,0,0,0,0,0
2015-03-16,18210.000000,18210.000000,17930.000000,17970.000000,14522.107422,151,0,0,0,0,0,0,0,0
2015-03-17,17970.000000,18220.000000,17970.000000,18220.000000,14724.141602,49,0,0,0,0,0,0,0,0
2015-03-18,18220.000000,18220.000000,18220.000000,18220.000000,14724.141602,4,0,0,0,0,0,0,0,0
2015-03-19,18310.000000,18640.000000,18300.000000,18300.000000,14788.790039,46,0,0,0,0,0,0,0,0
2015-03-20,18320.000000,18320.000000,18320.000000,18320.000000,14804.956055,40,0,0,0,0,0,0,0,0
2015-03-23,18460.000000,18460.000000,18300.000000,18300.000000,14788.790039,11,0,0,0,0,0,0,0,0
2015-03-24,18359.800781,18359.800781,18359.800781,18359.800781,14837.118164,0,0,0,0,0,0,0,0,0
2015-03-25,18400.000000,18400.000000,18200.000000,18200.000000,14707.979492,8,0,0,0,0,0,0,0,0
2015-03-26,18014.699219,18014.699219,18014.699219,18014.699219,14558.232422,0,0,0,0,0,0,0,0,0
2015-03-27,18000.000000,18000.000000,17850.000000,17850.000000,14425.135742,3,0,0,0,0,0,0,0,0
2015-03-30,17870.000000,17870.000000,17800.000000,17800.000000,14384.726563,6,0,0,0,0,0,0,0,0
2015-03-31,17700.000000,17700.000000,17230.000000,17250.000000,13940.253906,53,0,0,0,0,0,0,0,0
2015-04-01,17210.000000,17210.000000,17000.000000,17090.000000,13810.954102,39,0,0,0,0,0,0,0,0
2015-04-02,17250.000000,17650.000000,17190.000000,17650.000000,14263.507813,76,0,0,0,0,0,0,0,0
2015-04-03,17430.000000,17460.000000,17430.000000,17460.000000,14109.958984,40,0,0,0,0,0,0,0,0
2015-04-06,17690.000000,17690.000000,17350.000000,17350.000000,14021.068359,2,0,0,0,0,0,0,0,0
2015-04-07,17700.000000,17720.000000,17690.000000,17720.000000,14320.075195,22,0,0,0,0,0,0,0,0
2015-04-08,17720.000000,17720.000000,17680.000000,17680.000000,14287.750000,125,0,0,0,0,0,0,0,0
2015-04-09,17792.699219,17792.699219,17792.699219,17792.699219,14378.828125,0,0,0,0,0,0,0,0,0
2015-04-10,17710.000000,17750.000000,17510.000000,17640.000000,14255.425781,9,0,0,0,0,0,0,0,0
2015-04-13,17490.000000,17490.000000,17350.000000,17350.000000,14021.068359,15,0,0,0,0,0,0,0,0
2015-04-14,17600.000000,17600.000000,17600.000000,17600.000000,14223.100586,1,0,0,0,0,0,0,0,0
2015-04-15,17640.000000,17640.000000,17610.000000,17610.000000,14231.180664,72,0,0,0,0,0,0,0,0
2015-04-16,17460.000000,17520.000000,17460.000000,17520.000000,14158.451172,13,0,0,0,0,0,0,0,0
2015-04-17,17693.300781,17693.300781,17693.300781,17693.300781,14298.499023,0,0,0,0,0,0,0,0,0
2015-04-20,17700.000000,17700.000000,17430.000000,17500.000000,14142.287109,563,0,0,0,0,0,0,0,0
2015-04-21,17490.000000,17930.000000,17490.000000,17800.000000,14384.726563,50,0,0,0,0,0,0,0,0
2015-04-22,17800.000000,17800.000000,17800.000000,17800.000000,14384.726563,3,0,0,0,0,0,0,0,0
2015-04-23,17770.000000,17770.000000,17770.000000,17770.000000,14360.482422,1,0,0,0,0,0,0,0,0
2015-04-24,17990.000000,17990.000000,17990.000000,17990.000000,14538.270508,31,0,0,0,0,0,0,0,0
2015-04-27,17940.000000,17940.000000,17940.000000,17940.000000,14497.865234,5,0,0,0,0,0,0,0,0
2015-04-28,18051.599609,18051.599609,18051.599609,18051.599609,14588.050781,0,0,0,0,0,0,0,0,0
2015-04-30,17652.699219,17652.699219,17652.699219,17652.699219,14265.687500,0,0,0,0,0,0,0,0,0
2015-05-01,17320.000000,17320.000000,17310.000000,17310.000000,13988.744141,5,0,0,0,0,0,0,0,0
2015-05-07,17490.000000,17490.000000,17490.000000,17490.000000,14134.207031,1,0,0,0,0,0,0,0,0
2015-05-08,17450.000000,17450.000000,17450.000000,17450.000000,14101.879883,3,0,0,0,0,0,0,0,0
2015-05-11,17450.000000,17510.000000,17450.000000,17510.000000,14150.368164,15,0,0,0,0,0,0,0,0
2015-05-12,17562.400391,17562.400391,17562.400391,17562.400391,14192.715820,0,1,23200,0,0,0,0,0,0
2015-05-13,17467.199219,17467.199219,17467.199219,17467.199219,14115.779297,0,0,0,0,0,0,0,0,0
2015-05-14,17155.199219,17155.199219,17155.199219,17155.199219,13863.642578,0,0,0,0,0,0,0,0,0
2015-05-15,17522.599609,17522.599609,17522.599609,17522.599609,14160.548828,0,0,0,0,0,0,0,0,0
2015-05-18,17600.000000,17690.000000,17530.000000,17690.000000,14295.832031,17,0,0,0,0,0,0,0,0
2015-05-19,17610.000000,17730.000000,17610.000000,17730.000000,14328.155273,120,0,0,0,0,0,0,0,0
2015-05-20,17890.000000,17950.000000,17870.000000,17950.000000,14505.944336,77,0,0,0,0,0,0,0,0
2015-05-21,18080.000000,18080.000000,18080.000000,18080.000000,14611.001953,6,0,0,0,0,0,0,0,0
2015-05-22,17780.000000,17880.000000,17780.000000,17880.000000,14449.376953,16,0,0,0,0,0,0,0,0
2015-05-25,18100.000000,18100.000000,18100.000000,18100.000000,14627.165039,1,0,0,0,0,0,0,0,0
2015-05-26,18100.000000,18100.000000,18100.000000,18100.000000,14627.165039,9,0,0,0,0,0,0,0,0
2015-05-27,18000.000000,18000.000000,18000.000000,18000.000000,14546.351563,19,0,0,0,0,0,0,0,0
2015-05-28,18110.000000,18110.000000,18110.000000,18110.000000,14635.249023,20,0,0,0,0,0,0,0,0
2015-05-29,18190.000000,18190.000000,18190.000000,18190.000000,14699.898438,10,0,0,0,0,0,0,0,0
2015-06-01,18060.000000,18060.000000,17870.000000,17940.000000,14497.865234,15,0,0,0,0,0,0,0,0
2015-06-02,18040.000000,18070.000000,17910.000000,17910.000000,14473.621094,310,0,0,0,0,0,0,0,0
2015-06-03,17770.000000,17770.000000,17720.000000,17720.000000,14320.075195,9,0,0,0,0,0,0,0,0
2015-06-04,17800.000000,17800.000000,17660.000000,17660.000000,14271.587891,4,0,0,0,0,0,0,0,0
2015-06-05,17670.000000,17890.000000,17480.000000,17890.000000,14457.458008,28,0,0,0,0,0,0,0,0
2015-06-08,17990.000000,17990.000000,17900.000000,17900.000000,14465.539063,3,0,0,0,0,0,0,0,0
2015-06-09,17660.000000,17660.000000,17660.000000,17660.000000,14271.587891,1,0,0,0,0,0,0,0,0
2015-06-10,17550.000000,17550.000000,17480.000000,17480.000000,14126.125977,63,0,0,0,0,0,0,0,0
2015-06-11,17600.000000,17710.000000,17600.000000,17710.000000,14311.994141,21,0,0,0,0,0,0,0,0
2015-06-12,17520.000000,17520.000000,17520.000000,17520.000000,14158.451172,1,0,0,0,0,0,0,0,0
2015-06-15,17719.400391,17719.400391,17719.400391,17719.400391,14319.591797,0,0,0,0,0,0,0,0,0
2015-06-16,17750.000000,17750.000000,17570.000000,17730.000000,14328.155273,3,0,0,0,0,0,0,0,0
2015-06-17,17520.000000,17580.000000,17520.000000,17580.000000,14206.938477,60,0,0,0,0,0,0,0,0
2015-06-18,17550.000000,17550.000000,17400.000000,17400.000000,14061.475586,4,0,0,0,0,0,0,0,0
2015-06-19,17280.000000,17630.000000,17280.000000,17630.000000,14247.342773,22,0,0,0,0,0,0,0,0
2015-06-22,17700.000000,17700.000000,17700.000000,17700.000000,14303.914063,1,0,0,0,0,0,0,0,0
2015-06-23,17820.000000,17900.000000,17820.000000,17900.000000,14465.539063,13,0,0,0,0,0,0,0,0
2015-06-24,17980.000000,18090.000000,17980.000000,18090.000000,14619.083984,4,0,0,0,0,0,0,0,0
2015-06-25,18100.000000,18100.000000,18000.000000,18000.000000,14546.351563,60,0,0,0,0,0,0,0,0
2015-06-26,17910.000000,18010.000000,17910.000000,18000.000000,14546.351563,11,0,0,0,0,0,0,0,0
2015-06-29,17200.000000,17730.000000,17200.000000,17730.000000,14328.155273,28,0,0,0,0,0,0,0,0
2015-06-30,17500.000000,17640.000000,17500.000000,17640.000000,14255.425781,11,0,0,0,0,0,0,0,0
2015-07-01,17738.500000,17738.500000,17738.500000,17738.500000,14335.025391,0,0,0,0,0,0,0,0,0
2015-07-02,17940.000000,17940.000000,17900.000000,17900.000000,14465.539063,2,0,0,0,0,0,0,0,0
2015-07-03,17970.000000,17970.000000,17970.000000,17970.000000,14522.107422,1,0,0,0,0,0,0,0,0
2015-07-06,17650.000000,17880.000000,17650.000000,17650.000000,14263.507813,55,0,0,0,0,0,0,0,0
2015-07-07,17650.000000,17970.000000,17650.000000,17970.000000,14522.107422,18,0,0,0,0,0,0,0,0
2015-07-08,17970.000000,17970.000000,17650.000000,17650.000000,14263.507813,5,0,0,0,0,0,0,0,0
2015-07-09,17490.000000,17490.000000,17100.000000,17280.000000,13964.497070,42,0,0,0,0,0,0,0,0
2015-07-10,17300.000000,17830.000000,17300.000000,17600.000000,14223.100586,31,0,0,0,0,0,0,0,0
2015-07-13,17600.000000,17690.000000,17560.000000,17690.000000,14295.832031,27,0,0,0,0,0,0,0,0
2015-07-14,18401.199219,18401.199219,18401.199219,18401.199219,14870.574219,0,0,0,0,0,0,0,0,0
2015-07-15,17960.000000,18250.000000,17950.000000,18250.000000,15073.591797,36,0,0,0,0,0,0,0,0
2015-07-16,18200.000000,18230.000000,18200.000000,18230.000000,15057.074219,30,1,207000,1,207000,0,0,0,0
2015-07-17,18280.000000,18410.000000,18280.000000,18330.000000,15139.669922,24,0,0,0,0,0,0,0,0
2015-07-21,18480.000000,18550.000000,18340.000000,18530.000000,15304.860352,30,0,0,0,0,0,0,0,0
2015-07-22,18340.000000,18610.000000,18320.000000,18610.000000,15370.935547,7,0,0,0,0,0,0,0,0
2015-07-23,18610.000000,18690.000000,18610.000000,18690.000000,15437.012695,36,0,0,0,0,0,0,0,0
2015-07-24,18710.000000,18730.000000,18430.000000,18500.000000,15280.081055,32,0,0,0,0,0,0,0,0
2015-07-27,18570.000000,18570.000000,18150.000000,18150.000000,14990.999023,95,0,0,0,0,0,0,0,0
2015-07-28,18130.000000,18130.000000,18130.000000,18130.000000,14974.478516,3,0,0,0,0,0,0,0,0
2015-07-29,18361.699219,18361.699219,18361.699219,18361.699219,15165.848633,0,0,0,0,0,0,0,0,0
2015-07-30,18430.000000,18440.000000,18430.000000,18430.000000,15222.263672,34,0,0,0,0,0,0,0,0
2015-07-31,18400.000000,18430.000000,18400.000000,18430.000000,15222.263672,31,0,0,0,0,0,0,0,0
2015-08-03,18700.000000,18700.000000,18700.000000,18700.000000,15445.272461,16,0,0,0,0,0,0,0,0
2015-08-04,18800.000000,19050.000000,18710.000000,18850.000000,15569.162109,46,0,0,0,0,0,0,0,0
2015-08-05,18900.000000,19200.000000,18900.000000,19200.000000,15858.247070,16,0,0,0,0,0,0,0,0
2015-08-06,19410.000000,19410.000000,19200.000000,19300.000000,15940.839844,96,0,0,0,0,0,0,0,0
2015-08-07,19000.000000,19000.000000,18800.000000,18800.000000,15527.864258,34,0,0,0,0,0,0,0,0
2015-08-10,18900.000000,19150.000000,18900.000000,19150.000000,15816.948242,28,0,0,0,0,0,0,0,0
2015-08-11,19300.000000,19300.000000,19270.000000,19270.000000,15916.063477,7,0,0,0,0,0,0,0,0
2015-08-12,18850.000000,19130.000000,18850.000000,18920.000000,15626.980469,56,0,0,0,0,0,0,0,0
2015-08-13,18630.000000,18740.000000,18630.000000,18630.000000,15387.453125,26,0,0,0,0,0,0,0,0
2015-08-14,18810.000000,18920.000000,18810.000000,18920.000000,15626.980469,3,0,0,0,0,0,0,0,0
2015-08-17,18990.000000,19060.000000,18870.000000,18870.000000,15585.682617,31,0,0,0,0,0,0,0,0
2015-08-18,19100.000000,19100.000000,18800.000000,18940.000000,15643.498047,7,0,0,0,0,0,0,0,0
2015-08-19,18630.000000,18900.000000,18630.000000,18900.000000,15610.461914,6,0,0,0,0,0,0,0,0
2015-08-20,18750.000000,18750.000000,18750.000000,18750.000000,15486.568359,4,0,0,0,0,0,0,0,0
2015-08-21,18600.000000,18600.000000,17970.000000,17970.000000,14842.325195,52,0,0,0,0,0,0,0,0
2015-08-24,17380.000000,17380.000000,16930.000000,16930.000000,13983.338867,94,0,0,0,0,0,0,0,0
2015-08-25,16510.000000,16780.000000,16340.000000,16450.000000,13586.882813,51,0,0,0,0,0,0,0,0
2015-08-26,16470.000000,16840.000000,16410.000000,16840.000000,13909.003906,37,0,0,0,0,0,0,0,0
2015-08-27,17210.000000,17210.000000,17080.000000,17080.000000,14107.230469,4,0,0,0,0,0,0,0,0
2015-08-28,17150.000000,17300.000000,17100.000000,17300.000000,14288.941406,26,0,0,0,0,0,0,0,0
2015-08-31,17280.000000,17280.000000,17030.000000,17070.000000,14098.971680,8,0,0,0,0,0,0,0,0
2015-09-01,16950.000000,16950.000000,16610.000000,16610.000000,13719.034180,43,0,0,0,0,0,0,0,0
2015-09-02,16530.000000,16740.000000,16310.000000,16740.000000,13826.407227,13,0,0,0,0,0,0,0,0
2015-09-03,16500.000000,16810.000000,16380.000000,16380.000000,13529.065430,9,0,0,0,0,0,0,0,0
2015-09-04,16250.000000,16360.000000,16210.000000,16360.000000,13512.546875,75,0,0,0,0,0,0,0,0
2015-09-07,16350.000000,16350.000000,16250.000000,16250.000000,13421.693359,2,0,0,0,0,0,0,0,0
2015-09-08,16000.000000,16000.000000,16000.000000,16000.000000,13215.206055,1,0,0,0,0,0,0,0,0
2015-09-09,16300.000000,16600.000000,16300.000000,16600.000000,13710.775391,56,1,1400000,1,1400000,0,0,0,0
2015-09-10,16574.000000,16574.000000,16574.000000,16574.000000,13689.299805,0,0,0,0,0,0,0,0,0
2015-09-11,16708.199219,16708.199219,16708.199219,16708.199219,13800.141602,0,0,0,0,0,0,0,0,0
2015-09-14,16840.000000,16840.000000,16570.000000,16570.000000,13685.996094,27,0,0,0,0,0,0,0,0
2015-09-15,16800.000000,16930.000000,16790.000000,16820.000000,13892.485352,29,0,0,0,0,0,0,0,0
2015-09-16,16640.000000,16720.000000,16640.000000,16720.000000,13809.888672,18,0,0,0,0,0,0,0,0
2015-09-17,17050.000000,17050.000000,16900.000000,16900.000000,13958.560547,21,0,0,0,0,0,0,0,0
2015-09-18,16640.000000,16640.000000,16520.000000,16520.000000,13644.700195,67,0,0,0,0,0,0,0,0
2015-09-24,16470.000000,16470.000000,16390.000000,16390.000000,13537.324219,30,0,0,0,0,0,0,0,0
2015-09-25,16340.000000,16340.000000,16340.000000,16340.000000,13496.028320,1,0,0,0,0,0,0,0,0
2015-09-28,16760.000000,16760.000000,16760.000000,16760.000000,13842.926758,1,0,0,0,0,0,0,0,0
2015-09-29,16800.000000,16800.000000,16050.000000,16050.000000,13256.501953,65,0,0,0,0,0,0,0,0
2015-09-30,16060.000000,16390.000000,16060.000000,16390.000000,13537.324219,41,0,0,0,0,0,0,0,0
2015-10-01,16510.000000,16650.000000,16510.000000,16650.000000,13752.073242,8,0,0,0,0,0,0,0,0
2015-10-02,16750.000000,16750.000000,16630.000000,16650.000000,13752.073242,16,0,0,0,0,0,0,0,0
2015-10-05,16650.000000,16970.000000,16650.000000,16950.000000,13999.856445,8,0,0,0,0,0,0,0,0
2015-10-06,17070.000000,17240.000000,17040.000000,17240.000000,14239.383789,13,0,0,0,0,0,0,0,0
2015-10-07,17240.000000,17240.000000,17240.000000,17240.000000,14239.383789,6,0,0,0,0,0,0,0,0
2015-10-08,17280.000000,17280.000000,17280.000000,17280.000000,14272.419922,5,0,0,0,0,0,0,0,0
2015-10-09,17220.000000,17220.000000,17220.000000,17220.000000,14222.865234,2,0,0,0,0,0,0,0,0
2015-10-13,17090.000000,17310.000000,17090.000000,17310.000000,14297.202148,64,0,0,0,0,0,0,0,0
2015-10-14,17085.800781,17085.800781,17085.800781,17085.800781,14112.024414,0,0,0,0,0,0,0,0,0
2015-10-15,17349.599609,17349.599609,17349.599609,17349.599609,14329.907227,0,0,0,0,0,0,0,0,0
2015-10-16,17350.000000,17570.000000,17330.000000,17330.000000,14313.719727,91,0,0,0,0,0,0,0,0
2015-10-19,17530.000000,17530.000000,17530.000000,17530.000000,14478.909180,30,0,0,0,0,0,0,0,0
2015-10-20,17500.000000,17500.000000,17420.000000,17420.000000,14388.053711,3,0,0,0,0,0,0,0,0
2015-10-21,17220.000000,17550.000000,17220.000000,17550.000000,14495.425781,12,0,0,0,0,0,0,0,0
2015-10-22,17675.400391,17675.400391,17675.400391,17675.400391,14599.001953,0,0,0,0,0,0,0,0,0
2015-10-23,17800.000000,17880.000000,17800.000000,17870.000000,14759.732422,44,0,0,0,0,0,0,0,0
2015-10-26,18030.000000,18180.000000,18030.000000,18180.000000,15015.777344,6,0,0,0,0,0,0,0,0
2015-10-27,18020.000000,18220.000000,18020.000000,18050.000000,14908.403320,16,0,0,0,0,0,0,0,0
2015-10-28,18021.400391,18021.400391,18021.400391,18021.400391,14884.781250,0,0,0,0,0,0,0,0,0
2015-10-29,18220.000000,18220.000000,18010.000000,18010.000000,14875.366211,5,0,0,0,0,0,0,0,0
2015-10-30,18259.900391,18259.900391,18259.900391,18259.900391,15081.770508,0,0,0,0,0,0,0,0,0
2015-11-02,18270.000000,18270.000000,17850.000000,17850.000000,14743.214844,13,0,0,0,0,0,0,0,0
2015-11-04,17990.000000,17990.000000,17640.000000,17750.000000,14660.619141,64,0,0,0,0,0,0,0,0
2015-11-05,17600.000000,17800.000000,17600.000000,17740.000000,14652.357422,53,0,0,0,0,0,0,0,0
2015-11-06,18015.699219,18015.699219,18015.699219,18015.699219,14880.073242,0,0,0,0,0,0,0,0,0
2015-11-09,18140.000000,18140.000000,18120.000000,18120.000000,14966.219727,22,0,0,0,0,0,0,0,0
2015-11-10,18100.000000,18160.000000,18100.000000,18100.000000,14949.700195,25,0,0,0,0,0,0,0,0
2015-11-11,18160.000000,18320.000000,18160.000000,18320.000000,15131.410156,35,0,0,0,0,0,0,0,0
2015-11-12,18370.000000,18370.000000,18370.000000,18370.000000,15172.707031,11,0,0,0,0,0,0,0,0
2015-11-13,18270.000000,18270.000000,18250.000000,18250.000000,15073.591797,2,0,0,0,0,0,0,0,0
2015-11-16,17960.000000,18160.000000,17960.000000,17980.000000,14850.585938,34,0,0,0,0,0,0,0,0
2015-11-17,18360.000000,18360.000000,18360.000000,18360.000000,15164.447266,28,0,0,0,0,0,0,0,0
2015-11-18,18360.000000,18360.000000,18230.000000,18280.000000,15098.371094,13,0,0,0,0,0,0,0,0
2015-11-19,18200.000000,18400.000000,18200.000000,18290.000000,15106.631836,41,0,0,0,0,0,0,0,0
2015-11-20,18460.000000,18460.000000,18460.000000,18460.000000,15247.041016,1,0,0,0,0,0,0,0,0
2015-11-24,18467.599609,18467.599609,18467.599609,18467.599609,15253.320313,0,0,0,0,0,0,0,0,0
2015-11-25,18470.000000,18470.000000,18170.000000,18170.000000,15007.517578,15,0,0,0,0,0,0,0,0
2015-11-26,18377.599609,18377.599609,18377.599609,18377.599609,15178.983398,0,0,0,0,0,0,0,0,0
2015-11-27,18200.000000,18230.000000,18200.000000,18230.000000,15057.074219,14,0,0,0,0,0,0,0,0
2015-11-30,17935.599609,17935.599609,17935.599609,17935.599609,14813.914063,0,0,0,0,0,0,0,0,0
2015-12-01,18040.000000,18040.000000,18000.000000,18000.000000,14867.106445,16,0,0,0,0,0,0,0,0
2015-12-02,18050.000000,18100.000000,17880.000000,17910.000000,14792.770508,986,0,0,0,0,0,0,0,0
2015-12-03,17860.000000,17860.000000,17860.000000,17860.000000,14751.473633,2,0,0,0,0,0,0,0,0
2015-12-04,17690.000000,17700.000000,17650.000000,17690.000000,14611.062500,52,0,0,0,0,0,0,0,0
2015-12-07,17960.000000,17960.000000,17690.000000,17690.000000,14611.062500,22,0,0,0,0,0,0,0,0
2015-12-08,17660.000000,17900.000000,17660.000000,17790.000000,14693.655273,20,0,0,0,0,0,0,0,0
2015-12-09,17560.000000,17560.000000,17560.000000,17560.000000,14503.687500,1,0,0,0,0,0,0,0,0
2015-12-10,17500.000000,17570.000000,17500.000000,17570.000000,14511.946289,4,0,0,0,0,0,0,0,0
2015-12-11,17490.000000,17490.000000,17480.000000,17480.000000,14437.611328,9,0,0,0,0,0,0,0,0
2015-12-14,17530.000000,17530.000000,17440.000000,17440.000000,14404.572266,19,0,0,0,0,0,0,0,0
2015-12-15,17680.000000,17690.000000,17280.000000,17280.000000,14272.419922,55,0,0,0,0,0,0,0,0
2015-12-16,17486.500000,17486.500000,17486.500000,17486.500000,14442.979492,0,0,0,0,0,0,0,0,0
2015-12-17,17620.000000,17690.000000,17570.000000,17690.000000,14611.062500,71,0,0,0,0,0,0,0,0
2015-12-18,17680.000000,17870.000000,17680.000000,17870.000000,14759.732422,24,0,0,0,0,0,0,0,0
2015-12-21,17370.000000,17580.000000,17370.000000,17520.000000,14470.649414,3,0,0,0,0,0,0,0,0
2015-12-22,17917.900391,17917.900391,17917.900391,17917.900391,14799.296875,0,0,0,0,0,0,0,0,0
2015-12-24,17730.000000,17730.000000,17730.000000,17730.000000,14644.097656,6,0,0,0,0,0,0,0,0
2015-12-25,17730.000000,17730.000000,17730.000000,17730.000000,14644.097656,6,0,0,0,0,0,0,0,0
2015-12-28,17730.000000,17730.000000,17730.000000,17730.000000,14644.097656,2,0,0,0,0,0,0,0,0
2015-12-29,17890.000000,17890.000000,17890.000000,17890.000000,14776.250977,1,0,0,0,0,0,0,0,0
2015-12-30,18190.000000,18190.000000,17900.000000,17900.000000,14784.508789,11,0,0,0,0,0,0,0,0
2016-01-04,18000.000000,18170.000000,17840.000000,17840.000000,14734.954102,27,0,0,0,0,0,0,0,0
2016-01-05,17770.000000,17770.000000,17710.000000,17710.000000,14627.580078,4,0,0,0,0,0,0,0,0
2016-01-06,17580.000000,17780.000000,17580.000000,17730.000000,14644.097656,4,0,0,0,0,0,0,0,0
2016-01-07,17580.000000,17580.000000,17580.000000,17580.000000,14520.206055,26,0,0,0,0,0,0,0,0
2016-01-08,17470.000000,17680.000000,17070.000000,17070.000000,14098.971680,36,0,0,0,0,0,0,0,0
2016-01-12,17210.000000,17210.000000,16760.000000,16760.000000,13842.926758,52,0,0,0,0,0,0,0,0
2016-01-13,16700.000000,16860.000000,16700.000000,16860.000000,13925.521484,3,0,0,0,0,0,0,0,0
2016-01-14,16860.000000,16860.000000,16750.000000,16750.000000,13834.666992,33,0,0,0,0,0,0,0,0
2016-01-15,17370.000000,17370.000000,17180.000000,17180.000000,14189.824219,3,0,0,0,0,0,0,0,0
2016-01-18,16560.000000,17110.000000,16560.000000,16710.000000,13801.629883,15,0,0,0,0,0,0,0,0
2016-01-19,16730.000000,16730.000000,16650.000000,16650.000000,13752.073242,40,0,0,0,0,0,0,0,0
2016-01-20,16690.000000,16690.000000,16300.000000,16300.000000,13462.990234,33,0,0,0,0,0,0,0,0
2016-01-21,16060.000000,16600.000000,15860.000000,15860.000000,13099.573242,8,0,0,0,0,0,0,0,0
2016-01-22,16647.099609,16647.099609,16647.099609,16647.099609,13749.675781,0,0,0,0,0,0,0,0,0
2016-01-25,16800.000000,16800.000000,16800.000000,16800.000000,13875.964844,1,0,0,0,0,0,0,0,0
2016-01-26,16800.000000,16800.000000,16800.000000,16800.000000,13875.964844,2,0,0,0,0,0,0,0,0
2016-01-27,16760.000000,17160.000000,16760.000000,17050.000000,14082.454102,12,0,0,0,0,0,0,0,0
2016-01-28,17052.599609,17052.599609,17052.599609,17052.599609,14084.600586,0,0,0,0,0,0,0,0,0
2016-01-29,17705.000000,17705.000000,17705.000000,17705.000000,14623.451172,0,0,0,0,0,0,0,0,0
2016-02-01,17770.000000,17770.000000,17480.000000,17480.000000,14437.611328,52,0,0,0,0,0,0,0,0
2016-02-02,17640.000000,17750.000000,17640.000000,17750.000000,14660.619141,20,0,0,0,0,0,0,0,0
2016-02-03,17530.000000,17860.000000,17530.000000,17860.000000,14751.473633,3,0,0,0,0,0,0,0,0
2016-02-04,17970.000000,17970.000000,17670.000000,17670.000000,14594.543945,5,0,0,0,0,0,0,0,0
2016-02-05,17670.000000,17670.000000,17080.000000,17080.000000,14107.230469,30,0,0,0,0,0,0,0,0
2016-02-08,17572.599609,17572.599609,17572.599609,17572.599609,14514.093750,0,0,0,0,0,0,0,0,0
2016-02-09,16870.000000,16870.000000,16780.000000,16780.000000,13859.444336,51,0,0,0,0,0,0,0,0
2016-02-10,16790.000000,16790.000000,16250.000000,16250.000000,13421.693359,13,0,0,0,0,0,0,0,0
2016-02-12,15860.000000,15860.000000,15860.000000,15860.000000,13099.573242,2,0,0,0,0,0,0,0,0
2016-02-15,16660.000000,16660.000000,16360.000000,16360.000000,13512.546875,108,0,0,0,0,0,0,0,0
2016-02-16,16790.000000,16790.000000,16390.000000,16730.000000,13818.148438,7,0,0,0,0,0,0,0,0
2016-02-17,16640.000000,16640.000000,16640.000000,16640.000000,13743.813477,2,0,0,0,0,0,0,0,0
2016-02-18,16800.000000,16800.000000,16410.000000,16410.000000,13553.846680,8,0,0,0,0,0,0,0,0
2016-02-19,16380.000000,16430.000000,16380.000000,16430.000000,13570.363281,18,0,0,0,0,0,0,0,0
2016-02-22,16777.199219,16777.199219,16777.199219,16777.199219,13857.133789,0,0,0,0,0,0,0,0,0
2016-02-23,16561.800781,16561.800781,16561.800781,16561.800781,13679.225586,0,0,0,0,0,0,0,0,0
2016-02-24,16552.400391,16552.400391,16552.400391,16552.400391,13671.460938,0,0,0,0,0,0,0,0,0
2016-02-25,16944.599609,16944.599609,16944.599609,16944.599609,13995.396484,0,0,0,0,0,0,0,0,0
2016-02-26,16904.800781,16904.800781,16904.800781,16904.800781,13962.526367,0,0,0,0,0,0,0,0,0
2016-02-29,16432.199219,16432.199219,16432.199219,16432.199219,13572.179688,0,0,0,0,0,0,0,0,0
2016-03-01,16618.199219,16618.199219,16618.199219,16618.199219,13725.805664,0,0,0,0,0,0,0,0,0
2016-03-02,17230.000000,17230.000000,16990.000000,17050.000000,14082.454102,9,0,0,0,0,0,0,0,0
2016-03-03,16710.000000,16710.000000,16710.000000,16710.000000,13801.629883,1,0,0,0,0,0,0,0,0
2016-03-04,16700.000000,16700.000000,16700.000000,16700.000000,13793.370117,1,0,0,0,0,0,0,0,0
2016-03-07,16640.000000,16640.000000,16600.000000,16600.000000,13710.775391,2,0,0,0,0,0,0,0,0
2016-03-08,16200.000000,16410.000000,16200.000000,16410.000000,13553.846680,5,0,0,0,0,0,0,0,0
2016-03-09,16010.000000,16010.000000,16010.000000,16010.000000,13223.465820,10,0,0,0,0,0,0,0,0
2016-03-10,16360.000000,16360.000000,16280.000000,16280.000000,13446.471680,2,0,0,0,0,0,0,0,0
2016-03-11,16250.000000,16250.000000,16250.000000,16250.000000,13421.693359,10,0,0,0,0,0,0,0,0
2016-03-14,16250.000000,16740.000000,16250.000000,16740.000000,13826.407227,25,0,0,0,0,0,0,0,0
2016-03-15,16730.000000,16810.000000,16340.000000,16810.000000,13884.225586,33,0,0,0,0,0,0,0,0
2016-03-16,16700.000000,16800.000000,16680.000000,16690.000000,13785.110352,813,0,0,0,0,0,0,0,0
2016-03-17,16760.000000,16760.000000,16760.000000,16760.000000,13842.926758,10,0,0,0,0,0,0,0,0
2016-03-18,16530.000000,16530.000000,16330.000000,16330.000000,13487.769531,8,0,0,0,0,0,0,0,0
2016-03-22,16390.000000,16390.000000,16390.000000,16390.000000,13537.324219,10,0,0,0,0,0,0,0,0
2016-03-23,16579.000000,16579.000000,16579.000000,16579.000000,13693.430664,0,0,0,0,0,0,0,0,0
2016-03-24,16662.300781,16662.300781,16662.300781,16662.300781,13762.232422,0,0,0,0,0,0,0,0,0
2016-03-25,16690.900391,16690.900391,16690.900391,16690.900391,13785.855469,0,0,0,0,0,0,0,0,0
2016-03-28,16790.000000,16800.000000,16720.000000,16720.000000,13809.888672,22,0,0,0,0,0,0,0,0
2016-03-29,16740.000000,16760.000000,16740.000000,16760.000000,13842.926758,21,0,0,0,0,0,0,0,0
2016-03-30,16663.099609,16663.099609,16663.099609,16663.099609,13762.892578,0,0,0,0,0,0,0,0,0
2016-03-31,16710.000000,16710.000000,16710.000000,16710.000000,13801.629883,1,0,0,0,0,0,0,0,0
2016-04-01,15979.299805,15979.299805,15979.299805,15979.299805,13198.107422,0,0,0,0,0,0,0,0,0
2016-04-04,16230.000000,16230.000000,16110.000000,16110.000000,13306.059570,5,0,0,0,0,0,0,0,0
2016-04-05,15850.000000,15870.000000,15720.000000,15720.000000,12983.939453,18,0,0,0,0,0,0,0,0
2016-04-06,15800.000000,15800.000000,15800.000000,15800.000000,13050.015625,5,0,0,0,0,0,0,0,0
2016-04-07,15839.599609,15839.599609,15839.599609,15839.599609,13082.721680,0,0,0,0,0,0,0,0,0
2016-04-08,15940.000000,15940.000000,15770.000000,15770.000000,13025.236328,20,0,0,0,0,0,0,0,0
2016-04-11,16070.000000,16070.000000,15700.000000,15700.000000,12967.418945,14,0,0,0,0,0,0,0,0
2016-04-12,16000.000000,16000.000000,16000.000000,16000.000000,13215.206055,1,0,0,0,0,0,0,0,0
2016-04-13,15820.000000,16100.000000,15820.000000,16090.000000,13289.541016,7,0,0,0,0,0,0,0,0
2016-04-14,16490.000000,16490.000000,16280.000000,16340.000000,13496.028320,8,1,38000000,1,38000000,1,38000000,1,38000000
2016-04-15,16500.000000,16500.000000,16390.000000,16490.000000,13619.919922,5,0,0,0,0,0,0,0,0
2016-04-18,16530.000000,16530.000000,16420.000000,16420.000000,13562.105469,17,1,20000000,1,20000000,1,20000000,1,20000000
2016-04-19,16710.000000,16710.000000,16710.000000,16710.000000,13801.629883,21,0,0,0,0,0,0,0,0
2016-04-20,16930.000000,16930.000000,16930.000000,16930.000000,13983.338867,1,0,0,0,0,0,0,0,0
2016-04-21,17100.000000,17100.000000,16800.000000,16800.000000,13875.964844,13,0,0,0,0,0,0,0,0
2016-04-22,16990.000000,16990.000000,16920.000000,16920.000000,13975.079102,12,0,0,0,0,0,0,0,0
2016-04-25,17200.000000,17200.000000,17000.000000,17000.000000,14041.155273,3,0,0,0,0,0,0,0,0
2016-04-26,16770.000000,16770.000000,16770.000000,16770.000000,13851.185547,2,0,0,0,0,0,0,0,0
2016-04-27,16722.000000,16722.000000,16722.000000,16722.000000,13811.541992,0,0,0,0,0,0,0,0,0
2016-04-28,16690.000000,16690.000000,16460.000000,16460.000000,13595.142578,21,0,0,0,0,0,0,0,0
2016-05-02,16000.000000,16000.000000,15800.000000,15860.000000,13099.573242,28,0,0,0,0,0,0,0,0
2016-05-06,16100.000000,16100.000000,15950.000000,15950.000000,13173.907227,8,0,0,0,0,0,0,0,0
2016-05-09,15770.000000,15770.000000,15770.000000,15770.000000,13025.236328,1,0,0,0,0,0,0,0,0
2016-05-10,16390.000000,16390.000000,16390.000000,16390.000000,13537.324219,3,0,0,0,0,0,0,0,0
2016-05-11,16410.000000,16410.000000,16410.000000,16410.000000,13553.846680,1,0,0,0,0,0,0,0,0
2016-05-12,16180.000000,16240.000000,16180.000000,16240.000000,13413.433594,2,0,0,0,0,0,0,0,0
2016-05-13,16100.000000,16100.000000,16100.000000,16100.000000,13297.800781,24,0,0,0,0,0,0,0,0
2016-05-16,16070.000000,16100.000000,16070.000000,16100.000000,13297.800781,2,0,0,0,0,0,0,0,0
2016-05-17,16099.799805,16099.799805,16099.799805,16099.799805,13297.635742,0,0,0,0,0,0,0,0,0
2016-05-18,16120.000000,16120.000000,16120.000000,16120.000000,13314.319336,1,0,0,0,0,0,0,0,0
2016-05-19,16080.000000,16250.000000,15960.000000,15960.000000,13182.166992,6,0,0,0,0,0,0,0,0
2016-05-20,16240.000000,16240.000000,16240.000000,16240.000000,13413.433594,1,0,0,0,0,0,0,0,0
2016-05-23,16083.500000,16083.500000,16083.500000,16083.500000,13284.170898,0,0,0,0,0,0,0,0,0
2016-05-24,15944.799805,15944.799805,15944.799805,15944.799805,13169.614258,0,0,0,0,0,0,0,0,0
2016-05-25,16200.000000,16200.000000,16200.000000,16200.000000,13380.396484,1,0,0,0,0,0,0,0,0
2016-05-26,16200.000000,16200.000000,16200.000000,16200.000000,13380.396484,2,0,0,0,0,0,0,0,0
2016-05-27,16100.000000,16100.000000,16100.000000,16100.000000,13297.800781,4,0,0,0,0,0,0,0,0
2016-05-30,16313.099609,16313.099609,16313.099609,16313.099609,13473.809570,0,0,0,0,0,0,0,0,0
2016-05-31,16290.000000,16290.000000,16280.000000,16280.000000,13446.471680,2,0,0,0,0,0,0,0,0
2016-06-01,16000.000000,16000.000000,16000.000000,16000.000000,13215.206055,2,0,0,0,0,0,0,0,0
2016-06-02,16280.000000,16280.000000,16000.000000,16000.000000,13215.206055,5,0,0,0,0,0,0,0,0
2016-06-03,15770.000000,15770.000000,15770.000000,15770.000000,13025.236328,2,0,0,0,0,0,0,0,0
2016-06-06,16010.400391,16010.400391,16010.400391,16010.400391,13223.794922,0,0,0,0,0,0,0,0,0
2016-06-07,16058.599609,16058.599609,16058.599609,16058.599609,13263.605469,0,0,0,0,0,0,0,0,0
2016-06-08,15890.000000,15990.000000,15890.000000,15990.000000,13206.945313,12,0,0,0,0,0,0,0,0
2016-06-09,15960.000000,16210.000000,15890.000000,15890.000000,13124.349609,8,0,0,0,0,0,0,0,0
2016-06-10,15955.400391,15955.400391,15955.400391,15955.400391,13178.368164,0,0,0,0,0,0,0,0,0
2016-06-13,15610.000000,15610.000000,15610.000000,15610.000000,12893.084961,1,0,0,0,0,0,0,0,0
2016-06-14,15510.000000,15510.000000,15370.000000,15370.000000,12694.857422,70,0,0,0,0,0,0,0,0
2016-06-15,15210.000000,15210.000000,15210.000000,15210.000000,12562.705078,50,0,0,0,0,0,0,0,0
2016-06-16,15200.000000,15200.000000,15200.000000,15200.000000,12554.445313,1,0,0,0,0,0,0,0,0
2016-06-17,14920.000000,14920.000000,14920.000000,14920.000000,12323.178711,3,0,0,0,0,0,0,0,0
2016-06-20,14920.000000,15040.000000,14920.000000,15040.000000,12422.291992,51,0,0,0,0,0,0,0,0
2016-06-21,15384.700195,15384.700195,15384.700195,15384.700195,12706.998047,0,0,0,0,0,0,0,0,0
2016-06-22,15320.000000,15320.000000,15270.000000,15310.000000,12645.297852,3,0,0,0,0,0,0,0,0
2016-06-23,15330.000000,15330.000000,15320.000000,15330.000000,12661.818359,28,0,0,0,0,0,0,0,0
2016-06-24,15330.000000,15330.000000,14190.000000,14190.000000,11720.234375,51,0,0,0,0,0,0,0,0
2016-06-27,14690.000000,14840.000000,14600.000000,14840.000000,12257.103516,32,0,0,0,0,0,0,0,0
2016-06-28,14700.000000,15050.000000,14700.000000,15050.000000,12430.551758,22,0,0,0,0,0,0,0,0
2016-06-29,15250.000000,15250.000000,15250.000000,15250.000000,12595.742188,2,0,0,0,0,0,0,0,0
2016-06-30,15600.000000,15600.000000,15400.000000,15450.000000,12760.931641,52,0,0,0,0,0,0,0,0
2016-07-01,15640.000000,15640.000000,15300.000000,15360.000000,12686.595703,63,0,0,0,0,0,0,0,0
2016-07-04,15260.000000,15490.000000,15260.000000,15490.000000,12793.969727,46,0,0,0,0,0,0,0,0
2016-07-05,15310.000000,15330.000000,15310.000000,15330.000000,12661.818359,30,0,0,0,0,0,0,0,0
2016-07-06,15270.000000,15270.000000,15270.000000,15270.000000,12612.260742,21,0,0,0,0,0,0,0,0
2016-07-07,15446.900391,15446.900391,15446.900391,15446.900391,12758.373047,0,0,0,0,0,0,0,0,0
2016-07-08,15181.700195,15181.700195,15181.700195,15181.700195,12539.330078,0,0,0,0,0,0,0,0,0
2016-07-11,15420.000000,15840.000000,15420.000000,15840.000000,13083.052734,23,0,0,0,0,0,0,0,0
2016-07-12,15650.000000,15870.000000,15650.000000,15870.000000,13107.831055,2,0,0,0,0,0,0,0,0
2016-07-13,15646.599609,15646.599609,15646.599609,15646.599609,12923.313477,0,0,0,0,0,0,0,0,0
2016-07-14,15590.000000,15780.000000,15590.000000,15780.000000,13033.496094,2,0,0,0,0,0,0,0,0
2016-07-15,15733.299805,15733.299805,15733.299805,15733.299805,13058.643555,0,0,0,0,0,0,0,0,0
2016-07-19,15660.000000,15660.000000,15660.000000,15660.000000,12997.806641,50,0,0,0,0,0,0,0,0
2016-07-20,15770.000000,15770.000000,15770.000000,15770.000000,13089.106445,1,0,0,0,0,0,0,0,0
2016-07-21,15910.000000,16020.000000,15910.000000,16020.000000,13296.607422,7,0,0,0,0,0,0,0,0
2016-07-22,15749.099609,15749.099609,15749.099609,15749.099609,13071.758789,0,0,0,0,0,0,0,0,0
2016-07-25,15690.000000,15860.000000,15690.000000,15860.000000,13163.806641,10,0,0,0,0,0,0,0,0
2016-07-26,15650.000000,15650.000000,15650.000000,15650.000000,12989.504883,1,0,0,0,0,0,0,0,0
2016-07-27,15760.000000,15760.000000,15760.000000,15760.000000,13080.806641,63,0,0,0,0,0,0,0,0
2016-07-28,15550.000000,15550.000000,15310.000000,15310.000000,12707.304688,6,0,0,0,0,0,0,0,0
2016-07-29,15320.000000,15320.000000,15260.000000,15260.000000,12665.806641,6,0,0,0,0,0,0,0,0
2016-08-01,15431.400391,15431.400391,15431.400391,15431.400391,12808.068359,0,0,0,0,0,0,0,0,0
2016-08-02,15470.000000,15470.000000,15160.000000,15160.000000,12582.806641,8,0,0,0,0,0,0,0,0
2016-08-03,14860.000000,14860.000000,14760.000000,14760.000000,12250.805664,6,0,0,0,0,0,0,0,0
2016-08-04,14590.000000,14590.000000,14590.000000,14590.000000,12109.705078,2,0,0,0,0,0,0,0,0
2016-08-05,14612.700195,14612.700195,14612.700195,14612.700195,12128.545898,0,0,0,0,0,0,0,0,0
2016-08-08,14880.000000,14880.000000,14710.000000,14710.000000,12209.305664,3,0,0,0,0,0,0,0,0
2016-08-09,14784.099609,14784.099609,14784.099609,14784.099609,12270.807617,0,0,0,0,0,0,0,0,0
2016-08-10,14831.599609,14831.599609,14831.599609,14831.599609,12310.233398,0,0,0,0,0,0,0,0,0
2016-08-12,14804.400391,14804.400391,14804.400391,14804.400391,12287.658203,0,0,0,0,0,0,0,0,0
2016-08-15,14880.000000,14880.000000,14670.000000,14670.000000,12176.104492,4,0,0,0,0,0,0,0,0
2016-08-16,14620.000000,14680.000000,14530.000000,14540.000000,12068.205078,9,0,0,0,0,0,0,0,0
2016-08-17,14520.000000,14520.000000,14390.000000,14390.000000,11943.705078,8,0,0,0,0,0,0,0,0
2016-08-18,14460.000000,14460.000000,14150.000000,14250.000000,11827.505859,107,0,0,0,0,0,0,0,0
2016-08-19,14290.000000,14290.000000,13950.000000,13970.000000,11595.105469,180,0,0,0,0,0,0,0,0
2016-08-22,14100.000000,14300.000000,14100.000000,14130.000000,11727.906250,16,1,100000,0,0,0,0,0,0
2016-08-23,14200.000000,14200.000000,14200.000000,14200.000000,11786.004883,36,0,0,0,0,0,0,0,0
2016-08-24,14380.000000,14470.000000,14360.000000,14470.000000,12010.105469,75,0,0,0,0,0,0,0,0
2016-08-25,14470.000000,14470.000000,14440.000000,14450.000000,11993.505859,15,0,0,0,0,0,0,0,0
2016-08-26,14600.000000,14600.000000,14340.000000,14340.000000,11902.205078,23,0,0,0,0,0,0,0,0
2016-08-29,14600.000000,14600.000000,14600.000000,14600.000000,12118.004883,2,0,0,0,0,0,0,0,0
2016-08-30,14270.599609,14270.599609,14270.599609,14270.599609,11844.603516,0,0,0,0,0,0,0,0,0
2016-08-31,14210.000000,14210.000000,14210.000000,14210.000000,11794.304688,1,0,0,0,0,0,0,0,0
2016-09-01,14400.000000,14400.000000,14400.000000,14400.000000,11952.004883,1,0,0,0,0,0,0,0,0
2016-09-02,14600.000000,14600.000000,14540.000000,14550.000000,12076.504883,8,0,0,0,0,0,0,0,0
2016-09-05,14570.000000,14730.000000,14570.000000,14730.000000,12225.906250,6,0,0,0,0,0,0,0,0
2016-09-06,14790.000000,14790.000000,14690.000000,14690.000000,12192.704102,103,0,0,0,0,0,0,0,0
2016-09-07,14805.200195,14805.200195,14805.200195,14805.200195,12288.322266,0,0,0,0,0,0,0,0,0
2016-09-08,14680.000000,14680.000000,14680.000000,14680.000000,12184.406250,20,0,0,0,0,0,0,0,0
2016-09-09,14550.000000,14830.000000,14550.000000,14830.000000,12308.905273,810,0,0,0,0,0,0,0,0
2016-09-12,14632.500000,14632.500000,14632.500000,14632.500000,12144.980469,0,0,0,0,0,0,0,0,0
2016-09-13,14800.000000,14800.000000,14690.000000,14690.000000,12192.704102,79,0,0,0,0,0,0,0,0
2016-09-14,14636.099609,14636.099609,14636.099609,14636.099609,12147.966797,0,0,0,0,0,0,0,0,0
2016-09-15,14459.099609,14459.099609,14459.099609,14459.099609,12001.058594,0,0,0,0,0,0,0,0,0
2016-09-16,14688.799805,14688.799805,14688.799805,14688.799805,12191.709961,0,0,0,0,0,0,0,0,0
2016-09-20,14740.900391,14740.900391,14740.900391,14740.900391,12234.953125,0,0,0,0,0,0,0,0,0
2016-09-21,14690.000000,15030.000000,14690.000000,15030.000000,12474.906250,19,0,0,0,0,0,0,0,0
2016-09-23,15030.000000,15110.000000,15030.000000,15090.000000,12524.705078,5,0,0,0,0,0,0,0,0
2016-09-26,15080.000000,15080.000000,14920.000000,14920.000000,12383.605469,6,0,0,0,0,0,0,0,0
2016-09-27,14950.000000,14950.000000,14850.000000,14850.000000,12325.505859,2,0,0,0,0,0,0,0,0
2016-09-28,14934.799805,14934.799805,14934.799805,14934.799805,12395.889648,0,0,0,0,0,0,0,0,0
2016-09-29,14924.200195,14924.200195,14924.200195,14924.200195,12387.092773,0,0,0,0,0,0,0,0,0
2016-09-30,14719.599609,14719.599609,14719.599609,14719.599609,12217.272461,0,0,0,0,0,0,0,0,0
2016-10-03,14870.000000,14870.000000,14870.000000,14870.000000,12342.104492,1,0,0,0,0,0,0,0,0
2016-10-04,14980.000000,14980.000000,14870.000000,14870.000000,12342.104492,5,0,0,0,0,0,0,0,0
2016-10-05,14720.000000,14720.000000,14720.000000,14720.000000,12217.605469,1,0,0,0,0,0,0,0,0
2016-10-06,14845.900391,14845.900391,14845.900391,14845.900391,12322.102539,0,0,0,0,0,0,0,0,0
2016-10-07,14771.900391,14771.900391,14771.900391,14771.900391,12260.682617,0,0,0,0,0,0,0,0,0
2016-10-11,14833.200195,14833.200195,14833.200195,14833.200195,12311.561523,0,0,0,0,0,0,0,0,0
2016-10-12,14728.400391,14728.400391,14728.400391,14728.400391,12224.578125,0,0,0,0,0,0,0,0,0
2016-10-13,14651.799805,14651.799805,14651.799805,14651.799805,12160.999023,0,0,0,0,0,0,0,0,0
2016-10-14,14490.000000,14490.000000,14490.000000,14490.000000,12026.705078,2,0,0,0,0,0,0,0,0
2016-10-17,14660.000000,14660.000000,14660.000000,14660.000000,12167.805664,1,0,0,0,0,0,0,0,0
2016-10-18,14710.000000,14710.000000,14630.000000,14630.000000,12142.905273,6,0,0,0,0,0,0,0,0
2016-10-19,14730.500000,14730.500000,14730.500000,14730.500000,12226.319336,0,0,0,0,0,0,0,0,0
2016-10-20,14920.000000,14920.000000,14920.000000,14920.000000,12383.605469,1,0,0,0,0,0,0,0,0
2016-10-21,14916.700195,14916.700195,14916.700195,14916.700195,12380.867188,0,1,100000,0,0,0,0,0,0
2016-10-24,15019.500000,15019.500000,15019.500000,15019.500000,12466.190430,0,0,0,0,0,0,0,0,0
2016-10-25,14890.000000,14990.000000,14890.000000,14990.000000,12441.705078,86,0,0,0,0,0,0,0,0
2016-10-26,15030.000000,15030.000000,15030.000000,15030.000000,12474.906250,1,0,0,0,0,0,0,0,0
2016-10-27,15000.000000,15180.000000,15000.000000,15170.000000,12591.105469,10,0,0,0,0,0,0,0,0
2016-10-28,15100.000000,15230.000000,15100.000000,15230.000000,12640.905273,6,0,0,0,0,0,0,0,0
2016-10-31,15200.000000,15200.000000,15160.000000,15160.000000,12582.806641,8,0,0,0,0,0,0,0,0
2016-11-01,15180.000000,15180.000000,15180.000000,15180.000000,12599.405273,2,0,0,0,0,0,0,0,0
2016-11-02,15170.000000,15170.000000,14780.000000,14780.000000,12267.405273,21,0,0,0,0,0,0,0,0
2016-11-04,14690.000000,14690.000000,14690.000000,14690.000000,12192.704102,3,0,0,0,0,0,0,0,0
2016-11-07,14888.799805,14888.799805,14888.799805,14888.799805,12357.708984,0,0,0,0,0,0,0,0,0
2016-11-08,14815.900391,14815.900391,14815.900391,14815.900391,12297.205078,0,0,0,0,0,0,0,0,0
2016-11-09,14700.000000,14700.000000,14350.000000,14350.000000,11910.504883,73,0,0,0,0,0,0,0,0
2016-11-10,15005.099609,15005.099609,15005.099609,15005.099609,12454.239258,0,0,0,0,0,0,0,0,0
2016-11-11,14900.000000,14900.000000,14900.000000,14900.000000,12367.005859,68,0,0,0,0,0,0,0,0
2016-11-14,15100.000000,15250.000000,15100.000000,15250.000000,12657.505859,5,0,0,0,0,0,0,0,0
2016-11-15,15000.000000,15150.000000,15000.000000,15150.000000,12574.505859,6,0,0,0,0,0,0,0,0
2016-11-16,15314.799805,15314.799805,15314.799805,15314.799805,12711.288086,0,0,0,0,0,0,0,0,0
2016-11-17,15478.200195,15478.200195,15478.200195,15478.200195,12846.912109,0,0,0,0,0,0,0,0,0
2016-11-18,15500.000000,15630.000000,15500.000000,15560.000000,12914.805664,15,0,0,0,0,0,0,0,0
2016-11-21,15660.000000,15670.000000,15630.000000,15630.000000,12972.905273,9,0,0,0,0,0,0,0,0
2016-11-22,15690.000000,15690.000000,15690.000000,15690.000000,13022.706055,5,0,0,0,0,0,0,0,0
2016-11-24,15850.000000,15850.000000,15850.000000,15850.000000,13155.505859,1,0,0,0,0,0,0,0,0
2016-11-25,15770.000000,15850.000000,15770.000000,15850.000000,13155.505859,28,0,0,0,0,0,0,0,0
2016-11-28,15850.000000,15850.000000,15850.000000,15850.000000,13155.505859,1,0,0,0,0,0,0,0,0
2016-11-29,16021.900391,16021.900391,16021.900391,16021.900391,13298.182617,0,0,0,0,0,0,0,0,0
2016-11-30,15880.000000,15880.000000,15850.000000,15850.000000,13155.505859,20,0,0,0,0,0,0,0,0
2016-12-01,16000.000000,16000.000000,16000.000000,16000.000000,13280.006836,5,0,0,0,0,0,0,0,0
2016-12-02,15980.000000,15980.000000,15980.000000,15980.000000,13263.406250,13,0,0,0,0,0,0,0,0
2016-12-05,15670.000000,15670.000000,15570.000000,15570.000000,12923.105469,12,0,0,0,0,0,0,0,0
2016-12-06,15678.299805,15678.299805,15678.299805,15678.299805,13012.995117,0,0,0,0,0,0,0,0,0
2016-12-07,15780.000000,15780.000000,15620.000000,15620.000000,12964.605469,3,0,0,0,0,0,0,0,0
2016-12-08,15983.900391,15983.900391,15983.900391,15983.900391,13266.643555,0,0,0,0,0,0,0,0,0
2016-12-09,15820.000000,16160.000000,15820.000000,16160.000000,13412.806641,24,0,0,0,0,0,0,0,0
2016-12-12,16260.000000,16500.000000,16260.000000,16310.000000,13537.306641,33,0,0,0,0,0,0,0,0
2016-12-13,16330.000000,16480.000000,16330.000000,16480.000000,13678.405273,16,0,0,0,0,0,0,0,0
2016-12-14,16640.000000,16640.000000,16420.000000,16440.000000,13645.207031,54,0,0,0,0,0,0,0,0
2016-12-15,16470.000000,16630.000000,16390.000000,16630.000000,13802.908203,4,0,0,0,0,0,0,0,0
2016-12-16,16480.000000,16630.000000,16480.000000,16630.000000,13802.908203,13,0,0,0,0,0,0,0,0
2016-12-19,16570.000000,16680.000000,16570.000000,16680.000000,13844.406250,12,0,0,0,0,0,0,0,0
2016-12-20,16830.000000,16990.000000,16720.000000,16900.000000,14027.005859,43,0,0,0,0,0,0,0,0
2016-12-21,16900.000000,16960.000000,16900.000000,16900.000000,14027.005859,45,0,0,0,0,0,0,0,0
2016-12-22,16660.000000,16660.000000,16660.000000,16660.000000,13827.806641,1,0,0,0,0,0,0,0,0
2016-12-26,16580.000000,16860.000000,16580.000000,16860.000000,13993.805664,4,0,0,0,0,0,0,0,0
2016-12-27,16690.000000,16690.000000,16690.000000,16690.000000,13852.706055,20,0,0,0,0,0,0,0,0
2016-12-28,16640.000000,16640.000000,16640.000000,16640.000000,13811.206055,5,0,0,0,0,0,0,0,0
2016-12-29,16632.000000,16632.000000,16632.000000,16632.000000,13804.567383,0,0,0,0,0,0,0,0,0
2016-12-30,16600.000000,16600.000000,16600.000000,16600.000000,13778.006836,4,0,0,0,0,0,0,0,0
2017-01-04,16946.800781,16946.800781,16946.800781,16946.800781,14065.852539,0,0,0,0,0,0,0,0,0
2017-01-05,17000.000000,17000.000000,16850.000000,16850.000000,13985.506836,5,0,0,0,0,0,0,0,0
2017-01-06,16850.000000,16850.000000,16850.000000,16850.000000,13985.506836,10,0,0,0,0,0,0,0,0
2017-01-10,16820.000000,16840.000000,16820.000000,16840.000000,13977.206055,65,0,0,0,0,0,0,0,0
2017-01-11,16830.000000,16850.000000,16830.000000,16850.000000,13985.506836,20,0,0,0,0,0,0,0,0
2017-01-12,16848.699219,16848.699219,16848.699219,16848.699219,13984.427734,0,0,0,0,0,0,0,0,0
2017-01-13,16984.800781,16984.800781,16984.800781,16984.800781,14097.391602,0,0,0,0,0,0,0,0,0
2017-01-16,16810.000000,16810.000000,16800.000000,16800.000000,13944.006836,8,0,0,0,0,0,0,0,0
2017-01-17,16760.000000,16760.000000,16760.000000,16760.000000,13910.805664,5,0,0,0,0,0,0,0,0
2017-01-18,16700.000000,16700.000000,16580.000000,16580.000000,13761.405273,9,0,0,0,0,0,0,0,0
2017-01-19,16660.000000,16660.000000,16660.000000,16660.000000,13827.806641,1,0,0,0,0,0,0,0,0
2017-01-20,16839.599609,16839.599609,16839.599609,16839.599609,13976.875000,0,0,0,0,0,0,0,0,0
2017-01-23,16597.699219,16597.699219,16597.699219,16597.699219,13776.095703,0,0,0,0,0,0,0,0,0
2017-01-24,16497.300781,16497.300781,16497.300781,16497.300781,13692.765625,0,0,0,0,0,0,0,0,0
2017-01-25,16539.000000,16539.000000,16539.000000,16539.000000,13727.375977,0,0,0,0,0,0,0,0,0
2017-01-26,16570.000000,16570.000000,16570.000000,16570.000000,13753.106445,1,0,0,0,0,0,0,0,0
2017-01-27,16870.000000,16870.000000,16870.000000,16870.000000,14002.105469,2,0,0,0,0,0,0,0,0
2017-01-30,16780.099609,16780.099609,16780.099609,16780.099609,13927.490234,0,0,0,0,0,0,0,0,0
2017-01-31,16457.699219,16457.699219,16457.699219,16457.699219,13659.896484,0,0,0,0,0,0,0,0,0
2017-02-01,16537.199219,16537.199219,16537.199219,16537.199219,13725.880859,0,0,0,0,0,0,0,0,0
2017-02-02,16670.000000,16670.000000,16250.000000,16250.000000,13487.506836,3,0,0,0,0,0,0,0,0
2017-02-03,16130.099609,16130.099609,16130.099609,16130.099609,13387.989258,0,0,0,0,0,0,0,0,0
2017-02-06,16180.000000,16180.000000,15980.000000,15980.000000,13263.406250,8,0,0,0,0,0,0,0,0
2017-02-07,16000.000000,16000.000000,16000.000000,16000.000000,13280.006836,1,0,0,0,0,0,0,0,0
2017-02-08,16040.000000,16040.000000,16040.000000,16040.000000,13313.207031,1,0,0,0,0,0,0,0,0
2017-02-09,16040.000000,16040.000000,16040.000000,16040.000000,13313.207031,1,0,0,0,0,0,0,0,0
2017-02-10,16510.400391,16510.400391,16510.400391,16510.400391,13703.638672,0,0,0,0,0,0,0,0,0
2017-02-13,16600.000000,16600.000000,16600.000000,16600.000000,13778.006836,5,0,0,0,0,0,0,0,0
2017-02-14,16630.000000,16630.000000,16400.000000,16400.000000,13612.006836,14,0,0,0,0,0,0,0,0
2017-02-15,16370.000000,16370.000000,16370.000000,16370.000000,13587.106445,1,0,0,0,0,0,0,0,0
2017-02-16,16370.000000,16370.000000,16370.000000,16370.000000,13587.106445,4,0,0,0,0,0,0,0,0
2017-02-17,16364.599609,16364.599609,16364.599609,16364.599609,13582.624023,0,0,0,0,0,0,0,0,0
2017-02-20,16390.000000,16390.000000,16380.000000,16380.000000,13595.405273,21,0,0,0,0,0,0,0,0
2017-02-21,16519.199219,16519.199219,16519.199219,16519.199219,13710.943359,0,0,0,0,0,0,0,0,0
2017-02-22,16496.699219,16496.699219,16496.699219,16496.699219,13692.266602,0,0,0,0,0,0,0,0,0
2017-02-23,16380.000000,16380.000000,16380.000000,16380.000000,13595.405273,2,0,0,0,0,0,0,0,0
2017-02-24,16600.000000,16600.000000,16490.000000,16490.000000,13686.705078,3,0,0,0,0,0,0,0,0
2017-02-27,16455.300781,16455.300781,16455.300781,16455.300781,13657.906250,0,0,0,0,0,0,0,0,0
2017-02-28,16510.000000,16510.000000,16510.000000,16510.000000,13703.306641,20,0,0,0,0,0,0,0,0
2017-03-01,16620.500000,16620.500000,16620.500000,16620.500000,13795.020508,0,0,0,0,0,0,0,0,0
2017-03-02,16800.000000,16800.000000,16800.000000,16800.000000,13944.006836,1,0,0,0,0,0,0,0,0
2017-03-03,16560.000000,16560.000000,16560.000000,16560.000000,13744.805664,1,0,0,0,0,0,0,0,0
2017-03-06,16500.199219,16500.199219,16500.199219,16500.199219,13695.171875,0,0,0,0,0,0,0,0,0
2017-03-07,16579.900391,16579.900391,16579.900391,16579.900391,13761.323242,0,0,0,0,0,0,0,0,0
2017-03-08,16480.000000,16480.000000,16480.000000,16480.000000,13678.405273,11,0,0,0,0,0,0,0,0
2017-03-09,16495.400391,16495.400391,16495.400391,16495.400391,13691.188477,0,0,0,0,0,0,0,0,0
2017-03-10,16688.800781,16688.800781,16688.800781,16688.800781,13851.710938,0,0,0,0,0,0,0,0,0
2017-03-13,16826.300781,16826.300781,16826.300781,16826.300781,13965.836914,0,0,0,0,0,0,0,0,0
2017-03-14,16840.000000,16840.000000,16630.000000,16630.000000,13802.908203,2,0,0,0,0,0,0,0,0
2017-03-15,16739.699219,16739.699219,16739.699219,16739.699219,13893.957031,0,0,0,0,0,0,0,0,0
2017-03-16,16777.500000,16777.500000,16777.500000,16777.500000,13925.331055,0,0,0,0,0,0,0,0,0
2017-03-17,16638.699219,16638.699219,16638.699219,16638.699219,13810.126953,0,0,0,0,0,0,0,0,0
2017-03-21,16660.000000,16660.000000,16580.000000,16580.000000,13761.405273,2,0,0,0,0,0,0,0,0
2017-03-22,16400.000000,16400.000000,16250.000000,16250.000000,13487.506836,31,0,0,0,0,0,0,0,0
2017-03-23,16387.099609,16387.099609,16387.099609,16387.099609,13601.297852,0,0,0,0,0,0,0,0,0
2017-03-24,16537.599609,16537.599609,16537.599609,16537.599609,13726.214844,0,0,0,0,0,0,0,0,0
2017-03-27,16510.000000,16510.000000,16180.000000,16180.000000,13429.406250,3,0,0,0,0,0,0,0,0
2017-03-28,16510.300781,16510.300781,16510.300781,16510.300781,13703.555664,0,0,0,0,0,0,0,0,0
2017-03-29,16519.900391,16519.900391,16519.900391,16519.900391,13711.523438,0,0,0,0,0,0,0,0,0
2017-03-30,16550.000000,16550.000000,16550.000000,16550.000000,13736.505859,1,0,0,0,0,0,0,0,0
2017-03-31,16230.000000,16230.000000,16180.000000,16180.000000,13429.406250,5,0,0,0,0,0,0,0,0
2017-04-03,16180.000000,16180.000000,16180.000000,16180.000000,13429.406250,32,0,0,0,0,0,0,0,0
2017-04-04,16250.000000,16250.000000,16100.000000,16100.000000,13363.006836,6,0,0,0,0,0,0,0,0
2017-04-05,16100.000000,16100.000000,16100.000000,16100.000000,13363.006836,1,0,0,0,0,0,0,0,0
2017-04-06,15987.500000,15987.500000,15987.500000,15987.500000,13269.631836,0,0,0,0,0,0,0,0,0
2017-04-07,16097.200195,16097.200195,16097.200195,16097.200195,13360.681641,0,0,0,0,0,0,0,0,0
2017-04-10,16153.400391,16153.400391,16153.400391,16153.400391,13407.329102,0,0,0,0,0,0,0,0,0
2017-04-11,16183.200195,16183.200195,16183.200195,16183.200195,13432.062500,0,0,0,0,0,0,0,0,0
2017-04-12,16183.099609,16183.099609,16183.099609,16183.099609,13431.979492,0,0,0,0,0,0,0,0,0
2017-04-13,16071.200195,16071.200195,16071.200195,16071.200195,13339.102539,0,0,0,0,0,0,0,0,0
2017-04-14,15936.900391,15936.900391,15936.900391,15936.900391,13227.633789,0,0,0,0,0,0,0,0,0
2017-04-17,15770.000000,15770.000000,15770.000000,15770.000000,13089.106445,1,0,0,0,0,0,0,0,0
2017-04-18,16060.000000,16060.000000,16060.000000,16060.000000,13329.805664,31,0,0,0,0,0,0,0,0
2017-04-19,15960.000000,15960.000000,15960.000000,15960.000000,13246.806641,1,0,0,0,0,0,0,0,0
2017-04-20,15920.000000,15920.000000,15780.000000,15780.000000,13097.406250,5,0,0,0,0,0,0,0,0
2017-04-21,15986.000000,15986.000000,15986.000000,15986.000000,13268.386719,0,0,0,0,0,0,0,0,0
2017-04-24,16060.000000,16060.000000,16040.000000,16040.000000,13313.207031,10,0,0,0,0,0,0,0,0
2017-04-25,16250.000000,16360.000000,16250.000000,16360.000000,13578.806641,4,0,0,0,0,0,0,0,0
2017-04-26,16430.000000,16430.000000,16430.000000,16430.000000,13636.906250,3,0,0,0,0,0,0,0,0
2017-04-27,16498.099609,16498.099609,16498.099609,16498.099609,13693.428711,0,0,0,0,0,0,0,0,0
2017-04-28,16387.800781,16387.800781,16387.800781,16387.800781,13601.880859,0,0,0,0,0,0,0,0,0
2017-05-01,16369.799805,16369.799805,16369.799805,16369.799805,13586.940430,0,0,0,0,0,0,0,0,0
2017-05-02,16410.000000,16420.000000,16410.000000,16420.000000,13628.607422,2,0,0,0,0,0,0,0,0
2017-05-08,16600.000000,16790.000000,16600.000000,16790.000000,13935.706055,7,0,0,0,0,0,0,0,0
2017-05-09,16620.000000,16620.000000,16620.000000,16620.000000,13794.605469,2,0,0,0,0,0,0,0,0
2017-05-10,16660.000000,16660.000000,16660.000000,16660.000000,13827.806641,2,0,0,0,0,0,0,0,0
2017-05-11,16660.000000,16660.000000,16660.000000,16660.000000,13827.806641,1,0,0,0,0,0,0,0,0
2017-05-12,16500.000000,16540.000000,16460.000000,16530.000000,13719.906250,10,0,0,0,0,0,0,0,0
2017-05-15,16740.000000,16740.000000,16740.000000,16740.000000,13894.206055,2,0,0,0,0,0,0,0,0
2017-05-16,16803.099609,16803.099609,16803.099609,16803.099609,13946.579102,0,0,0,0,0,0,0,0,0
2017-05-17,16758.099609,16758.099609,16758.099609,16758.099609,13909.229492,0,0,0,0,0,0,0,0,0
2017-05-18,16670.000000,16670.000000,16670.000000,16670.000000,13836.106445,1,0,0,0,0,0,0,0,0
2017-05-19,16590.000000,16590.000000,16590.000000,16590.000000,13769.705078,1,0,0,0,0,0,0,0,0
2017-05-22,16780.000000,16780.000000,16780.000000,16780.000000,13927.405273,1,0,0,0,0,0,0,0,0
2017-05-23,16780.000000,16780.000000,16620.000000,16620.000000,13794.605469,2,0,0,0,0,0,0,0,0
2017-05-24,16865.599609,16865.599609,16865.599609,16865.599609,13998.454102,0,0,0,0,0,0,0,0,0
2017-05-25,16790.000000,16810.000000,16790.000000,16810.000000,13952.307617,18,0,0,0,0,0,0,0,0
2017-05-26,16878.300781,16878.300781,16878.300781,16878.300781,14008.997070,0,0,0,0,0,0,0,0,0
2017-05-29,16917.900391,16917.900391,16917.900391,16917.900391,14041.865234,0,0,0,0,0,0,0,0,0
2017-05-30,16900.500000,16900.500000,16900.500000,16900.500000,14027.420898,0,0,0,0,0,0,0,0,0
2017-05-31,16838.400391,16838.400391,16838.400391,16838.400391,13975.877930,0,0,0,0,0,0,0,0,0
2017-06-01,17040.000000,17040.000000,16960.000000,16960.000000,14076.806641,2,0,0,0,0,0,0,0,0
2017-06-02,17180.000000,17210.000000,17180.000000,17210.000000,14284.305664,13,0,0,0,0,0,0,0,0
2017-06-05,17170.000000,17200.000000,17170.000000,17200.000000,14276.005859,4,0,0,0,0,0,0,0,0
2017-06-06,17180.000000,17180.000000,17180.000000,17180.000000,14259.405273,5,0,0,0,0,0,0,0,0
2017-06-07,17201.000000,17201.000000,17201.000000,17201.000000,14276.837891,0,0,0,0,0,0,0,0,0
2017-06-08,17045.599609,17045.599609,17045.599609,17045.599609,14147.854492,0,0,0,0,0,0,0,0,0
2017-06-09,16925.800781,16925.800781,16925.800781,16925.800781,14048.421875,0,0,0,0,0,0,0,0,0
2017-06-12,16960.000000,16960.000000,16750.000000,16750.000000,13902.505859,15,0,0,0,0,0,0,0,0
2017-06-13,16900.000000,16900.000000,16880.000000,16880.000000,14010.405273,52,0,0,0,0,0,0,0,0
2017-06-14,17179.800781,17179.800781,17179.800781,17179.800781,14259.241211,0,0,0,0,0,0,0,0,0
2017-06-15,17295.199219,17295.199219,17295.199219,17295.199219,14355.022461,0,0,0,0,0,0,0,0,0
2017-06-16,17363.800781,17363.800781,17363.800781,17363.800781,14411.960938,0,0,0,0,0,0,0,0,0
2017-06-19,17330.000000,17330.000000,17330.000000,17330.000000,14383.908203,1,0,0,0,0,0,0,0,0
2017-06-20,17400.000000,17440.000000,17400.000000,17440.000000,14475.205078,5,0,0,0,0,0,0,0,0
2017-06-21,17340.000000,17340.000000,17340.000000,17340.000000,14392.206055,1,0,0,0,0,0,0,0,0
2017-06-22,17482.199219,17482.199219,17482.199219,17482.199219,14510.232422,0,0,0,0,0,0,0,0,0
2017-06-23,17290.000000,17290.000000,17290.000000,17290.000000,14350.705078,11,0,0,0,0,0,0,0,0
2017-06-26,17300.000000,17310.000000,17300.000000,17310.000000,14367.308594,3,0,0,0,0,0,0,0,0
2017-06-27,17310.000000,17310.000000,17310.000000,17310.000000,14367.308594,1,0,0,0,0,0,0,0,0
2017-06-28,17326.800781,17326.800781,17326.800781,17326.800781,14381.251953,0,0,0,0,0,0,0,0,0
2017-06-29,17407.900391,17407.900391,17407.900391,17407.900391,14448.564453,0,0,0,0,0,0,0,0,0
2017-06-30,17231.000000,17231.000000,17231.000000,17231.000000,14301.736328,0,0,0,0,0,0,0,0,0
2017-07-03,17316.400391,17316.400391,17316.400391,17316.400391,14372.619141,0,0,0,0,0,0,0,0,0
2017-07-04,17410.000000,17410.000000,17410.000000,17410.000000,14450.307617,1,0,0,0,0,0,0,0,0
2017-07-05,17182.800781,17182.800781,17182.800781,17182.800781,14261.730469,0,0,0,0,0,0,0,0,0
2017-07-06,17144.300781,17144.300781,17144.300781,17144.300781,14229.777344,0,1,700000,1,700000,0,0,0,0
2017-07-07,17009.300781,17009.300781,17009.300781,17009.300781,14117.726563,0,0,0,0,0,0,0,0,0
2017-07-10,17121.099609,17121.099609,17121.099609,17121.099609,14210.518555,0,0,0,0,0,0,0,0,0
2017-07-11,17222.199219,17222.199219,17222.199219,17222.199219,14294.430664,0,0,0,0,0,0,0,0,0
2017-07-12,16890.000000,16890.000000,16890.000000,16890.000000,14018.707031,1,0,0,0,0,0,0,0,0
2017-07-13,17061.000000,17061.000000,17061.000000,17061.000000,14160.636719,0,0,0,0,0,0,0,0,0
2017-07-14,17128.500000,17128.500000,17128.500000,17128.500000,14216.662109,0,0,0,0,0,0,0,0,0
2017-07-17,null,null,null,null,null,null,0,0,0,0,0,0,0,0
2017-07-18,16896.500000,16896.500000,16896.500000,16896.500000,14145.500000,0,0,0,0,0,0,0,0,0
2017-07-19,16930.000000,16930.000000,16930.000000,16930.000000,14173.544922,1,0,0,0,0,0,0,0,0
2017-07-20,16992.800781,16992.800781,16992.800781,16992.800781,14226.122070,0,0,0,0,0,0,0,0,0
2017-07-21,16848.400391,16848.400391,16848.400391,16848.400391,14105.232422,0,0,0,0,0,0,0,0,0
2017-07-24,16717.699219,16717.699219,16717.699219,16717.699219,13995.809570,0,0,0,0,0,0,0,0,0
2017-07-25,16550.000000,16550.000000,16550.000000,16550.000000,13855.415039,2,0,0,0,0,0,0,0,0
2017-07-26,16636.699219,16636.699219,16636.699219,16636.699219,13927.999023,0,0,0,0,0,0,0,0,0
2017-07-27,16670.000000,16670.000000,16670.000000,16670.000000,13955.878906,50,0,0,0,0,0,0,0,0
2017-07-28,16720.500000,16720.500000,16720.500000,16720.500000,13998.156250,0,0,0,0,0,0,0,0,0
2017-07-31,16710.300781,16710.300781,16710.300781,16710.300781,13989.616211,0,0,0,0,0,0,0,0,0
2017-08-01,16993.599609,16993.599609,16993.599609,16993.599609,14226.791016,0,0,0,0,0,0,0,0,0
2017-08-02,17070.000000,17070.000000,17070.000000,17070.000000,14290.750000,1,0,0,0,0,0,0,0,0
2017-08-03,16830.000000,16830.000000,16830.000000,16830.000000,14089.827148,1,0,0,0,0,0,0,0,0
2017-08-04,17059.599609,17059.599609,17059.599609,17059.599609,14282.044922,0,0,0,0,0,0,0,0,0
2017-08-07,16980.000000,16980.000000,16980.000000,16980.000000,14215.406250,1,1,2000,0,0,0,0,0,0
2017-08-08,16980.000000,16980.000000,16980.000000,16980.000000,14215.406250,0,0,0,0,0,0,0,0,0
2017-08-09,16980.000000,16980.000000,16980.000000,16980.000000,14215.406250,0,0,0,0,0,0,0,0,0
2017-08-10,16760.000000,16760.000000,16760.000000,16760.000000,14031.224609,1,0,0,0,0,0,0,0,0
2017-08-11,16760.000000,16760.000000,16760.000000,16760.000000,14031.224609,0,0,0,0,0,0,0,0,0
2017-08-14,16610.000000,16610.000000,16610.000000,16610.000000,13905.647461,15,0,0,0,0,0,0,0,0
2017-08-15,16710.000000,16710.000000,16710.000000,16710.000000,13989.366211,10,0,0,0,0,0,0,0,0
2017-08-16,16710.000000,16710.000000,16710.000000,16710.000000,13989.366211,0,0,0,0,0,0,0,0,0
2017-08-17,16710.000000,16710.000000,16710.000000,16710.000000,13989.366211,0,0,0,0,0,0,0,0,0
2017-08-18,16870.000000,16870.000000,16870.000000,16870.000000,14123.315430,1,0,0,0,0,0,0,0,0
2017-08-21,16870.000000,16870.000000,16870.000000,16870.000000,14123.315430,0,0,0,0,0,0,0,0,0
2017-08-22,16870.000000,16870.000000,16870.000000,16870.000000,14123.315430,0,0,0,0,0,0,0,0,0
2017-08-23,16870.000000,16870.000000,16870.000000,16870.000000,14123.315430,0,0,0,0,0,0,0,0,0
2017-08-24,16870.000000,16870.000000,16870.000000,16870.000000,14123.315430,0,0,0,0,0,0,0,0,0
2017-08-25,16870.000000,16870.000000,16870.000000,16870.000000,14123.315430,0,0,0,0,0,0,0,0,0
2017-08-28,16620.000000,16620.000000,16580.000000,16580.000000,13880.532227,27,0,0,0,0,0,0,0,0
2017-08-29,16640.000000,16640.000000,16640.000000,16640.000000,13930.761719,1,0,0,0,0,0,0,0,0
2017-08-30,16680.000000,16740.000000,16680.000000,16740.000000,14014.481445,8,0,0,0,0,0,0,0,0
2017-08-31,16770.000000,16770.000000,16760.000000,16760.000000,14031.224609,4,0,0,0,0,0,0,0,0
2017-09-01,16760.000000,16760.000000,16760.000000,16760.000000,14031.224609,0,0,0,0,0,0,0,0,0
2017-09-04,16980.000000,16980.000000,16680.000000,16680.000000,13964.250000,2,0,0,0,0,0,0,0,0
2017-09-05,16680.000000,16680.000000,16680.000000,16680.000000,13964.250000,1,0,0,0,0,0,0,0,0
2017-09-06,16680.000000,16680.000000,16680.000000,16680.000000,13964.250000,0,0,0,0,0,0,0,0,0
2017-09-07,16840.000000,16840.000000,16840.000000,16840.000000,14098.200195,1,0,0,0,0,0,0,0,0
2017-09-08,16840.000000,16840.000000,16840.000000,16840.000000,14098.200195,0,0,0,0,0,0,0,0,0
2017-09-11,16700.000000,16870.000000,16700.000000,16870.000000,14123.315430,6,0,0,0,0,0,0,0,0
2017-09-12,16870.000000,16870.000000,16870.000000,16870.000000,14123.315430,0,0,0,0,0,0,0,0,0
2017-09-13,16950.000000,16950.000000,16940.000000,16940.000000,14181.918945,2,0,0,0,0,0,0,0,0
2017-09-14,16910.000000,16910.000000,16910.000000,16910.000000,14156.802734,1,0,0,0,0,0,0,0,0
2017-09-15,16910.000000,16910.000000,16910.000000,16910.000000,14156.802734,0,0,0,0,0,0,0,0,0
2017-09-18,16910.000000,16910.000000,16910.000000,16910.000000,14156.802734,0,1,500000,1,500000,0,0,0,0
2017-09-19,17030.000000,17030.000000,17030.000000,17030.000000,14257.264648,5,0,0,0,0,0,0,0,0
2017-09-20,17120.000000,17120.000000,17070.000000,17070.000000,14290.750000,4,0,0,0,0,0,0,0,0
2017-09-21,17200.000000,17200.000000,17200.000000,17200.000000,14399.586914,5,0,0,0,0,0,0,0,0
2017-09-22,17290.000000,17290.000000,17290.000000,17290.000000,14474.932617,10,0,0,0,0,0,0,0,0
2017-09-25,17290.000000,17290.000000,17290.000000,17290.000000,14474.932617,0,0,0,0,0,0,0,0,0
2017-09-26,17220.000000,17380.000000,17220.000000,17380.000000,14550.279297,17,0,0,0,0,0,0,0,0
2017-09-27,17380.000000,17380.000000,17380.000000,17380.000000,14550.279297,0,0,0,0,0,0,0,0,0
2017-09-28,17380.000000,17380.000000,17380.000000,17380.000000,14550.279297,0,0,0,0,0,0,0,0,0
2017-09-29,17280.000000,17360.000000,17280.000000,17360.000000,14533.535156,4,0,0,0,0,0,0,0,0
2017-10-02,17340.000000,17340.000000,17150.000000,17310.000000,14491.674805,14,0,0,0,0,0,0,0,0
2017-10-03,17320.000000,17320.000000,17320.000000,17320.000000,14500.047852,1,0,0,0,0,0,0,0,0
2017-10-04,17210.000000,17210.000000,17160.000000,17160.000000,14366.097656,7,0,0,0,0,0,0,0,0
2017-10-05,17090.000000,17090.000000,17090.000000,17090.000000,14307.495117,1,0,0,0,0,0,0,0,0
2017-10-06,17090.000000,17090.000000,17090.000000,17090.000000,14307.495117,5,0,0,0,0,0,0,0,0
2017-10-09,17090.000000,17090.000000,17090.000000,17090.000000,14307.495117,0,0,0,0,0,0,0,0,0
2017-10-10,17060.000000,17110.000000,17060.000000,17110.000000,14324.238281,38,0,0,0,0,0,0,0,0
2017-10-11,17110.000000,17200.000000,17110.000000,17200.000000,14399.586914,9,0,0,0,0,0,0,0,0
2017-10-12,17240.000000,17400.000000,17240.000000,17400.000000,14567.022461,50,0,0,0,0,0,0,0,0
2017-10-13,17370.000000,17590.000000,17370.000000,17570.000000,14709.344727,31,0,0,0,0,0,0,0,0
2017-10-16,17700.000000,17800.000000,17700.000000,17800.000000,14901.896484,18,0,0,0,0,0,0,0,0
2017-10-17,17950.000000,17950.000000,17720.000000,17720.000000,14834.922852,11,0,0,0,0,0,0,0,0
2017-10-18,17720.000000,17720.000000,17720.000000,17720.000000,14834.922852,0,0,0,0,0,0,0,0,0
2017-10-19,17720.000000,17720.000000,17720.000000,17720.000000,14834.922852,0,0,0,0,0,0,0,0,0
2017-10-20,17950.000000,17950.000000,17950.000000,17950.000000,15027.475586,10,0,0,0,0,0,0,0,0
2017-10-23,17950.000000,17950.000000,17950.000000,17950.000000,15027.475586,0,1,1000000,1,1000000,0,0,0,0
2017-10-24,17860.000000,17950.000000,17860.000000,17950.000000,15027.475586,8,0,0,0,0,0,0,0,0
2017-10-25,17950.000000,17950.000000,17950.000000,17950.000000,15027.475586,0,0,0,0,0,0,0,0,0
2017-10-26,17980.000000,17980.000000,17980.000000,17980.000000,15052.591797,1,0,0,0,0,0,0,0,0
2017-10-27,17980.000000,17980.000000,17980.000000,17980.000000,15052.591797,0,0,0,0,0,0,0,0,0
2017-10-30,17980.000000,17980.000000,17980.000000,17980.000000,15052.591797,0,0,0,0,0,0,0,0,0
2017-10-31,17980.000000,17980.000000,17980.000000,17980.000000,15052.591797,0,0,0,0,0,0,0,0,0
2017-11-01,17980.000000,17980.000000,17980.000000,17980.000000,15052.591797,0,0,0,0,0,0,0,0,0
2017-11-02,17980.000000,17980.000000,17980.000000,17980.000000,15052.591797,0,0,0,0,0,0,0,0,0
2017-11-03,17980.000000,17980.000000,17980.000000,17980.000000,15052.591797,0,0,0,0,0,0,0,0,0
2017-11-06,18170.000000,18290.000000,18170.000000,18290.000000,15312.117188,28,0,0,0,0,0,0,0,0
2017-11-07,18290.000000,18290.000000,18290.000000,18290.000000,15312.117188,0,0,0,0,0,0,0,0,0
2017-11-08,18380.000000,18430.000000,18380.000000,18430.000000,15429.323242,32,0,0,0,0,0,0,0,0
2017-11-09,18340.000000,18340.000000,18340.000000,18340.000000,15353.977539,1,0,0,0,0,0,0,0,0
2017-11-10,18340.000000,18340.000000,18340.000000,18340.000000,15353.977539,0,0,0,0,0,0,0,0,0
2017-11-13,18000.000000,18000.000000,17740.000000,17870.000000,14960.500977,12,0,0,0,0,0,0,0,0
2017-11-14,17870.000000,17870.000000,17870.000000,17870.000000,14960.500977,0,0,0,0,0,0,0,0,0
2017-11-15,17560.000000,17560.000000,17560.000000,17560.000000,14700.971680,22,0,0,0,0,0,0,0,0
2017-11-16,17560.000000,17560.000000,17560.000000,17560.000000,14700.971680,0,0,0,0,0,0,0,0,0
2017-11-17,17560.000000,17560.000000,17560.000000,17560.000000,14700.971680,0,0,0,0,0,0,0,0,0
2017-11-20,17560.000000,17560.000000,17560.000000,17560.000000,14700.971680,0,0,0,0,0,0,0,0,0
2017-11-21,17650.000000,17680.000000,17650.000000,17680.000000,14801.434570,20,0,0,0,0,0,0,0,0
2017-11-22,17680.000000,17680.000000,17680.000000,17680.000000,14801.434570,0,0,0,0,0,0,0,0,0
2017-11-23,17680.000000,17680.000000,17680.000000,17680.000000,14801.434570,0,0,0,0,0,0,0,0,0
2017-11-24,17680.000000,17680.000000,17680.000000,17680.000000,14801.434570,0,0,0,0,0,0,0,0,0
2017-11-27,16550.000000,17750.000000,16550.000000,17750.000000,14860.039063,13,0,0,0,0,0,0,0,0
2017-11-28,17750.000000,17750.000000,17750.000000,17750.000000,14860.039063,0,0,0,0,0,0,0,0,0
2017-11-29,17890.000000,18040.000000,17890.000000,18040.000000,15102.822266,12,0,0,0,0,0,0,0,0
2017-11-30,18040.000000,18040.000000,18040.000000,18040.000000,15102.822266,0,0,0,0,0,0,0,0,0
2017-12-01,18040.000000,18040.000000,18040.000000,18040.000000,15102.822266,0,0,0,0,0,0,0,0,0
2017-12-04,18300.000000,18300.000000,18300.000000,18300.000000,15320.490234,10,0,0,0,0,0,0,0,0
2017-12-05,18280.000000,18280.000000,18280.000000,18280.000000,15303.747070,1,0,0,0,0,0,0,0,0
2017-12-06,18280.000000,18280.000000,18280.000000,18280.000000,15303.747070,0,0,0,0,0,0,0,0,0
2017-12-07,18500.000000,18600.000000,18500.000000,18600.000000,15571.646484,31,0,0,0,0,0,0,0,0
2017-12-08,18600.000000,18600.000000,18600.000000,18600.000000,15571.646484,0,0,0,0,0,0,0,0,0
2017-12-11,18600.000000,18600.000000,18600.000000,18600.000000,15571.646484,0,0,0,0,0,0,0,0,0
2017-12-12,18710.000000,18870.000000,18710.000000,18870.000000,15797.685547,12,0,0,0,0,0,0,0,0
2017-12-13,18740.000000,18740.000000,18740.000000,18740.000000,15688.853516,2,0,0,0,0,0,0,0,0
2017-12-14,18740.000000,18740.000000,18740.000000,18740.000000,15688.853516,0,0,0,0,0,0,0,0,0
2017-12-15,18740.000000,18740.000000,18740.000000,18740.000000,15688.853516,0,0,0,0,0,0,0,0,0
2017-12-18,18740.000000,18740.000000,18740.000000,18740.000000,15688.853516,5,0,0,0,0,0,0,0,0
2017-12-19,18740.000000,18740.000000,18740.000000,18740.000000,15688.853516,0,0,0,0,0,0,0,0,0
2017-12-20,18740.000000,18740.000000,18740.000000,18740.000000,15688.853516,0,0,0,0,0,0,0,0,0
2017-12-21,18460.000000,18460.000000,18460.000000,18460.000000,15454.438477,5,0,0,0,0,0,0,0,0
2017-12-22,18460.000000,18460.000000,18460.000000,18460.000000,15454.438477,0,0,0,0,0,0,0,0,0
2017-12-25,18550.000000,18700.000000,18550.000000,18700.000000,15655.365234,2,0,0,0,0,0,0,0,0
2017-12-26,18700.000000,18700.000000,18700.000000,18700.000000,15655.365234,1,0,0,0,0,0,0,0,0
2017-12-27,18760.000000,18760.000000,18760.000000,18760.000000,15705.595703,10,0,0,0,0,0,0,0,0
2017-12-28,18760.000000,18760.000000,18760.000000,18760.000000,15705.595703,0,0,0,0,0,0,0,0,0
2017-12-29,18560.000000,18560.000000,18560.000000,18560.000000,15538.159180,2,0,0,0,0,0,0,0,0
2018-01-01,18560.000000,18560.000000,18560.000000,18560.000000,15538.159180,0,0,0,0,0,0,0,0,0
2018-01-02,18560.000000,18560.000000,18560.000000,18560.000000,15538.159180,0,0,0,0,0,0,0,0,0
2018-01-03,18560.000000,18560.000000,18560.000000,18560.000000,15538.159180,0,0,0,0,0,0,0,0,0
2018-01-04,18840.000000,18870.000000,18740.000000,18750.000000,15697.222656,13,0,0,0,0,0,0,0,0
2018-01-05,18750.000000,18750.000000,18750.000000,18750.000000,15697.222656,0,0,0,0,0,0,0,0,0
2018-01-08,18750.000000,18750.000000,18750.000000,18750.000000,15697.222656,0,0,0,0,0,0,0,0,0
2018-01-09,19110.000000,19180.000000,18990.000000,18990.000000,15898.147461,7,0,0,0,0,0,0,0,0
2018-01-10,18990.000000,18990.000000,18990.000000,18990.000000,15898.147461,0,0,0,0,0,0,0,0,0
2018-01-11,18990.000000,18990.000000,18990.000000,18990.000000,15898.147461,0,0,0,0,0,0,0,0,0
2018-01-12,19090.000000,19090.000000,19090.000000,19090.000000,15981.866211,1,0,0,0,0,0,0,0,0
2018-01-15,19150.000000,19150.000000,19000.000000,19000.000000,15906.519531,3,0,0,0,0,0,0,0,0
2018-01-16,19040.000000,19040.000000,19030.000000,19030.000000,15931.637695,4,0,0,0,0,0,0,0,0
2018-01-17,19030.000000,19030.000000,19030.000000,19030.000000,15931.637695,0,0,0,0,0,0,0,0,0
2018-01-18,19190.000000,19190.000000,18940.000000,18940.000000,15856.288086,42,0,0,0,0,0,0,0,0
2018-01-19,18900.000000,18900.000000,18900.000000,18900.000000,15822.799805,1,0,0,0,0,0,0,0,0
2018-01-22,18970.000000,18970.000000,18940.000000,18940.000000,15856.288086,2,0,0,0,0,0,0,0,0
2018-01-23,18940.000000,18940.000000,18940.000000,18940.000000,15856.288086,0,0,0,0,0,0,0,0,0
2018-01-24,18940.000000,18940.000000,18940.000000,18940.000000,15856.288086,0,0,0,0,0,0,0,0,0
2018-01-25,18960.000000,19050.000000,18960.000000,19050.000000,15948.378906,2,0,0,0,0,0,0,0,0
2018-01-26,19190.000000,19190.000000,18960.000000,19120.000000,16006.983398,8,0,0,0,0,0,0,0,0
2018-01-29,19120.000000,19120.000000,19120.000000,19120.000000,16006.983398,0,0,0,0,0,0,0,0,0
2018-01-30,18860.000000,18860.000000,18800.000000,18800.000000,15739.083008,12,0,0,0,0,0,0,0,0
2018-01-31,18710.000000,18710.000000,18710.000000,18710.000000,15663.736328,2,0,0,0,0,0,0,0,0
2018-02-01,18710.000000,18710.000000,18710.000000,18710.000000,15663.736328,0,0,0,0,0,0,0,0,0
2018-02-02,18710.000000,18710.000000,18710.000000,18710.000000,15663.736328,0,0,0,0,0,0,0,0,0
2018-02-05,18080.000000,18080.000000,17550.000000,17730.000000,14843.295898,41,0,0,0,0,0,0,0,0
2018-02-06,17730.000000,18140.000000,17730.000000,18140.000000,15186.539063,4,0,0,0,0,0,0,0,0
2018-02-07,17950.000000,17950.000000,17950.000000,17950.000000,15027.475586,1,0,0,0,0,0,0,0,0
2018-02-08,17660.000000,17660.000000,17550.000000,17550.000000,14692.602539,7,0,0,0,0,0,0,0,0
2018-02-09,17550.000000,17550.000000,17550.000000,17550.000000,14692.602539,0,0,0,0,0,0,0,0,0
2018-02-12,17550.000000,17550.000000,17550.000000,17550.000000,14692.602539,0,0,0,0,0,0,0,0,0
2018-02-13,17200.000000,17200.000000,17200.000000,17200.000000,14399.586914,1,0,0,0,0,0,0,0,0
2018-02-14,17200.000000,17200.000000,17200.000000,17200.000000,14399.586914,0,0,0,0,0,0,0,0,0
2018-02-15,17210.000000,17240.000000,17210.000000,17240.000000,14433.075195,2,0,0,0,0,0,0,0,0
2018-02-16,17240.000000,17240.000000,17240.000000,17240.000000,14433.075195,0,0,0,0,0,0,0,0,0
2018-02-19,17240.000000,17240.000000,17240.000000,17240.000000,14433.075195,0,0,0,0,0,0,0,0,0
2018-02-20,17240.000000,17240.000000,17240.000000,17240.000000,14433.075195,0,0,0,0,0,0,0,0,0
2018-02-21,17240.000000,17240.000000,17240.000000,17240.000000,14433.075195,0,0,0,0,0,0,0,0,0
2018-02-22,17240.000000,17240.000000,17240.000000,17240.000000,14433.075195,0,0,0,0,0,0,0,0,0
2018-02-23,17240.000000,17240.000000,17240.000000,17240.000000,14433.075195,0,0,0,0,0,0,0,0,0
2018-02-26,17240.000000,17240.000000,17240.000000,17240.000000,14433.075195,0,0,0,0,0,0,0,0,0
2018-02-27,17650.000000,17650.000000,17650.000000,17650.000000,14776.319336,1,0,0,0,0,0,0,0,0
2018-02-28,17650.000000,17650.000000,17650.000000,17650.000000,14776.319336,0,0,0,0,0,0,0,0,0
2018-03-01,17650.000000,17650.000000,17650.000000,17650.000000,14776.319336,0,0,0,0,0,0,0,0,0
2018-03-02,17650.000000,17650.000000,17650.000000,17650.000000,14776.319336,0,0,0,0,0,0,0,0,0
2018-03-05,17650.000000,17650.000000,17650.000000,17650.000000,14776.319336,0,0,0,0,0,0,0,0,0
2018-03-06,17100.000000,17100.000000,17100.000000,17100.000000,14315.867188,2,0,0,0,0,0,0,0,0
2018-03-07,17100.000000,17100.000000,17100.000000,17100.000000,14315.867188,0,0,0,0,0,0,0,0,0
2018-03-08,17100.000000,17100.000000,17100.000000,17100.000000,14315.867188,0,0,0,0,0,0,0,0,0
2018-03-09,17100.000000,17100.000000,17100.000000,17100.000000,14315.867188,0,0,0,0,0,0,0,0,0
2018-03-12,17100.000000,17100.000000,17100.000000,17100.000000,14315.867188,0,0,0,0,0,0,0,0,0
2018-03-13,17100.000000,17100.000000,17100.000000,17100.000000,14315.867188,0,0,0,0,0,0,0,0,0
2018-03-14,17100.000000,17100.000000,17100.000000,17100.000000,14315.867188,0,0,0,0,0,0,0,0,0
2018-03-15,17100.000000,17100.000000,17100.000000,17100.000000,14315.867188,0,0,0,0,0,0,0,0,0
2018-03-16,17100.000000,17100.000000,17100.000000,17100.000000,14315.867188,0,0,0,0,0,0,0,0,0
2018-03-19,17100.000000,17100.000000,17100.000000,17100.000000,14315.867188,0,0,0,0,0,0,0,0,0
2018-03-20,17100.000000,17100.000000,17100.000000,17100.000000,14315.867188,0,0,0,0,0,0,0,0,0
2018-03-21,17100.000000,17100.000000,17100.000000,17100.000000,14315.867188,0,0,0,0,0,0,0,0,0
2018-03-22,17100.000000,17100.000000,17100.000000,17100.000000,14315.867188,0,0,0,0,0,0,0,0,0
2018-03-23,17100.000000,17100.000000,17100.000000,17100.000000,14315.867188,0,0,0,0,0,0,0,0,0
2018-03-26,17100.000000,17100.000000,17100.000000,17100.000000,14315.867188,0,0,0,0,0,0,0,0,0
2018-03-27,17100.000000,17100.000000,17100.000000,17100.000000,14315.867188,0,0,0,0,0,0,0,0,0
2018-03-28,17100.000000,17100.000000,17100.000000,17100.000000,14315.867188,0,0,0,0,0,0,0,0,0
2018-03-29,17100.000000,17100.000000,17100.000000,17100.000000,14315.867188,0,0,0,0,0,0,0,0,0
2018-03-30,17100.000000,17100.000000,17100.000000,17100.000000,14315.867188,0,0,0,0,0,0,0,0,0
2018-04-02,17100.000000,17100.000000,17100.000000,17100.000000,14315.867188,0,0,0,0,0,0,0,0,0
2018-04-03,17100.000000,17100.000000,17100.000000,17100.000000,14315.867188,0,0,0,0,0,0,0,0,0
2018-04-04,17100.000000,17100.000000,17100.000000,17100.000000,14315.867188,0,0,0,0,0,0,0,0,0
2018-04-05,17100.000000,17100.000000,17100.000000,17100.000000,14315.867188,0,0,0,0,0,0,0,0,0
2018-04-06,17100.000000,17100.000000,17100.000000,17100.000000,14315.867188,0,0,0,0,0,0,0,0,0
2018-04-09,17100.000000,17100.000000,17100.000000,17100.000000,14315.867188,0,0,0,0,0,0,0,0,0
2018-04-10,17100.000000,17100.000000,17100.000000,17100.000000,14315.867188,0,0,0,0,0,0,0,0,0
2018-04-11,17100.000000,17100.000000,17100.000000,17100.000000,14315.867188,0,0,0,0,0,0,0,0,0
2018-04-12,17100.000000,17100.000000,17100.000000,17100.000000,14315.867188,0,0,0,0,0,0,0,0,0
2018-04-13,17100.000000,17100.000000,17100.000000,17100.000000,14315.867188,0,0,0,0,0,0,0,0,0
2018-04-16,17520.000000,17760.000000,17520.000000,17760.000000,14868.411133,20,0,0,0,0,0,0,0,0
2018-04-17,17760.000000,17760.000000,17760.000000,17760.000000,14868.411133,0,0,0,0,0,0,0,0,0
2018-04-18,17760.000000,17760.000000,17760.000000,17760.000000,14868.411133,0,0,0,0,0,0,0,0,0
2018-04-19,17760.000000,17760.000000,17760.000000,17760.000000,14868.411133,0,0,0,0,0,0,0,0,0
2018-04-20,17760.000000,17760.000000,17760.000000,17760.000000,14868.411133,0,0,0,0,0,0,0,0,0
2018-04-23,17760.000000,17760.000000,17760.000000,17760.000000,14868.411133,0,0,0,0,0,0,0,0,0
2018-04-24,17760.000000,17760.000000,17760.000000,17760.000000,14868.411133,0,0,0,0,0,0,0,0,0
2018-04-25,17760.000000,17760.000000,17760.000000,17760.000000,14868.411133,0,0,0,0,0,0,0,0,0
2018-04-26,17760.000000,17760.000000,17760.000000,17760.000000,14868.411133,0,0,0,0,0,0,0,0,0
2018-04-27,17760.000000,17760.000000,17760.000000,17760.000000,14868.411133,0,0,0,0,0,0,0,0,0
2018-04-30,17760.000000,17760.000000,17760.000000,17760.000000,14868.411133,0,0,0,0,0,0,0,0,0
2018-05-01,17760.000000,17760.000000,17760.000000,17760.000000,14868.411133,0,0,0,0,0,0,0,0,0
2018-05-02,17760.000000,17760.000000,17760.000000,17760.000000,14868.411133,0,0,0,0,0,0,0,0,0
2018-05-03,17760.000000,17760.000000,17760.000000,17760.000000,14868.411133,0,0,0,0,0,0,0,0,0
2018-05-04,17760.000000,17760.000000,17760.000000,17760.000000,14868.411133,0,0,0,0,0,0,0,0,0
2018-05-07,17760.000000,17760.000000,17760.000000,17760.000000,14868.411133,0,0,0,0,0,0,0,0,0
2018-05-08,17760.000000,17760.000000,17760.000000,17760.000000,14868.411133,0,0,0,0,0,0,0,0,0
2018-05-09,18220.000000,18220.000000,18220.000000,18220.000000,15253.515625,20,0,0,0,0,0,0,0,0
2018-05-10,18220.000000,18220.000000,18220.000000,18220.000000,15253.515625,0,0,0,0,0,0,0,0,0
2018-05-11,18220.000000,18220.000000,18220.000000,18220.000000,15253.515625,0,0,0,0,0,0,0,0,0
2018-05-14,18220.000000,18220.000000,18220.000000,18220.000000,15253.515625,0,0,0,0,0,0,0,0,0
2018-05-15,18220.000000,18220.000000,18220.000000,18220.000000,15253.515625,0,0,0,0,0,0,0,0,0
2018-05-16,18220.000000,18220.000000,18220.000000,18220.000000,15253.515625,0,0,0,0,0,0,0,0,0
2018-05-17,18220.000000,18220.000000,18220.000000,18220.000000,15253.515625,0,0,0,0,0,0,0,0,0
2018-05-18,18220.000000,18220.000000,18220.000000,18220.000000,15253.515625,0,0,0,0,0,0,0,0,0
2018-05-21,18220.000000,18220.000000,18220.000000,18220.000000,15253.515625,0,0,0,0,0,0,0,0,0
2018-05-22,18220.000000,18220.000000,18220.000000,18220.000000,15253.515625,0,0,0,0,0,0,0,0,0
2018-05-23,18220.000000,18220.000000,18220.000000,18220.000000,15253.515625,0,0,0,0,0,0,0,0,0
2018-05-24,18220.000000,18220.000000,18220.000000,18220.000000,15253.515625,0,0,0,0,0,0,0,0,0
2018-05-25,18220.000000,18220.000000,18220.000000,18220.000000,15253.515625,0,0,0,0,0,0,0,0,0
2018-05-28,18220.000000,18220.000000,18220.000000,18220.000000,15253.515625,0,0,0,0,0,0,0,0,0
2018-05-29,18220.000000,18220.000000,18220.000000,18220.000000,15253.515625,0,0,0,0,0,0,0,0,0
2018-05-30,18220.000000,18220.000000,18220.000000,18220.000000,15253.515625,0,0,0,0,0,0,0,0,0
2018-05-31,18220.000000,18220.000000,18220.000000,18220.000000,15253.515625,0,0,0,0,0,0,0,0,0
2018-06-01,18220.000000,18220.000000,18220.000000,18220.000000,15253.515625,0,0,0,0,0,0,0,0,0
2018-06-04,18220.000000,18220.000000,18220.000000,18220.000000,15253.515625,0,0,0,0,0,0,0,0,0
2018-06-05,18220.000000,18220.000000,18220.000000,18220.000000,15253.515625,0,0,0,0,0,0,0,0,0
2018-06-06,18220.000000,18220.000000,18220.000000,18220.000000,15253.515625,0,0,0,0,0,0,0,0,0
2018-06-07,18220.000000,18220.000000,18220.000000,18220.000000,15253.515625,0,0,0,0,0,0,0,0,0
2018-06-08,18220.000000,18220.000000,18220.000000,18220.000000,15253.515625,0,0,0,0,0,0,0,0,0
2018-06-11,18220.000000,18220.000000,18220.000000,18220.000000,15253.515625,0,0,0,0,0,0,0,0,0
2018-06-12,18220.000000,18220.000000,18220.000000,18220.000000,15253.515625,0,0,0,0,0,0,0,0,0
2018-06-13,18220.000000,18220.000000,18220.000000,18220.000000,15253.515625,0,0,0,0,0,0,0,0,0
2018-06-14,18220.000000,18220.000000,18220.000000,18220.000000,15253.515625,0,0,0,0,0,0,0,0,0
2018-06-15,19740.000000,19740.000000,19670.000000,19670.000000,16467.433594,26,0,0,0,0,0,0,0,0
2018-06-18,19670.000000,19670.000000,19670.000000,19670.000000,16467.433594,0,1,3250000,1,3250000,1,3250000,0,0
2018-06-19,19670.000000,19670.000000,19670.000000,19670.000000,16467.433594,0,0,0,0,0,0,0,0,0
2018-06-20,19670.000000,19670.000000,19670.000000,19670.000000,16467.433594,0,0,0,0,0,0,0,0,0
2018-06-21,19670.000000,19670.000000,19670.000000,19670.000000,16467.433594,0,0,0,0,0,0,0,0,0
2018-06-22,19670.000000,19670.000000,19670.000000,19670.000000,16467.433594,0,0,0,0,0,0,0,0,0
2018-06-25,19670.000000,19670.000000,19670.000000,19670.000000,16467.433594,0,0,0,0,0,0,0,0,0
2018-06-26,19670.000000,19670.000000,19670.000000,19670.000000,16467.433594,0,0,0,0,0,0,0,0,0
2018-06-27,19670.000000,19670.000000,19670.000000,19670.000000,16467.433594,0,0,0,0,0,0,0,0,0
2018-06-28,19670.000000,19670.000000,19670.000000,19670.000000,16467.433594,0,0,0,0,0,0,0,0,0
2018-06-29,19670.000000,19670.000000,19670.000000,19670.000000,16467.433594,0,1,9500000,1,9500000,1,9500000,1,9500000
2018-07-02,19670.000000,19670.000000,19670.000000,19670.000000,16467.433594,0,0,0,0,0,0,0,0,0
2018-07-03,18000.000000,18000.000000,18000.000000,18000.000000,15069.334961,5,0,0,0,0,0,0,0,0
2018-07-04,18000.000000,18000.000000,18000.000000,18000.000000,15069.334961,0,0,0,0,0,0,0,0,0
2018-07-05,18000.000000,18000.000000,18000.000000,18000.000000,15069.334961,0,0,0,0,0,0,0,0,0
2018-07-06,18000.000000,18000.000000,18000.000000,18000.000000,15069.334961,0,0,0,0,0,0,0,0,0
2018-07-09,18000.000000,18000.000000,18000.000000,18000.000000,15069.334961,0,0,0,0,0,0,0,0,0
2018-07-10,18140.000000,18140.000000,17940.000000,17940.000000,15019.102539,9,0,0,0,0,0,0,0,0
2018-07-11,17940.000000,17940.000000,17940.000000,17940.000000,15019.102539,0,0,0,0,0,0,0,0,0
2018-07-12,17940.000000,17940.000000,17940.000000,17940.000000,15019.102539,0,0,0,0,0,0,0,0,0
2018-07-13,17940.000000,17940.000000,17940.000000,17940.000000,15019.102539,0,0,0,0,0,0,0,0,0
2018-07-16,17940.000000,17940.000000,17940.000000,17940.000000,15161.079102,0,0,0,0,0,0,0,0,0
2018-07-17,17940.000000,17940.000000,17940.000000,17940.000000,15161.079102,0,0,0,0,0,0,0,0,0
2018-07-18,17940.000000,17940.000000,17940.000000,17940.000000,15161.079102,0,0,0,0,0,0,0,0,0
2018-07-19,17940.000000,17940.000000,17940.000000,17940.000000,15161.079102,0,0,0,0,0,0,0,0,0
2018-07-20,17940.000000,17940.000000,17940.000000,17940.000000,15161.079102,0,0,0,0,0,0,0,0,0
2018-07-23,17940.000000,17940.000000,17940.000000,17940.000000,15161.079102,0,0,0,0,0,0,0,0,0
2018-07-24,17940.000000,17940.000000,17940.000000,17940.000000,15161.079102,0,0,0,0,0,0,0,0,0
2018-07-25,17940.000000,17940.000000,17940.000000,17940.000000,15161.079102,0,0,0,0,0,0,0,0,0
2018-07-26,17940.000000,17940.000000,17940.000000,17940.000000,15161.079102,0,0,0,0,0,0,0,0,0
2018-07-27,17940.000000,17940.000000,17940.000000,17940.000000,15161.079102,0,0,0,0,0,0,0,0,0
2018-07-30,17940.000000,17940.000000,17940.000000,17940.000000,15161.079102,0,0,0,0,0,0,0,0,0
2018-07-31,18500.000000,18500.000000,18420.000000,18470.000000,15608.981445,56,0,0,0,0,0,0,0,0
2018-08-01,18470.000000,18470.000000,18470.000000,18470.000000,15608.981445,0,0,0,0,0,0,0,0,0
2018-08-02,18470.000000,18470.000000,18470.000000,18470.000000,15608.981445,0,0,0,0,0,0,0,0,0
2018-08-03,18470.000000,18470.000000,18470.000000,18470.000000,15608.981445,0,0,0,0,0,0,0,0,0
2018-08-06,18470.000000,18470.000000,18470.000000,18470.000000,15608.981445,0,0,0,0,0,0,0,0,0
2018-08-07,18470.000000,18470.000000,18470.000000,18470.000000,15608.981445,0,0,0,0,0,0,0,0,0
2018-08-08,18470.000000,18470.000000,18470.000000,18470.000000,15608.981445,0,0,0,0,0,0,0,0,0
2018-08-09,18470.000000,18470.000000,18470.000000,18470.000000,15608.981445,0,0,0,0,0,0,0,0,0
2018-08-10,18470.000000,18470.000000,18470.000000,18470.000000,15608.981445,0,0,0,0,0,0,0,0,0
2018-08-13,18470.000000,18470.000000,18470.000000,18470.000000,15608.981445,0,0,0,0,0,0,0,0,0
2018-08-14,18470.000000,18470.000000,18470.000000,18470.000000,15608.981445,0,0,0,0,0,0,0,0,0
2018-08-15,18470.000000,18470.000000,18470.000000,18470.000000,15608.981445,0,0,0,0,0,0,0,0,0
2018-08-16,18470.000000,18470.000000,18470.000000,18470.000000,15608.981445,0,0,0,0,0,0,0,0,0
2018-08-17,18470.000000,18470.000000,18470.000000,18470.000000,15608.981445,0,0,0,0,0,0,0,0,0
2018-08-20,18470.000000,18470.000000,18470.000000,18470.000000,15608.981445,0,0,0,0,0,0,0,0,0
2018-08-21,18470.000000,18470.000000,18470.000000,18470.000000,15608.981445,0,0,0,0,0,0,0,0,0
2018-08-22,18470.000000,18470.000000,18470.000000,18470.000000,15608.981445,0,0,0,0,0,0,0,0,0
2018-08-23,18470.000000,18470.000000,18470.000000,18470.000000,15608.981445,0,0,0,0,0,0,0,0,0
2018-08-24,18470.000000,18470.000000,18470.000000,18470.000000,15608.981445,0,0,0,0,0,0,0,0,0
2018-08-27,18470.000000,18470.000000,18470.000000,18470.000000,15608.981445,0,0,0,0,0,0,0,0,0
2018-08-28,18000.000000,18000.000000,17980.000000,17980.000000,15194.884766,3,0,0,0,0,0,0,0,0
2018-08-29,17980.000000,17980.000000,17980.000000,17980.000000,15194.884766,3,0,0,0,0,0,0,0,0
2018-08-30,17980.000000,17980.000000,17980.000000,17980.000000,15194.884766,0,0,0,0,0,0,0,0,0
2018-08-31,17950.000000,17970.000000,17950.000000,17970.000000,15186.432617,3,0,0,0,0,0,0,0,0
2018-09-03,17920.000000,17920.000000,17920.000000,17920.000000,15144.177734,4,0,0,0,0,0,0,0,0
2018-09-04,17920.000000,17920.000000,17920.000000,17920.000000,15144.177734,0,1,12500000,1,12500000,1,12500000,1,12500000
2018-09-05,17920.000000,17920.000000,17920.000000,17920.000000,15144.177734,0,0,0,0,0,0,0,0,0
2018-09-06,17920.000000,17920.000000,17920.000000,17920.000000,15144.177734,0,1,1250000,1,1250000,0,0,0,0
2018-09-07,17920.000000,17920.000000,17920.000000,17920.000000,15144.177734,0,0,0,0,0,0,0,0,0
2018-09-10,17920.000000,17920.000000,17920.000000,17920.000000,15144.177734,0,0,0,0,0,0,0,0,0
2018-09-11,17920.000000,17920.000000,17920.000000,17920.000000,15144.177734,0,0,0,0,0,0,0,0,0
2018-09-12,17920.000000,17920.000000,17920.000000,17920.000000,15144.177734,0,0,0,0,0,0,0,0,0
2018-09-13,18050.000000,18340.000000,18050.000000,18310.000000,15473.767578,7,0,0,0,0,0,0,0,0
2018-09-14,18310.000000,18310.000000,18310.000000,18310.000000,15473.767578,0,0,0,0,0,0,0,0,0
2018-09-17,18310.000000,18310.000000,18310.000000,18310.000000,15473.767578,0,0,0,0,0,0,0,0,0
2018-09-18,18200.000000,18700.000000,18200.000000,18700.000000,15803.356445,7,0,0,0,0,0,0,0,0
2018-09-19,18880.000000,18890.000000,18790.000000,18890.000000,15963.924805,84,0,0,0,0,0,0,0,0
2018-09-20,18810.000000,18810.000000,18810.000000,18810.000000,15896.316406,1,0,0,0,0,0,0,0,0
2018-09-21,18810.000000,18810.000000,18810.000000,18810.000000,15896.316406,0,0,0,0,0,0,0,0,0
2018-09-24,18810.000000,18810.000000,18810.000000,18810.000000,15896.316406,0,0,0,0,0,0,0,0,0
2018-09-25,18810.000000,18810.000000,18810.000000,18810.000000,15896.316406,0,0,0,0,0,0,0,0,0
2018-09-26,18810.000000,18810.000000,18810.000000,18810.000000,15896.316406,0,0,0,0,0,0,0,0,0
2018-09-27,18810.000000,18810.000000,18810.000000,18810.000000,15896.316406,0,0,0,0,0,0,0,0,0
2018-09-28,18810.000000,18810.000000,18810.000000,18810.000000,15896.316406,0,1,4500000,1,4500000,1,4500000,0,0
2018-10-01,18810.000000,18810.000000,18810.000000,18810.000000,15896.316406,0,0,0,0,0,0,0,0,0
2018-10-02,18810.000000,18810.000000,18810.000000,18810.000000,15896.316406,0,0,0,0,0,0,0,0,0
2018-10-03,18920.000000,18940.000000,18910.000000,18910.000000,15980.827148,3,0,0,0,0,0,0,0,0
2018-10-04,18750.000000,18750.000000,18750.000000,18750.000000,15845.609375,2,0,0,0,0,0,0,0,0
2018-10-05,18750.000000,18750.000000,18750.000000,18750.000000,15845.609375,0,0,0,0,0,0,0,0,0
2018-10-08,18750.000000,18750.000000,18750.000000,18750.000000,15845.609375,0,0,0,0,0,0,0,0,0
2018-10-09,18750.000000,18750.000000,18750.000000,18750.000000,15845.609375,0,0,0,0,0,0,0,0,0
2018-10-10,18750.000000,18750.000000,18750.000000,18750.000000,15845.609375,0,0,0,0,0,0,0,0,0
2018-10-11,18750.000000,18750.000000,18750.000000,18750.000000,15845.609375,0,0,0,0,0,0,0,0,0
2018-10-12,17970.000000,17970.000000,17940.000000,17940.000000,15161.079102,4,0,0,0,0,0,0,0,0
2018-10-15,17940.000000,17940.000000,17940.000000,17940.000000,15161.079102,0,0,0,0,0,0,0,0,0
2018-10-16,17580.000000,17660.000000,17580.000000,17660.000000,14924.452148,5,0,0,0,0,0,0,0,0
2018-10-17,17660.000000,17660.000000,17660.000000,17660.000000,14924.452148,0,0,0,0,0,0,0,0,0
2018-10-18,17800.000000,17950.000000,17800.000000,17950.000000,15169.531250,2,0,0,0,0,0,0,0,0
2018-10-19,17950.000000,17950.000000,17950.000000,17950.000000,15169.531250,0,0,0,0,0,0,0,0,0
2018-10-22,17950.000000,17950.000000,17950.000000,17950.000000,15169.531250,0,0,0,0,0,0,0,0,0
2018-10-23,17520.000000,17520.000000,17480.000000,17480.000000,14772.334961,3,0,0,0,0,0,0,0,0
2018-10-24,17480.000000,17480.000000,17480.000000,17480.000000,14772.334961,0,0,0,0,0,0,0,0,0
2018-10-25,17180.000000,17210.000000,17180.000000,17210.000000,14544.157227,6,0,0,0,0,0,0,0,0
2018-10-26,17210.000000,17210.000000,17210.000000,17210.000000,14544.157227,0,0,0,0,0,0,0,0,0
2018-10-29,17210.000000,17210.000000,17210.000000,17210.000000,14544.157227,0,0,0,0,0,0,0,0,0
2018-10-30,17210.000000,17210.000000,17210.000000,17210.000000,14544.157227,0,0,0,0,0,0,0,0,0
2018-10-31,17210.000000,17210.000000,17210.000000,17210.000000,14544.157227,0,0,0,0,0,0,0,0,0
2018-11-01,17210.000000,17210.000000,17210.000000,17210.000000,14544.157227,0,0,0,0,0,0,0,0,0
2018-11-02,17210.000000,17210.000000,17210.000000,17210.000000,14544.157227,0,0,0,0,0,0,0,0,0
2018-11-05,17210.000000,17210.000000,17210.000000,17210.000000,14544.157227,0,0,0,0,0,0,0,0,0
2018-11-06,17210.000000,17210.000000,17210.000000,17210.000000,14544.157227,0,0,0,0,0,0,0,0,0
2018-11-07,17210.000000,17210.000000,17210.000000,17210.000000,14544.157227,0,0,0,0,0,0,0,0,0
2018-11-08,17210.000000,17210.000000,17210.000000,17210.000000,14544.157227,0,0,0,0,0,0,0,0,0
2018-11-09,17210.000000,17210.000000,17210.000000,17210.000000,14544.157227,0,0,0,0,0,0,0,0,0
2018-11-12,17210.000000,17210.000000,17210.000000,17210.000000,14544.157227,0,0,0,0,0,0,0,0,0
2018-11-13,17870.000000,17870.000000,17870.000000,17870.000000,15101.923828,1,0,0,0,0,0,0,0,0
2018-11-14,17870.000000,17870.000000,17870.000000,17870.000000,15101.923828,0,0,0,0,0,0,0,0,0
2018-11-15,17870.000000,17870.000000,17870.000000,17870.000000,15101.923828,0,0,0,0,0,0,0,0,0
2018-11-16,17870.000000,17870.000000,17870.000000,17870.000000,15101.923828,0,0,0,0,0,0,0,0,0
2018-11-19,17870.000000,17870.000000,17870.000000,17870.000000,15101.923828,0,0,0,0,0,0,0,0,0
2018-11-20,17870.000000,17870.000000,17870.000000,17870.000000,15101.923828,0,0,0,0,0,0,0,0,0
2018-11-21,18140.000000,18140.000000,18140.000000,18140.000000,15330.098633,1,0,0,0,0,0,0,0,0
2018-11-22,18140.000000,18140.000000,18140.000000,18140.000000,15330.098633,0,0,0,0,0,0,0,0,0
2018-11-23,18140.000000,18140.000000,18140.000000,18140.000000,15330.098633,0,0,0,0,0,0,0,0,0
2018-11-26,18140.000000,18140.000000,18140.000000,18140.000000,15330.098633,0,0,0,0,0,0,0,0,0
2018-11-27,18140.000000,18140.000000,18140.000000,18140.000000,15330.098633,0,0,0,0,0,0,0,0,0
2018-11-28,18140.000000,18140.000000,18140.000000,18140.000000,15330.098633,0,0,0,0,0,0,0,0,0
2018-11-29,18140.000000,18140.000000,18140.000000,18140.000000,15330.098633,0,0,0,0,0,0,0,0,0
2018-11-30,18140.000000,18140.000000,18140.000000,18140.000000,15330.098633,0,0,0,0,0,0,0,0,0
2018-12-03,18660.000000,18660.000000,18660.000000,18660.000000,15769.548828,3,0,0,0,0,0,0,0,0
2018-12-04,17920.000000,18160.000000,17920.000000,18160.000000,15347.001953,4,0,0,0,0,0,0,0,0
2018-12-05,18130.000000,18130.000000,18130.000000,18130.000000,15321.648438,1,0,0,0,0,0,0,0,0
2018-12-06,18130.000000,18130.000000,18130.000000,18130.000000,15321.648438,0,0,0,0,0,0,0,0,0
2018-12-07,18130.000000,18130.000000,18130.000000,18130.000000,15321.648438,0,0,0,0,0,0,0,0,0
2018-12-10,18130.000000,18130.000000,18130.000000,18130.000000,15321.648438,0,0,0,0,0,0,0,0,0
2018-12-11,18130.000000,18130.000000,18130.000000,18130.000000,15321.648438,0,0,0,0,0,0,0,0,0
2018-12-12,18130.000000,18130.000000,18130.000000,18130.000000,15321.648438,0,0,0,0,0,0,0,0,0
2018-12-13,18130.000000,18130.000000,18130.000000,18130.000000,15321.648438,0,0,0,0,0,0,0,0,0
2018-12-14,18130.000000,18130.000000,18130.000000,18130.000000,15321.648438,0,0,0,0,0,0,0,0,0
2018-12-17,18130.000000,18130.000000,18130.000000,18130.000000,15321.648438,0,0,0,0,0,0,0,0,0
2018-12-18,18130.000000,18130.000000,18130.000000,18130.000000,15321.648438,0,0,0,0,0,0,0,0,0
2018-12-19,18060.000000,18060.000000,18060.000000,18060.000000,15262.491211,1,0,0,0,0,0,0,0,0
2018-12-20,18060.000000,18060.000000,18060.000000,18060.000000,15262.491211,0,0,0,0,0,0,0,0,0
2018-12-21,18060.000000,18060.000000,18060.000000,18060.000000,15262.491211,0,0,0,0,0,0,0,0,0
2018-12-24,18060.000000,18060.000000,18060.000000,18060.000000,15262.491211,0,0,0,0,0,0,0,0,0
2018-12-25,18060.000000,18060.000000,18060.000000,18060.000000,15262.491211,0,0,0,0,0,0,0,0,0
2018-12-26,17100.000000,17100.000000,16670.000000,16670.000000,14087.804688,226,0,0,0,0,0,0,0,0
2018-12-27,16670.000000,16670.000000,16670.000000,16670.000000,14087.804688,0,0,0,0,0,0,0,0,0
2018-12-28,16670.000000,16670.000000,16670.000000,16670.000000,14087.804688,0,0,0,0,0,0,0,0,0
2018-12-31,16670.000000,16670.000000,16670.000000,16670.000000,14087.804688,0,0,0,0,0,0,0,0,0
2019-01-04,16670.000000,16670.000000,16670.000000,16670.000000,14087.804688,0,0,0,0,0,0,0,0,0
2019-01-07,18070.000000,18110.000000,18070.000000,18110.000000,15304.746094,7,0,0,0,0,0,0,0,0
2019-01-08,18110.000000,18110.000000,18110.000000,18110.000000,15304.746094,0,0,0,0,0,0,0,0,0
2019-01-09,18110.000000,18110.000000,18110.000000,18110.000000,15304.746094,0,0,0,0,0,0,0,0,0
2019-01-10,18110.000000,18110.000000,18110.000000,18110.000000,15304.746094,0,0,0,0,0,0,0,0,0
2019-01-11,18110.000000,18110.000000,18110.000000,18110.000000,15304.746094,0,0,0,0,0,0,0,0,0
2019-01-15,18110.000000,18110.000000,18110.000000,18110.000000,15304.746094,0,0,0,0,0,0,0,0,0
2019-01-16,18090.000000,18090.000000,18090.000000,18090.000000,15287.844727,1,0,0,0,0,0,0,0,0
2019-01-17,18090.000000,18120.000000,18090.000000,18120.000000,15313.198242,7,0,0,0,0,0,0,0,0
2019-01-18,18190.000000,18190.000000,18190.000000,18190.000000,15372.355469,152,0,0,0,0,0,0,0,0
2019-01-21,18190.000000,18190.000000,18190.000000,18190.000000,15372.355469,0,0,0,0,0,0,0,0,0
2019-01-22,18190.000000,18190.000000,18190.000000,18190.000000,15372.355469,0,0,0,0,0,0,0,0,0
2019-01-23,18190.000000,18190.000000,18190.000000,18190.000000,15372.355469,0,0,0,0,0,0,0,0,0
2019-01-24,18010.000000,18010.000000,18010.000000,18010.000000,15220.237305,70,0,0,0,0,0,0,0,0
2019-01-25,18010.000000,18010.000000,18010.000000,18010.000000,15220.237305,0,0,0,0,0,0,0,0,0
2019-01-28,17970.000000,17970.000000,17970.000000,17970.000000,15186.432617,1,0,0,0,0,0,0,0,0
2019-01-29,17960.000000,17960.000000,17960.000000,17960.000000,15177.982422,2,0,0,0,0,0,0,0,0
2019-01-30,17960.000000,17960.000000,17960.000000,17960.000000,15177.982422,0,0,0,0,0,0,0,0,0
2019-01-31,17960.000000,17960.000000,17960.000000,17960.000000,15177.982422,0,0,0,0,0,0,0,0,0
2019-02-01,17960.000000,17960.000000,17960.000000,17960.000000,15177.982422,0,0,0,0,0,0,0,0,0
2019-02-04,18300.000000,18300.000000,18300.000000,18300.000000,15465.315430,1,0,0,0,0,0,0,0,0
2019-02-05,18300.000000,18300.000000,18300.000000,18300.000000,15465.315430,0,0,0,0,0,0,0,0,0
2019-02-06,18320.000000,18320.000000,18320.000000,18320.000000,15482.216797,60,0,0,0,0,0,0,0,0
2019-02-07,18320.000000,18320.000000,18320.000000,18320.000000,15482.216797,0,0,0,0,0,0,0,0,0
2019-02-08,18320.000000,18320.000000,18320.000000,18320.000000,15482.216797,0,0,0,0,0,0,0,0,0
2019-02-12,18320.000000,18320.000000,18320.000000,18320.000000,15482.216797,0,0,0,0,0,0,0,0,0
2019-02-13,18260.000000,18260.000000,18260.000000,18260.000000,15431.511719,60,0,0,0,0,0,0,0,0
2019-02-14,18250.000000,18250.000000,18250.000000,18250.000000,15423.060547,1,0,0,0,0,0,0,0,0
2019-02-15,18250.000000,18250.000000,18250.000000,18250.000000,15423.060547,0,0,0,0,0,0,0,0,0
2019-02-18,18490.000000,18490.000000,18490.000000,18490.000000,15625.882813,50,0,0,0,0,0,0,0,0
2019-02-19,18720.000000,18740.000000,18720.000000,18740.000000,15837.161133,2,0,0,0,0,0,0,0,0
2019-02-20,18740.000000,18740.000000,18740.000000,18740.000000,15837.161133,0,0,0,0,0,0,0,0,0
2019-02-21,18740.000000,18740.000000,18740.000000,18740.000000,15837.161133,0,0,0,0,0,0,0,0,0
2019-02-22,18740.000000,18740.000000,18740.000000,18740.000000,15837.161133,0,0,0,0,0,0,0,0,0
2019-02-25,18740.000000,18740.000000,18740.000000,18740.000000,15837.161133,0,0,0,0,0,0,0,0,0
2019-02-26,18740.000000,18740.000000,18740.000000,18740.000000,15837.161133,0,0,0,0,0,0,0,0,0
2019-02-27,18740.000000,18740.000000,18740.000000,18740.000000,15837.161133,0,0,0,0,0,0,0,0,0
2019-02-28,18740.000000,18740.000000,18740.000000,18740.000000,15837.161133,0,0,0,0,0,0,0,0,0
2019-03-01,18740.000000,18740.000000,18740.000000,18740.000000,15837.161133,0,0,0,0,0,0,0,0,0
2019-03-04,18800.000000,18820.000000,18800.000000,18820.000000,15904.767578,3,0,0,0,0,0,0,0,0
2019-03-05,18820.000000,18820.000000,18820.000000,18820.000000,15904.767578,0,0,0,0,0,0,0,0,0
2019-03-06,18820.000000,18820.000000,18820.000000,18820.000000,15904.767578,0,0,0,0,0,0,0,0,0
2019-03-07,18820.000000,18820.000000,18820.000000,18820.000000,15904.767578,0,0,0,0,0,0,0,0,0
2019-03-08,18820.000000,18820.000000,18820.000000,18820.000000,15904.767578,0,0,0,0,0,0,0,0,0
2019-03-11,18900.000000,19000.000000,18900.000000,19000.000000,16056.884766,4,0,0,0,0,0,0,0,0
2019-03-12,19000.000000,19000.000000,19000.000000,19000.000000,16056.884766,0,0,0,0,0,0,0,0,0
2019-03-13,18910.000000,18910.000000,18910.000000,18910.000000,15980.827148,1,0,0,0,0,0,0,0,0
2019-03-14,18910.000000,18910.000000,18910.000000,18910.000000,15980.827148,0,0,0,0,0,0,0,0,0
2019-03-15,18910.000000,18910.000000,18910.000000,18910.000000,15980.827148,0,0,0,0,0,0,0,0,0
2019-03-18,18910.000000,18910.000000,18910.000000,18910.000000,15980.827148,0,0,0,0,0,0,0,0,0
2019-03-19,18910.000000,18910.000000,18910.000000,18910.000000,15980.827148,0,0,0,0,0,0,0,0,0
2019-03-20,18910.000000,18910.000000,18910.000000,18910.000000,15980.827148,0,0,0,0,0,0,0,0,0
2019-03-22,18910.000000,18910.000000,18910.000000,18910.000000,15980.827148,0,0,0,0,0,0,0,0,0
2019-03-25,18590.000000,18590.000000,18590.000000,18590.000000,15710.393555,0,0,0,0,0,0,0,0,0
2019-03-26,18590.000000,18590.000000,18590.000000,18590.000000,15710.393555,0,0,0,0,0,0,0,0,0
2019-03-27,19210.000000,19300.000000,19210.000000,19300.000000,16310.415039,11,0,0,0,0,0,0,0,0
2019-03-28,19300.000000,19300.000000,19300.000000,19300.000000,16310.415039,0,0,0,0,0,0,0,0,0
2019-03-29,19300.000000,19300.000000,19300.000000,19300.000000,16310.415039,0,0,0,0,0,0,0,0,0
2019-04-01,19300.000000,19300.000000,19300.000000,19300.000000,16310.415039,0,0,0,0,0,0,0,0,0
2019-04-02,19540.000000,19540.000000,19060.000000,19060.000000,16107.592773,4,0,0,0,0,0,0,0,0
2019-04-03,18970.000000,18970.000000,18970.000000,18970.000000,16031.533203,1,0,0,0,0,0,0,0,0
2019-04-04,18840.000000,18840.000000,18840.000000,18840.000000,15921.669922,1,0,0,0,0,0,0,0,0
2019-04-05,18840.000000,18840.000000,18840.000000,18840.000000,15921.669922,1,0,0,0,0,0,0,0,0
2019-04-08,18840.000000,18840.000000,18840.000000,18840.000000,15921.669922,0,0,0,0,0,0,0,0,0
2019-04-09,18440.000000,18440.000000,18440.000000,18440.000000,15583.628906,5,0,0,0,0,0,0,0,0
2019-04-10,18430.000000,18430.000000,18380.000000,18380.000000,15532.923828,2,0,0,0,0,0,0,0,0
2019-04-11,18430.000000,18430.000000,18380.000000,18380.000000,15532.923828,2,0,0,0,0,0,0,0,0
2019-04-12,18380.000000,18380.000000,18380.000000,18380.000000,15532.923828,0,0,0,0,0,0,0,0,0
2019-04-15,18380.000000,18380.000000,18380.000000,18380.000000,15532.923828,0,0,0,0,0,0,0,0,0
2019-04-16,18380.000000,18380.000000,18380.000000,18380.000000,15532.923828,0,0,0,0,0,0,0,0,0
2019-04-17,18380.000000,18380.000000,18380.000000,18380.000000,15532.923828,0,0,0,0,0,0,0,0,0
2019-04-18,18380.000000,18380.000000,18380.000000,18380.000000,15532.923828,0,0,0,0,0,0,0,0,0
2019-04-19,18380.000000,18380.000000,18380.000000,18380.000000,15532.923828,0,0,0,0,0,0,0,0,0
2019-04-22,18380.000000,18380.000000,18380.000000,18380.000000,15532.923828,0,0,0,0,0,0,0,0,0
2019-04-23,18380.000000,18380.000000,18380.000000,18380.000000,15532.923828,0,0,0,0,0,0,0,0,0
2019-04-24,18380.000000,18380.000000,18380.000000,18380.000000,15532.923828,0,0,0,0,0,0,0,0,0
2019-04-25,18380.000000,18380.000000,18380.000000,18380.000000,15532.923828,0,0,0,0,0,0,0,0,0
2019-04-26,18500.000000,18500.000000,18500.000000,18500.000000,15634.335938,2,0,0,0,0,0,0,0,0
2019-05-07,18350.000000,18350.000000,18350.000000,18350.000000,15507.569336,1,0,0,0,0,0,0,0,0
2019-05-08,18300.000000,18300.000000,17980.000000,17980.000000,15194.884766,9,0,0,0,0,0,0,0,0
2019-05-09,17850.000000,17850.000000,17660.000000,17660.000000,14924.452148,5,0,0,0,0,0,0,0,0
2019-05-10,17660.000000,17660.000000,17660.000000,17660.000000,14924.452148,0,0,0,0,0,0,0,0,0
2019-05-13,17750.000000,17750.000000,17750.000000,17750.000000,15000.511719,1,0,0,0,0,0,0,0,0
2019-05-14,17750.000000,17750.000000,17750.000000,17750.000000,15000.511719,0,0,0,0,0,0,0,0,0
2019-05-15,17750.000000,17750.000000,17750.000000,17750.000000,15000.511719,0,0,0,0,0,0,0,0,0
2019-05-16,18010.000000,18010.000000,18010.000000,18010.000000,15220.237305,10,0,0,0,0,0,0,0,0
2019-05-17,18010.000000,18010.000000,18010.000000,18010.000000,15220.237305,0,0,0,0,0,0,0,0,0
2019-05-20,18010.000000,18010.000000,18010.000000,18010.000000,15220.237305,0,0,0,0,0,0,0,0,0
2019-05-21,18390.000000,18390.000000,18390.000000,18390.000000,15541.374023,1,0,0,0,0,0,0,0,0
2019-05-22,18420.000000,18420.000000,18370.000000,18370.000000,15524.470703,18,0,0,0,0,0,0,0,0
2019-05-23,18370.000000,18370.000000,18370.000000,18370.000000,15524.470703,0,0,0,0,0,0,0,0,0
2019-05-24,18340.000000,18360.000000,18340.000000,18360.000000,15516.021484,901,0,0,0,0,0,0,0,0
2019-05-27,18360.000000,18360.000000,18360.000000,18360.000000,15516.021484,0,0,0,0,0,0,0,0,0
2019-05-28,18480.000000,18480.000000,18480.000000,18480.000000,15617.433594,2,0,0,0,0,0,0,0,0
2019-05-29,18110.000000,18170.000000,18110.000000,18170.000000,15355.452148,901,0,0,0,0,0,0,0,0
2019-05-30,18000.000000,18020.000000,18000.000000,18000.000000,15211.786133,19,0,0,0,0,0,0,0,0
2019-05-31,18000.000000,18000.000000,18000.000000,18000.000000,15211.786133,0,0,0,0,0,0,0,0,0
2019-06-03,18030.000000,18030.000000,18030.000000,18030.000000,15237.138672,1,0,0,0,0,0,0,0,0
2019-06-04,18190.000000,18190.000000,18190.000000,18190.000000,15372.355469,3,0,0,0,0,0,0,0,0
2019-06-05,18030.000000,18040.000000,18030.000000,18040.000000,15245.589844,2,0,0,0,0,0,0,0,0
2019-06-06,18280.000000,18280.000000,18280.000000,18280.000000,15448.414063,16,0,0,0,0,0,0,0,0
2019-06-07,18280.000000,18280.000000,18280.000000,18280.000000,15448.414063,3,0,0,0,0,0,0,0,0
2019-06-10,18450.000000,18450.000000,18450.000000,18450.000000,15592.081055,1,0,0,0,0,0,0,0,0
2019-06-11,18450.000000,18450.000000,18450.000000,18450.000000,15592.081055,0,0,0,0,0,0,0,0,0
2019-06-12,18360.000000,18360.000000,18360.000000,18360.000000,15516.021484,3,0,0,0,0,0,0,0,0
2019-06-13,18360.000000,18360.000000,18360.000000,18360.000000,15516.021484,0,0,0,0,0,0,0,0,0
2019-06-14,18360.000000,18360.000000,18360.000000,18360.000000,15516.021484,0,0,0,0,0,0,0,0,0
2019-06-17,18230.000000,18270.000000,18230.000000,18270.000000,15439.961914,11,0,0,0,0,0,0,0,0
2019-06-18,18180.000000,18180.000000,18020.000000,18020.000000,15228.688477,6,0,0,0,0,0,0,0,0
2019-06-19,18100.000000,18100.000000,18100.000000,18100.000000,15296.295898,1,0,0,0,0,0,0,0,0
2019-06-20,18180.000000,18180.000000,18180.000000,18180.000000,15363.903320,1,0,0,0,0,0,0,0,0
2019-06-21,18080.000000,18080.000000,17950.000000,17950.000000,15169.531250,17,0,0,0,0,0,0,0,0
2019-06-24,17950.000000,17950.000000,17950.000000,17950.000000,15169.531250,0,0,0,0,0,0,0,0,0
2019-06-25,17950.000000,17950.000000,17950.000000,17950.000000,15169.531250,0,0,0,0,0,0,0,0,0
2019-06-26,17800.000000,17800.000000,17800.000000,17800.000000,15042.765625,1,0,0,0,0,0,0,0,0
2019-06-27,17800.000000,17800.000000,17800.000000,17800.000000,15042.765625,0,0,0,0,0,0,0,0,0
2019-06-28,17800.000000,17800.000000,17800.000000,17800.000000,15042.765625,0,0,0,0,0,0,0,0,0
2019-07-01,17800.000000,18000.000000,17800.000000,18000.000000,15211.786133,3,0,0,0,0,0,0,0,0
2019-07-02,18090.000000,18090.000000,18090.000000,18090.000000,15287.844727,3,0,0,0,0,0,0,0,0
2019-07-03,18000.000000,18090.000000,18000.000000,18090.000000,15287.844727,6,0,0,0,0,0,0,0,0
2019-07-04,18180.000000,18180.000000,18180.000000,18180.000000,15363.903320,1,0,0,0,0,0,0,0,0
2019-07-05,18180.000000,18180.000000,18180.000000,18180.000000,15363.903320,0,0,0,0,0,0,0,0,0
2019-07-08,18250.000000,18250.000000,18110.000000,18110.000000,15304.746094,58,0,0,0,0,0,0,0,0
2019-07-09,17950.000000,17950.000000,17900.000000,17900.000000,15127.276367,65,0,0,0,0,0,0,0,0
2019-07-10,17790.000000,17810.000000,17700.000000,17810.000000,15051.218750,12,0,0,0,0,0,0,0,0
2019-07-11,17810.000000,17810.000000,17810.000000,17810.000000,15051.218750,0,0,0,0,0,0,0,0,0
2019-07-12,17870.000000,17870.000000,17870.000000,17870.000000,15101.923828,1,0,0,0,0,0,0,0,0
2019-07-16,17770.000000,17770.000000,17670.000000,17670.000000,15094.235352,6,0,0,0,0,0,0,0,0
2019-07-17,17740.000000,17820.000000,17740.000000,17820.000000,15222.370117,7,0,0,0,0,0,0,0,0
2019-07-18,17790.000000,17790.000000,17340.000000,17370.000000,14837.964844,202,0,0,0,0,0,0,0,0
2019-07-19,17710.000000,17710.000000,17710.000000,17710.000000,15128.404297,1,0,0,0,0,0,0,0,0
2019-07-22,17600.000000,17600.000000,17600.000000,17600.000000,15034.439453,1,0,0,0,0,0,0,0,0
2019-07-23,17550.000000,17550.000000,17550.000000,17550.000000,14991.728516,1,0,0,0,0,0,0,0,0
2019-07-24,17620.000000,17620.000000,17620.000000,17620.000000,15051.523438,109,0,0,0,0,0,0,0,0
2019-07-25,17620.000000,17620.000000,17620.000000,17620.000000,15051.523438,0,0,0,0,0,0,0,0,0
2019-07-26,17550.000000,17550.000000,17550.000000,17550.000000,14991.728516,1,0,0,0,0,0,0,0,0
2019-07-29,17690.000000,17690.000000,17690.000000,17690.000000,15111.319336,2,0,0,0,0,0,0,0,0
2019-07-30,17690.000000,17690.000000,17690.000000,17690.000000,15111.319336,0,0,0,0,0,0,0,0,0
2019-07-31,17690.000000,17690.000000,17690.000000,17690.000000,15111.319336,0,0,0,0,0,0,0,0,0
2019-08-01,17540.000000,17540.000000,17540.000000,17540.000000,14983.185547,1,0,0,0,0,0,0,0,0
2019-08-02,17290.000000,17310.000000,17190.000000,17190.000000,14684.204102,13,0,0,0,0,0,0,0,0
2019-08-05,17060.000000,17110.000000,16900.000000,16900.000000,14436.477539,30,0,0,0,0,0,0,0,0
2019-08-06,16860.000000,16860.000000,16750.000000,16750.000000,14308.343750,4,0,0,0,0,0,0,0,0
2019-08-07,17310.000000,17310.000000,17310.000000,17310.000000,14786.711914,4,0,0,0,0,0,0,0,0
2019-08-08,17310.000000,17310.000000,17310.000000,17310.000000,14786.711914,0,0,0,0,0,0,0,0,0
2019-08-09,17350.000000,17350.000000,17350.000000,17350.000000,14820.879883,3,0,0,0,0,0,0,0,0
2019-08-13,17340.000000,17340.000000,17320.000000,17320.000000,14795.253906,2,0,0,0,0,0,0,0,0
2019-08-14,17320.000000,17320.000000,17320.000000,17320.000000,14795.253906,0,0,0,0,0,0,0,0,0
2019-08-15,17080.000000,17080.000000,17060.000000,17060.000000,14573.154297,4,0,0,0,0,0,0,0,0
2019-08-16,17060.000000,17060.000000,17060.000000,17060.000000,14573.154297,0,0,0,0,0,0,0,0,0
2019-08-19,17300.000000,17300.000000,17300.000000,17300.000000,14778.168945,1,0,0,0,0,0,0,0,0
2019-08-20,17300.000000,17300.000000,17300.000000,17300.000000,14778.168945,0,0,0,0,0,0,0,0,0
2019-08-21,17300.000000,17300.000000,17300.000000,17300.000000,14778.168945,0,0,0,0,0,0,0,0,0
2019-08-22,17300.000000,17300.000000,17300.000000,17300.000000,14778.168945,0,0,0,0,0,0,0,0,0
2019-08-23,17200.000000,17200.000000,17200.000000,17200.000000,14692.746094,1,0,0,0,0,0,0,0,0
2019-08-26,17040.000000,17040.000000,17040.000000,17040.000000,14556.069336,1,0,0,0,0,0,0,0,0
2019-08-27,17200.000000,17240.000000,17200.000000,17240.000000,14726.916016,2,1,100000,0,0,0,0,0,0
2019-08-28,17240.000000,17240.000000,17240.000000,17240.000000,14726.916016,0,0,0,0,0,0,0,0,0
2019-08-29,17240.000000,17240.000000,17240.000000,17240.000000,14726.916016,0,0,0,0,0,0,0,0,0
2019-08-30,17240.000000,17240.000000,17240.000000,17240.000000,14726.916016,0,0,0,0,0,0,0,0,0
2019-09-02,17240.000000,17240.000000,17240.000000,17240.000000,14726.916016,0,0,0,0,0,0,0,0,0
2019-09-03,17190.000000,17200.000000,17190.000000,17200.000000,14692.746094,4,0,0,0,0,0,0,0,0
2019-09-04,17200.000000,17230.000000,17190.000000,17230.000000,14718.374023,236,0,0,0,0,0,0,0,0
2019-09-05,17230.000000,17230.000000,17230.000000,17230.000000,14718.374023,0,1,10000,0,0,0,0,0,0
2019-09-06,17410.000000,17410.000000,17320.000000,17320.000000,14795.253906,50,0,0,0,0,0,0,0,0
2019-09-09,17300.000000,17300.000000,17300.000000,17300.000000,14778.168945,1,0,0,0,0,0,0,0,0
2019-09-10,17300.000000,17300.000000,17300.000000,17300.000000,14778.168945,0,0,0,0,0,0,0,0,0
2019-09-11,17400.000000,17670.000000,17400.000000,17670.000000,15094.235352,178,0,0,0,0,0,0,0,0
2019-09-12,17750.000000,17930.000000,17750.000000,17890.000000,15282.166016,69,0,0,0,0,0,0,0,0
2019-09-13,17890.000000,17890.000000,17890.000000,17890.000000,15282.166016,1,0,0,0,0,0,0,0,0
2019-09-17,18010.000000,18010.000000,18010.000000,18010.000000,15384.672852,19,0,0,0,0,0,0,0,0
2019-09-18,18010.000000,18010.000000,18010.000000,18010.000000,15384.672852,0,0,0,0,0,0,0,0,0
2019-09-19,18370.000000,18400.000000,18370.000000,18400.000000,15717.820313,8,0,0,0,0,0,0,0,0
2019-09-20,18400.000000,18400.000000,18340.000000,18340.000000,15666.568359,44,0,0,0,0,0,0,0,0
2019-09-24,18450.000000,18450.000000,18450.000000,18450.000000,15760.534180,20,0,0,0,0,0,0,0,0
2019-09-25,18450.000000,18450.000000,18450.000000,18450.000000,15760.534180,0,0,0,0,0,0,0,0,0
2019-09-26,18660.000000,18660.000000,18660.000000,18660.000000,15939.920898,30,0,0,0,0,0,0,0,0
2019-09-27,18660.000000,18660.000000,18660.000000,18660.000000,15939.920898,0,0,0,0,0,0,0,0,0
2019-09-30,18660.000000,18660.000000,18660.000000,18660.000000,15939.920898,0,0,0,0,0,0,0,0,0
2019-10-01,18660.000000,18660.000000,18660.000000,18660.000000,15939.920898,0,0,0,0,0,0,0,0,0
2019-10-02,18210.000000,18240.000000,18210.000000,18240.000000,15581.145508,5,0,0,0,0,0,0,0,0
2019-10-03,17940.000000,17940.000000,17940.000000,17940.000000,15324.876953,1,0,0,0,0,0,0,0,0
2019-10-04,17940.000000,17940.000000,17940.000000,17940.000000,15324.876953,0,0,0,0,0,0,0,0,0
2019-10-07,18180.000000,18180.000000,18180.000000,18180.000000,15529.891602,5,0,0,0,0,0,0,0,0
2019-10-08,18180.000000,18180.000000,18180.000000,18180.000000,15529.891602,0,1,9100000,1,9100000,1,9100000,0,0
2019-10-09,18180.000000,18180.000000,18180.000000,18180.000000,15529.891602,0,0,0,0,0,0,0,0,0
2019-10-10,18260.000000,18260.000000,18260.000000,18260.000000,15598.230469,4,0,0,0,0,0,0,0,0
2019-10-11,18260.000000,18270.000000,18190.000000,18270.000000,15606.772461,3,0,0,0,0,0,0,0,0
2019-10-15,18270.000000,18270.000000,18270.000000,18270.000000,15606.772461,0,1,17000000,1,17000000,1,17000000,1,17000000
2019-10-16,18630.000000,18660.000000,18630.000000,18660.000000,15939.920898,6,0,0,0,0,0,0,0,0
2019-10-17,18660.000000,18660.000000,18660.000000,18660.000000,15939.920898,0,0,0,0,0,0,0,0,0
2019-10-18,18400.000000,18400.000000,18400.000000,18400.000000,15717.820313,2,0,0,0,0,0,0,0,0
2019-10-21,18400.000000,18400.000000,18400.000000,18400.000000,15717.820313,0,0,0,0,0,0,0,0,0
2019-10-23,18450.000000,18450.000000,18450.000000,18450.000000,15760.534180,17,0,0,0,0,0,0,0,0
2019-10-24,18450.000000,18450.000000,18450.000000,18450.000000,15760.534180,0,0,0,0,0,0,0,0,0
2019-10-25,18450.000000,18450.000000,18450.000000,18450.000000,15760.534180,0,0,0,0,0,0,0,0,0
2019-10-28,18450.000000,18450.000000,18450.000000,18450.000000,15760.534180,0,0,0,0,0,0,0,0,0
2019-10-29,18450.000000,18550.000000,18450.000000,18550.000000,15845.956055,23,0,0,0,0,0,0,0,0
2019-10-30,18510.000000,18510.000000,18510.000000,18510.000000,15811.786133,1,0,0,0,0,0,0,0,0
2019-10-31,18510.000000,18510.000000,18510.000000,18510.000000,15811.786133,0,0,0,0,0,0,0,0,0
2019-11-01,18510.000000,18510.000000,18510.000000,18510.000000,15811.786133,0,0,0,0,0,0,0,0,0
2019-11-05,18700.000000,18700.000000,18610.000000,18630.000000,15914.293945,10,0,0,0,0,0,0,0,0
2019-11-06,18760.000000,18790.000000,18750.000000,18790.000000,16050.971680,6,0,0,0,0,0,0,0,0
2019-11-07,18890.000000,18890.000000,18740.000000,18740.000000,16008.260742,3,0,0,0,0,0,0,0,0
2019-11-08,18890.000000,18890.000000,18740.000000,18740.000000,16008.260742,3,0,0,0,0,0,0,0,0
2019-11-11,18840.000000,18840.000000,18840.000000,18840.000000,16093.683594,5,0,0,0,0,0,0,0,0
2019-11-12,18880.000000,18880.000000,18880.000000,18880.000000,16127.853516,4,0,0,0,0,0,0,0,0
2019-11-13,18710.000000,18710.000000,18710.000000,18710.000000,15982.634766,1,0,0,0,0,0,0,0,0
2019-11-14,18710.000000,18710.000000,18710.000000,18710.000000,15982.634766,1,0,0,0,0,0,0,0,0
2019-11-15,18710.000000,18710.000000,18710.000000,18710.000000,15982.634766,0,0,0,0,0,0,0,0,0
2019-11-18,18890.000000,18930.000000,18890.000000,18930.000000,16170.564453,1419,0,0,0,0,0,0,0,0
2019-11-19,18890.000000,18930.000000,18890.000000,18930.000000,16170.564453,1419,0,0,0,0,0,0,0,0
2019-11-20,18860.000000,18860.000000,18860.000000,18860.000000,16110.768555,1,0,0,0,0,0,0,0,0
2019-11-21,18860.000000,18860.000000,18860.000000,18860.000000,16110.768555,1,0,0,0,0,0,0,0,0
2019-11-22,18860.000000,18860.000000,18860.000000,18860.000000,16110.768555,0,0,0,0,0,0,0,0,0
2019-11-25,19100.000000,19100.000000,19100.000000,19100.000000,16315.783203,1,0,0,0,0,0,0,0,0
2019-11-26,19100.000000,19100.000000,19100.000000,19100.000000,16315.783203,1,0,0,0,0,0,0,0,0
2019-11-27,18870.000000,18870.000000,18870.000000,18870.000000,16119.311523,5,0,0,0,0,0,0,0,0
2019-11-28,18910.000000,18910.000000,18910.000000,18910.000000,16153.479492,1,0,0,0,0,0,0,0,0
2019-11-29,18910.000000,18910.000000,18910.000000,18910.000000,16153.479492,1,0,0,0,0,0,0,0,0
2019-12-02,18950.000000,18950.000000,18710.000000,18720.000000,15991.175781,9,0,0,0,0,0,0,0,0
2019-12-03,18590.000000,18590.000000,18590.000000,18590.000000,15880.125977,2,0,0,0,0,0,0,0,0
2019-12-04,18590.000000,18590.000000,18590.000000,18590.000000,15880.125977,2,0,0,0,0,0,0,0,0
2019-12-05,18770.000000,18770.000000,18750.000000,18750.000000,16016.804688,13,0,0,0,0,0,0,0,0
2019-12-06,18770.000000,18770.000000,18750.000000,18750.000000,16016.804688,13,0,0,0,0,0,0,0,0
2019-12-09,18750.000000,18750.000000,18750.000000,18750.000000,16016.804688,0,0,0,0,0,0,0,0,0
2019-12-10,18670.000000,18670.000000,18590.000000,18590.000000,15880.125977,2,0,0,0,0,0,0,0,0
2019-12-11,18670.000000,18670.000000,18590.000000,18590.000000,15880.125977,2,0,0,0,0,0,0,0,0
2019-12-12,18590.000000,18590.000000,18590.000000,18590.000000,15880.125977,0,0,0,0,0,0,0,0,0
2019-12-13,18590.000000,18590.000000,18590.000000,18590.000000,15880.125977,0,0,0,0,0,0,0,0,0
2019-12-16,18590.000000,18590.000000,18590.000000,18590.000000,15880.125977,0,0,0,0,0,0,0,0,0
2019-12-17,18590.000000,18590.000000,18590.000000,18590.000000,15880.125977,0,0,0,0,0,0,0,0,0
2019-12-18,18490.000000,18490.000000,18490.000000,18490.000000,15794.702148,1,0,0,0,0,0,0,0,0
2019-12-19,18490.000000,18490.000000,18490.000000,18490.000000,15794.702148,1,0,0,0,0,0,0,0,0
2019-12-20,18490.000000,18490.000000,18490.000000,18490.000000,15794.702148,0,0,0,0,0,0,0,0,0
2019-12-23,18490.000000,18490.000000,18490.000000,18490.000000,15794.702148,0,0,0,0,0,0,0,0,0
2019-12-24,18480.000000,18480.000000,18480.000000,18480.000000,15786.160156,10,0,0,0,0,0,0,0,0
2019-12-25,18480.000000,18530.000000,18480.000000,18530.000000,15828.871094,6,0,0,0,0,0,0,0,0
2019-12-26,18480.000000,18530.000000,18480.000000,18530.000000,15828.871094,6,0,0,0,0,0,0,0,0
2019-12-27,18530.000000,18530.000000,18530.000000,18530.000000,15828.871094,0,0,0,0,0,0,0,0,0
2019-12-30,18530.000000,18530.000000,18530.000000,18530.000000,15828.871094,0,0,0,0,0,0,0,0,0
2020-01-06,18180.000000,18180.000000,18180.000000,18180.000000,15529.891602,3,0,0,0,0,0,0,0,0
2020-01-07,18190.000000,18190.000000,18190.000000,18190.000000,15538.434570,1,0,0,0,0,0,0,0,0
2020-01-08,18190.000000,18190.000000,18190.000000,18190.000000,15538.434570,1,0,0,0,0,0,0,0,0
2020-01-09,18190.000000,18190.000000,18190.000000,18190.000000,15538.434570,0,0,0,0,0,0,0,0,0
2020-01-10,18190.000000,18190.000000,18190.000000,18190.000000,15538.434570,0,0,0,0,0,0,0,0,0
2020-01-14,18190.000000,18190.000000,18190.000000,18190.000000,15538.434570,0,0,0,0,0,0,0,0,0
2020-01-15,18450.000000,18450.000000,18450.000000,18450.000000,15760.534180,1,0,0,0,0,0,0,0,0
2020-01-16,18450.000000,18450.000000,18450.000000,18450.000000,15760.534180,1,0,0,0,0,0,0,0,0
2020-01-17,18450.000000,18450.000000,18450.000000,18450.000000,15760.534180,0,0,0,0,0,0,0,0,0
2020-01-20,18450.000000,18450.000000,18450.000000,18450.000000,15760.534180,0,0,0,0,0,0,0,0,0
2020-01-21,18270.000000,18270.000000,18270.000000,18270.000000,15606.772461,200,0,0,0,0,0,0,0,0
2020-01-22,18190.000000,18190.000000,18190.000000,18190.000000,15538.434570,2,0,0,0,0,0,0,0,0
2020-01-23,18190.000000,18190.000000,18190.000000,18190.000000,15538.434570,2,0,0,0,0,0,0,0,0
2020-01-24,18190.000000,18190.000000,18190.000000,18190.000000,15538.434570,0,0,0,0,0,0,0,0,0
2020-01-27,17930.000000,17930.000000,17760.000000,17780.000000,15188.200195,14,0,0,0,0,0,0,0,0
2020-01-28,17930.000000,17930.000000,17760.000000,17780.000000,15188.200195,14,0,0,0,0,0,0,0,0
2020-01-29,17850.000000,17850.000000,17850.000000,17850.000000,15247.996094,2,0,0,0,0,0,0,0,0
2020-01-30,17850.000000,17850.000000,17850.000000,17850.000000,15247.996094,2,0,0,0,0,0,0,0,0
2020-01-31,17850.000000,17850.000000,17850.000000,17850.000000,15247.996094,0,0,0,0,0,0,0,0,0
2020-02-03,17530.000000,17560.000000,17530.000000,17560.000000,15000.270508,5,0,0,0,0,0,0,0,0
2020-02-04,17690.000000,17790.000000,17690.000000,17790.000000,15196.743164,32,0,0,0,0,0,0,0,0
2020-02-05,17690.000000,17790.000000,17690.000000,17790.000000,15196.743164,32,0,0,0,0,0,0,0,0
2020-02-06,17790.000000,17790.000000,17790.000000,17790.000000,15196.743164,0,0,0,0,0,0,0,0,0
2020-02-07,17790.000000,17790.000000,17790.000000,17790.000000,15196.743164,0,0,0,0,0,0,0,0,0
2020-02-10,17790.000000,17790.000000,17790.000000,17790.000000,15196.743164,1,0,0,0,0,0,0,0,0
2020-02-12,17740.000000,17740.000000,17740.000000,17740.000000,15154.032227,1,0,0,0,0,0,0,0,0
2020-02-13,17740.000000,17740.000000,17740.000000,17740.000000,15154.032227,0,0,0,0,0,0,0,0,0
2020-02-14,17570.000000,17570.000000,17420.000000,17420.000000,14880.676758,11,0,0,0,0,0,0,0,0
2020-02-17,17010.000000,17010.000000,16940.000000,16940.000000,14470.647461,2,0,0,0,0,0,0,0,0
2020-02-18,17010.000000,17010.000000,16940.000000,16940.000000,14470.647461,2,0,0,0,0,0,0,0,0
2020-02-19,17120.000000,17120.000000,16950.000000,16950.000000,14479.190430,3,0,0,0,0,0,0,0,0
2020-02-20,16870.000000,16870.000000,16810.000000,16810.000000,14359.596680,5,0,0,0,0,0,0,0,0
2020-02-21,16870.000000,16870.000000,16810.000000,16810.000000,14359.596680,5,0,0,0,0,0,0,0,0
2020-02-25,16490.000000,16490.000000,16110.000000,16180.000000,13821.433594,66,0,0,0,0,0,0,0,0
2020-02-26,16110.000000,16110.000000,15800.000000,15920.000000,13599.333984,45,0,0,0,0,0,0,0,0
2020-02-27,15860.000000,15860.000000,15470.000000,15470.000000,13214.930664,72,0,0,0,0,0,0,0,0
2020-02-28,15470.000000,15470.000000,14920.000000,15050.000000,12856.153320,97,0,0,0,0,0,0,0,0
2020-03-02,14900.000000,15310.000000,14810.000000,15310.000000,13078.252930,123,0,0,0,0,0,0,0,0
2020-03-03,15450.000000,15450.000000,15100.000000,15100.000000,12898.866211,284,0,0,0,0,0,0,0,0
2020-03-04,15010.000000,15010.000000,14760.000000,14970.000000,12787.814453,221,0,0,0,0,0,0,0,0
2020-03-05,15020.000000,15040.000000,15000.000000,15040.000000,12847.611328,178,0,0,0,0,0,0,0,0
2020-03-06,14970.000000,15080.000000,14500.000000,14540.000000,12420.496094,461,0,0,0,0,0,0,0,0
2020-03-09,14290.000000,14290.000000,13790.000000,13790.000000,11779.825195,270,0,0,0,0,0,0,0,0
2020-03-10,13790.000000,14110.000000,13270.000000,14090.000000,12036.092773,392,0,0,0,0,0,0,0,0
2020-03-11,14150.000000,14250.000000,14020.000000,14020.000000,11976.296875,207,0,0,0,0,0,0,0,0
2020-03-12,13720.000000,13810.000000,13390.000000,13670.000000,11677.317383,415,0,0,0,0,0,0,0,0
2020-03-13,13000.000000,13000.000000,12280.000000,12740.000000,10882.883789,97,0,0,0,0,0,0,0,0
2020-03-16,13050.000000,13460.000000,13050.000000,13460.000000,11497.928711,47,0,0,0,0,0,0,0,0
2020-03-17,12900.000000,13170.000000,12900.000000,13080.000000,11173.321289,16,0,0,0,0,0,0,0,0
2020-03-18,13680.000000,14540.000000,13680.000000,14000.000000,11959.212891,446,0,0,0,0,0,0,0,0
2020-03-19,14490.000000,14930.000000,14430.000000,14690.000000,12548.629883,700,0,0,0,0,0,0,0,0
2020-03-23,14540.000000,14930.000000,14540.000000,14640.000000,12505.918945,28,0,0,0,0,0,0,0,0
2020-03-24,14930.000000,14930.000000,14420.000000,14720.000000,12574.257813,38,0,0,0,0,0,0,0,0
2020-03-25,14860.000000,15120.000000,14860.000000,15110.000000,12907.407227,56,0,0,0,0,0,0,0,0
2020-03-26,14670.000000,15000.000000,14670.000000,15000.000000,12813.442383,16,0,0,0,0,0,0,0,0
2020-03-27,15000.000000,15380.000000,15000.000000,15380.000000,13138.050781,53,0,0,0,0,0,0,0,0
2020-03-30,15010.000000,15300.000000,15010.000000,15300.000000,13069.710938,26,0,0,0,0,0,0,0,0
2020-03-31,15300.000000,15300.000000,15230.000000,15230.000000,13009.915039,32,0,0,0,0,0,0,0,0
2020-04-01,14610.000000,14610.000000,14610.000000,14610.000000,12480.292969,3,0,0,0,0,0,0,0,0
2020-04-02,14610.000000,14610.000000,14500.000000,14500.000000,12386.328125,7,0,0,0,0,0,0,0,0
2020-04-03,14270.000000,14610.000000,14270.000000,14270.000000,12189.855469,11,0,0,0,0,0,0,0,0
2020-04-06,14270.000000,14510.000000,14140.000000,14510.000000,12394.870117,10,0,0,0,0,0,0,0,0
2020-04-07,15070.000000,15110.000000,15070.000000,15110.000000,12907.407227,13,0,0,0,0,0,0,0,0
2020-04-08,15190.000000,15530.000000,14990.000000,15530.000000,13266.184570,137,0,0,0,0,0,0,0,0
2020-04-09,15700.000000,15700.000000,15090.000000,15090.000000,12890.323242,50,0,0,0,0,0,0,0,0
2020-04-10,15030.000000,15030.000000,14710.000000,14710.000000,12565.714844,23,0,0,0,0,0,0,0,0
2020-04-13,15000.000000,15000.000000,14750.000000,14750.000000,12599.883789,28,0,0,0,0,0,0,0,0
2020-04-14,14770.000000,14770.000000,14770.000000,14770.000000,12616.969727,2,0,0,0,0,0,0,0,0
2020-04-15,15070.000000,15140.000000,15030.000000,15140.000000,12933.034180,66,0,0,0,0,0,0,0,0
2020-04-16,15250.000000,15310.000000,14980.000000,15030.000000,12839.069336,258,0,0,0,0,0,0,0,0
2020-04-17,15100.000000,15100.000000,15100.000000,15100.000000,12898.866211,1,0,0,0,0,0,0,0,0
2020-04-20,15020.000000,15100.000000,15020.000000,15100.000000,12898.866211,6,0,0,0,0,0,0,0,0
2020-04-21,14890.000000,15020.000000,14890.000000,14890.000000,12719.476563,32,0,0,0,0,0,0,0,0
2020-04-22,14890.000000,15080.000000,14890.000000,15080.000000,12881.781250,2,0,0,0,0,0,0,0,0
2020-04-23,15010.000000,15010.000000,14990.000000,14990.000000,12804.899414,3,0,0,0,0,0,0,0,0
2020-04-24,14990.000000,14990.000000,14990.000000,14990.000000,12804.899414,0,0,0,0,0,0,0,0,0
2020-04-27,15290.000000,15290.000000,14900.000000,15170.000000,12958.661133,7,0,0,0,0,0,0,0,0
2020-04-28,15220.000000,15220.000000,15060.000000,15060.000000,12864.696289,3,0,0,0,0,0,0,0,0
2020-04-30,15160.000000,15290.000000,14800.000000,14800.000000,12642.597656,389,0,0,0,0,0,0,0,0
2020-05-01,15050.000000,15050.000000,14600.000000,14600.000000,12471.750000,107,0,0,0,0,0,0,0,0
2020-05-07,14480.000000,14480.000000,14000.000000,14190.000000,12121.516602,44,0,0,0,0,0,0,0,0
2020-05-08,14190.000000,14680.000000,14190.000000,14460.000000,12352.158203,19,0,0,0,0,0,0,0,0
2020-05-11,14770.000000,15200.000000,14770.000000,15200.000000,12984.287109,58,0,0,0,0,0,0,0,0
2020-05-12,15200.000000,15250.000000,15090.000000,15100.000000,12898.866211,16,0,0,0,0,0,0,0,0
2020-05-13,15000.000000,15000.000000,14980.000000,14980.000000,12796.357422,9,0,0,0,0,0,0,0,0
2020-05-14,14900.000000,14900.000000,14900.000000,14900.000000,12728.018555,5,0,0,0,0,0,0,0,0
2020-05-15,15140.000000,15140.000000,14950.000000,15000.000000,12813.442383,213,0,0,0,0,0,0,0,0
2020-05-18,14980.000000,14980.000000,14900.000000,14980.000000,12796.357422,62,0,0,0,0,0,0,0,0
2020-05-19,15030.000000,15030.000000,15030.000000,15030.000000,12839.069336,1,0,0,0,0,0,0,0,0
2020-05-20,15060.000000,15400.000000,15060.000000,15400.000000,13155.134766,14,0,0,0,0,0,0,0,0
2020-05-21,15530.000000,15530.000000,15300.000000,15370.000000,13129.507813,15,0,0,0,0,0,0,0,0
2020-05-22,15050.000000,15340.000000,14990.000000,15260.000000,13035.541016,15,0,0,0,0,0,0,0,0
2020-05-25,15260.000000,15670.000000,15220.000000,15670.000000,13385.776367,54,0,0,0,0,0,0,0,0
2020-05-26,16000.000000,16150.000000,15950.000000,16150.000000,13795.805664,37,0,0,0,0,0,0,0,0
2020-05-27,16360.000000,16360.000000,15820.000000,16180.000000,13821.433594,71,0,0,0,0,0,0,0,0
2020-05-28,16190.000000,16220.000000,16130.000000,16220.000000,13855.602539,79,0,0,0,0,0,0,0,0
2020-05-29,16160.000000,16170.000000,16150.000000,16160.000000,13804.348633,94,0,0,0,0,0,0,0,0
2020-06-01,16170.000000,16170.000000,15900.000000,15920.000000,13599.333984,83,0,0,0,0,0,0,0,0
2020-06-02,16040.000000,16210.000000,16040.000000,16210.000000,13847.060547,220,0,0,0,0,0,0,0,0
2020-06-03,16300.000000,16300.000000,16150.000000,16170.000000,13812.890625,415,0,0,0,0,0,0,0,0
2020-06-04,16380.000000,16380.000000,15720.000000,16080.000000,13736.009766,547,0,0,0,0,0,0,0,0
2020-06-05,16250.000000,16320.000000,16160.000000,16320.000000,13941.024414,62,0,0,0,0,0,0,0,0
2020-06-08,16530.000000,16530.000000,16290.000000,16420.000000,14026.448242,407,0,0,0,0,0,0,0,0
2020-06-09,16530.000000,16560.000000,16400.000000,16400.000000,14009.363281,227,0,0,0,0,0,0,0,0
2020-06-10,16350.000000,16370.000000,16310.000000,16320.000000,13941.024414,146,0,0,0,0,0,0,0,0
2020-06-11,16120.000000,16120.000000,16000.000000,16000.000000,13667.670898,82,0,0,0,0,0,0,0,0
2020-06-12,15640.000000,15820.000000,15480.000000,15820.000000,13513.910156,201,0,0,0,0,0,0,0,0
2020-06-15,15780.000000,15780.000000,15500.000000,15500.000000,13240.556641,88,0,0,0,0,0,0,0,0
2020-06-16,15620.000000,15870.000000,15590.000000,15870.000000,13556.621094,15,0,0,0,0,0,0,0,0
2020-06-17,15640.000000,15650.000000,15640.000000,15650.000000,13368.691406,5,0,0,0,0,0,0,0,0
2020-06-18,15540.000000,15540.000000,15350.000000,15470.000000,13214.930664,149,0,0,0,0,0,0,0,0
2020-06-19,15660.000000,15700.000000,15610.000000,15610.000000,13334.522461,48,0,0,0,0,0,0,0,0
2020-06-22,15460.000000,15460.000000,15230.000000,15230.000000,13009.915039,148,0,0,0,0,0,0,0,0
2020-06-23,15390.000000,15510.000000,15300.000000,15410.000000,13163.676758,269,0,0,0,0,0,0,0,0
2020-06-24,15350.000000,15350.000000,15260.000000,15280.000000,13052.625977,87,0,0,0,0,0,0,0,0
2020-06-25,15160.000000,15160.000000,15070.000000,15070.000000,12873.238281,62,0,0,0,0,0,0,0,0
2020-06-26,15200.000000,15290.000000,15170.000000,15210.000000,12992.830078,141,0,0,0,0,0,0,0,0
2020-06-29,15060.000000,15060.000000,14960.000000,14960.000000,12779.272461,23,1,5800000,1,5800000,1,5800000,0,0
2020-06-30,15060.000000,15060.000000,15050.000000,15050.000000,12856.153320,73,0,0,0,0,0,0,0,0
2020-07-01,15040.000000,15040.000000,14650.000000,14700.000000,12557.172852,40,0,0,0,0,0,0,0,0
2020-07-02,15000.000000,15000.000000,14850.000000,14900.000000,12728.018555,11,0,0,0,0,0,0,0,0
2020-07-03,14850.000000,14850.000000,14670.000000,14670.000000,12531.545898,12,0,0,0,0,0,0,0,0
2020-07-06,14710.000000,14970.000000,14710.000000,14920.000000,12745.103516,81,0,0,0,0,0,0,0,0
2020-07-07,14910.000000,14910.000000,14800.000000,14800.000000,12642.597656,187,0,0,0,0,0,0,0,0
2020-07-08,14740.000000,14840.000000,14620.000000,14620.000000,12488.833984,215,0,0,0,0,0,0,0,0
2020-07-09,14670.000000,14670.000000,14390.000000,14570.000000,12446.124023,199,0,0,0,0,0,0,0,0
2020-07-10,14530.000000,14530.000000,14260.000000,14260.000000,12181.312500,49,0,0,0,0,0,0,0,0
2020-07-13,14470.000000,14580.000000,14440.000000,14580.000000,12454.666016,126,0,0,0,0,0,0,0,0
2020-07-14,13430.000000,13430.000000,13250.000000,13250.000000,11318.541016,2138,0,0,0,0,0,0,0,0
2020-07-15,13450.000000,13590.000000,13390.000000,13480.000000,12538.948242,1926,0,0,0,0,0,0,0,0
2020-07-16,13620.000000,13710.000000,13550.000000,13610.000000,12659.874023,661,0,0,0,0,0,0,0,0
2020-07-17,13550.000000,13580.000000,13440.000000,13450.000000,12511.041992,530,0,0,0,0,0,0,0,0
2020-07-20,13460.000000,13460.000000,13210.000000,13280.000000,12352.911133,815,0,0,0,0,0,0,0,0
2020-07-21,13290.000000,13290.000000,13220.000000,13230.000000,12306.401367,440,0,0,0,0,0,0,0,0
2020-07-22,13200.000000,13230.000000,12970.000000,12970.000000,12064.552734,1029,0,0,0,0,0,0,0,0
2020-07-27,12860.000000,12970.000000,12720.000000,12940.000000,12036.646484,619,0,0,0,0,0,0,0,0
2020-07-28,13020.000000,13020.000000,12800.000000,12800.000000,11906.419922,165,0,0,0,0,0,0,0,0
2020-07-29,12740.000000,12750.000000,12600.000000,12600.000000,11720.381836,1116,0,0,0,0,0,0,0,0
2020-07-30,12640.000000,12710.000000,12170.000000,12170.000000,11320.400391,931,0,0,0,0,0,0,0,0
2020-07-31,12020.000000,12160.000000,11820.000000,11820.000000,10994.835938,891,0,0,0,0,0,0,0,0
2020-08-03,11950.000000,12050.000000,11820.000000,12000.000000,11162.269531,1011,0,0,0,0,0,0,0,0
2020-08-04,12080.000000,12690.000000,12070.000000,12690.000000,11804.099609,220,0,0,0,0,0,0,0,0
2020-08-05,12660.000000,12660.000000,12360.000000,12510.000000,11636.666016,296,0,0,0,0,0,0,0,0
2020-08-06,12570.000000,12570.000000,12290.000000,12290.000000,11432.023438,160,0,0,0,0,0,0,0,0
2020-08-07,12300.000000,12670.000000,12300.000000,12640.000000,11757.589844,398,0,0,0,0,0,0,0,0
2020-08-11,12790.000000,13200.000000,12790.000000,13150.000000,12231.986328,2069,0,0,0,0,0,0,0,0
2020-08-12,13630.000000,13630.000000,13140.000000,13350.000000,12418.023438,1456,0,0,0,0,0,0,0,0
2020-08-13,13550.000000,13550.000000,13300.000000,13540.000000,12594.759766,1074,0,0,0,0,0,0,0,0
2020-08-14,13460.000000,13520.000000,13340.000000,13390.000000,12455.231445,1320,0,0,0,0,0,0,0,0
2020-08-17,13600.000000,13600.000000,13300.000000,13330.000000,12399.419922,417,0,0,0,0,0,0,0,0
2020-08-18,13220.000000,13450.000000,13150.000000,13340.000000,12408.722656,410,0,0,0,0,0,0,0,0
2020-08-19,13270.000000,13450.000000,13260.000000,13450.000000,12511.041992,177,0,0,0,0,0,0,0,0
2020-08-20,13340.000000,13500.000000,13340.000000,13400.000000,12464.533203,790,0,0,0,0,0,0,0,0
2020-08-21,13440.000000,13530.000000,13400.000000,13480.000000,12538.948242,208,0,0,0,0,0,0,0,0
2020-08-24,13530.000000,13530.000000,13360.000000,13360.000000,12427.326172,627,0,0,0,0,0,0,0,0
2020-08-25,13590.000000,13780.000000,13590.000000,13690.000000,12734.289063,589,0,0,0,0,0,0,0,0
2020-08-26,13650.000000,13720.000000,13560.000000,13700.000000,12743.590820,402,0,0,0,0,0,0,0,0
2020-08-27,13670.000000,13670.000000,13510.000000,13510.000000,12566.853516,306,0,0,0,0,0,0,0,0
2020-08-28,13640.000000,13950.000000,13500.000000,13590.000000,12641.270508,1222,0,0,0,0,0,0,0,0
2020-08-31,13950.000000,14070.000000,13900.000000,13900.000000,12929.627930,792,0,0,0,0,0,0,0,0
2020-09-01,13790.000000,13790.000000,13680.000000,13720.000000,12762.194336,297,0,0,0,0,0,0,0,0
2020-09-02,13780.000000,13900.000000,13710.000000,13870.000000,12901.722656,193,0,0,0,0,0,0,0,0
2020-09-03,13980.000000,13980.000000,13810.000000,13860.000000,12892.420898,316,0,0,0,0,0,0,0,0
2020-09-04,13740.000000,13880.000000,13660.000000,13800.000000,12836.609375,478,0,0,0,0,0,0,0,0
2020-09-07,13860.000000,13910.000000,13810.000000,13910.000000,12938.930664,307,0,0,0,0,0,0,0,0
2020-09-08,14000.000000,14000.000000,13860.000000,13960.000000,12985.439453,301,0,0,0,0,0,0,0,0
2020-09-09,13720.000000,13900.000000,13670.000000,13870.000000,12901.722656,360,0,0,0,0,0,0,0,0
2020-09-10,13940.000000,14140.000000,13870.000000,14070.000000,13087.759766,270,0,0,0,0,0,0,0,0
2020-09-11,14110.000000,14360.000000,14000.000000,14350.000000,13348.213867,608,0,0,0,0,0,0,0,0
2020-09-14,14440.000000,14530.000000,14390.000000,14440.000000,13431.930664,981,0,0,0,0,0,0,0,0
2020-09-15,14740.000000,14740.000000,14050.000000,14160.000000,13171.477539,419,0,0,0,0,0,0,0,0
2020-09-16,14110.000000,14110.000000,14000.000000,14020.000000,13041.250000,287,0,0,0,0,0,0,0,0
2020-09-17,14160.000000,14160.000000,13750.000000,13770.000000,12808.704102,464,0,0,0,0,0,0,0,0
2020-09-18,13770.000000,13960.000000,13770.000000,13950.000000,12976.137695,294,0,0,0,0,0,0,0,0
2020-09-23,14210.000000,14210.000000,13870.000000,14150.000000,13162.174805,415,0,0,0,0,0,0,0,0
2020-09-24,14070.000000,14110.000000,13980.000000,14030.000000,13050.552734,184,0,0,0,0,0,0,0,0
2020-09-25,14110.000000,14110.000000,13900.000000,13910.000000,12938.930664,110,0,0,0,0,0,0,0,0
2020-09-28,13970.000000,14080.000000,13770.000000,14080.000000,13097.061523,201,0,0,0,0,0,0,0,0
2020-09-29,14100.000000,14100.000000,13910.000000,14010.000000,13031.949219,93,0,0,0,0,0,0,0,0
2020-09-30,13940.000000,13990.000000,13640.000000,13650.000000,12697.082031,469,0,0,0,0,0,0,0,0
2020-10-02,13890.000000,13890.000000,13290.000000,13350.000000,12418.023438,616,0,0,0,0,0,0,0,0
2020-10-05,13540.000000,13820.000000,13540.000000,13770.000000,12808.704102,161,0,0,0,0,0,0,0,0
2020-10-06,13820.000000,13840.000000,13700.000000,13790.000000,12827.307617,254,0,0,0,0,0,0,0,0
2020-10-07,13680.000000,13730.000000,13610.000000,13730.000000,12771.497070,186,0,0,0,0,0,0,0,0
2020-10-08,13680.000000,13800.000000,13650.000000,13730.000000,12771.497070,299,0,0,0,0,0,0,0,0
2020-10-09,13730.000000,13730.000000,13570.000000,13600.000000,12650.572266,360,0,0,0,0,0,0,0,0
2020-10-12,13540.000000,13620.000000,13520.000000,13570.000000,12622.666992,1307,0,0,0,0,0,0,0,0
2020-10-13,13600.000000,13660.000000,13550.000000,13660.000000,12706.382813,85,0,0,0,0,0,0,0,0
2020-10-14,13600.000000,13600.000000,13490.000000,13540.000000,12594.759766,230,0,0,0,0,0,0,0,0
2020-10-15,13540.000000,13540.000000,13390.000000,13430.000000,12492.438477,140,0,0,0,0,0,0,0,0
2020-10-16,13380.000000,13380.000000,13200.000000,13200.000000,12278.496094,529,0,0,0,0,0,0,0,0
2020-10-19,13500.000000,13500.000000,13290.000000,13330.000000,12399.419922,388,0,0,0,0,0,0,0,0
2020-10-20,13260.000000,13260.000000,12930.000000,12960.000000,12055.250977,576,0,0,0,0,0,0,0,0
2020-10-21,12980.000000,13190.000000,12980.000000,13110.000000,12194.779297,178,0,0,0,0,0,0,0,0
2020-10-22,13020.000000,13020.000000,12840.000000,12910.000000,12008.740234,643,0,0,0,0,0,0,0,0
2020-10-23,12950.000000,13060.000000,12930.000000,13020.000000,12111.062500,349,0,0,0,0,0,0,0,0
2020-10-26,13130.000000,13130.000000,12950.000000,13020.000000,12111.062500,98,0,0,0,0,0,0,0,0
2020-10-27,12910.000000,12910.000000,12790.000000,12850.000000,11952.929688,518,0,0,0,0,0,0,0,0
2020-10-28,12790.000000,12810.000000,12740.000000,12810.000000,11915.721680,612,0,0,0,0,0,0,0,0
2020-10-29,12630.000000,12820.000000,12570.000000,12710.000000,11822.703125,649,0,0,0,0,0,0,0,0
2020-10-30,12660.000000,12660.000000,12440.000000,12490.000000,11618.062500,676,0,0,0,0,0,0,0,0
2020-11-02,12530.000000,12900.000000,12530.000000,12850.000000,11952.929688,493,0,0,0,0,0,0,0,0
2020-11-04,13100.000000,13100.000000,12950.000000,12970.000000,12064.552734,324,0,0,0,0,0,0,0,0
2020-11-05,12920.000000,13040.000000,12880.000000,13040.000000,12129.666016,225,0,0,0,0,0,0,0,0
2020-11-06,13040.000000,13080.000000,12990.000000,13080.000000,12166.874023,204,0,0,0,0,0,0,0,0
2020-11-09,13160.000000,13160.000000,12940.000000,13080.000000,12166.874023,567,0,0,0,0,0,0,0,0
2020-11-10,13980.000000,14090.000000,13770.000000,14090.000000,13106.364258,1961,0,0,0,0,0,0,0,0
2020-11-11,14310.000000,14370.000000,14020.000000,14200.000000,13208.684570,1428,0,0,0,0,0,0,0,0
2020-11-12,14090.000000,14160.000000,13950.000000,14100.000000,13115.665039,572,0,0,0,0,0,0,0,0
2020-11-13,13800.000000,13860.000000,13550.000000,13630.000000,12678.477539,691,0,0,0,0,0,0,0,0
2020-11-16,13850.000000,14000.000000,13750.000000,13970.000000,12994.741211,553,0,0,0,0,0,0,0,0
2020-11-17,14190.000000,14200.000000,14050.000000,14150.000000,13162.174805,1712,0,0,0,0,0,0,0,0
2020-11-18,14290.000000,14290.000000,13990.000000,14040.000000,13059.854492,590,0,0,0,0,0,0,0,0
2020-11-19,14000.000000,14210.000000,13920.000000,14210.000000,13217.987305,448,0,0,0,0,0,0,0,0
2020-11-20,14100.000000,14140.000000,14050.000000,14090.000000,13106.364258,128,0,0,0,0,0,0,0,0
2020-11-24,14390.000000,14560.000000,14300.000000,14420.000000,13413.327148,1036,0,0,0,0,0,0,0,0
2020-11-25,14630.000000,14680.000000,14420.000000,14430.000000,13422.627930,1021,0,0,0,0,0,0,0,0
2020-11-26,14240.000000,14400.000000,14220.000000,14300.000000,13301.704102,563,0,0,0,0,0,0,0,0
2020-11-27,14330.000000,14420.000000,14250.000000,14250.000000,13255.194336,297,0,0,0,0,0,0,0,0
2020-11-30,14240.000000,14240.000000,13800.000000,13830.000000,12864.515625,1596,0,0,0,0,0,0,0,0
2020-12-01,13990.000000,14000.000000,13780.000000,13920.000000,12948.231445,553,0,0,0,0,0,0,0,0
2020-12-02,14020.000000,14150.000000,14020.000000,14090.000000,13106.364258,375,0,0,0,0,0,0,0,0
2020-12-03,14390.000000,14480.000000,14150.000000,14460.000000,13450.534180,312,0,0,0,0,0,0,0,0
2020-12-04,14260.000000,14360.000000,14150.000000,14200.000000,13208.684570,509,0,0,0,0,0,0,0,0
2020-12-07,14320.000000,14320.000000,14070.000000,14080.000000,13097.061523,387,0,0,0,0,0,0,0,0
2020-12-08,14040.000000,14320.000000,13980.000000,14000.000000,13022.646484,664,0,0,0,0,0,0,0,0
2020-12-09,14060.000000,14140.000000,14030.000000,14140.000000,13152.873047,100,0,0,0,0,0,0,0,0
2020-12-10,14130.000000,14190.000000,14080.000000,14100.000000,13115.665039,328,0,0,0,0,0,0,0,0
2020-12-11,14070.000000,14160.000000,13980.000000,14160.000000,13171.477539,671,0,0,0,0,0,0,0,0
2020-12-14,14410.000000,14410.000000,14170.000000,14240.000000,13245.893555,386,0,0,0,0,0,0,0,0
2020-12-15,14190.000000,14190.000000,13990.000000,14130.000000,13143.571289,539,0,0,0,0,0,0,0,0
2020-12-16,14200.000000,14210.000000,14050.000000,14190.000000,13199.383789,413,1,200000,0,0,0,0,0,0
2020-12-17,14020.000000,14020.000000,13860.000000,13890.000000,12920.326172,1074,0,0,0,0,0,0,0,0
2020-12-18,14020.000000,14020.000000,13780.000000,13820.000000,12855.212891,736,0,0,0,0,0,0,0,0
2020-12-21,13830.000000,13870.000000,13610.000000,13680.000000,12724.987305,1075,0,0,0,0,0,0,0,0
2020-12-22,13530.000000,13530.000000,13360.000000,13410.000000,12473.834961,713,0,0,0,0,0,0,0,0
2020-12-23,13480.000000,13480.000000,13370.000000,13450.000000,12511.041992,404,0,0,0,0,0,0,0,0
2020-12-24,13540.000000,13630.000000,13520.000000,13520.000000,12576.156250,410,0,0,0,0,0,0,0,0
2020-12-25,13630.000000,13670.000000,13600.000000,13660.000000,12706.382813,462,0,0,0,0,0,0,0,0
2020-12-28,13710.000000,13770.000000,13640.000000,13720.000000,12762.194336,1864,0,0,0,0,0,0,0,0
2020-12-29,13860.000000,14100.000000,13830.000000,14100.000000,13115.665039,1595,0,0,0,0,0,0,0,0
2020-12-30,14130.000000,14200.000000,14010.000000,14100.000000,13115.665039,1703,0,0,0,0,0,0,0,0
2021-01-04,14110.000000,14110.000000,13660.000000,13780.000000,12818.005859,1838,0,0,0,0,0,0,0,0
2021-01-05,13700.000000,14160.000000,13590.000000,14160.000000,13171.477539,1218,0,0,0,0,0,0,0,0
2021-01-06,13860.000000,13970.000000,13610.000000,13970.000000,12994.741211,456,0,0,0,0,0,0,0,0
2021-01-07,14270.000000,14270.000000,13980.000000,14100.000000,13115.665039,312,1,2000000,1,2000000,0,0,0,0
2021-01-08,14130.000000,14130.000000,14070.000000,14130.000000,13143.571289,750,0,0,0,0,0,0,0,0
2021-01-12,14000.000000,14170.000000,13900.000000,14110.000000,13124.967773,494,0,0,0,0,0,0,0,0
2021-01-13,14180.000000,14260.000000,14120.000000,14200.000000,13208.684570,239,0,0,0,0,0,0,0,0
2021-01-14,14200.000000,14250.000000,14150.000000,14220.000000,13227.289063,313,0,0,0,0,0,0,0,0
2021-01-15,14230.000000,14290.000000,14130.000000,14200.000000,13208.684570,393,0,0,0,0,0,0,0,0
2021-01-18,14500.000000,14500.000000,14010.000000,14070.000000,13087.759766,1583,0,0,0,0,0,0,0,0
2021-01-19,14110.000000,14190.000000,14010.000000,14140.000000,13152.873047,4067,0,0,0,0,0,0,0,0
2021-01-20,14160.000000,14160.000000,13880.000000,13890.000000,12920.326172,1014,0,0,0,0,0,0,0,0
2021-01-21,14020.000000,14090.000000,13910.000000,13960.000000,12985.439453,701,0,0,0,0,0,0,0,0
2021-01-22,13870.000000,13900.000000,13780.000000,13870.000000,12901.722656,1391,0,0,0,0,0,0,0,0
2021-01-25,13930.000000,13950.000000,13860.000000,13940.000000,12966.834961,336,0,0,0,0,0,0,0,0
2021-01-26,13920.000000,13920.000000,13750.000000,13800.000000,12836.609375,1161,0,0,0,0,0,0,0,0
2021-01-27,13800.000000,13910.000000,13700.000000,13740.000000,12780.797852,689,0,0,0,0,0,0,0,0
2021-01-28,13570.000000,13910.000000,13570.000000,13910.000000,12938.930664,979,0,0,0,0,0,0,0,0
2021-01-29,13910.000000,13950.000000,13780.000000,13780.000000,12818.005859,1100,0,0,0,0,0,0,0,0
2021-02-01,13700.000000,13780.000000,13650.000000,13720.000000,12762.194336,1284,0,0,0,0,0,0,0,0
2021-02-02,13780.000000,14000.000000,13750.000000,13980.000000,13004.042969,488,0,0,0,0,0,0,0,0
2021-02-03,14080.000000,14470.000000,14080.000000,14450.000000,13441.232422,1638,0,0,0,0,0,0,0,0
2021-02-04,14500.000000,14800.000000,14420.000000,14490.000000,13478.439453,1639,0,0,0,0,0,0,0,0
2021-02-05,14670.000000,14920.000000,14590.000000,14920.000000,13878.420898,1763,0,0,0,0,0,0,0,0
2021-02-08,15100.000000,15380.000000,15080.000000,15290.000000,14222.590820,3093,0,0,0,0,0,0,0,0
2021-02-09,15490.000000,15490.000000,15110.000000,15150.000000,14092.364258,1929,0,0,0,0,0,0,0,0
2021-02-10,15090.000000,15450.000000,15090.000000,15330.000000,14259.798828,1120,0,0,0,0,0,0,0,0
2021-02-12,15370.000000,15370.000000,15150.000000,15360.000000,14287.704102,890,0,0,0,0,0,0,0,0
2021-02-15,15500.000000,15520.000000,15390.000000,15390.000000,14315.610352,1112,1,7700000,1,7700000,1,7700000,0,0
2021-02-16,15420.000000,15530.000000,15350.000000,15440.000000,14362.119141,1126,0,0,0,0,0,0,0,0
2021-02-17,15400.000000,15580.000000,15350.000000,15580.000000,14492.345703,720,0,0,0,0,0,0,0,0
2021-02-18,15720.000000,15730.000000,15510.000000,15520.000000,14436.534180,1369,0,0,0,0,0,0,0,0
2021-02-19,15500.000000,15500.000000,15200.000000,15430.000000,14352.818359,1213,0,0,0,0,0,0,0,0
2021-02-22,15500.000000,16100.000000,15500.000000,16080.000000,14957.440430,1296,0,0,0,0,0,0,0,0
2021-02-24,17200.000000,17840.000000,16500.000000,17370.000000,16157.382813,2285,0,0,0,0,0,0,0,0
2021-02-25,17710.000000,18000.000000,17050.000000,17690.000000,16455.044922,1992,0,0,0,0,0,0,0,0
2021-02-26,17290.000000,17290.000000,15280.000000,15310.000000,14241.194336,13192,0,0,0,0,0,0,0,0
2021-03-01,15490.000000,15490.000000,15210.000000,15350.000000,14278.402344,3860,0,0,0,0,0,0,0,0
2021-03-02,15500.000000,15500.000000,15030.000000,15210.000000,14148.175781,2903,0,0,0,0,0,0,0,0
2021-03-03,15300.000000,15370.000000,15110.000000,15230.000000,14166.779297,910,0,0,0,0,0,0,0,0
2021-03-04,15200.000000,15240.000000,15050.000000,15190.000000,14129.572266,1116,0,0,0,0,0,0,0,0
2021-03-05,15140.000000,15280.000000,15050.000000,15280.000000,14213.288086,1072,0,0,0,0,0,0,0,0
2021-03-08,15440.000000,15440.000000,15180.000000,15250.000000,14185.383789,1361,0,0,0,0,0,0,0,0
2021-03-09,15400.000000,15670.000000,15340.000000,15620.000000,14529.553711,1961,0,0,0,0,0,0,0,0
2021-03-10,15590.000000,15740.000000,15530.000000,15700.000000,14603.968750,2104,0,0,0,0,0,0,0,0
2021-03-11,15900.000000,15900.000000,15510.000000,15600.000000,14510.950195,1484,0,0,0,0,0,0,0,0
2021-03-12,16000.000000,16000.000000,15500.000000,15550.000000,14464.440430,3064,0,0,0,0,0,0,0,0
2021-03-15,15720.000000,15870.000000,15700.000000,15870.000000,14762.100586,1491,0,0,0,0,0,0,0,0
2021-03-16,15920.000000,16160.000000,15850.000000,16130.000000,15003.950195,2716,0,0,0,0,0,0,0,0
2021-03-17,16070.000000,16230.000000,16000.000000,16230.000000,15096.968750,1993,0,0,0,0,0,0,0,0
2021-03-18,16260.000000,16350.000000,16110.000000,16220.000000,15087.666992,2535,0,0,0,0,0,0,0,0
2021-03-19,16190.000000,16280.000000,16090.000000,16260.000000,15124.874023,1864,0,0,0,0,0,0,0,0
2021-03-22,16450.000000,16450.000000,16070.000000,16240.000000,15106.270508,2686,1,550000,1,550000,0,0,0,0
2021-03-23,16230.000000,16230.000000,15750.000000,15750.000000,14650.477539,2279,0,0,0,0,0,0,0,0
2021-03-24,15390.000000,15520.000000,15060.000000,15180.000000,14120.269531,3737,0,0,0,0,0,0,0,0
2021-03-25,15310.000000,15500.000000,15270.000000,15350.000000,14278.402344,1992,0,0,0,0,0,0,0,0
2021-03-26,15620.000000,15750.000000,15470.000000,15740.000000,14641.176758,800,0,0,0,0,0,0,0,0
2021-03-29,15850.000000,15850.000000,15590.000000,15630.000000,14538.855469,1860,0,0,0,0,0,0,0,0
2021-03-30,15710.000000,15790.000000,15570.000000,15660.000000,14566.761719,1008,0,0,0,0,0,0,0,0
2021-03-31,15520.000000,15550.000000,15300.000000,15300.000000,14231.892578,2372,0,0,0,0,0,0,0,0
2021-04-01,15310.000000,15450.000000,15150.000000,15180.000000,14120.269531,1363,0,0,0,0,0,0,0,0
2021-04-02,15240.000000,15340.000000,15090.000000,15210.000000,14148.175781,3395,0,0,0,0,0,0,0,0
2021-04-05,15250.000000,15400.000000,15210.000000,15340.000000,14269.099609,605,0,0,0,0,0,0,0,0
2021-04-06,15460.000000,15460.000000,15100.000000,15150.000000,14092.364258,1975,0,0,0,0,0,0,0,0
2021-04-07,15150.000000,15200.000000,15040.000000,15060.000000,14008.647461,2461,0,0,0,0,0,0,0,0
2021-04-08,15030.000000,15030.000000,14810.000000,14860.000000,13822.610352,1663,0,0,0,0,0,0,0,0
2021-04-09,14800.000000,15010.000000,14800.000000,14910.000000,13869.120117,1247,0,0,0,0,0,0,0,0
2021-04-12,14960.000000,15030.000000,14890.000000,14940.000000,13897.025391,1373,0,0,0,0,0,0,0,0
2021-04-13,14880.000000,14890.000000,14730.000000,14730.000000,13701.684570,1389,0,0,0,0,0,0,0,0
2021-04-14,14690.000000,14730.000000,14630.000000,14720.000000,13692.382813,789,0,0,0,0,0,0,0,0
2021-04-15,14780.000000,14900.000000,14700.000000,14770.000000,13738.892578,1012,0,0,0,0,0,0,0,0
2021-04-16,14710.000000,14820.000000,14600.000000,14790.000000,13757.496094,675,0,0,0,0,0,0,0,0
2021-04-19,14830.000000,14830.000000,14550.000000,14580.000000,13562.157227,1831,0,0,0,0,0,0,0,0
2021-04-20,14450.000000,14590.000000,14330.000000,14370.000000,13366.817383,1460,0,0,0,0,0,0,0,0
2021-04-21,14150.000000,14200.000000,14020.000000,14130.000000,13143.571289,1608,0,0,0,0,0,0,0,0
2021-04-22,14260.000000,14410.000000,14150.000000,14300.000000,13301.704102,788,0,0,0,0,0,0,0,0
2021-04-23,14290.000000,14530.000000,14260.000000,14500.000000,13487.742188,1154,0,0,0,0,0,0,0,0
2021-04-26,14710.000000,14910.000000,14550.000000,14890.000000,13850.515625,3276,0,0,0,0,0,0,0,0
2021-04-27,14910.000000,14910.000000,14720.000000,14820.000000,13785.402344,2050,0,0,0,0,0,0,0,0
2021-04-28,14710.000000,14730.000000,14570.000000,14580.000000,13562.157227,2158,0,0,0,0,0,0,0,0
2021-04-30,14640.000000,14900.000000,14640.000000,14800.000000,13766.798828,2434,0,0,0,0,0,0,0,0
2021-05-06,15030.000000,15150.000000,14980.000000,15110.000000,14055.157227,2895,0,0,0,0,0,0,0,0
2021-05-07,15100.000000,15100.000000,14990.000000,15070.000000,14017.950195,1753,0,0,0,0,0,0,0,0
2021-05-10,15150.000000,15330.000000,15150.000000,15210.000000,14148.175781,1946,0,0,0,0,0,0,0,0
2021-05-11,15050.000000,15130.000000,14820.000000,14890.000000,13850.515625,2715,0,0,0,0,0,0,0,0
2021-05-12,14830.000000,14870.000000,14530.000000,14650.000000,13627.269531,2044,0,0,0,0,0,0,0,0
2021-05-13,14440.000000,14550.000000,14370.000000,14380.000000,13376.119141,2697,0,0,0,0,0,0,0,0
2021-05-14,14680.000000,14770.000000,14530.000000,14720.000000,13692.382813,1216,0,0,0,0,0,0,0,0
2021-05-17,14820.000000,14920.000000,14740.000000,14780.000000,13748.195313,1005,0,0,0,0,0,0,0,0
2021-05-18,14850.000000,14990.000000,14800.000000,14970.000000,13924.930664,1361,0,0,0,0,0,0,0,0
2021-05-19,14810.000000,14870.000000,14740.000000,14850.000000,13813.307617,1017,0,0,0,0,0,0,0,0
2021-05-20,14780.000000,14790.000000,14660.000000,14700.000000,13673.779297,1983,0,0,0,0,0,0,0,0
2021-05-21,14880.000000,14900.000000,14500.000000,14610.000000,13590.061523,1688,0,0,0,0,0,0,0,0
2021-05-24,14610.000000,14750.000000,14610.000000,14750.000000,13720.288086,1058,0,0,0,0,0,0,0,0
2021-05-25,14920.000000,14920.000000,14690.000000,14730.000000,13701.684570,1521,0,0,0,0,0,0,0,0
2021-05-26,14670.000000,14890.000000,14660.000000,14890.000000,13850.515625,768,0,0,0,0,0,0,0,0
2021-05-27,14900.000000,15070.000000,14780.000000,14830.000000,13794.704102,1557,0,0,0,0,0,0,0,0
2021-05-28,14980.000000,15220.000000,14910.000000,15170.000000,14110.968750,1732,0,0,0,0,0,0,0,0
2021-05-31,15140.000000,15230.000000,14940.000000,14990.000000,13943.535156,2374,0,0,0,0,0,0,0,0
2021-06-01,15120.000000,15160.000000,14980.000000,15040.000000,13990.043945,1146,0,0,0,0,0,0,0,0
2021-06-02,15100.000000,15570.000000,15020.000000,15570.000000,14483.043945,2676,0,0,0,0,0,0,0,0
2021-06-03,15620.000000,15980.000000,15620.000000,15780.000000,14678.383789,4563,0,0,0,0,0,0,0,0
2021-06-04,15760.000000,15850.000000,15680.000000,15810.000000,14706.289063,1719,0,0,0,0,0,0,0,0
2021-06-07,15880.000000,15880.000000,15640.000000,15850.000000,14743.496094,2727,0,0,0,0,0,0,0,0
2021-06-08,15840.000000,16000.000000,15820.000000,16000.000000,14883.026367,1381,0,0,0,0,0,0,0,0
2021-06-09,16030.000000,16230.000000,16030.000000,16170.000000,15041.157227,2631,0,0,0,0,0,0,0,0
2021-06-10,16190.000000,16240.000000,16070.000000,16190.000000,15059.760742,2073,0,0,0,0,0,0,0,0
2021-06-11,16250.000000,16260.000000,15960.000000,16110.000000,14985.345703,3546,0,0,0,0,0,0,0,0
2021-06-14,16260.000000,16270.000000,16080.000000,16090.000000,14966.742188,2653,0,0,0,0,0,0,0,0
2021-06-15,16040.000000,16180.000000,15960.000000,16130.000000,15003.950195,2695,0,0,0,0,0,0,0,0
2021-06-16,16090.000000,16200.000000,15980.000000,16030.000000,14910.930664,1285,0,0,0,0,0,0,0,0
2021-06-17,15920.000000,16050.000000,15790.000000,15980.000000,14864.421875,3031,0,0,0,0,0,0,0,0
2021-06-18,15890.000000,15890.000000,15530.000000,15530.000000,14445.836914,2748,0,0,0,0,0,0,0,0
2021-06-21,15160.000000,15420.000000,15160.000000,15380.000000,14306.308594,3813,0,0,0,0,0,0,0,0
2021-06-22,15870.000000,15980.000000,15700.000000,15980.000000,14864.421875,2296,0,0,0,0,0,0,0,0
2021-06-23,15960.000000,15960.000000,15820.000000,15830.000000,14724.892578,1480,0,0,0,0,0,0,0,0
2021-06-24,15850.000000,15850.000000,15590.000000,15620.000000,14529.553711,1587,0,0,0,0,0,0,0,0
2021-06-25,15730.000000,15780.000000,15620.000000,15740.000000,14641.176758,666,0,0,0,0,0,0,0,0
2021-06-28,15780.000000,15780.000000,15700.000000,15700.000000,14603.968750,860,0,0,0,0,0,0,0,0
2021-06-29,15540.000000,15590.000000,15420.000000,15570.000000,14483.043945,1525,0,0,0,0,0,0,0,0
2021-06-30,15690.000000,15700.000000,15480.000000,15480.000000,14399.327148,836,0,0,0,0,0,0,0,0
2021-07-01,15510.000000,15550.000000,15400.000000,15480.000000,14399.327148,1409,0,0,0,0,0,0,0,0
2021-07-02,15560.000000,15630.000000,15500.000000,15520.000000,14436.534180,806,0,0,0,0,0,0,0,0
2021-07-05,15540.000000,15720.000000,15530.000000,15720.000000,14622.572266,1050,1,250000,1,250000,0,0,0,0
2021-07-06,15810.000000,15930.000000,15730.000000,15900.000000,14790.005859,1495,0,0,0,0,0,0,0,0
2021-07-07,15710.000000,15890.000000,15620.000000,15750.000000,14650.477539,2823,0,0,0,0,0,0,0,0
2021-07-08,15620.000000,15710.000000,15560.000000,15620.000000,14529.553711,1434,0,0,0,0,0,0,0,0
2021-07-09,15410.000000,15640.000000,15310.000000,15610.000000,14520.251953,2245,0,0,0,0,0,0,0,0
2021-07-12,15820.000000,15840.000000,15680.000000,15700.000000,14603.968750,1412,0,0,0,0,0,0,0,0
2021-07-13,15790.000000,15790.000000,15670.000000,15670.000000,14576.062500,1270,0,0,0,0,0,0,0,0
2021-07-14,15300.000000,15350.000000,15200.000000,15230.000000,14166.779297,2208,0,0,0,0,0,0,0,0
2021-07-15,15170.000000,15170.000000,14950.000000,14970.000000,14226.652344,2482,0,0,0,0,0,0,0,0
2021-07-16,14810.000000,15030.000000,14800.000000,14850.000000,14112.610352,1500,0,0,0,0,0,0,0,0
2021-07-19,14720.000000,15000.000000,14560.000000,14800.000000,14065.093750,2481,0,0,0,0,0,0,0,0
2021-07-20,14500.000000,14610.000000,14350.000000,14490.000000,13770.486328,3060,0,0,0,0,0,0,0,0
2021-07-21,14710.000000,14800.000000,14580.000000,14580.000000,13856.017578,1240,0,0,0,0,0,0,0,0
2021-07-26,14910.000000,14930.000000,14770.000000,14780.000000,14046.086914,1367,0,0,0,0,0,0,0,0
2021-07-27,14910.000000,15050.000000,14810.000000,15010.000000,14264.666016,745,0,0,0,0,0,0,0,0
2021-07-28,14830.000000,14950.000000,14780.000000,14810.000000,14074.596680,688,0,0,0,0,0,0,0,0
2021-07-29,14800.000000,14840.000000,14630.000000,14660.000000,13932.044922,879,0,0,0,0,0,0,0,0
2021-07-30,14560.000000,14650.000000,14450.000000,14590.000000,13865.520508,1697,0,0,0,0,0,0,0,0
2021-08-02,14600.000000,14810.000000,14450.000000,14740.000000,14008.072266,1751,0,0,0,0,0,0,0,0
2021-08-03,14620.000000,14660.000000,14530.000000,14620.000000,13894.031250,492,0,0,0,0,0,0,0,0
2021-08-04,14600.000000,14730.000000,14510.000000,14610.000000,13884.527344,1325,0,0,0,0,0,0,0,0
2021-08-05,14560.000000,14720.000000,14540.000000,14680.000000,13951.051758,619,0,0,0,0,0,0,0,0
2021-08-06,14720.000000,14740.000000,14630.000000,14700.000000,13970.058594,551,0,0,0,0,0,0,0,0
2021-08-10,14720.000000,15000.000000,14720.000000,14970.000000,14226.652344,1178,0,0,0,0,0,0,0,0
2021-08-11,15050.000000,15200.000000,15030.000000,15200.000000,14445.230469,1057,1,100000,0,0,0,0,0,0
2021-08-12,15310.000000,15310.000000,15110.000000,15150.000000,14397.713867,1109,0,0,0,0,0,0,0,0
2021-08-13,15050.000000,15080.000000,14990.000000,14990.000000,14245.659180,660,0,0,0,0,0,0,0,0
2021-08-16,14980.000000,14980.000000,14790.000000,14900.000000,14160.127930,1735,0,0,0,0,0,0,0,0
2021-08-17,14960.000000,15000.000000,14860.000000,14900.000000,14160.127930,458,0,0,0,0,0,0,0,0
2021-08-18,14870.000000,14870.000000,14700.000000,14830.000000,14093.603516,838,0,0,0,0,0,0,0,0
2021-08-19,14700.000000,14750.000000,14610.000000,14630.000000,13903.534180,1208,0,0,0,0,0,0,0,0
2021-08-20,14520.000000,14650.000000,14520.000000,14530.000000,13808.500000,632,0,0,0,0,0,0,0,0
2021-08-23,14580.000000,14810.000000,14570.000000,14810.000000,14074.596680,1303,0,0,0,0,0,0,0,0
2021-08-24,14910.000000,15100.000000,14910.000000,15070.000000,14321.686523,1227,0,0,0,0,0,0,0,0
2021-08-25,15180.000000,15250.000000,15090.000000,15090.000000,14340.693359,1135,0,0,0,0,0,0,0,0
2021-08-26,15150.000000,15270.000000,15150.000000,15240.000000,14483.244141,626,0,0,0,0,0,0,0,0
2021-08-27,15220.000000,15300.000000,15220.000000,15250.000000,14492.748047,767,0,0,0,0,0,0,0,0
2021-08-30,15470.000000,15580.000000,15350.000000,15470.000000,14701.824219,2152,0,0,0,0,0,0,0,0
2021-08-31,15270.000000,15370.000000,15150.000000,15320.000000,14559.271484,1221,0,0,0,0,0,0,0,0
2021-09-01,15300.000000,15380.000000,15250.000000,15310.000000,14549.768555,1377,0,0,0,0,0,0,0,0
2021-09-02,14960.000000,15020.000000,14700.000000,14950.000000,14207.645508,3789,0,0,0,0,0,0,0,0
2021-09-03,15010.000000,15130.000000,14940.000000,15110.000000,14359.700195,1311,0,0,0,0,0,0,0,0
2021-09-06,15280.000000,15300.000000,15220.000000,15250.000000,14492.748047,2114,0,0,0,0,0,0,0,0
2021-09-07,15400.000000,15550.000000,15340.000000,15540.000000,14768.347656,1751,0,0,0,0,0,0,0,0
2021-09-08,15550.000000,15690.000000,15460.000000,15540.000000,14768.347656,1383,0,0,0,0,0,0,0,0
2021-09-09,15490.000000,15600.000000,15450.000000,15450.000000,14682.817383,704,0,0,0,0,0,0,0,0
2021-09-10,15440.000000,15550.000000,15410.000000,15490.000000,14720.831055,931,0,0,0,0,0,0,0,0
2021-09-13,15420.000000,15480.000000,15380.000000,15450.000000,14682.817383,1063,0,0,0,0,0,0,0,0
2021-09-14,15550.000000,15590.000000,15500.000000,15590.000000,14815.865234,1083,0,0,0,0,0,0,0,0
2021-09-15,15440.000000,15520.000000,15410.000000,15520.000000,14749.340820,590,0,0,0,0,0,0,0,0
2021-09-16,15570.000000,15610.000000,15440.000000,15560.000000,14787.354492,1184,0,0,0,0,0,0,0,0
2021-09-17,15450.000000,15790.000000,15450.000000,15790.000000,15005.933594,1417,0,0,0,0,0,0,0,0
2021-09-21,15480.000000,15900.000000,15460.000000,15820.000000,15034.444336,3331,0,0,0,0,0,0,0,0
2021-09-22,15420.000000,15900.000000,15420.000000,15710.000000,14929.906250,1100,0,0,0,0,0,0,0,0
2021-09-24,16070.000000,16160.000000,16010.000000,16160.000000,15357.561523,2196,0,0,0,0,0,0,0,0
2021-09-27,16350.000000,16550.000000,16230.000000,16310.000000,15500.113281,5242,0,0,0,0,0,0,0,0
2021-09-28,16350.000000,16360.000000,15940.000000,15940.000000,15148.485352,2366,0,0,0,0,0,0,0,0
2021-09-29,15830.000000,16090.000000,15830.000000,16040.000000,15243.520508,1925,0,0,0,0,0,0,0,0
2021-09-30,16180.000000,16210.000000,16020.000000,16050.000000,15253.023438,1992,0,0,0,0,0,0,0,0
2021-10-01,15890.000000,15980.000000,15640.000000,15710.000000,14929.906250,2143,0,0,0,0,0,0,0,0
2021-10-04,16020.000000,16080.000000,15750.000000,15920.000000,15129.478516,1851,0,0,0,0,0,0,0,0
2021-10-05,15750.000000,15810.000000,15520.000000,15740.000000,14958.416992,1037,0,0,0,0,0,0,0,0
2021-10-06,15810.000000,15810.000000,15240.000000,15350.000000,14587.782227,2699,0,0,0,0,0,0,0,0
2021-10-07,15320.000000,15500.000000,15090.000000,15500.000000,14730.333984,1196,0,0,0,0,0,0,0,0
2021-10-08,15260.000000,15400.000000,15150.000000,15150.000000,14397.713867,2161,0,0,0,0,0,0,0,0
2021-10-11,15100.000000,15460.000000,15100.000000,15460.000000,14692.320313,1106,0,0,0,0,0,0,0,0
2021-10-12,15390.000000,15390.000000,15200.000000,15250.000000,14492.748047,1148,0,0,0,0,0,0,0,0
2021-10-13,15220.000000,15250.000000,15100.000000,15120.000000,14369.203125,848,0,0,0,0,0,0,0,0
2021-10-14,15000.000000,15070.000000,14900.000000,15070.000000,14321.686523,1260,0,0,0,0,0,0,0,0
2021-10-15,15140.000000,15180.000000,15020.000000,15170.000000,14416.720703,1310,0,0,0,0,0,0,0,0
2021-10-18,15270.000000,15270.000000,15100.000000,15130.000000,14378.707031,797,0,0,0,0,0,0,0,0
2021-10-19,15150.000000,15190.000000,15050.000000,15180.000000,14426.223633,486,0,0,0,0,0,0,0,0
2021-10-20,15210.000000,15440.000000,15050.000000,15400.000000,14635.299805,1596,0,0,0,0,0,0,0,0
2021-10-21,15360.000000,15420.000000,15170.000000,15200.000000,14445.230469,1230,0,0,0,0,0,0,0,0
2021-10-22,15160.000000,15280.000000,15120.000000,15160.000000,14407.216797,1535,0,0,0,0,0,0,0,0
2021-10-25,15170.000000,15290.000000,15120.000000,15200.000000,14445.230469,910,0,0,0,0,0,0,0,0
2021-10-26,15290.000000,15350.000000,15230.000000,15270.000000,14511.754883,1354,0,0,0,0,0,0,0,0
2021-10-27,15270.000000,15270.000000,15030.000000,15130.000000,14378.707031,847,0,0,0,0,0,0,0,0
2021-10-28,14980.000000,15200.000000,14960.000000,15110.000000,14359.700195,1205,0,0,0,0,0,0,0,0
2021-10-29,15050.000000,15220.000000,14910.000000,15140.000000,14388.209961,1398,0,0,0,0,0,0,0,0
2021-11-01,15270.000000,15400.000000,15250.000000,15390.000000,14625.796875,1358,0,0,0,0,0,0,0,0
2021-11-02,15390.000000,15490.000000,15340.000000,15360.000000,14597.286133,663,0,0,0,0,0,0,0,0
2021-11-04,15600.000000,15640.000000,15370.000000,15430.000000,14663.810547,941,0,0,0,0,0,0,0,0
2021-11-05,15390.000000,15390.000000,15160.000000,15160.000000,14407.216797,1308,0,0,0,0,0,0,0,0
2021-11-08,15470.000000,15540.000000,15400.000000,15480.000000,14711.327148,1942,0,0,0,0,0,0,0,0
2021-11-09,15560.000000,15560.000000,15160.000000,15370.000000,14606.790039,1649,0,0,0,0,0,0,0,0
2021-11-10,15200.000000,15240.000000,15000.000000,15000.000000,14255.162109,1512,0,0,0,0,0,0,0,0
2021-11-11,14990.000000,15080.000000,14990.000000,15060.000000,14312.182617,741,0,0,0,0,0,0,0,0
2021-11-12,15060.000000,15190.000000,15060.000000,15130.000000,14378.707031,761,0,0,0,0,0,0,0,0
2021-11-15,15180.000000,15210.000000,15070.000000,15090.000000,14340.693359,1716,0,0,0,0,0,0,0,0
2021-11-16,15080.000000,15090.000000,14900.000000,14940.000000,14198.141602,3299,0,0,0,0,0,0,0,0
2021-11-17,14880.000000,15020.000000,14820.000000,14880.000000,14141.121094,1162,0,0,0,0,0,0,0,0
2021-11-18,14670.000000,14760.000000,14560.000000,14740.000000,14008.072266,2878,0,0,0,0,0,0,0,0
2021-11-19,14700.000000,14750.000000,14600.000000,14630.000000,13903.534180,1089,0,0,0,0,0,0,0,0
2021-11-22,14600.000000,14710.000000,14430.000000,14710.000000,13979.561523,1497,0,0,0,0,0,0,0,0
2021-11-24,14730.000000,14770.000000,14510.000000,14590.000000,13865.520508,782,0,0,0,0,0,0,0,0
2021-11-25,14560.000000,14700.000000,14460.000000,14700.000000,13970.058594,1242,0,0,0,0,0,0,0,0
2021-11-26,14600.000000,14600.000000,14230.000000,14280.000000,13570.915039,3220,0,0,0,0,0,0,0,0
2021-11-29,13895.000000,14135.000000,13775.000000,13820.000000,13133.755859,3476,0,0,0,0,0,0,0,0
2021-11-30,13855.000000,14160.000000,13820.000000,13845.000000,13157.514648,1705,0,0,0,0,0,0,0,0
2021-12-01,13650.000000,13940.000000,13635.000000,13865.000000,13176.521484,2067,0,0,0,0,0,0,0,0
2021-12-02,13700.000000,14000.000000,13700.000000,13765.000000,13081.487305,813,0,0,0,0,0,0,0,0
2021-12-03,13885.000000,14235.000000,13860.000000,14205.000000,13499.638672,1222,0,0,0,0,0,0,0,0
2021-12-06,14300.000000,14335.000000,14150.000000,14205.000000,13499.638672,794,0,0,0,0,0,0,0,0
2021-12-07,14410.000000,14620.000000,14350.000000,14620.000000,13894.031250,1679,0,0,0,0,0,0,0,0
2021-12-08,14810.000000,14810.000000,14500.000000,14500.000000,13779.990234,1105,0,0,0,0,0,0,0,0
2021-12-09,14515.000000,14675.000000,14510.000000,14545.000000,13822.754883,470,0,0,0,0,0,0,0,0
2021-12-10,14500.000000,14520.000000,14365.000000,14450.000000,13732.472656,1359,0,0,0,0,0,0,0,0
2021-12-13,14450.000000,14570.000000,14450.000000,14480.000000,13760.983398,678,0,0,0,0,0,0,0,0
2021-12-14,14570.000000,14570.000000,14250.000000,14290.000000,13580.417969,1082,0,0,0,0,0,0,0,0
2021-12-15,14230.000000,14380.000000,14230.000000,14375.000000,13661.197266,221,0,0,0,0,0,0,0,0
2021-12-16,14450.000000,14630.000000,14450.000000,14630.000000,13903.534180,636,0,0,0,0,0,0,0,0
2021-12-17,14555.000000,14645.000000,14420.000000,14430.000000,13713.465820,467,0,0,0,0,0,0,0,0
2021-12-20,14340.000000,14360.000000,14200.000000,14200.000000,13494.886719,446,0,0,0,0,0,0,0,0
2021-12-21,14260.000000,14480.000000,14260.000000,14380.000000,13665.949219,1122,0,0,0,0,0,0,0,0
2021-12-22,14480.000000,14525.000000,14400.000000,14410.000000,13694.458984,446,0,0,0,0,0,0,0,0
2021-12-23,14445.000000,14525.000000,14445.000000,14525.000000,13803.748047,237,0,0,0,0,0,0,0,0
2021-12-24,14530.000000,14575.000000,14390.000000,14420.000000,13703.962891,518,0,0,0,0,0,0,0,0
2021-12-27,14385.000000,14400.000000,14310.000000,14345.000000,13632.686523,1134,0,0,0,0,0,0,0,0
2021-12-28,14400.000000,14470.000000,14345.000000,14395.000000,13680.204102,1386,0,0,0,0,0,0,0,0
2021-12-29,14395.000000,14600.000000,14395.000000,14595.000000,13870.272461,608,0,0,0,0,0,0,0,0
2021-12-30,14595.000000,14595.000000,14380.000000,14450.000000,13732.472656,440,0,0,0,0,0,0,0,0
2022-01-04,14500.000000,14670.000000,14450.000000,14580.000000,13856.017578,640,0,0,0,0,0,0,0,0
2022-01-05,14580.000000,14780.000000,14580.000000,14755.000000,14022.327148,622,0,0,0,0,0,0,0,0
2022-01-06,14700.000000,14700.000000,14445.000000,14495.000000,13775.238281,1008,0,0,0,0,0,0,0,0
2022-01-07,14515.000000,14540.000000,14325.000000,14400.000000,13684.956055,769,0,0,0,0,0,0,0,0
2022-01-11,14375.000000,14375.000000,14200.000000,14340.000000,13627.935547,567,0,0,0,0,0,0,0,0
2022-01-12,14455.000000,14650.000000,14420.000000,14610.000000,13884.527344,405,0,0,0,0,0,0,0,0
2022-01-13,14580.000000,14580.000000,14410.000000,14415.000000,13699.210938,243,0,0,0,0,0,0,0,0
2022-01-14,14715.000000,14715.000000,14205.000000,14270.000000,13561.411133,1155,0,0,0,0,0,0,0,0
2022-01-17,14300.000000,14405.000000,14295.000000,14325.000000,13613.679688,107,0,0,0,0,0,0,0,0
2022-01-18,14400.000000,14465.000000,14300.000000,14345.000000,13632.686523,609,0,0,0,0,0,0,0,0
2022-01-19,14195.000000,14235.000000,13990.000000,14000.000000,13304.817383,884,0,0,0,0,0,0,0,0
2022-01-20,14050.000000,14100.000000,13870.000000,14050.000000,13352.334961,513,0,0,0,0,0,0,0,0
2022-01-21,13890.000000,14275.000000,13855.000000,14275.000000,13566.163086,1384,0,0,0,0,0,0,0,0
2022-01-24,14135.000000,14245.000000,14080.000000,14240.000000,13532.901367,192,0,0,0,0,0,0,0,0
2022-01-25,14165.000000,14165.000000,13900.000000,14050.000000,13352.334961,418,0,0,0,0,0,0,0,0
2022-01-26,14045.000000,14085.000000,13955.000000,13995.000000,13300.066406,312,0,0,0,0,0,0,0,0
2022-01-27,14295.000000,14295.000000,13645.000000,13720.000000,13038.721680,1653,0,0,0,0,0,0,0,0
2022-01-28,13885.000000,13980.000000,13825.000000,13975.000000,13281.059570,333,0,0,0,0,0,0,0,0
2022-01-31,13905.000000,14175.000000,13830.000000,14145.000000,13442.617188,1577,0,0,0,0,0,0,0,0
2022-02-01,14195.000000,14450.000000,14175.000000,14400.000000,13684.956055,389,0,0,0,0,0,0,0,0
2022-02-02,14445.000000,14655.000000,14445.000000,14625.000000,13898.783203,1130,0,0,0,0,0,0,0,0
2022-02-03,14600.000000,14600.000000,14310.000000,14375.000000,13661.197266,526,0,0,0,0,0,0,0,0
2022-02-04,14320.000000,14670.000000,14310.000000,14670.000000,13941.547852,1169,0,0,0,0,0,0,0,0
2022-02-07,14670.000000,14670.000000,14460.000000,14475.000000,13756.231445,494,0,0,0,0,0,0,0,0
2022-02-08,14545.000000,14955.000000,14545.000000,14955.000000,14212.396484,1348,0,0,0,0,0,0,0,0
2022-02-09,15000.000000,15035.000000,14825.000000,14930.000000,14188.638672,894,0,0,0,0,0,0,0,0
2022-02-10,15050.000000,15050.000000,14900.000000,15030.000000,14283.672852,1117,0,0,0,0,0,0,0,0
2022-02-14,14785.000000,15050.000000,14600.000000,15010.000000,14264.666016,1106,0,0,0,0,0,0,0,0
2022-02-15,15040.000000,15080.000000,14910.000000,14950.000000,14207.645508,584,0,0,0,0,0,0,0,0
2022-02-16,15195.000000,15275.000000,15140.000000,15225.000000,14468.989258,1734,0,0,0,0,0,0,0,0
2022-02-17,15300.000000,15460.000000,15205.000000,15370.000000,14606.790039,1650,0,0,0,0,0,0,0,0
2022-02-18,15245.000000,15335.000000,15210.000000,15295.000000,14535.513672,1558,0,0,0,0,0,0,0,0
2022-02-21,15130.000000,15150.000000,14980.000000,15100.000000,14350.196289,395,0,0,0,0,0,0,0,0
2022-02-22,14890.000000,14900.000000,14690.000000,14695.000000,13965.306641,1039,0,0,0,0,0,0,0,0
2022-02-24,14650.000000,14655.000000,14260.000000,14365.000000,13651.693359,1023,0,0,0,0,0,0,0,0
2022-02-25,14500.000000,14680.000000,14500.000000,14665.000000,13936.796875,511,0,0,0,0,0,0,0,0
2022-02-28,14695.000000,14855.000000,14650.000000,14800.000000,14065.093750,240,0,0,0,0,0,0,0,0
2022-03-01,14890.000000,14950.000000,14855.000000,14880.000000,14141.121094,382,0,0,0,0,0,0,0,0
2022-03-02,14850.000000,14850.000000,14570.000000,14650.000000,13922.541016,638,0,0,0,0,0,0,0,0
2022-03-03,14795.000000,14960.000000,14795.000000,14905.000000,14164.879883,394,0,0,0,0,0,0,0,0
2022-03-04,14960.000000,14960.000000,14775.000000,14880.000000,14141.121094,909,0,0,0,0,0,0,0,0
2022-03-07,14725.000000,14725.000000,14515.000000,14630.000000,13903.534180,4659,0,0,0,0,0,0,0,0
2022-03-08,14445.000000,14620.000000,14260.000000,14300.000000,13589.921875,851,0,0,0,0,0,0,0,0
2022-03-09,14390.000000,14435.000000,14155.000000,14200.000000,13494.886719,530,0,0,0,0,0,0,0,0
2022-03-10,14595.000000,14735.000000,14500.000000,14725.000000,13993.817383,595,0,0,0,0,0,0,0,0
2022-03-11,15025.000000,15025.000000,14635.000000,14755.000000,14022.327148,747,0,0,0,0,0,0,0,0
2022-03-14,14755.000000,15140.000000,14755.000000,15085.000000,14335.941406,941,0,0,0,0,0,0,0,0
2022-03-15,15200.000000,15250.000000,15100.000000,15210.000000,14454.734375,416,0,0,0,0,0,0,0,0
2022-03-16,15325.000000,15490.000000,15320.000000,15430.000000,14663.810547,2062,1,8800000,1,8800000,1,8800000,0,0
2022-03-17,15500.000000,15620.000000,15300.000000,15465.000000,14697.072266,1604,0,0,0,0,0,0,0,0
2022-03-18,15430.000000,15505.000000,15400.000000,15495.000000,14725.583008,490,0,0,0,0,0,0,0,0
2022-03-22,15530.000000,15570.000000,15445.000000,15485.000000,14716.079102,1124,0,0,0,0,0,0,0,0
2022-03-23,15515.000000,15680.000000,15515.000000,15655.000000,14877.637695,1502,0,0,0,0,0,0,0,0
2022-03-24,15505.000000,15625.000000,15400.000000,15540.000000,14768.347656,696,0,0,0,0,0,0,0,0
2022-03-25,15600.000000,15620.000000,15450.000000,15530.000000,14758.844727,356,0,0,0,0,0,0,0,0
2022-03-28,15530.000000,15565.000000,15410.000000,15485.000000,14716.079102,571,0,0,0,0,0,0,0,0
2022-03-29,15565.000000,15565.000000,15300.000000,15300.000000,14540.264648,1141,0,0,0,0,0,0,0,0
2022-03-30,15300.000000,15505.000000,15300.000000,15505.000000,14735.085938,706,0,0,0,0,0,0,0,0
2022-03-31,15490.000000,15575.000000,15375.000000,15425.000000,14659.058594,314,0,0,0,0,0,0,0,0
2022-04-01,15315.000000,15340.000000,15120.000000,15170.000000,14416.720703,1703,0,0,0,0,0,0,0,0
2022-04-04,15140.000000,15250.000000,15130.000000,15200.000000,14445.230469,738,0,0,0,0,0,0,0,0
2022-04-05,15200.000000,15250.000000,15135.000000,15200.000000,14445.230469,374,0,0,0,0,0,0,0,0
2022-04-06,15140.000000,15190.000000,15050.000000,15050.000000,14302.679688,521,0,0,0,0,0,0,0,0
2022-04-07,14840.000000,14920.000000,14740.000000,14825.000000,14088.852539,586,0,0,0,0,0,0,0,0
2022-04-08,14850.000000,14870.000000,14695.000000,14750.000000,14017.575195,255,0,0,0,0,0,0,0,0
2022-04-11,14725.000000,14770.000000,14625.000000,14710.000000,13979.561523,886,0,0,0,0,0,0,0,0
2022-04-12,14715.000000,14715.000000,14500.000000,14520.000000,13798.997070,424,0,0,0,0,0,0,0,0
2022-04-13,14595.000000,14750.000000,14580.000000,14750.000000,14017.575195,477,0,0,0,0,0,0,0,0
2022-04-14,14895.000000,15130.000000,14895.000000,15110.000000,14359.700195,615,0,0,0,0,0,0,0,0
2022-04-15,15015.000000,15115.000000,14990.000000,15060.000000,14312.182617,124,0,0,0,0,0,0,0,0
2022-04-18,14990.000000,15030.000000,14880.000000,15010.000000,14264.666016,300,0,0,0,0,0,0,0,0
2022-04-19,15125.000000,15125.000000,15010.000000,15105.000000,14354.948242,177,0,0,0,0,0,0,0,0
2022-04-20,15210.000000,15250.000000,15135.000000,15205.000000,14449.982422,498,0,0,0,0,0,0,0,0
2022-04-21,15165.000000,15270.000000,15150.000000,15195.000000,14440.478516,442,0,0,0,0,0,0,0,0
2022-04-22,15170.000000,15215.000000,15140.000000,15195.000000,14440.478516,245,0,0,0,0,0,0,0,0
2022-04-25,14895.000000,14975.000000,14845.000000,14910.000000,14169.631836,407,0,0,0,0,0,0,0,0
2022-04-26,14930.000000,15110.000000,14915.000000,15080.000000,14331.189453,319,0,0,0,0,0,0,0,0
2022-04-27,14865.000000,15110.000000,14840.000000,15050.000000,14302.679688,643,0,0,0,0,0,0,0,0
2022-04-28,15110.000000,15115.000000,14890.000000,15075.000000,14326.437500,340,0,0,0,0,0,0,0,0
2022-05-02,15055.000000,15300.000000,15055.000000,15255.000000,14497.500000,768,0,0,0,0,0,0,0,0
2022-05-06,15355.000000,15600.000000,15305.000000,15535.000000,14763.596680,924,0,0,0,0,0,0,0,0
2022-05-09,15470.000000,15470.000000,15240.000000,15250.000000,14492.748047,621,0,0,0,0,0,0,0,0
2022-05-10,15120.000000,15120.000000,14865.000000,14995.000000,14250.410156,420,0,0,0,0,0,0,0,0
2022-05-11,14960.000000,15125.000000,14960.000000,15055.000000,14307.430664,87,0,0,0,0,0,0,0,0
2022-05-12,15000.000000,15010.000000,14915.000000,14965.000000,14221.900391,338,0,0,0,0,0,0,0,0
2022-05-13,15040.000000,15270.000000,15040.000000,15270.000000,14511.754883,293,0,0,0,0,0,0,0,0
2022-05-16,15400.000000,15410.000000,15135.000000,15230.000000,14473.741211,496,0,0,0,0,0,0,0,0
2022-05-17,15345.000000,15360.000000,15315.000000,15335.000000,14573.527344,84,0,0,0,0,0,0,0,0
2022-05-18,15400.000000,15460.000000,15370.000000,15430.000000,14663.810547,321,0,0,0,0,0,0,0,0
2022-05-19,15100.000000,15215.000000,15055.000000,15190.000000,14435.727539,478,0,0,0,0,0,0,0,0
2022-05-20,15235.000000,15330.000000,15205.000000,15330.000000,14568.775391,229,0,0,0,0,0,0,0,0
2022-05-23,15430.000000,15470.000000,15380.000000,15420.000000,14654.306641,412,0,0,0,0,0,0,0,0
2022-05-24,15460.000000,15460.000000,15250.000000,15265.000000,14507.002930,175,0,0,0,0,0,0,0,0
2022-05-25,15240.000000,15350.000000,15160.000000,15295.000000,14535.513672,180,0,0,0,0,0,0,0,0
2022-05-26,15300.000000,15590.000000,15300.000000,15440.000000,14673.313477,1027,0,0,0,0,0,0,0,0
2022-05-27,15645.000000,15650.000000,15520.000000,15555.000000,14782.603516,609,0,0,0,0,0,0,0,0
2022-05-30,15695.000000,15700.000000,15500.000000,15535.000000,14763.596680,460,0,0,0,0,0,0,0,0
2022-05-31,15515.000000,15555.000000,15330.000000,15490.000000,14720.831055,331,0,0,0,0,0,0,0,0
2022-06-01,15355.000000,15645.000000,15355.000000,15640.000000,14863.382813,1554,0,0,0,0,0,0,0,0
2022-06-02,15650.000000,15650.000000,15550.000000,15615.000000,14839.624023,128,0,0,0,0,0,0,0,0
2022-06-03,15695.000000,15695.000000,15485.000000,15550.000000,14777.851563,547,0,0,0,0,0,0,0,0
2022-06-06,15550.000000,15850.000000,15550.000000,15850.000000,15062.954102,767,0,0,0,0,0,0,0,0
2022-06-07,15825.000000,15825.000000,15710.000000,15725.000000,14944.161133,314,0,0,0,0,0,0,0,0
2022-06-08,15830.000000,15950.000000,15795.000000,15825.000000,15039.195313,497,0,0,0,0,0,0,0,0
2022-06-09,15705.000000,15725.000000,15645.000000,15695.000000,14915.651367,899,0,0,0,0,0,0,0,0
2022-06-10,15590.000000,15670.000000,15530.000000,15580.000000,14806.361328,1009,0,0,0,0,0,0,0,0
2022-06-13,15300.000000,15480.000000,15300.000000,15445.000000,14678.065430,966,0,0,0,0,0,0,0,0
2022-06-14,15200.000000,15250.000000,15150.000000,15250.000000,14492.748047,542,0,0,0,0,0,0,0,0
2022-06-15,15245.000000,15265.000000,15090.000000,15115.000000,14364.451172,320,0,0,0,0,0,0,0,0
2022-06-16,15205.000000,15300.000000,15050.000000,15075.000000,14326.437500,300,0,0,0,0,0,0,0,0
2022-06-17,14815.000000,15100.000000,14775.000000,15070.000000,14321.686523,476,0,0,0,0,0,0,0,0
2022-06-20,15050.000000,15090.000000,14900.000000,14960.000000,14217.148438,360,0,0,0,0,0,0,0,0
2022-06-21,15110.000000,15280.000000,15110.000000,15265.000000,14507.002930,279,0,0,0,0,0,0,0,0
2022-06-22,15305.000000,15305.000000,15120.000000,15155.000000,14402.464844,1218,0,0,0,0,0,0,0,0
2022-06-23,15160.000000,15320.000000,15160.000000,15210.000000,14454.734375,231,0,0,0,0,0,0,0,0
2022-06-24,15245.000000,15250.000000,15100.000000,15250.000000,14492.748047,325,0,0,0,0,0,0,0,0
2022-06-27,15390.000000,15390.000000,15235.000000,15330.000000,14568.775391,221,0,0,0,0,0,0,0,0
2022-06-28,15370.000000,15490.000000,15370.000000,15490.000000,14720.831055,351,0,0,0,0,0,0,0,0
2022-06-29,15415.000000,15550.000000,15365.000000,15550.000000,14777.851563,369,0,0,0,0,0,0,0,0
2022-06-30,15570.000000,15570.000000,15430.000000,15450.000000,14682.817383,101,0,0,0,0,0,0,0,0
2022-07-01,15450.000000,15485.000000,15190.000000,15225.000000,14468.989258,445,0,0,0,0,0,0,0,0
2022-07-04,15435.000000,15435.000000,15250.000000,15350.000000,14587.782227,227,0,0,0,0,0,0,0,0
2022-07-05,15345.000000,15350.000000,15140.000000,15215.000000,14459.485352,156,0,0,0,0,0,0,0,0
2022-07-06,15215.000000,15215.000000,14975.000000,15030.000000,14283.672852,347,0,0,0,0,0,0,0,0
2022-07-07,15090.000000,15090.000000,14795.000000,14985.000000,14240.907227,1447,0,0,0,0,0,0,0,0
2022-07-08,15040.000000,15185.000000,15025.000000,15090.000000,14340.693359,276,0,0,0,0,0,0,0,0
2022-07-11,15170.000000,15315.000000,15075.000000,15270.000000,14511.754883,411,0,0,0,0,0,0,0,0
2022-07-12,15260.000000,15260.000000,15090.000000,15100.000000,14350.196289,147,0,0,0,0,0,0,0,0
2022-07-13,15210.000000,15300.000000,15165.000000,15200.000000,14445.230469,314,0,0,0,0,0,0,0,0
2022-07-14,14745.000000,14890.000000,14745.000000,14845.000000,14107.859375,485,0,0,0,0,0,0,0,0
2022-07-15,14845.000000,14885.000000,14725.000000,14880.000000,14506.595703,219,0,0,0,0,0,0,0,0
2022-07-19,14970.000000,14970.000000,14895.000000,14925.000000,14550.465820,348,0,0,0,0,0,0,0,0
2022-07-20,15130.000000,15190.000000,15090.000000,15170.000000,14789.318359,1081,0,0,0,0,0,0,0,0
2022-07-21,15140.000000,15170.000000,15085.000000,15165.000000,14784.443359,282,0,0,0,0,0,0,0,0
2022-07-22,15200.000000,15235.000000,15140.000000,15205.000000,14823.439453,261,0,0,0,0,0,0,0,0
2022-07-25,15160.000000,15400.000000,15160.000000,15400.000000,15013.546875,419,0,0,0,0,0,0,0,0
2022-07-26,15410.000000,15425.000000,15260.000000,15285.000000,14901.432617,145,0,0,0,0,0,0,0,0
2022-07-27,15270.000000,15495.000000,15270.000000,15480.000000,15091.539063,4525,0,0,0,0,0,0,0,0
2022-07-28,15500.000000,15500.000000,15400.000000,15445.000000,15057.416992,179,0,0,0,0,0,0,0,0
2022-07-29,15485.000000,15560.000000,15470.000000,15560.000000,15169.531250,1123,0,0,0,0,0,0,0,0
2022-08-01,15560.000000,15845.000000,15545.000000,15840.000000,15442.504883,1240,0,0,0,0,0,0,0,0
2022-08-02,15845.000000,15845.000000,15720.000000,15780.000000,15384.010742,230,1,141000,0,0,0,0,0,0
2022-08-03,15830.000000,15995.000000,15725.000000,15750.000000,15354.763672,860,0,0,0,0,0,0,0,0
2022-08-04,15825.000000,15950.000000,15765.000000,15770.000000,15374.261719,998,0,0,0,0,0,0,0,0
2022-08-05,15750.000000,15950.000000,15750.000000,15950.000000,15549.744141,281,0,0,0,0,0,0,0,0
2022-08-08,15935.000000,15935.000000,15810.000000,15855.000000,15457.128906,132,0,0,0,0,0,0,0,0
2022-08-09,15845.000000,15965.000000,15845.000000,15865.000000,15466.877930,1764,0,0,0,0,0,0,0,0
2022-08-10,15895.000000,15930.000000,15810.000000,15875.000000,15476.626953,134,0,0,0,0,0,0,0,0
2022-08-12,16010.000000,16140.000000,15910.000000,16120.000000,15715.478516,1625,0,0,0,0,0,0,0,0
2022-08-15,16085.000000,16085.000000,15935.000000,15975.000000,15574.117188,486,0,0,0,0,0,0,0,0
2022-08-16,15975.000000,15980.000000,15835.000000,15885.000000,15486.375977,365,0,0,0,0,0,0,0,0
2022-08-17,15960.000000,16020.000000,15930.000000,16020.000000,15617.988281,368,0,0,0,0,0,0,0,0
2022-08-18,15945.000000,16020.000000,15930.000000,15950.000000,15549.744141,153,0,0,0,0,0,0,0,0
2022-08-19,15945.000000,16000.000000,15940.000000,15980.000000,15578.991211,46,0,0,0,0,0,0,0,0
2022-08-22,15860.000000,15940.000000,15860.000000,15930.000000,15530.246094,318,0,0,0,0,0,0,0,0
2022-08-23,15910.000000,16050.000000,15910.000000,16050.000000,15647.235352,473,0,0,0,0,0,0,0,0
2022-08-24,16065.000000,16065.000000,15810.000000,15810.000000,15413.257813,203,0,0,0,0,0,0,0,0
2022-08-25,15865.000000,15955.000000,15865.000000,15945.000000,15544.870117,272,0,0,0,0,0,0,0,0
2022-08-26,15830.000000,16005.000000,15830.000000,15955.000000,15554.619141,284,0,0,0,0,0,0,0,0
2022-08-29,15760.000000,15810.000000,15710.000000,15715.000000,15320.641602,257,0,0,0,0,0,0,0,0
2022-08-30,15840.000000,16065.000000,15840.000000,15920.000000,15520.497070,973,0,0,0,0,0,0,0,0
2022-08-31,16045.000000,16175.000000,15955.000000,16140.000000,15734.976563,467,0,0,0,0,0,0,0,0
2022-09-01,15990.000000,16000.000000,15900.000000,15950.000000,15549.744141,256,0,0,0,0,0,0,0,0
2022-09-02,15970.000000,15975.000000,15870.000000,15870.000000,15471.751953,52,0,0,0,0,0,0,0,0
2022-09-05,15825.000000,15825.000000,15670.000000,15740.000000,15345.014648,195,0,0,0,0,0,0,0,0
2022-09-06,15725.000000,15730.000000,15585.000000,15610.000000,15218.276367,217,0,0,0,0,0,0,0,0
2022-09-07,15535.000000,15535.000000,15340.000000,15465.000000,15076.915039,352,0,0,0,0,0,0,0,0
2022-09-08,15575.000000,15740.000000,15575.000000,15675.000000,15281.645508,180,0,0,0,0,0,0,0,0
2022-09-09,15675.000000,15775.000000,15675.000000,15720.000000,15325.516602,176,0,0,0,0,0,0,0,0
2022-09-12,15940.000000,16020.000000,15925.000000,15990.000000,15588.740234,1212,0,0,0,0,0,0,0,0
2022-09-13,16040.000000,16375.000000,16040.000000,16320.000000,15910.459961,1489,0,0,0,0,0,0,0,0
2022-09-14,15985.000000,16280.000000,15985.000000,16255.000000,15847.090820,576,0,0,0,0,0,0,0,0
2022-09-15,16300.000000,16470.000000,16250.000000,16355.000000,15944.581055,493,0,0,0,0,0,0,0,0
2022-09-16,16340.000000,16345.000000,16250.000000,16325.000000,15915.333984,847,0,0,0,0,0,0,0,0
2022-09-20,16260.000000,16290.000000,16100.000000,16215.000000,15808.094727,363,1,2000000,1,2000000,0,0,0,0
2022-09-21,16125.000000,16150.000000,16000.000000,16025.000000,15622.862305,178,0,0,0,0,0,0,0,0
2022-09-22,15940.000000,16130.000000,15850.000000,16130.000000,15725.227539,553,0,0,0,0,0,0,0,0
2022-09-26,16055.000000,16100.000000,15905.000000,15960.000000,15559.493164,323,1,752000,1,752000,0,0,0,0
2022-09-27,15935.000000,16000.000000,15790.000000,15935.000000,15535.121094,285,0,0,0,0,0,0,0,0
2022-09-28,15875.000000,15875.000000,15500.000000,15640.000000,15247.523438,2560,0,0,0,0,0,0,0,0
2022-09-29,15720.000000,15905.000000,15700.000000,15885.000000,15486.375977,466,0,0,0,0,0,0,0,0
2022-09-30,15755.000000,15830.000000,15670.000000,15740.000000,15345.014648,360,0,0,0,0,0,0,0,0
2022-10-03,15610.000000,15820.000000,15400.000000,15820.000000,15423.006836,1672,0,0,0,0,0,0,0,0
2022-10-04,15930.000000,16025.000000,15855.000000,16025.000000,15622.862305,1093,0,0,0,0,0,0,0,0
2022-10-05,16140.000000,16195.000000,15905.000000,15905.000000,15505.874023,1189,0,0,0,0,0,0,0,0
2022-10-06,15905.000000,16030.000000,15905.000000,15980.000000,15578.991211,716,0,0,0,0,0,0,0,0
2022-10-07,15875.000000,16150.000000,15875.000000,16070.000000,15666.733398,310,0,0,0,0,0,0,0,0
2022-10-11,16120.000000,16280.000000,16100.000000,16145.000000,15739.851563,568,0,0,0,0,0,0,0,0
2022-10-12,16220.000000,16400.000000,16145.000000,16310.000000,15900.710938,766,0,0,0,0,0,0,0,0
2022-10-13,16345.000000,16345.000000,16110.000000,16135.000000,15730.101563,505,0,0,0,0,0,0,0,0
2022-10-14,16350.000000,16370.000000,16220.000000,16355.000000,15944.581055,3670,0,0,0,0,0,0,0,0
2022-10-17,16365.000000,16470.000000,16340.000000,16420.000000,16007.950195,916,0,0,0,0,0,0,0,0
2022-10-18,16580.000000,16680.000000,16505.000000,16580.000000,16163.934570,1180,0,0,0,0,0,0,0,0
2022-10-19,16615.000000,16665.000000,16550.000000,16615.000000,16198.056641,622,0,0,0,0,0,0,0,0
2022-10-20,16610.000000,16675.000000,16540.000000,16630.000000,16212.680664,505,0,0,0,0,0,0,0,0
2022-10-21,16660.000000,16660.000000,16340.000000,16380.000000,15968.954102,551,0,0,0,0,0,0,0,0
2022-10-24,16445.000000,16445.000000,16200.000000,16245.000000,15837.341797,660,0,0,0,0,0,0,0,0
2022-10-25,16310.000000,16445.000000,16200.000000,16370.000000,15959.205078,618,0,0,0,0,0,0,0,0
2022-10-26,16460.000000,16460.000000,16210.000000,16210.000000,15803.219727,332,0,0,0,0,0,0,0,0
2022-10-27,16220.000000,16255.000000,16100.000000,16100.000000,15695.980469,1081,0,0,0,0,0,0,0,0
2022-10-28,16100.000000,16240.000000,16085.000000,16125.000000,15720.352539,643,0,0,0,0,0,0,0,0
2022-10-31,16250.000000,16345.000000,16125.000000,16345.000000,15934.832031,689,0,0,0,0,0,0,0,0
2022-11-01,16235.000000,16330.000000,16230.000000,16330.000000,15920.208984,338,0,0,0,0,0,0,0,0
2022-11-02,16345.000000,16345.000000,16200.000000,16205.000000,15798.345703,172,0,0,0,0,0,0,0,0
2022-11-04,16185.000000,16185.000000,16000.000000,16060.000000,15656.984375,665,0,0,0,0,0,0,0,0
2022-11-07,16120.000000,16245.000000,16120.000000,16160.000000,15754.474609,182,0,0,0,0,0,0,0,0
2022-11-08,16265.000000,16285.000000,16160.000000,16160.000000,15754.474609,762,0,0,0,0,0,0,0,0
2022-11-09,16165.000000,16210.000000,15955.000000,16015.000000,15613.113281,581,0,0,0,0,0,0,0,0
2022-11-10,15940.000000,16055.000000,15920.000000,15995.000000,15593.615234,780,0,0,0,0,0,0,0,0
2022-11-11,16105.000000,16155.000000,15765.000000,15855.000000,15457.128906,1997,0,0,0,0,0,0,0,0
2022-11-14,15875.000000,15940.000000,15755.000000,15825.000000,15427.880859,2522,0,0,0,0,0,0,0,0
2022-11-15,15810.000000,15870.000000,15750.000000,15870.000000,15471.751953,360,0,0,0,0,0,0,0,0
2022-11-16,15805.000000,15805.000000,15600.000000,15760.000000,15364.512695,1608,0,0,0,0,0,0,0,0
2022-11-17,15760.000000,16095.000000,15760.000000,16095.000000,15691.105469,532,0,0,0,0,0,0,0,0
2022-11-18,16050.000000,16105.000000,15925.000000,15950.000000,15549.744141,673,0,0,0,0,0,0,0,0
2022-11-21,16010.000000,16055.000000,15900.000000,16000.000000,15598.490234,462,0,0,0,0,0,0,0,0
2022-11-22,16085.000000,16185.000000,16070.000000,16170.000000,15764.223633,539,0,0,0,0,0,0,0,0
2022-11-24,16245.000000,16330.000000,16245.000000,16295.000000,15886.086914,811,0,0,0,0,0,0,0,0
2022-11-25,16300.000000,16385.000000,16245.000000,16385.000000,15973.828125,426,0,0,0,0,0,0,0,0
2022-11-28,16405.000000,16430.000000,16275.000000,16370.000000,15959.205078,1085,0,0,0,0,0,0,0,0
2022-11-29,16310.000000,16440.000000,16300.000000,16410.000000,15998.201172,473,0,0,0,0,0,0,0,0
2022-11-30,16410.000000,16570.000000,16385.000000,16470.000000,16056.695313,2026,0,0,0,0,0,0,0,0
2022-12-01,16525.000000,16550.000000,16355.000000,16405.000000,15993.326172,1173,0,0,0,0,0,0,0,0
2022-12-02,16340.000000,16340.000000,16075.000000,16130.000000,15725.227539,675,0,0,0,0,0,0,0,0
2022-12-05,16130.000000,16130.000000,15985.000000,16055.000000,15652.109375,474,0,0,0,0,0,0,0,0
2022-12-06,16055.000000,16055.000000,15990.000000,16020.000000,15617.988281,429,0,0,0,0,0,0,0,0
2022-12-07,16000.000000,16195.000000,16000.000000,16180.000000,15773.972656,263,0,0,0,0,0,0,0,0
2022-12-08,16080.000000,16205.000000,16050.000000,16185.000000,15778.847656,514,0,0,0,0,0,0,0,0
2022-12-09,16235.000000,16380.000000,16225.000000,16230.000000,15822.717773,603,0,0,0,0,0,0,0,0
2022-12-12,16245.000000,16250.000000,16200.000000,16225.000000,15817.843750,203,0,0,0,0,0,0,0,0
2022-12-13,16450.000000,16450.000000,16295.000000,16365.000000,15954.330078,557,0,0,0,0,0,0,0,0
2022-12-14,16350.000000,16350.000000,16250.000000,16270.000000,15861.713867,611,0,0,0,0,0,0,0,0
2022-12-15,16335.000000,16445.000000,16335.000000,16390.000000,15978.703125,462,0,0,0,0,0,0,0,0
2022-12-16,16450.000000,16450.000000,16330.000000,16330.000000,15920.208984,383,0,0,0,0,0,0,0,0
2022-12-19,16280.000000,16325.000000,16220.000000,16220.000000,15812.968750,359,0,0,0,0,0,0,0,0
2022-12-20,16260.000000,16350.000000,15850.000000,15925.000000,15525.372070,898,0,0,0,0,0,0,0,0
2022-12-21,15800.000000,15990.000000,15770.000000,15865.000000,15466.877930,766,0,0,0,0,0,0,0,0
2022-12-22,15910.000000,16030.000000,15910.000000,16015.000000,15613.113281,159,0,0,0,0,0,0,0,0
2022-12-23,15920.000000,15945.000000,15870.000000,15915.000000,15515.623047,213,0,0,0,0,0,0,0,0
2022-12-26,16000.000000,16000.000000,15920.000000,15960.000000,15559.493164,372,0,0,0,0,0,0,0,0
2022-12-27,16035.000000,16250.000000,16035.000000,16100.000000,15695.980469,445,0,0,0,0,0,0,0,0
2022-12-28,16110.000000,16110.000000,15995.000000,16015.000000,15613.113281,769,0,0,0,0,0,0,0,0
2022-12-29,16000.000000,16000.000000,15850.000000,15895.000000,15496.125000,243,0,0,0,0,0,0,0,0
2022-12-30,15900.000000,15950.000000,15890.000000,15930.000000,15530.246094,79,0,0,0,0,0,0,0,0