Date,Open,High,Low,Close,Adj Close,Volume,Dummy,Damage,Dummy_over_0.5,Damage_over_0.5,Dummy_over_0.75,Damage_over_0.75,Dummy_over_0.90,Damage_over_0.90
04.01.2010,11200.000000,11200.000000,11150.000000,11190.000000,9389.303711,117,0,0,0,0,0,0,0,0
05.01.2010,11280.000000,11330.000000,11280.000000,11280.000000,9464.821289,540,0,0,0,0,0,0,0,0
06.01.2010,11250.000000,11370.000000,11250.000000,11330.000000,9506.774414,491,0,0,0,0,0,0,0,0
07.01.2010,11350.000000,11390.000000,11350.000000,11390.000000,9557.121094,139,0,0,0,0,0,0,0,0
08.01.2010,11370.000000,11450.000000,11350.000000,11450.000000,9607.462891,582,0,0,0,0,0,0,0,0
12.01.2010,11450.000000,11500.000000,11450.000000,11480.000000,9632.635742,169,0,0,0,0,0,0,0,0
13.01.2010,11480.000000,11600.000000,11480.000000,11500.000000,9649.418945,312,0,0,0,0,0,0,0,0
14.01.2010,11520.000000,11570.000000,11500.000000,11570.000000,9708.153320,853,0,0,0,0,0,0,0,0
15.01.2010,11270.000000,11530.000000,11270.000000,11490.000000,9641.027344,120,0,0,0,0,0,0,0,0
18.01.2010,11450.000000,11580.000000,11450.000000,11560.000000,9699.762695,347,0,0,0,0,0,0,0,0
19.01.2010,11500.000000,11560.000000,11500.000000,11530.000000,9674.591797,35,0,0,0,0,0,0,0,0
20.01.2010,11600.000000,11620.000000,11570.000000,11570.000000,9708.153320,166,0,0,0,0,0,0,0,0
21.01.2010,11550.000000,11630.000000,11550.000000,11630.000000,9758.500977,1902,0,0,0,0,0,0,0,0
22.01.2010,11540.000000,11560.000000,11450.000000,11560.000000,9699.762695,7,0,0,0,0,0,0,0,0
25.01.2010,11400.000000,11640.000000,11400.000000,11510.000000,9657.808594,158,0,0,0,0,0,0,0,0
26.01.2010,11460.000000,11490.000000,11350.000000,11360.000000,9531.946289,23,0,0,0,0,0,0,0,0
27.01.2010,11350.000000,11450.000000,11340.000000,11350.000000,9523.558594,35,0,0,0,0,0,0,0,0
28.01.2010,11300.000000,11300.000000,11230.000000,11280.000000,9464.821289,373,0,0,0,0,0,0,0,0
29.01.2010,11320.000000,11320.000000,11230.000000,11230.000000,9422.866211,150,0,0,0,0,0,0,0,0
01.02.2010,11180.000000,11180.000000,11030.000000,11130.000000,9338.958984,220,0,0,0,0,0,0,0,0
02.02.2010,11050.000000,11170.000000,11050.000000,11170.000000,9372.523438,86,0,0,0,0,0,0,0,0
03.02.2010,11190.000000,11360.000000,11190.000000,11250.000000,9439.649414,721,0,0,0,0,0,0,0,0
04.02.2010,11280.000000,11450.000000,11280.000000,11440.000000,9599.072266,45,0,0,0,0,0,0,0,0
05.02.2010,11350.000000,11390.000000,11270.000000,11330.000000,9506.774414,24,0,0,0,0,0,0,0,0
08.02.2010,11300.000000,11340.000000,11300.000000,11310.000000,9489.994141,182,0,0,0,0,0,0,0,0
09.02.2010,11230.000000,11230.000000,11210.000000,11220.000000,9414.475586,240,0,0,0,0,0,0,0,0
10.02.2010,11180.000000,11250.000000,11180.000000,11250.000000,9439.649414,12,0,0,0,0,0,0,0,0
12.02.2010,11330.000000,11350.000000,11310.000000,11320.000000,9498.382813,162,0,0,0,0,0,0,0,0
15.02.2010,11333.700195,11333.700195,11333.700195,11333.700195,9509.879883,0,0,0,0,0,0,0,0,0
16.02.2010,11390.000000,11400.000000,11370.000000,11370.000000,9540.336914,65,0,0,0,0,0,0,0,0
17.02.2010,11490.000000,11520.000000,11350.000000,11470.000000,9624.246094,32,0,0,0,0,0,0,0,0
18.02.2010,11460.000000,11460.000000,11360.000000,11360.000000,9531.946289,57,0,0,0,0,0,0,0,0
19.02.2010,11380.000000,11380.000000,11270.000000,11290.000000,9473.212891,134,0,0,0,0,0,0,0,0
22.02.2010,11380.000000,11630.000000,11380.000000,11490.000000,9641.027344,1336,0,0,0,0,0,0,0,0
23.02.2010,11500.000000,11580.000000,11500.000000,11560.000000,9699.762695,499,0,0,0,0,0,0,0,0
24.02.2010,11450.000000,11450.000000,11390.000000,11390.000000,9557.121094,164,0,0,0,0,0,0,0,0
25.02.2010,11500.000000,11600.000000,11500.000000,11560.000000,9699.762695,498,0,0,0,0,0,0,0,0
26.02.2010,11600.000000,11650.000000,11550.000000,11550.000000,9691.372070,164,0,0,0,0,0,0,0,0
01.03.2010,11640.000000,11670.000000,11630.000000,11630.000000,9758.500977,614,0,0,0,0,0,0,0,0
02.03.2010,11620.000000,11680.000000,11620.000000,11680.000000,9800.452148,68,0,0,0,0,0,0,0,0
03.03.2010,11620.000000,11730.000000,11620.000000,11680.000000,9800.452148,147,0,0,0,0,0,0,0,0
04.03.2010,11750.000000,11780.000000,11680.000000,11680.000000,9800.452148,52,0,0,0,0,0,0,0,0
05.03.2010,11750.000000,11800.000000,11700.000000,11680.000000,9800.452148,293,0,0,0,0,0,0,0,0
08.03.2010,11630.000000,11630.000000,11560.000000,11620.000000,9750.108398,444,0,0,0,0,0,0,0,0
09.03.2010,11600.000000,11600.000000,11580.000000,11560.000000,9699.762695,8,0,0,0,0,0,0,0,0
10.03.2010,11580.000000,11580.000000,11580.000000,11550.000000,9691.372070,5,0,0,0,0,0,0,0,0
11.03.2010,11560.000000,11560.000000,11550.000000,11550.000000,9691.372070,13,0,0,0,0,0,0,0,0
12.03.2010,11540.000000,11570.000000,11540.000000,11570.000000,9708.153320,18,0,0,0,0,0,0,0,0
15.03.2010,11590.000000,11640.000000,11580.000000,11580.000000,9716.545898,200,0,0,0,0,0,0,0,0
16.03.2010,11630.000000,11700.000000,11630.000000,11680.000000,9800.452148,69,0,0,0,0,0,0,0,0
17.03.2010,11630.000000,11680.000000,11630.000000,11680.000000,9800.452148,133,0,0,0,0,0,0,0,0
18.03.2010,11650.000000,11650.000000,11640.000000,11650.000000,9775.281250,128,0,0,0,0,0,0,0,0
19.03.2010,11640.000000,11700.000000,11640.000000,11700.000000,9817.235352,43,0,0,0,0,0,0,0,0
23.03.2010,11720.000000,11720.000000,11700.000000,11700.000000,9817.235352,7,0,0,0,0,0,0,0,0
24.03.2010,11700.000000,11700.000000,11610.000000,11610.000000,9741.716797,7,0,0,0,0,0,0,0,0
25.03.2010,11650.000000,11650.000000,11650.000000,11650.000000,9775.281250,1,0,0,0,0,0,0,0,0
26.03.2010,11640.000000,11710.000000,11630.000000,11710.000000,9825.624023,105,0,0,0,0,0,0,0,0
29.03.2010,11610.000000,11610.000000,11600.000000,11600.000000,9733.327148,4,0,0,0,0,0,0,0,0
30.03.2010,11700.000000,11830.000000,11700.000000,11830.000000,9926.314453,92,0,0,0,0,0,0,0,0
31.03.2010,11870.000000,11950.000000,11870.000000,11870.000000,9959.876953,190,0,0,0,0,0,0,0,0
01.04.2010,11860.000000,11860.000000,11820.000000,11860.000000,9951.488281,60,0,0,0,0,0,0,0,0
02.04.2010,11940.000000,11940.000000,11800.000000,11800.000000,9901.143555,13,0,0,0,0,0,0,0,0
05.04.2010,11840.000000,11840.000000,11650.000000,11660.000000,9783.671875,145,0,0,0,0,0,0,0,0
06.04.2010,11660.000000,11660.000000,11660.000000,11660.000000,9783.671875,40,0,0,0,0,0,0,0,0
07.04.2010,11730.000000,11770.000000,11690.000000,11690.000000,9808.843750,10,0,0,0,0,0,0,0,0
08.04.2010,11690.000000,11690.000000,11650.000000,11650.000000,9775.281250,19,0,0,0,0,0,0,0,0
09.04.2010,11660.000000,11660.000000,11620.000000,11620.000000,9750.108398,61,0,0,0,0,0,0,0,0
12.04.2010,11750.000000,11750.000000,11690.000000,11690.000000,9808.843750,28,0,0,0,0,0,0,0,0
13.04.2010,11600.000000,11600.000000,11530.000000,11550.000000,9691.372070,79,0,0,0,0,0,0,0,0
14.04.2010,11560.000000,11560.000000,11510.000000,11530.000000,9674.591797,32,0,0,0,0,0,0,0,0
15.04.2010,11560.000000,11570.000000,11560.000000,11560.000000,9699.762695,20,0,0,0,0,0,0,0,0
16.04.2010,11510.000000,11510.000000,11510.000000,11510.000000,9657.808594,6,0,0,0,0,0,0,0,0
19.04.2010,11520.000000,11540.000000,11460.000000,11470.000000,9624.246094,100,0,0,0,0,0,0,0,0
20.04.2010,11460.000000,11500.000000,11450.000000,11500.000000,9649.418945,263,0,0,0,0,0,0,0,0
21.04.2010,11460.000000,11650.000000,11450.000000,11650.000000,9775.281250,29,0,0,0,0,0,0,0,0
22.04.2010,11600.000000,11600.000000,11430.000000,11470.000000,9624.246094,52,0,0,0,0,0,0,0,0
23.04.2010,11450.000000,11510.000000,11420.000000,11500.000000,9649.418945,161,0,0,0,0,0,0,0,0
26.04.2010,11540.000000,11570.000000,11520.000000,11540.000000,9682.983398,21,0,0,0,0,0,0,0,0
27.04.2010,11500.000000,11500.000000,11470.000000,11470.000000,9624.246094,106,0,0,0,0,0,0,0,0
28.04.2010,11420.000000,11420.000000,11300.000000,11320.000000,9498.382813,279,0,0,0,0,0,0,0,0
30.04.2010,11390.000000,11460.000000,11390.000000,11420.000000,9582.293945,14,0,0,0,0,0,0,0,0
06.05.2010,11380.000000,11380.000000,11300.000000,11350.000000,9523.558594,75,0,0,0,0,0,0,0,0
07.05.2010,11150.000000,11280.000000,11130.000000,11210.000000,9406.084961,173,0,0,0,0,0,0,0,0
10.05.2010,11230.000000,11340.000000,11230.000000,11340.000000,9515.165039,254,0,0,0,0,0,0,0,0
11.05.2010,11230.000000,11340.000000,11230.000000,11340.000000,9515.165039,33,0,0,0,0,0,0,0,0
12.05.2010,11300.000000,11360.000000,11290.000000,11360.000000,9531.946289,809,0,0,0,0,0,0,0,0
13.05.2010,11350.000000,11350.000000,11340.000000,11340.000000,9515.165039,18,0,0,0,0,0,0,0,0
14.05.2010,11280.000000,11280.000000,11240.000000,11240.000000,9431.259766,63,0,0,0,0,0,0,0,0
17.05.2010,11210.000000,11340.000000,11150.000000,11340.000000,9515.165039,285,0,0,0,0,0,0,0,0
18.05.2010,11280.000000,11320.000000,11250.000000,11300.000000,9481.602539,30,0,0,0,0,0,0,0,0
19.05.2010,11250.000000,11340.000000,11250.000000,11290.000000,9473.212891,50,0,0,0,0,0,0,0,0
20.05.2010,11250.000000,11270.000000,11220.000000,11270.000000,9456.429688,18,0,0,0,0,0,0,0,0
21.05.2010,11230.000000,11230.000000,11080.000000,11080.000000,9297.004883,155,0,0,0,0,0,0,0,0
24.05.2010,11090.000000,11090.000000,11010.000000,11010.000000,9238.269531,141,0,0,0,0,0,0,0,0
25.05.2010,11100.000000,11100.000000,11100.000000,11100.000000,9313.787109,20,0,0,0,0,0,0,0,0
26.05.2010,11100.000000,11260.000000,11100.000000,11260.000000,9448.039063,106,0,0,0,0,0,0,0,0
27.05.2010,11070.000000,11090.000000,11060.000000,11060.000000,9280.221680,62,0,0,0,0,0,0,0,0
28.05.2010,11060.000000,11060.000000,11060.000000,11060.000000,9280.221680,7,0,0,0,0,0,0,0,0
31.05.2010,11070.000000,11100.000000,11070.000000,11100.000000,9313.787109,6,0,0,0,0,0,0,0,0
01.06.2010,11160.000000,11260.000000,11160.000000,11260.000000,9448.039063,4,0,0,0,0,0,0,0,0
02.06.2010,11300.000000,11460.000000,11300.000000,11400.000000,9565.510742,361,0,0,0,0,0,0,0,0
03.06.2010,11360.000000,11420.000000,11360.000000,11410.000000,9573.900391,239,0,0,0,0,0,0,0,0
04.06.2010,11410.000000,11410.000000,11410.000000,11410.000000,9573.900391,130,0,0,0,0,0,0,0,0
07.06.2010,11300.000000,11300.000000,11290.000000,11290.000000,9473.212891,4,0,0,0,0,0,0,0,0
08.06.2010,11330.000000,11400.000000,11330.000000,11400.000000,9565.510742,128,0,0,0,0,0,0,0,0
09.06.2010,11280.000000,11480.000000,11280.000000,11480.000000,9632.635742,19,0,0,0,0,0,0,0,0
10.06.2010,11440.000000,11500.000000,11430.000000,11430.000000,9590.682617,53,0,0,0,0,0,0,0,0
11.06.2010,11430.000000,11450.000000,11420.000000,11450.000000,9607.462891,4,0,0,0,0,0,0,0,0
14.06.2010,11540.000000,11540.000000,11520.000000,11520.000000,9666.200195,16,0,0,0,0,0,0,0,0
15.06.2010,11500.000000,11580.000000,11500.000000,11580.000000,9716.545898,15,0,0,0,0,0,0,0,0
16.06.2010,11580.000000,11620.000000,11580.000000,11620.000000,9750.108398,567,0,0,0,0,0,0,0,0
17.06.2010,11640.000000,11640.000000,11640.000000,11640.000000,9766.889648,12,0,0,0,0,0,0,0,0
18.06.2010,11640.000000,11640.000000,11610.000000,11610.000000,9741.716797,4,0,0,0,0,0,0,0,0
21.06.2010,11630.000000,11640.000000,11610.000000,11640.000000,9766.889648,136,0,0,0,0,0,0,0,0
22.06.2010,11550.000000,11650.000000,11550.000000,11580.000000,9716.545898,361,0,0,0,0,0,0,0,0
23.06.2010,11490.000000,11620.000000,11490.000000,11620.000000,9750.108398,61,0,0,0,0,0,0,0,0
24.06.2010,11560.000000,11650.000000,11560.000000,11610.000000,9741.716797,9,0,0,0,0,0,0,0,0
25.06.2010,11480.000000,11610.000000,11480.000000,11610.000000,9741.716797,62,0,0,0,0,0,0,0,0
28.06.2010,11660.000000,11690.000000,11650.000000,11690.000000,9808.843750,135,0,0,0,0,0,0,0,0
29.06.2010,11620.000000,11620.000000,11620.000000,11620.000000,9750.108398,4,0,0,0,0,0,0,0,0
30.06.2010,11610.000000,11610.000000,11610.000000,11610.000000,9741.716797,6,0,0,0,0,0,0,0,0
01.07.2010,11480.000000,11580.000000,11480.000000,11580.000000,9716.545898,16,0,0,0,0,0,0,0,0
02.07.2010,11480.000000,11490.000000,11440.000000,11490.000000,9641.027344,16,0,0,0,0,0,0,0,0
05.07.2010,11520.000000,11520.000000,11520.000000,11520.000000,9666.200195,43,0,0,0,0,0,0,0,0
06.07.2010,11570.000000,11570.000000,11570.000000,11570.000000,9708.153320,25,0,0,0,0,0,0,0,0
07.07.2010,11550.000000,11620.000000,11550.000000,11620.000000,9750.108398,48,0,0,0,0,0,0,0,0
08.07.2010,11660.000000,11720.000000,11660.000000,11720.000000,9834.014648,39,0,0,0,0,0,0,0,0
09.07.2010,11670.000000,11700.000000,11660.000000,11660.000000,9783.671875,463,0,0,0,0,0,0,0,0
12.07.2010,11570.000000,11570.000000,11520.000000,11520.000000,9666.200195,23,0,0,0,0,0,0,0,0
13.07.2010,11110.000000,11120.000000,11020.000000,11050.000000,9271.833008,410,0,0,0,0,0,0,0,0
14.07.2010,11050.000000,11110.000000,11050.000000,11070.000000,9288.616211,50,0,0,0,0,0,0,0,0
15.07.2010,11060.000000,11060.000000,10940.000000,10940.000000,9179.532227,92,0,0,0,0,0,0,0,0
16.07.2010,10940.000000,10950.000000,10880.000000,10950.000000,9187.924805,37,0,0,0,0,0,0,0,0
21.07.2010,11020.000000,11070.000000,11000.000000,11070.000000,9288.616211,35,0,0,0,0,0,0,0,0
22.07.2010,11020.000000,11150.000000,11020.000000,11080.000000,9297.004883,145,0,0,0,0,0,0,0,0
23.07.2010,11050.000000,11070.000000,11050.000000,11070.000000,9288.616211,34,0,0,0,0,0,0,0,0
26.07.2010,11040.000000,11040.000000,11020.000000,11040.000000,9263.442383,11,0,0,0,0,0,0,0,0
27.07.2010,11020.000000,11020.000000,11020.000000,11020.000000,9246.660156,21,0,0,0,0,0,0,0,0
28.07.2010,11080.000000,11080.000000,11080.000000,11080.000000,9297.004883,16,0,0,0,0,0,0,0,0
29.07.2010,11050.000000,11050.000000,11040.000000,11040.000000,9263.442383,621,0,0,0,0,0,0,0,0
30.07.2010,11000.000000,11000.000000,10910.000000,10930.000000,9171.142578,100,0,0,0,0,0,0,0,0
02.08.2010,10930.000000,10930.000000,10850.000000,10850.000000,9104.018555,120,0,0,0,0,0,0,0,0
03.08.2010,10900.000000,10940.000000,10830.000000,10830.000000,9087.233398,161,0,0,0,0,0,0,0,0
04.08.2010,10830.000000,10830.000000,10770.000000,10800.000000,9062.062500,506,0,0,0,0,0,0,0,0
05.08.2010,10900.000000,10980.000000,10900.000000,10980.000000,9213.095703,131,0,0,0,0,0,0,0,0
06.08.2010,10920.000000,10970.000000,10910.000000,10970.000000,9204.707031,362,0,0,0,0,0,0,0,0
09.08.2010,10990.000000,11010.000000,10970.000000,11010.000000,9238.269531,40,0,0,0,0,0,0,0,0
10.08.2010,10980.000000,10980.000000,10970.000000,10980.000000,9213.095703,180,0,0,0,0,0,0,0,0
11.08.2010,10920.000000,10920.000000,10820.000000,10830.000000,9087.233398,5,0,0,0,0,0,0,0,0
12.08.2010,10800.000000,10980.000000,10800.000000,10940.000000,9179.532227,121,0,0,0,0,0,0,0,0
13.08.2010,10940.000000,10970.000000,10940.000000,10970.000000,9204.707031,16,0,0,0,0,0,0,0,0
16.08.2010,10920.000000,11020.000000,10920.000000,11020.000000,9246.660156,29,0,0,0,0,0,0,0,0
17.08.2010,11030.000000,11140.000000,11030.000000,11110.000000,9322.176758,163,0,0,0,0,0,0,0,0
18.08.2010,11100.000000,11150.000000,11050.000000,11150.000000,9355.741211,176,0,0,0,0,0,0,0,0
19.08.2010,11060.000000,11060.000000,11060.000000,11060.000000,9280.221680,30,0,0,0,0,0,0,0,0
20.08.2010,11020.000000,11030.000000,10970.000000,10990.000000,9221.487305,236,0,0,0,0,0,0,0,0
23.08.2010,10960.000000,11050.000000,10960.000000,11050.000000,9271.833008,91,0,0,0,0,0,0,0,0
24.08.2010,11040.000000,11060.000000,11030.000000,11060.000000,9280.221680,230,0,0,0,0,0,0,0,0
25.08.2010,11030.000000,11070.000000,11010.000000,11010.000000,9238.269531,29,0,0,0,0,0,0,0,0
26.08.2010,11040.000000,11080.000000,11040.000000,11080.000000,9297.004883,146,0,0,0,0,0,0,0,0
27.08.2010,11050.000000,11210.000000,11050.000000,11210.000000,9406.084961,514,0,0,0,0,0,0,0,0
30.08.2010,11190.000000,11280.000000,11190.000000,11200.000000,9397.695313,501,0,0,0,0,0,0,0,0
31.08.2010,11170.000000,11170.000000,11150.000000,11160.000000,9364.130859,447,0,0,0,0,0,0,0,0
01.09.2010,11080.000000,11230.000000,11070.000000,11230.000000,9422.866211,134,0,0,0,0,0,0,0,0
02.09.2010,11250.000000,11280.000000,11240.000000,11250.000000,9439.649414,660,0,0,0,0,0,0,0,0
03.09.2010,11320.000000,11330.000000,11220.000000,11290.000000,9473.212891,420,0,0,0,0,0,0,0,0
06.09.2010,11300.000000,11410.000000,11300.000000,11410.000000,9573.900391,132,0,0,0,0,0,0,0,0
07.09.2010,11370.000000,11400.000000,11370.000000,11400.000000,9565.510742,9,0,0,0,0,0,0,0,0
08.09.2010,11350.000000,11350.000000,11350.000000,11350.000000,9523.558594,1,0,0,0,0,0,0,0,0
09.09.2010,11340.000000,11340.000000,11340.000000,11340.000000,9515.165039,40,0,0,0,0,0,0,0,0
10.09.2010,11300.000000,11300.000000,11280.000000,11280.000000,9464.821289,24,0,0,0,0,0,0,0,0
13.09.2010,11270.000000,11270.000000,11190.000000,11190.000000,9389.303711,15,0,0,0,0,0,0,0,0
14.09.2010,11170.000000,11170.000000,11100.000000,11100.000000,9313.787109,74,0,0,0,0,0,0,0,0
16.09.2010,11130.000000,11130.000000,10940.000000,10960.000000,9196.315430,133,0,0,0,0,0,0,0,0
17.09.2010,10990.000000,10990.000000,10910.000000,10950.000000,9187.924805,138,0,0,0,0,0,0,0,0
21.09.2010,11000.000000,11000.000000,10990.000000,10990.000000,9221.487305,100,0,0,0,0,0,0,0,0
22.09.2010,10970.000000,10970.000000,10960.000000,10960.000000,9196.315430,12,0,0,0,0,0,0,0,0
24.09.2010,10890.000000,10900.000000,10820.000000,10830.000000,9087.233398,203,0,0,0,0,0,0,0,0
27.09.2010,10830.000000,10920.000000,10790.000000,10920.000000,9162.754883,283,0,0,0,0,0,0,0,0
28.09.2010,10970.000000,10970.000000,10900.000000,10910.000000,9154.360352,574,0,0,0,0,0,0,0,0
29.09.2010,10970.000000,10970.000000,10530.000000,10600.000000,8894.246094,593,0,0,0,0,0,0,0,0
30.09.2010,10570.000000,10570.000000,10300.000000,10300.000000,8642.521484,2143,0,0,0,0,0,0,0,0
01.10.2010,10320.000000,10400.000000,10260.000000,10400.000000,8726.430664,172,0,0,0,0,0,0,0,0
04.10.2010,10370.000000,10370.000000,10150.000000,10180.000000,8541.833008,1350,0,0,0,0,0,0,0,0
05.10.2010,10130.000000,10270.000000,10120.000000,10270.000000,8617.351563,343,0,0,0,0,0,0,0,0
06.10.2010,10240.000000,10240.000000,10180.000000,10190.000000,8550.222656,92,0,0,0,0,0,0,0,0
07.10.2010,10280.000000,10280.000000,10120.000000,10160.000000,8525.051758,379,0,0,0,0,0,0,0,0
08.10.2010,10300.000000,10300.000000,10080.000000,10080.000000,8457.924805,762,0,0,0,0,0,0,0,0
12.10.2010,10060.000000,10060.000000,9750.000000,9780.000000,8206.202148,2376,0,0,0,0,0,0,0,0
13.10.2010,9800.000000,9810.000000,9740.000000,9740.000000,8172.638184,939,0,0,0,0,0,0,0,0
14.10.2010,9820.000000,9840.000000,9800.000000,9820.000000,8239.763672,223,0,0,0,0,0,0,0,0
15.10.2010,9780.000000,9810.000000,9730.000000,9760.000000,8189.419434,259,0,0,0,0,0,0,0,0
18.10.2010,9830.000000,9980.000000,9830.000000,9970.000000,8365.626953,538,0,0,0,0,0,0,0,0
19.10.2010,10040.000000,10120.000000,10040.000000,10050.000000,8432.752930,873,0,0,0,0,0,0,0,0
20.10.2010,9990.000000,10000.000000,9900.000000,9970.000000,8365.626953,432,0,0,0,0,0,0,0,0
21.10.2010,9960.000000,9980.000000,9880.000000,9940.000000,8340.454102,26,0,0,0,0,0,0,0,0
22.10.2010,9950.000000,9950.000000,9930.000000,9930.000000,8332.062500,106,0,0,0,0,0,0,0,0
25.10.2010,9920.000000,9920.000000,9800.000000,9800.000000,8222.981445,109,0,0,0,0,0,0,0,0
26.10.2010,9930.000000,9940.000000,9910.000000,9920.000000,8323.673828,66,0,0,0,0,0,0,0,0
27.10.2010,9900.000000,9900.000000,9800.000000,9840.000000,8256.545898,176,0,0,0,0,0,0,0,0
28.10.2010,9800.000000,9850.000000,9780.000000,9850.000000,8264.936523,50,0,0,0,0,0,0,0,0
29.10.2010,9800.000000,10130.000000,9780.000000,10110.000000,8483.098633,533,0,0,0,0,0,0,0,0
01.11.2010,10110.000000,10110.000000,10030.000000,10030.000000,8415.971680,33,0,0,0,0,0,0,0,0
02.11.2010,10060.000000,10060.000000,10000.000000,10010.000000,8399.190430,36,0,0,0,0,0,0,0,0
04.11.2010,10120.000000,10140.000000,10030.000000,10070.000000,8449.534180,92,0,0,0,0,0,0,0,0
05.11.2010,10150.000000,10210.000000,10050.000000,10100.000000,8474.705078,193,0,0,0,0,0,0,0,0
08.11.2010,10170.000000,10170.000000,10070.000000,10120.000000,8491.489258,43,0,0,0,0,0,0,0,0
09.11.2010,10150.000000,10200.000000,10150.000000,10180.000000,8541.833008,59,0,0,0,0,0,0,0,0
10.11.2010,10200.000000,10250.000000,10200.000000,10210.000000,8567.004883,51,0,0,0,0,0,0,0,0
11.11.2010,10200.000000,10250.000000,10170.000000,10170.000000,8533.443359,234,0,0,0,0,0,0,0,0
12.11.2010,10180.000000,10220.000000,10170.000000,10170.000000,8533.443359,164,0,0,0,0,0,0,0,0
15.11.2010,10160.000000,10220.000000,10160.000000,10220.000000,8575.397461,148,0,0,0,0,0,0,0,0
16.11.2010,10170.000000,10170.000000,10060.000000,10060.000000,8441.145508,86,0,0,0,0,0,0,0,0
17.11.2010,10100.000000,10130.000000,10100.000000,10130.000000,8499.879883,342,0,0,0,0,0,0,0,0
18.11.2010,10150.000000,10200.000000,10130.000000,10200.000000,8558.615234,60,0,0,0,0,0,0,0,0
19.11.2010,10200.000000,10200.000000,10170.000000,10170.000000,8533.443359,93,0,0,0,0,0,0,0,0
22.11.2010,10190.000000,10200.000000,10170.000000,10200.000000,8558.615234,88,0,0,0,0,0,0,0,0
24.11.2010,10120.000000,10180.000000,10120.000000,10160.000000,8525.051758,31,0,0,0,0,0,0,0,0
25.11.2010,10140.000000,10140.000000,10070.000000,10100.000000,8474.705078,399,0,0,0,0,0,0,0,0
26.11.2010,10050.000000,10140.000000,10050.000000,10140.000000,8508.269531,31,0,0,0,0,0,0,0,0
29.11.2010,10130.000000,10240.000000,10130.000000,10220.000000,8575.397461,144,0,0,0,0,0,0,0,0
30.11.2010,10250.000000,10270.000000,10160.000000,10160.000000,8525.051758,396,0,0,0,0,0,0,0,0
01.12.2010,10190.000000,10190.000000,10170.000000,10190.000000,8550.222656,15,0,0,0,0,0,0,0,0
02.12.2010,10230.000000,10240.000000,10150.000000,10150.000000,8516.659180,106,0,0,0,0,0,0,0,0
03.12.2010,10170.000000,10170.000000,10160.000000,10160.000000,8525.051758,42,0,0,0,0,0,0,0,0
06.12.2010,10160.000000,10180.000000,10160.000000,10180.000000,8541.833008,260,0,0,0,0,0,0,0,0
07.12.2010,10180.000000,10240.000000,10180.000000,10240.000000,8592.177734,93,0,0,0,0,0,0,0,0
08.12.2010,10270.000000,10290.000000,10260.000000,10260.000000,8608.958984,277,0,0,0,0,0,0,0,0
09.12.2010,10270.000000,10300.000000,10220.000000,10240.000000,8592.177734,129,0,0,0,0,0,0,0,0
10.12.2010,10250.000000,10250.000000,10250.000000,10250.000000,8600.567383,35,0,0,0,0,0,0,0,0
13.12.2010,10250.000000,10250.000000,10230.000000,10230.000000,8583.786133,131,0,0,0,0,0,0,0,0
14.12.2010,10260.000000,10290.000000,10260.000000,10290.000000,8634.132813,109,0,0,0,0,0,0,0,0
15.12.2010,10320.000000,10320.000000,10270.000000,10290.000000,8634.132813,49,0,0,0,0,0,0,0,0
16.12.2010,10280.000000,10280.000000,10270.000000,10270.000000,8617.351563,327,0,0,0,0,0,0,0,0
17.12.2010,10240.000000,10250.000000,10210.000000,10220.000000,8575.397461,496,0,0,0,0,0,0,0,0
20.12.2010,10220.000000,10220.000000,10180.000000,10210.000000,8567.004883,85,0,0,0,0,0,0,0,0
21.12.2010,10230.000000,10250.000000,10230.000000,10250.000000,8600.567383,838,0,0,0,0,0,0,0,0
22.12.2010,10220.000000,10220.000000,10170.000000,10180.000000,8541.833008,2482,0,0,0,0,0,0,0,0
24.12.2010,10190.000000,10200.000000,10170.000000,10180.000000,8541.833008,198,0,0,0,0,0,0,0,0
27.12.2010,10160.000000,10160.000000,10160.000000,10160.000000,8525.051758,158,0,0,0,0,0,0,0,0
28.12.2010,10170.000000,10180.000000,10150.000000,10150.000000,8516.659180,278,0,0,0,0,0,0,0,0
29.12.2010,10160.000000,10230.000000,10160.000000,10230.000000,8583.786133,117,0,0,0,0,0,0,0,0
30.12.2010,10230.000000,10230.000000,10170.000000,10170.000000,8533.443359,818,0,0,0,0,0,0,0,0
04.01.2011,10200.000000,10200.000000,10170.000000,10180.000000,8541.833008,454,0,0,0,0,0,0,0,0
05.01.2011,10180.000000,10190.000000,10170.000000,10190.000000,8550.222656,19,0,0,0,0,0,0,0,0
06.01.2011,10200.000000,10200.000000,10190.000000,10200.000000,8558.615234,357,0,0,0,0,0,0,0,0
07.01.2011,10230.000000,10230.000000,10170.000000,10180.000000,8541.833008,359,0,0,0,0,0,0,0,0
11.01.2011,10170.000000,10180.000000,10160.000000,10160.000000,8525.051758,68,0,0,0,0,0,0,0,0
12.01.2011,10180.000000,10180.000000,10150.000000,10150.000000,8516.659180,178,0,0,0,0,0,0,0,0
13.01.2011,10190.000000,10190.000000,10170.000000,10170.000000,8533.443359,151,0,0,0,0,0,0,0,0
14.01.2011,10170.000000,10170.000000,10140.000000,10140.000000,8508.269531,44,0,0,0,0,0,0,0,0
17.01.2011,10180.000000,10210.000000,10140.000000,10190.000000,8550.222656,2078,0,0,0,0,0,0,0,0
18.01.2011,10210.000000,10210.000000,10190.000000,10190.000000,8550.222656,90,0,0,0,0,0,0,0,0
19.01.2011,10210.000000,10210.000000,10190.000000,10210.000000,8567.004883,102,0,0,0,0,0,0,0,0
20.01.2011,10160.000000,10190.000000,10160.000000,10190.000000,8550.222656,141,0,0,0,0,0,0,0,0
21.01.2011,10210.000000,10350.000000,10190.000000,10310.000000,8650.914063,505,0,0,0,0,0,0,0,0
24.01.2011,10320.000000,10380.000000,10320.000000,10380.000000,8709.649414,100,0,0,0,0,0,0,0,0
25.01.2011,10400.000000,10400.000000,10330.000000,10390.000000,8718.040039,220,0,0,0,0,0,0,0,0
26.01.2011,10400.000000,10400.000000,10300.000000,10300.000000,8642.521484,189,0,0,0,0,0,0,0,0
27.01.2011,10390.000000,10390.000000,10330.000000,10330.000000,8667.695313,28,0,0,0,0,0,0,0,0
28.01.2011,10330.000000,10330.000000,10210.000000,10210.000000,8567.004883,226,0,0,0,0,0,0,0,0
31.01.2011,10210.000000,10310.000000,10210.000000,10270.000000,8617.351563,71,0,0,0,0,0,0,0,0
01.02.2011,10250.000000,10270.000000,10250.000000,10250.000000,8600.567383,159,0,0,0,0,0,0,0,0
02.02.2011,10290.000000,10390.000000,10290.000000,10360.000000,8692.868164,334,0,0,0,0,0,0,0,0
03.02.2011,10320.000000,10360.000000,10320.000000,10360.000000,8692.868164,119,0,0,0,0,0,0,0,0
04.02.2011,10400.000000,10480.000000,10400.000000,10400.000000,8726.430664,524,0,0,0,0,0,0,0,0
07.02.2011,10440.000000,10460.000000,10410.000000,10460.000000,8776.775391,349,0,0,0,0,0,0,0,0
08.02.2011,10460.000000,10460.000000,10450.000000,10450.000000,8768.383789,143,0,0,0,0,0,0,0,0
09.02.2011,10460.000000,10500.000000,10460.000000,10500.000000,8810.338867,223,0,0,0,0,0,0,0,0
10.02.2011,10520.000000,10580.000000,10520.000000,10540.000000,8843.902344,612,0,0,0,0,0,0,0,0
14.02.2011,10550.000000,10600.000000,10530.000000,10560.000000,8860.683594,10031,0,0,0,0,0,0,0,0
15.02.2011,10600.000000,10600.000000,10590.000000,10600.000000,8894.246094,46,0,0,0,0,0,0,0,0
16.02.2011,10600.000000,10630.000000,10600.000000,10620.000000,8911.028320,52,0,0,0,0,0,0,0,0
17.02.2011,10630.000000,10810.000000,10630.000000,10800.000000,9062.062500,683,0,0,0,0,0,0,0,0
18.02.2011,10810.000000,10900.000000,10810.000000,10830.000000,9087.233398,225,0,0,0,0,0,0,0,0
21.02.2011,10840.000000,10850.000000,10810.000000,10850.000000,9104.018555,65,0,0,0,0,0,0,0,0
22.02.2011,10800.000000,10860.000000,10790.000000,10850.000000,9104.018555,245,0,0,0,0,0,0,0,0
23.02.2011,10840.000000,10910.000000,10820.000000,10850.000000,9104.018555,195,0,0,0,0,0,0,0,0
24.02.2011,10830.000000,10830.000000,10690.000000,10720.000000,8994.935547,1405,0,0,0,0,0,0,0,0
25.02.2011,10650.000000,10690.000000,10580.000000,10690.000000,8969.764648,265,0,0,0,0,0,0,0,0
28.02.2011,10650.000000,10680.000000,10610.000000,10680.000000,8961.374023,359,0,0,0,0,0,0,0,0
01.03.2011,10680.000000,10800.000000,10680.000000,10720.000000,8994.935547,287,0,0,0,0,0,0,0,0
02.03.2011,10700.000000,10700.000000,10620.000000,10620.000000,8911.028320,516,0,0,0,0,0,0,0,0
03.03.2011,10640.000000,10680.000000,10610.000000,10650.000000,8936.202148,336,0,0,0,0,0,0,0,0
04.03.2011,10650.000000,10650.000000,10650.000000,10650.000000,8936.202148,57,0,0,0,0,0,0,0,0
07.03.2011,10660.000000,10660.000000,10600.000000,10650.000000,8936.202148,950,0,0,0,0,0,0,0,0
08.03.2011,10690.000000,10690.000000,10640.000000,10640.000000,8927.810547,187,0,0,0,0,0,0,0,0
09.03.2011,10670.000000,10740.000000,10670.000000,10740.000000,9011.717773,49,0,0,0,0,0,0,0,0
10.03.2011,10720.000000,10720.000000,10680.000000,10680.000000,8961.374023,13,0,0,0,0,0,0,0,0
11.03.2011,10670.000000,10670.000000,10570.000000,10570.000000,8869.075195,159,1,210000000,1,210000000,1,210000000,1,210000000
14.03.2011,8320.000000,9650.000000,8320.000000,9550.000000,8013.212891,2598,0,0,0,0,0,0,0,0
15.03.2011,8500.000000,8650.000000,8050.000000,8050.000000,6754.593750,1950,0,0,0,0,0,0,0,0
16.03.2011,7300.000000,8000.000000,7250.000000,8000.000000,6712.638184,2225,0,0,0,0,0,0,0,0
17.03.2011,7850.000000,8250.000000,7680.000000,8250.000000,6922.409180,670,0,0,0,0,0,0,0,0
18.03.2011,8490.000000,8560.000000,8400.000000,8530.000000,7157.352051,3788,0,0,0,0,0,0,0,0
22.03.2011,8830.000000,9040.000000,8800.000000,9030.000000,7576.890625,3549,0,0,0,0,0,0,0,0
23.03.2011,8910.000000,9080.000000,8740.000000,8830.000000,7409.075684,1569,0,0,0,0,0,0,0,0
24.03.2011,8700.000000,8750.000000,8470.000000,8570.000000,7190.914063,904,0,0,0,0,0,0,0,0
25.03.2011,8550.000000,8550.000000,8380.000000,8470.000000,7107.006836,905,0,0,0,0,0,0,0,0
28.03.2011,8350.000000,8420.000000,8250.000000,8320.000000,6981.145020,1334,0,0,0,0,0,0,0,0
29.03.2011,8330.000000,8500.000000,7980.000000,8090.000000,6788.155762,2220,0,0,0,0,0,0,0,0
30.03.2011,7940.000000,7940.000000,7700.000000,7850.000000,6586.777344,1321,0,0,0,0,0,0,0,0
31.03.2011,7850.000000,7900.000000,7780.000000,7790.000000,6536.432617,1568,0,0,0,0,0,0,0,0
01.04.2011,7820.000000,7820.000000,7490.000000,7620.000000,6393.789551,3937,0,0,0,0,0,0,0,0
04.04.2011,7560.000000,7600.000000,7400.000000,7520.000000,6309.881348,1081,0,0,0,0,0,0,0,0
05.04.2011,7500.000000,7680.000000,7380.000000,7500.000000,6293.099121,1871,0,0,0,0,0,0,0,0
06.04.2011,7510.000000,7510.000000,7370.000000,7400.000000,6209.190918,1062,0,0,0,0,0,0,0,0
07.04.2011,7400.000000,7580.000000,7380.000000,7420.000000,6225.973145,3609,0,0,0,0,0,0,0,0
08.04.2011,7360.000000,7620.000000,7300.000000,7600.000000,6377.007324,4050,0,0,0,0,0,0,0,0
11.04.2011,7750.000000,7850.000000,7640.000000,7840.000000,6578.387207,2865,0,0,0,0,0,0,0,0
12.04.2011,7730.000000,7900.000000,7630.000000,7680.000000,6444.134277,3702,0,0,0,0,0,0,0,0
13.04.2011,7600.000000,7800.000000,7540.000000,7560.000000,6343.443848,11618,0,0,0,0,0,0,0,0
14.04.2011,7550.000000,7560.000000,7500.000000,7550.000000,6335.053223,2290,0,0,0,0,0,0,0,0
15.04.2011,7530.000000,7540.000000,7410.000000,7500.000000,6293.099121,996,0,0,0,0,0,0,0,0
18.04.2011,7500.000000,7510.000000,7390.000000,7410.000000,6217.582031,2230,0,0,0,0,0,0,0,0
19.04.2011,7350.000000,7410.000000,7250.000000,7400.000000,6209.190918,2169,0,0,0,0,0,0,0,0
20.04.2011,7400.000000,7450.000000,7320.000000,7380.000000,6192.409180,361,0,0,0,0,0,0,0,0
21.04.2011,7380.000000,7420.000000,7280.000000,7320.000000,6142.064941,426,0,0,0,0,0,0,0,0
22.04.2011,7270.000000,7550.000000,7220.000000,7330.000000,6150.455078,1357,0,0,0,0,0,0,0,0
25.04.2011,7290.000000,7300.000000,7080.000000,7150.000000,5999.420898,2761,0,0,0,0,0,0,0,0
26.04.2011,7070.000000,7070.000000,6990.000000,7000.000000,5873.560059,3580,0,0,0,0,0,0,0,0
27.04.2011,7020.000000,7070.000000,6940.000000,6960.000000,5839.995605,1256,0,0,0,0,0,0,0,0
28.04.2011,7000.000000,7110.000000,7000.000000,7110.000000,5965.858887,1505,0,0,0,0,0,0,0,0
02.05.2011,7230.000000,7260.000000,7110.000000,7180.000000,6024.593750,937,0,0,0,0,0,0,0,0
06.05.2011,7190.000000,7370.000000,7170.000000,7260.000000,6091.719238,1879,0,0,0,0,0,0,0,0
09.05.2011,7150.000000,7170.000000,7070.000000,7110.000000,5965.858887,2701,0,0,0,0,0,0,0,0
10.05.2011,7130.000000,7180.000000,7090.000000,7120.000000,5974.248535,767,0,0,0,0,0,0,0,0
11.05.2011,7130.000000,7150.000000,7020.000000,7090.000000,5949.077148,1692,0,0,0,0,0,0,0,0
12.05.2011,7040.000000,7040.000000,6940.000000,6960.000000,5839.995605,2834,0,0,0,0,0,0,0,0
13.05.2011,6970.000000,7130.000000,6810.000000,6890.000000,5781.260254,3235,0,0,0,0,0,0,0,0
16.05.2011,6780.000000,6800.000000,6680.000000,6760.000000,5672.179688,1581,0,0,0,0,0,0,0,0
17.05.2011,6640.000000,6650.000000,6220.000000,6270.000000,5261.031250,4757,0,0,0,0,0,0,0,0
18.05.2011,6310.000000,6380.000000,6270.000000,6300.000000,5286.204102,1522,0,0,0,0,0,0,0,0
19.05.2011,6300.000000,6300.000000,6050.000000,6080.000000,5101.605957,3883,0,0,0,0,0,0,0,0
20.05.2011,6010.000000,6010.000000,5790.000000,5870.000000,4925.399902,6074,0,0,0,0,0,0,0,0
23.05.2011,5780.000000,5900.000000,5510.000000,5810.000000,4875.054199,3363,0,0,0,0,0,0,0,0
24.05.2011,5790.000000,5940.000000,5790.000000,5920.000000,4967.353027,2013,0,0,0,0,0,0,0,0
25.05.2011,6010.000000,6010.000000,5890.000000,5910.000000,4958.962402,724,0,0,0,0,0,0,0,0
26.05.2011,5890.000000,5970.000000,5870.000000,5910.000000,4958.962402,848,0,0,0,0,0,0,0,0
27.05.2011,5880.000000,5910.000000,5850.000000,5890.000000,4942.180664,397,0,0,0,0,0,0,0,0
30.05.2011,5890.000000,5900.000000,5830.000000,5870.000000,4925.399902,1717,0,0,0,0,0,0,0,0
31.05.2011,5850.000000,5950.000000,5820.000000,5950.000000,4992.525391,995,0,0,0,0,0,0,0,0
01.06.2011,5950.000000,5950.000000,5820.000000,5850.000000,4908.617676,804,0,0,0,0,0,0,0,0
02.06.2011,5810.000000,5910.000000,5730.000000,5890.000000,4942.180664,2687,0,0,0,0,0,0,0,0
03.06.2011,5850.000000,5870.000000,5770.000000,5770.000000,4841.491699,790,0,0,0,0,0,0,0,0
06.06.2011,5740.000000,5740.000000,5330.000000,5350.000000,4489.077148,7302,0,0,0,0,0,0,0,0
07.06.2011,5420.000000,5530.000000,5350.000000,5450.000000,4572.985840,3004,0,0,0,0,0,0,0,0
08.06.2011,5420.000000,5420.000000,5350.000000,5410.000000,4539.422363,1438,0,0,0,0,0,0,0,0
09.06.2011,5340.000000,5400.000000,5120.000000,5370.000000,4505.858887,5254,0,0,0,0,0,0,0,0
10.06.2011,5470.000000,5490.000000,5330.000000,5360.000000,4497.467773,855,0,0,0,0,0,0,0,0
13.06.2011,5310.000000,5400.000000,5280.000000,5400.000000,4531.031250,2930,0,0,0,0,0,0,0,0
14.06.2011,5430.000000,5920.000000,5430.000000,5880.000000,4933.789551,7172,0,0,0,0,0,0,0,0
15.06.2011,5980.000000,6070.000000,5760.000000,5970.000000,5009.306641,8784,0,0,0,0,0,0,0,0
16.06.2011,5910.000000,6020.000000,5860.000000,5920.000000,4967.353027,595,0,0,0,0,0,0,0,0
17.06.2011,5930.000000,6020.000000,5860.000000,6020.000000,5051.261230,1625,0,0,0,0,0,0,0,0
20.06.2011,6120.000000,6320.000000,6120.000000,6290.000000,5277.812500,2905,0,0,0,0,0,0,0,0
21.06.2011,6320.000000,6550.000000,6300.000000,6550.000000,5495.973633,3513,0,0,0,0,0,0,0,0
22.06.2011,6550.000000,6550.000000,6400.000000,6470.000000,5428.846191,1120,0,0,0,0,0,0,0,0
23.06.2011,6460.000000,6460.000000,6370.000000,6380.000000,5353.330078,1103,0,0,0,0,0,0,0,0
24.06.2011,6380.000000,6550.000000,6320.000000,6480.000000,5437.237793,3644,0,0,0,0,0,0,0,0
27.06.2011,6530.000000,6530.000000,6380.000000,6410.000000,5378.501953,856,0,0,0,0,0,0,0,0
28.06.2011,6460.000000,6490.000000,6400.000000,6420.000000,5386.892578,1080,0,0,0,0,0,0,0,0
29.06.2011,6520.000000,6630.000000,6510.000000,6600.000000,5537.926758,3715,0,0,0,0,0,0,0,0
30.06.2011,6750.000000,6800.000000,6680.000000,6730.000000,5647.008301,2555,0,0,0,0,0,0,0,0
01.07.2011,6830.000000,6830.000000,6730.000000,6760.000000,5672.179688,4841,0,0,0,0,0,0,0,0
04.07.2011,6800.000000,7000.000000,6780.000000,7000.000000,5873.560059,2085,0,0,0,0,0,0,0,0
05.07.2011,6970.000000,7090.000000,6970.000000,6990.000000,5865.168457,1800,0,0,0,0,0,0,0,0
06.07.2011,6970.000000,7010.000000,6870.000000,6940.000000,5823.214844,2024,0,0,0,0,0,0,0,0
07.07.2011,6840.000000,6840.000000,6600.000000,6700.000000,5621.834961,4246,0,0,0,0,0,0,0,0
08.07.2011,6810.000000,6870.000000,6720.000000,6750.000000,5663.789551,2428,0,0,0,0,0,0,0,0
11.07.2011,6800.000000,6850.000000,6740.000000,6850.000000,5747.696777,1263,0,0,0,0,0,0,0,0
12.07.2011,6800.000000,6850.000000,6750.000000,6800.000000,5705.742676,3779,0,0,0,0,0,0,0,0
13.07.2011,6620.000000,6750.000000,6620.000000,6720.000000,5638.616211,546,0,0,0,0,0,0,0,0
14.07.2011,6720.000000,6730.000000,6660.000000,6680.000000,5605.053223,2247,0,0,0,0,0,0,0,0
15.07.2011,6680.000000,6700.000000,6650.000000,6690.000000,5613.444824,1033,0,0,0,0,0,0,0,0
19.07.2011,6560.000000,6580.000000,6530.000000,6550.000000,5495.973633,2173,1,50000,0,0,0,0,0,0
20.07.2011,6670.000000,6690.000000,6620.000000,6690.000000,5613.444824,704,0,0,0,0,0,0,0,0
21.07.2011,6730.000000,6860.000000,6720.000000,6800.000000,5705.742676,2463,0,0,0,0,0,0,0,0
22.07.2011,6880.000000,6930.000000,6700.000000,6730.000000,5647.008301,2631,0,0,0,0,0,0,0,0
25.07.2011,6720.000000,6720.000000,6570.000000,6650.000000,5579.881836,793,0,0,0,0,0,0,0,0
26.07.2011,6610.000000,6640.000000,6550.000000,6600.000000,5537.926758,744,0,0,0,0,0,0,0,0
27.07.2011,6520.000000,6520.000000,6270.000000,6320.000000,5302.985840,1758,0,0,0,0,0,0,0,0
28.07.2011,6220.000000,6400.000000,6160.000000,6320.000000,5302.985840,405,0,0,0,0,0,0,0,0
29.07.2011,6290.000000,6290.000000,6130.000000,6130.000000,5143.560059,511,0,0,0,0,0,0,0,0
01.08.2011,6160.000000,6200.000000,6130.000000,6200.000000,5202.295898,527,0,0,0,0,0,0,0,0
02.08.2011,6130.000000,6130.000000,6060.000000,6070.000000,5093.214844,398,0,0,0,0,0,0,0,0
03.08.2011,6030.000000,6110.000000,6000.000000,6020.000000,5051.261230,367,0,0,0,0,0,0,0,0
04.08.2011,6050.000000,6110.000000,6000.000000,6000.000000,5034.479492,523,0,0,0,0,0,0,0,0
05.08.2011,5860.000000,5960.000000,5770.000000,5960.000000,5000.916016,1899,0,0,0,0,0,0,0,0
08.08.2011,5880.000000,5880.000000,5710.000000,5730.000000,4807.928223,1560,0,0,0,0,0,0,0,0
09.08.2011,5600.000000,5760.000000,5440.000000,5760.000000,4833.100098,2807,0,0,0,0,0,0,0,0
10.08.2011,5860.000000,6180.000000,5860.000000,6160.000000,5168.731934,856,0,0,0,0,0,0,0,0
11.08.2011,6000.000000,6310.000000,6000.000000,6310.000000,5294.593750,1727,0,0,0,0,0,0,0,0
12.08.2011,6350.000000,6350.000000,6180.000000,6260.000000,5252.639648,470,0,0,0,0,0,0,0,0
15.08.2011,6270.000000,6280.000000,6170.000000,6240.000000,5235.858398,428,0,0,0,0,0,0,0,0
16.08.2011,6250.000000,6270.000000,6100.000000,6120.000000,5135.169434,728,0,0,0,0,0,0,0,0
17.08.2011,6150.000000,6210.000000,6080.000000,6200.000000,5202.295898,507,0,0,0,0,0,0,0,0
18.08.2011,6260.000000,6310.000000,6230.000000,6310.000000,5294.593750,454,0,0,0,0,0,0,0,0
19.08.2011,6230.000000,6330.000000,6210.000000,6310.000000,5294.593750,757,0,0,0,0,0,0,0,0
22.08.2011,6310.000000,6440.000000,6310.000000,6400.000000,5370.110840,1130,0,0,0,0,0,0,0,0
23.08.2011,6430.000000,6550.000000,6420.000000,6500.000000,5454.020508,633,0,0,0,0,0,0,0,0
24.08.2011,6510.000000,6510.000000,6400.000000,6400.000000,5370.110840,706,0,0,0,0,0,0,0,0
25.08.2011,6440.000000,6460.000000,6200.000000,6200.000000,5202.295898,544,0,0,0,0,0,0,0,0
26.08.2011,6270.000000,6340.000000,6200.000000,6270.000000,5261.031250,67,0,0,0,0,0,0,0,0
29.08.2011,6370.000000,6450.000000,6290.000000,6350.000000,5328.157227,480,0,0,0,0,0,0,0,0
30.08.2011,6410.000000,6410.000000,6280.000000,6290.000000,5277.812500,241,0,0,0,0,0,0,0,0
31.08.2011,6270.000000,6270.000000,6220.000000,6270.000000,5261.031250,540,0,0,0,0,0,0,0,0
01.09.2011,6290.000000,6310.000000,6240.000000,6240.000000,5235.858398,178,0,0,0,0,0,0,0,0
02.09.2011,6230.000000,6290.000000,6170.000000,6290.000000,5277.812500,387,1,65000,0,0,0,0,0,0
05.09.2011,6250.000000,6330.000000,6250.000000,6310.000000,5294.593750,205,0,0,0,0,0,0,0,0
06.09.2011,6360.000000,6570.000000,6360.000000,6490.000000,5445.628906,1650,0,0,0,0,0,0,0,0
07.09.2011,6460.000000,6460.000000,6400.000000,6420.000000,5386.892578,629,0,0,0,0,0,0,0,0
08.09.2011,6460.000000,6500.000000,6450.000000,6500.000000,5454.020508,258,0,0,0,0,0,0,0,0
09.09.2011,6500.000000,6550.000000,6500.000000,6510.000000,5462.409668,533,0,0,0,0,0,0,0,0
12.09.2011,6430.000000,6450.000000,6350.000000,6370.000000,5344.938477,124,0,0,0,0,0,0,0,0
13.09.2011,6420.000000,6420.000000,6360.000000,6360.000000,5336.548828,50,0,0,0,0,0,0,0,0
14.09.2011,6340.000000,6370.000000,6210.000000,6340.000000,5319.766602,221,0,0,0,0,0,0,0,0
15.09.2011,6370.000000,6440.000000,6370.000000,6410.000000,5378.501953,233,0,0,0,0,0,0,0,0
16.09.2011,6390.000000,6410.000000,6300.000000,6310.000000,5294.593750,105,0,0,0,0,0,0,0,0
20.09.2011,6300.000000,6300.000000,6170.000000,6190.000000,5193.903809,1134,0,0,0,0,0,0,0,0
21.09.2011,6190.000000,6250.000000,6180.000000,6190.000000,5193.903809,169,0,0,0,0,0,0,0,0
22.09.2011,6150.000000,6220.000000,6130.000000,6220.000000,5219.077148,385,1,1820000,1,1820000,0,0,0,0
26.09.2011,6260.000000,6320.000000,6150.000000,6170.000000,5177.122070,240,0,0,0,0,0,0,0,0
27.09.2011,6180.000000,6250.000000,6130.000000,6250.000000,5244.249512,591,0,0,0,0,0,0,0,0
28.09.2011,6250.000000,6400.000000,6250.000000,6390.000000,5361.720703,516,0,0,0,0,0,0,0,0
29.09.2011,6290.000000,6370.000000,6240.000000,6310.000000,5294.593750,453,0,0,0,0,0,0,0,0
30.09.2011,6350.000000,6370.000000,6330.000000,6370.000000,5344.938477,196,0,0,0,0,0,0,0,0
03.10.2011,6300.000000,6300.000000,6150.000000,6270.000000,5261.031250,483,0,0,0,0,0,0,0,0
04.10.2011,6230.000000,6230.000000,6150.000000,6200.000000,5202.295898,469,0,0,0,0,0,0,0,0
05.10.2011,6240.000000,6240.000000,5990.000000,6050.000000,5076.433105,494,0,0,0,0,0,0,0,0
06.10.2011,6020.000000,6190.000000,6020.000000,6100.000000,5118.387207,375,0,0,0,0,0,0,0,0
07.10.2011,6150.000000,6210.000000,6050.000000,6050.000000,5076.433105,272,0,0,0,0,0,0,0,0
11.10.2011,6100.000000,6110.000000,6060.000000,6070.000000,5093.214844,178,0,0,0,0,0,0,0,0
12.10.2011,6070.000000,6070.000000,5970.000000,6020.000000,5051.261230,331,0,0,0,0,0,0,0,0
13.10.2011,5980.000000,5990.000000,5900.000000,5900.000000,4950.571777,323,0,0,0,0,0,0,0,0
14.10.2011,5880.000000,5880.000000,5790.000000,5790.000000,4858.272949,221,0,0,0,0,0,0,0,0
17.10.2011,5840.000000,5870.000000,5790.000000,5850.000000,4908.617676,409,0,0,0,0,0,0,0,0
18.10.2011,5840.000000,5900.000000,5800.000000,5800.000000,4866.663574,85,0,0,0,0,0,0,0,0
19.10.2011,5810.000000,5870.000000,5810.000000,5840.000000,4900.226074,86,0,0,0,0,0,0,0,0
20.10.2011,5840.000000,6080.000000,5770.000000,6080.000000,5101.605957,681,0,0,0,0,0,0,0,0
21.10.2011,6010.000000,6100.000000,5970.000000,6010.000000,5042.870117,225,0,0,0,0,0,0,0,0
24.10.2011,6010.000000,6110.000000,6010.000000,6040.000000,5068.042480,380,0,0,0,0,0,0,0,0
25.10.2011,6040.000000,6100.000000,5980.000000,5980.000000,5017.697754,56,0,0,0,0,0,0,0,0
26.10.2011,5970.000000,5970.000000,5890.000000,5890.000000,4942.180664,50,0,0,0,0,0,0,0,0
27.10.2011,5940.000000,5940.000000,5890.000000,5930.000000,4975.744141,32,0,0,0,0,0,0,0,0
28.10.2011,5950.000000,5960.000000,5840.000000,5850.000000,4908.617676,252,0,0,0,0,0,0,0,0
31.10.2011,5800.000000,5870.000000,5800.000000,5810.000000,4875.054199,142,0,0,0,0,0,0,0,0
01.11.2011,5820.000000,5850.000000,5770.000000,5810.000000,4875.054199,90,0,0,0,0,0,0,0,0
02.11.2011,5800.000000,5800.000000,5660.000000,5680.000000,4765.973145,616,0,0,0,0,0,0,0,0
04.11.2011,5740.000000,5750.000000,5650.000000,5660.000000,4749.191406,247,0,0,0,0,0,0,0,0
07.11.2011,5650.000000,5710.000000,5650.000000,5690.000000,4774.365234,285,0,0,0,0,0,0,0,0
08.11.2011,5650.000000,5670.000000,5560.000000,5590.000000,4690.456543,483,0,0,0,0,0,0,0,0
09.11.2011,5600.000000,5700.000000,5600.000000,5700.000000,4782.755371,437,0,0,0,0,0,0,0,0
10.11.2011,5600.000000,5690.000000,5570.000000,5660.000000,4749.191406,1766,0,0,0,0,0,0,0,0
11.11.2011,5640.000000,5710.000000,5630.000000,5650.000000,4740.801270,1436,0,0,0,0,0,0,0,0
14.11.2011,5650.000000,5690.000000,5630.000000,5690.000000,4774.365234,127,0,0,0,0,0,0,0,0
15.11.2011,5660.000000,5710.000000,5630.000000,5630.000000,4724.019531,373,0,0,0,0,0,0,0,0
16.11.2011,5640.000000,5650.000000,5610.000000,5650.000000,4740.801270,494,0,0,0,0,0,0,0,0
17.11.2011,5630.000000,5770.000000,5630.000000,5760.000000,4833.100098,160,0,0,0,0,0,0,0,0
18.11.2011,5780.000000,5780.000000,5730.000000,5740.000000,4816.317871,51,0,0,0,0,0,0,0,0
21.11.2011,5670.000000,5800.000000,5670.000000,5780.000000,4849.881348,95,0,0,0,0,0,0,0,0
22.11.2011,5750.000000,5840.000000,5750.000000,5830.000000,4891.835938,514,0,0,0,0,0,0,0,0
24.11.2011,5700.000000,5840.000000,5700.000000,5740.000000,4816.317871,104,0,0,0,0,0,0,0,0
25.11.2011,5740.000000,5860.000000,5740.000000,5840.000000,4900.226074,379,0,0,0,0,0,0,0,0
28.11.2011,5820.000000,5820.000000,5700.000000,5700.000000,4782.755371,306,0,0,0,0,0,0,0,0
29.11.2011,5720.000000,5720.000000,5660.000000,5710.000000,4791.146973,337,0,0,0,0,0,0,0,0
30.11.2011,5760.000000,5860.000000,5750.000000,5810.000000,4875.054199,369,0,0,0,0,0,0,0,0
01.12.2011,5870.000000,5870.000000,5830.000000,5830.000000,4891.835938,198,0,0,0,0,0,0,0,0
02.12.2011,5890.000000,5890.000000,5810.000000,5840.000000,4900.226074,251,0,0,0,0,0,0,0,0
05.12.2011,5870.000000,5870.000000,5820.000000,5860.000000,4917.007324,212,0,0,0,0,0,0,0,0
06.12.2011,5850.000000,5900.000000,5790.000000,5790.000000,4858.272949,159,0,0,0,0,0,0,0,0
07.12.2011,5800.000000,5850.000000,5760.000000,5850.000000,4908.617676,122,0,0,0,0,0,0,0,0
08.12.2011,5810.000000,5830.000000,5690.000000,5790.000000,4858.272949,234,0,0,0,0,0,0,0,0
09.12.2011,5790.000000,5810.000000,5770.000000,5780.000000,4849.881348,82,0,0,0,0,0,0,0,0
12.12.2011,5820.000000,5820.000000,5750.000000,5770.000000,4841.491699,53,0,0,0,0,0,0,0,0
13.12.2011,5740.000000,5800.000000,5700.000000,5770.000000,4841.491699,101,0,0,0,0,0,0,0,0
14.12.2011,5770.000000,5820.000000,5760.000000,5760.000000,4833.100098,231,0,0,0,0,0,0,0,0
15.12.2011,5790.000000,5800.000000,5750.000000,5760.000000,4833.100098,125,0,0,0,0,0,0,0,0
16.12.2011,5810.000000,5860.000000,5780.000000,5860.000000,4917.007324,228,0,0,0,0,0,0,0,0
19.12.2011,5830.000000,5850.000000,5790.000000,5810.000000,4875.054199,56,0,0,0,0,0,0,0,0
20.12.2011,5850.000000,5850.000000,5740.000000,5750.000000,4824.709473,98,0,0,0,0,0,0,0,0
21.12.2011,5770.000000,5770.000000,5670.000000,5750.000000,4824.709473,152,0,0,0,0,0,0,0,0
22.12.2011,5760.000000,5830.000000,5760.000000,5820.000000,4883.444824,167,0,0,0,0,0,0,0,0
26.12.2011,5840.000000,5840.000000,5700.000000,5700.000000,4782.755371,103,0,0,0,0,0,0,0,0
27.12.2011,5680.000000,5750.000000,5670.000000,5750.000000,4824.709473,143,0,0,0,0,0,0,0,0
28.12.2011,5710.000000,5710.000000,5630.000000,5680.000000,4765.973145,224,0,0,0,0,0,0,0,0
29.12.2011,5680.000000,5760.000000,5680.000000,5700.000000,4782.755371,163,0,0,0,0,0,0,0,0
30.12.2011,5710.000000,5820.000000,5710.000000,5820.000000,4883.444824,107,0,0,0,0,0,0,0,0
04.01.2012,5850.000000,5980.000000,5850.000000,5950.000000,4992.525391,591,1,752000,1,752000,0,0,0,0
05.01.2012,5960.000000,5960.000000,5850.000000,5850.000000,4908.617676,37,0,0,0,0,0,0,0,0
06.01.2012,5820.000000,5820.000000,5780.000000,5820.000000,4883.444824,187,0,0,0,0,0,0,0,0
10.01.2012,5790.000000,6100.000000,5790.000000,6030.000000,5059.650879,895,0,0,0,0,0,0,0,0
11.01.2012,6010.000000,6060.000000,5930.000000,5930.000000,4975.744141,204,0,0,0,0,0,0,0,0
12.01.2012,5920.000000,5960.000000,5870.000000,5940.000000,4984.135254,319,0,0,0,0,0,0,0,0
13.01.2012,5860.000000,6000.000000,5860.000000,5960.000000,5000.916016,147,0,0,0,0,0,0,0,0
16.01.2012,5920.000000,5920.000000,5840.000000,5870.000000,4925.399902,408,0,0,0,0,0,0,0,0
17.01.2012,5910.000000,5950.000000,5910.000000,5920.000000,4967.353027,120,0,0,0,0,0,0,0,0
18.01.2012,5980.000000,6120.000000,5970.000000,6010.000000,5042.870117,554,0,0,0,0,0,0,0,0
19.01.2012,6040.000000,6060.000000,5950.000000,5970.000000,5009.306641,302,0,0,0,0,0,0,0,0
20.01.2012,6050.000000,6060.000000,5980.000000,6000.000000,5034.479492,634,0,0,0,0,0,0,0,0
23.01.2012,6010.000000,6010.000000,5940.000000,5960.000000,5000.916016,273,0,0,0,0,0,0,0,0
24.01.2012,5980.000000,5980.000000,5910.000000,5930.000000,4975.744141,278,0,0,0,0,0,0,0,0
25.01.2012,5950.000000,6010.000000,5950.000000,5990.000000,5026.088379,154,0,0,0,0,0,0,0,0
26.01.2012,5990.000000,6080.000000,5990.000000,6030.000000,5059.650879,298,0,0,0,0,0,0,0,0
27.01.2012,6030.000000,6080.000000,6020.000000,6080.000000,5101.605957,23,0,0,0,0,0,0,0,0
30.01.2012,6020.000000,6060.000000,5970.000000,5980.000000,5017.697754,186,0,0,0,0,0,0,0,0
31.01.2012,5970.000000,5970.000000,5850.000000,5860.000000,4917.007324,300,0,0,0,0,0,0,0,0
¤01/02/2012,5900.000000,5900.000000,5770.000000,5780.000000,4849.881348,104,0,0,0,0,0,0,0,0
02.02.2012,5830.000000,5830.000000,5680.000000,5730.000000,4807.928223,395,0,0,0,0,0,0,0,0
03.02.2012,5720.000000,5790.000000,5710.000000,5770.000000,4841.491699,177,0,0,0,0,0,0,0,0
06.02.2012,5770.000000,5820.000000,5740.000000,5790.000000,4858.272949,287,0,0,0,0,0,0,0,0
07.02.2012,5810.000000,5960.000000,5810.000000,5960.000000,5000.916016,325,0,0,0,0,0,0,0,0
08.02.2012,5950.000000,5950.000000,5910.000000,5930.000000,4975.744141,140,0,0,0,0,0,0,0,0
09.02.2012,5940.000000,6130.000000,5930.000000,6120.000000,5135.169434,952,0,0,0,0,0,0,0,0
10.02.2012,6120.000000,6250.000000,6090.000000,6240.000000,5235.858398,534,0,0,0,0,0,0,0,0
13.02.2012,6220.000000,6290.000000,6180.000000,6180.000000,5185.513672,141,0,0,0,0,0,0,0,0
14.02.2012,6190.000000,6270.000000,6190.000000,6270.000000,5261.031250,105,0,0,0,0,0,0,0,0
15.02.2012,6270.000000,6380.000000,6270.000000,6360.000000,5336.548828,912,0,0,0,0,0,0,0,0
16.02.2012,6360.000000,6440.000000,6360.000000,6420.000000,5386.892578,1088,0,0,0,0,0,0,0,0
17.02.2012,6440.000000,6490.000000,6400.000000,6400.000000,5370.110840,574,0,0,0,0,0,0,0,0
20.02.2012,6470.000000,6540.000000,6440.000000,6500.000000,5454.020508,860,0,0,0,0,0,0,0,0
21.02.2012,6490.000000,6520.000000,6380.000000,6440.000000,5403.674805,595,0,0,0,0,0,0,0,0
22.02.2012,6480.000000,6520.000000,6450.000000,6460.000000,5420.456055,812,0,0,0,0,0,0,0,0
23.02.2012,6440.000000,6450.000000,6380.000000,6450.000000,5412.065430,361,0,0,0,0,0,0,0,0
24.02.2012,6410.000000,6410.000000,6330.000000,6330.000000,5311.375000,902,0,0,0,0,0,0,0,0
27.02.2012,6270.000000,6320.000000,6190.000000,6270.000000,5261.031250,731,0,0,0,0,0,0,0,0
28.02.2012,6240.000000,6280.000000,6190.000000,6280.000000,5269.421387,1113,0,0,0,0,0,0,0,0
29.02.2012,6330.000000,6360.000000,6290.000000,6290.000000,5277.812500,317,0,0,0,0,0,0,0,0
01.03.2012,6340.000000,6380.000000,6310.000000,6340.000000,5319.766602,147,0,0,0,0,0,0,0,0
02.03.2012,6390.000000,6470.000000,6390.000000,6450.000000,5412.065430,568,0,0,0,0,0,0,0,0
05.03.2012,6480.000000,6550.000000,6460.000000,6460.000000,5420.456055,659,0,0,0,0,0,0,0,0
06.03.2012,6520.000000,6560.000000,6510.000000,6540.000000,5487.582031,177,0,0,0,0,0,0,0,0
07.03.2012,6460.000000,6530.000000,6460.000000,6510.000000,5462.409668,252,0,0,0,0,0,0,0,0
08.03.2012,6510.000000,6560.000000,6510.000000,6550.000000,5495.973633,119,0,0,0,0,0,0,0,0
09.03.2012,6600.000000,6600.000000,6530.000000,6530.000000,5479.190918,2369,0,0,0,0,0,0,0,0
12.03.2012,6610.000000,6610.000000,6480.000000,6480.000000,5437.237793,266,0,0,0,0,0,0,0,0
13.03.2012,6470.000000,6550.000000,6460.000000,6510.000000,5462.409668,215,0,0,0,0,0,0,0,0
14.03.2012,6530.000000,6550.000000,6490.000000,6490.000000,5445.628906,945,0,0,0,0,0,0,0,0
15.03.2012,6510.000000,6550.000000,6500.000000,6540.000000,5487.582031,114,0,0,0,0,0,0,0,0
16.03.2012,6530.000000,6560.000000,6530.000000,6540.000000,5487.582031,46,0,0,0,0,0,0,0,0
19.03.2012,6550.000000,6550.000000,6420.000000,6420.000000,5386.892578,83,0,0,0,0,0,0,0,0
21.03.2012,6420.000000,6450.000000,6340.000000,6450.000000,5412.065430,678,0,0,0,0,0,0,0,0
22.03.2012,6400.000000,6520.000000,6400.000000,6480.000000,5437.237793,33,0,0,0,0,0,0,0,0
23.03.2012,6440.000000,6540.000000,6440.000000,6480.000000,5437.237793,942,0,0,0,0,0,0,0,0
26.03.2012,6460.000000,6500.000000,6380.000000,6380.000000,5353.330078,90,0,0,0,0,0,0,0,0
27.03.2012,6430.000000,6550.000000,6430.000000,6530.000000,5479.190918,654,0,0,0,0,0,0,0,0
28.03.2012,6450.000000,6450.000000,6410.000000,6420.000000,5386.892578,43,0,0,0,0,0,0,0,0
29.03.2012,6430.000000,6440.000000,6380.000000,6420.000000,5386.892578,94,0,0,0,0,0,0,0,0
30.03.2012,6470.000000,6470.000000,6410.000000,6410.000000,5378.501953,99,0,0,0,0,0,0,0,0
02.04.2012,6470.000000,6470.000000,6370.000000,6400.000000,5370.110840,33,0,0,0,0,0,0,0,0
03.04.2012,6410.000000,6510.000000,6410.000000,6510.000000,5462.409668,35,0,0,0,0,0,0,0,0
04.04.2012,6500.000000,6500.000000,6360.000000,6370.000000,5344.938477,32,0,0,0,0,0,0,0,0
05.04.2012,6360.000000,6500.000000,6360.000000,6450.000000,5412.065430,145,0,0,0,0,0,0,0,0
06.04.2012,6440.000000,6590.000000,6440.000000,6500.000000,5454.020508,409,0,0,0,0,0,0,0,0
09.04.2012,6490.000000,6520.000000,6400.000000,6400.000000,5370.110840,90,0,0,0,0,0,0,0,0
10.04.2012,6430.000000,6500.000000,6350.000000,6480.000000,5437.237793,38,0,0,0,0,0,0,0,0
11.04.2012,6430.000000,6430.000000,6330.000000,6360.000000,5336.548828,676,0,0,0,0,0,0,0,0
12.04.2012,6330.000000,6340.000000,6280.000000,6280.000000,5269.421387,65,0,0,0,0,0,0,0,0
13.04.2012,6270.000000,6310.000000,6240.000000,6310.000000,5294.593750,119,0,0,0,0,0,0,0,0
16.04.2012,6290.000000,6410.000000,6290.000000,6380.000000,5353.330078,904,0,0,0,0,0,0,0,0
17.04.2012,6310.000000,6400.000000,6250.000000,6390.000000,5361.720703,300,0,0,0,0,0,0,0,0
18.04.2012,6410.000000,6440.000000,6310.000000,6310.000000,5294.593750,427,0,0,0,0,0,0,0,0
19.04.2012,6300.000000,6300.000000,6280.000000,6280.000000,5269.421387,23,0,0,0,0,0,0,0,0
20.04.2012,6330.000000,6340.000000,6240.000000,6240.000000,5235.858398,48,0,0,0,0,0,0,0,0
23.04.2012,6210.000000,6210.000000,6060.000000,6080.000000,5101.605957,427,0,0,0,0,0,0,0,0
24.04.2012,6070.000000,6130.000000,6000.000000,6130.000000,5143.560059,101,0,0,0,0,0,0,0,0
25.04.2012,6090.000000,6110.000000,6080.000000,6110.000000,5126.777832,8,0,0,0,0,0,0,0,0
26.04.2012,6120.000000,6120.000000,5990.000000,5990.000000,5026.088379,144,0,0,0,0,0,0,0,0
27.04.2012,5990.000000,5990.000000,5940.000000,5970.000000,5009.306641,100,0,0,0,0,0,0,0,0
01.05.2012,5980.000000,5990.000000,5940.000000,5960.000000,5000.916016,200,0,0,0,0,0,0,0,0
02.05.2012,5930.000000,5930.000000,5820.000000,5860.000000,4917.007324,297,0,0,0,0,0,0,0,0
07.05.2012,5750.000000,5820.000000,5700.000000,5820.000000,4883.444824,1205,0,0,0,0,0,0,0,0
08.05.2012,5810.000000,5860.000000,5720.000000,5750.000000,4824.709473,1082,0,0,0,0,0,0,0,0
09.05.2012,5710.000000,5710.000000,5620.000000,5620.000000,4715.629883,424,0,0,0,0,0,0,0,0
10.05.2012,5620.000000,5930.000000,5620.000000,5790.000000,4858.272949,492,0,0,0,0,0,0,0,0
11.05.2012,5750.000000,5750.000000,5700.000000,5710.000000,4791.146973,209,0,0,0,0,0,0,0,0
14.05.2012,5670.000000,5910.000000,5660.000000,5840.000000,4900.226074,351,0,0,0,0,0,0,0,0
15.05.2012,5790.000000,5790.000000,5660.000000,5660.000000,4749.191406,118,0,0,0,0,0,0,0,0
16.05.2012,5660.000000,5660.000000,5510.000000,5600.000000,4698.847656,331,0,0,0,0,0,0,0,0
17.05.2012,5590.000000,5590.000000,5460.000000,5560.000000,4665.284668,287,0,0,0,0,0,0,0,0
18.05.2012,5520.000000,5530.000000,5420.000000,5480.000000,4598.157715,188,0,0,0,0,0,0,0,0
21.05.2012,5450.000000,5560.000000,5440.000000,5530.000000,4640.110840,144,0,0,0,0,0,0,0,0
22.05.2012,5550.000000,5550.000000,5390.000000,5410.000000,4539.422363,498,0,0,0,0,0,0,0,0
23.05.2012,5390.000000,5480.000000,5320.000000,5380.000000,4514.249023,407,0,0,0,0,0,0,0,0
24.05.2012,5350.000000,5410.000000,5350.000000,5390.000000,4522.640625,96,0,0,0,0,0,0,0,0
25.05.2012,5400.000000,5460.000000,5370.000000,5460.000000,4581.377441,18,0,0,0,0,0,0,0,0
28.05.2012,5390.000000,5410.000000,5360.000000,5410.000000,4539.422363,65,0,0,0,0,0,0,0,0
29.05.2012,5380.000000,5380.000000,5270.000000,5310.000000,4455.514160,379,0,0,0,0,0,0,0,0
30.05.2012,5280.000000,5390.000000,5280.000000,5370.000000,4505.858887,111,0,0,0,0,0,0,0,0
31.05.2012,5420.000000,5610.000000,5420.000000,5490.000000,4606.547852,426,0,0,0,0,0,0,0,0
01.06.2012,5440.000000,5440.000000,5290.000000,5360.000000,4497.467773,506,0,0,0,0,0,0,0,0
04.06.2012,5280.000000,5360.000000,5260.000000,5340.000000,4480.687012,529,0,0,0,0,0,0,0,0
05.06.2012,5380.000000,5450.000000,5360.000000,5420.000000,4547.812988,399,0,0,0,0,0,0,0,0
06.06.2012,5410.000000,5410.000000,5270.000000,5300.000000,4447.123047,530,0,0,0,0,0,0,0,0
07.06.2012,5290.000000,5360.000000,5230.000000,5340.000000,4480.687012,376,0,0,0,0,0,0,0,0
08.06.2012,5360.000000,5390.000000,5260.000000,5300.000000,4447.123047,673,0,0,0,0,0,0,0,0
11.06.2012,5360.000000,5410.000000,5360.000000,5390.000000,4522.640625,681,0,0,0,0,0,0,0,0
12.06.2012,5380.000000,5380.000000,5290.000000,5310.000000,4455.514160,264,0,0,0,0,0,0,0,0
13.06.2012,5320.000000,5370.000000,5310.000000,5360.000000,4497.467773,85,0,0,0,0,0,0,0,0
14.06.2012,5340.000000,5340.000000,5280.000000,5280.000000,4430.341797,211,0,0,0,0,0,0,0,0
15.06.2012,5310.000000,5370.000000,5290.000000,5370.000000,4505.858887,158,0,0,0,0,0,0,0,0
18.06.2012,5390.000000,5420.000000,5320.000000,5330.000000,4472.294922,399,0,0,0,0,0,0,0,0
19.06.2012,5350.000000,5380.000000,5290.000000,5290.000000,4438.732422,376,0,0,0,0,0,0,0,0
20.06.2012,5330.000000,5420.000000,5330.000000,5400.000000,4531.031250,567,0,0,0,0,0,0,0,0
21.06.2012,5420.000000,5480.000000,5420.000000,5450.000000,4572.985840,137,0,0,0,0,0,0,0,0
22.06.2012,5430.000000,5440.000000,5350.000000,5440.000000,4564.594727,215,0,0,0,0,0,0,0,0
25.06.2012,5440.000000,5440.000000,5350.000000,5350.000000,4489.077148,71,0,0,0,0,0,0,0,0
26.06.2012,5330.000000,5400.000000,5330.000000,5350.000000,4489.077148,258,0,0,0,0,0,0,0,0
27.06.2012,5370.000000,5410.000000,5370.000000,5400.000000,4531.031250,81,0,0,0,0,0,0,0,0
28.06.2012,5500.000000,5610.000000,5480.000000,5500.000000,4614.939453,298,0,0,0,0,0,0,0,0
29.06.2012,5510.000000,5620.000000,5510.000000,5610.000000,4707.237793,387,0,0,0,0,0,0,0,0
02.07.2012,5660.000000,5660.000000,5520.000000,5560.000000,4665.284668,306,0,0,0,0,0,0,0,0
03.07.2012,5580.000000,5620.000000,5570.000000,5590.000000,4690.456543,123,0,0,0,0,0,0,0,0
04.07.2012,5620.000000,5620.000000,5590.000000,5600.000000,4698.847656,67,0,0,0,0,0,0,0,0
05.07.2012,5570.000000,5570.000000,5520.000000,5520.000000,4631.721191,60,0,0,0,0,0,0,0,0
06.07.2012,5520.000000,5560.000000,5510.000000,5510.000000,4623.330078,21,0,0,0,0,0,0,0,0
09.07.2012,5490.000000,5570.000000,5490.000000,5570.000000,4673.675293,22,0,0,0,0,0,0,0,0
10.07.2012,5570.000000,5600.000000,5550.000000,5550.000000,4656.893555,142,0,0,0,0,0,0,0,0
11.07.2012,5340.000000,5350.000000,5270.000000,5300.000000,4447.123047,1806,0,0,0,0,0,0,0,0
12.07.2012,5310.000000,5310.000000,5280.000000,5290.000000,4438.732422,433,1,1400000,1,1400000,0,0,0,0
13.07.2012,5370.000000,5370.000000,5170.000000,5170.000000,4338.043457,1574,0,0,0,0,0,0,0,0
17.07.2012,5130.000000,5130.000000,4920.000000,4920.000000,4128.272949,1395,0,0,0,0,0,0,0,0
18.07.2012,4865.000000,4885.000000,4720.000000,4780.000000,4010.802002,1654,0,0,0,0,0,0,0,0
19.07.2012,4805.000000,4900.000000,4785.000000,4825.000000,4048.560059,2356,0,0,0,0,0,0,0,0
20.07.2012,4815.000000,4815.000000,4625.000000,4625.000000,3880.744873,2268,0,0,0,0,0,0,0,0
23.07.2012,4595.000000,4605.000000,4530.000000,4530.000000,3801.031738,701,0,0,0,0,0,0,0,0
24.07.2012,4530.000000,4575.000000,4440.000000,4440.000000,3725.514893,658,0,0,0,0,0,0,0,0
25.07.2012,4465.000000,4480.000000,4385.000000,4410.000000,3700.342041,204,0,0,0,0,0,0,0,0
26.07.2012,4370.000000,4370.000000,4230.000000,4310.000000,3616.434082,2364,0,0,0,0,0,0,0,0
27.07.2012,4350.000000,4350.000000,4230.000000,4270.000000,3582.871094,1645,0,0,0,0,0,0,0,0
30.07.2012,4295.000000,4295.000000,4065.000000,4085.000000,3427.641602,948,0,0,0,0,0,0,0,0
31.07.2012,4015.000000,4185.000000,4010.000000,4185.000000,3511.549072,825,0,0,0,0,0,0,0,0
01.08.2012,4180.000000,4180.000000,4060.000000,4120.000000,3457.009277,518,0,0,0,0,0,0,0,0
02.08.2012,4110.000000,4235.000000,4105.000000,4175.000000,3503.158447,750,0,0,0,0,0,0,0,0
03.08.2012,4140.000000,4225.000000,4060.000000,4180.000000,3507.354248,716,0,0,0,0,0,0,0,0
06.08.2012,4225.000000,4270.000000,4180.000000,4250.000000,3566.089355,558,0,0,0,0,0,0,0,0
07.08.2012,4250.000000,4520.000000,4235.000000,4490.000000,3767.468750,2485,0,0,0,0,0,0,0,0
08.08.2012,4510.000000,4635.000000,4440.000000,4505.000000,3780.055420,964,0,0,0,0,0,0,0,0
09.08.2012,4530.000000,4625.000000,4530.000000,4570.000000,3834.594971,384,0,0,0,0,0,0,0,0
10.08.2012,4575.000000,4605.000000,4480.000000,4530.000000,3801.031738,173,0,0,0,0,0,0,0,0
13.08.2012,4490.000000,4550.000000,4490.000000,4535.000000,3805.226807,57,0,0,0,0,0,0,0,0
14.08.2012,4555.000000,4655.000000,4555.000000,4650.000000,3901.720459,872,0,0,0,0,0,0,0,0
15.08.2012,4665.000000,4700.000000,4580.000000,4580.000000,3842.986328,440,0,0,0,0,0,0,0,0
16.08.2012,4600.000000,4600.000000,4495.000000,4585.000000,3847.181641,326,0,0,0,0,0,0,0,0
17.08.2012,4600.000000,4600.000000,4560.000000,4595.000000,3855.572021,193,0,0,0,0,0,0,0,0
20.08.2012,4650.000000,4650.000000,4615.000000,4615.000000,3872.353516,128,0,0,0,0,0,0,0,0
21.08.2012,4600.000000,4600.000000,4545.000000,4550.000000,3817.812988,208,0,0,0,0,0,0,0,0
22.08.2012,4560.000000,4565.000000,4540.000000,4545.000000,3813.618652,119,0,0,0,0,0,0,0,0
23.08.2012,4525.000000,4555.000000,4525.000000,4550.000000,3817.812988,78,0,0,0,0,0,0,0,0
24.08.2012,4565.000000,4675.000000,4565.000000,4620.000000,3876.549072,335,0,0,0,0,0,0,0,0
27.08.2012,4615.000000,4670.000000,4560.000000,4565.000000,3830.399658,226,1,86000,0,0,0,0,0,0
28.08.2012,4560.000000,4560.000000,4335.000000,4340.000000,3641.606201,1339,0,0,0,0,0,0,0,0
29.08.2012,4310.000000,4395.000000,4260.000000,4395.000000,3687.755859,351,0,0,0,0,0,0,0,0
30.08.2012,4305.000000,4325.000000,4250.000000,4320.000000,3624.824951,616,0,0,0,0,0,0,0,0
31.08.2012,4320.000000,4365.000000,4320.000000,4350.000000,3649.997559,118,0,0,0,0,0,0,0,0
03.09.2012,4330.000000,4330.000000,4240.000000,4250.000000,3566.089355,195,0,0,0,0,0,0,0,0
04.09.2012,4260.000000,4265.000000,4165.000000,4175.000000,3503.158447,315,0,0,0,0,0,0,0,0
05.09.2012,4200.000000,4215.000000,4140.000000,4145.000000,3477.986084,556,0,0,0,0,0,0,0,0
06.09.2012,4155.000000,4155.000000,4065.000000,4070.000000,3415.054688,568,0,0,0,0,0,0,0,0
07.09.2012,4115.000000,4145.000000,4000.000000,4145.000000,3477.986084,1394,0,0,0,0,0,0,0,0
10.09.2012,4150.000000,4200.000000,4115.000000,4130.000000,3465.399658,208,0,0,0,0,0,0,0,0
11.09.2012,4105.000000,4110.000000,4050.000000,4055.000000,3402.469482,339,0,0,0,0,0,0,0,0
12.09.2012,4085.000000,4105.000000,3990.000000,4050.000000,3398.273438,1043,0,0,0,0,0,0,0,0
13.09.2012,4075.000000,4175.000000,4035.000000,4175.000000,3503.158447,590,0,0,0,0,0,0,0,0
14.09.2012,4170.000000,4185.000000,4160.000000,4170.000000,3498.962891,203,0,0,0,0,0,0,0,0
18.09.2012,4200.000000,4330.000000,4200.000000,4295.000000,3603.847900,342,1,31000,0,0,0,0,0,0
19.09.2012,4355.000000,4435.000000,4345.000000,4390.000000,3683.561035,576,0,0,0,0,0,0,0,0
20.09.2012,4365.000000,4365.000000,4275.000000,4285.000000,3595.457031,421,0,0,0,0,0,0,0,0
21.09.2012,4295.000000,4435.000000,4255.000000,4430.000000,3717.124023,374,0,0,0,0,0,0,0,0
24.09.2012,4415.000000,4485.000000,4405.000000,4485.000000,3763.273682,556,0,0,0,0,0,0,0,0
25.09.2012,4470.000000,4470.000000,4405.000000,4430.000000,3717.124023,508,0,0,0,0,0,0,0,0
26.09.2012,4450.000000,4530.000000,4450.000000,4510.000000,3784.249756,1275,0,0,0,0,0,0,0,0
27.09.2012,4535.000000,4605.000000,4535.000000,4585.000000,3847.181641,815,0,0,0,0,0,0,0,0
28.09.2012,4585.000000,4645.000000,4525.000000,4535.000000,3805.226807,500,0,0,0,0,0,0,0,0
01.10.2012,4545.000000,4675.000000,4510.000000,4675.000000,3922.698730,382,1,27400,0,0,0,0,0,0
02.10.2012,4670.000000,4670.000000,4620.000000,4640.000000,3893.330566,258,0,0,0,0,0,0,0,0
03.10.2012,4665.000000,4665.000000,4620.000000,4645.000000,3897.526611,143,0,0,0,0,0,0,0,0
04.10.2012,4640.000000,4650.000000,4540.000000,4585.000000,3847.181641,139,0,0,0,0,0,0,0,0
05.10.2012,4550.000000,4600.000000,4550.000000,4560.000000,3826.204346,58,0,0,0,0,0,0,0,0
09.10.2012,4545.000000,4545.000000,4360.000000,4360.000000,3658.388672,611,0,0,0,0,0,0,0,0
10.10.2012,4335.000000,4405.000000,4315.000000,4370.000000,3666.779785,439,0,0,0,0,0,0,0,0
11.10.2012,4335.000000,4500.000000,4335.000000,4400.000000,3691.951172,347,0,0,0,0,0,0,0,0
12.10.2012,4430.000000,4435.000000,4380.000000,4435.000000,3721.318604,338,0,0,0,0,0,0,0,0
15.10.2012,4450.000000,4500.000000,4435.000000,4495.000000,3771.664063,151,0,0,0,0,0,0,0,0
16.10.2012,4495.000000,4535.000000,4470.000000,4520.000000,3792.641357,161,0,0,0,0,0,0,0,0
17.10.2012,4525.000000,4600.000000,4525.000000,4555.000000,3822.008789,189,0,0,0,0,0,0,0,0
18.10.2012,4595.000000,4650.000000,4595.000000,4650.000000,3901.720459,282,0,0,0,0,0,0,0,0
19.10.2012,4655.000000,4735.000000,4650.000000,4710.000000,3952.066895,875,0,0,0,0,0,0,0,0
22.10.2012,4725.000000,4760.000000,4650.000000,4650.000000,3901.720459,323,0,0,0,0,0,0,0,0
23.10.2012,4635.000000,4635.000000,4345.000000,4350.000000,3649.997559,804,0,0,0,0,0,0,0,0
24.10.2012,4360.000000,4450.000000,4235.000000,4240.000000,3557.698730,1019,0,0,0,0,0,0,0,0
25.10.2012,4250.000000,4345.000000,4230.000000,4345.000000,3645.802246,329,0,0,0,0,0,0,0,0
26.10.2012,4340.000000,4380.000000,4215.000000,4235.000000,3553.503418,415,0,0,0,0,0,0,0,0
29.10.2012,4235.000000,4295.000000,4210.000000,4295.000000,3603.847900,342,0,0,0,0,0,0,0,0
30.10.2012,4295.000000,4320.000000,4240.000000,4255.000000,3570.285400,220,0,0,0,0,0,0,0,0
31.10.2012,4245.000000,4275.000000,4220.000000,4265.000000,3578.676025,220,0,0,0,0,0,0,0,0
01.11.2012,4310.000000,4310.000000,4245.000000,4280.000000,3591.261719,183,0,0,0,0,0,0,0,0
02.11.2012,4300.000000,4310.000000,4250.000000,4300.000000,3608.043701,381,0,0,0,0,0,0,0,0
05.11.2012,4280.000000,4280.000000,4165.000000,4190.000000,3515.744873,569,0,0,0,0,0,0,0,0
06.11.2012,4175.000000,4370.000000,4155.000000,4345.000000,3645.802246,1889,0,0,0,0,0,0,0,0
07.11.2012,4335.000000,4455.000000,4315.000000,4455.000000,3738.100830,625,0,0,0,0,0,0,0,0
08.11.2012,4395.000000,4485.000000,4385.000000,4450.000000,3733.905762,782,0,0,0,0,0,0,0,0
09.11.2012,4425.000000,4440.000000,4330.000000,4355.000000,3654.192627,335,0,0,0,0,0,0,0,0
12.11.2012,4340.000000,4360.000000,4310.000000,4310.000000,3616.434082,175,0,0,0,0,0,0,0,0
13.11.2012,4320.000000,4405.000000,4310.000000,4380.000000,3675.170166,109,0,0,0,0,0,0,0,0
14.11.2012,4410.000000,4410.000000,4360.000000,4360.000000,3658.388672,34,0,0,0,0,0,0,0,0
15.11.2012,4400.000000,4525.000000,4380.000000,4515.000000,3788.445313,456,0,0,0,0,0,0,0,0
16.11.2012,4565.000000,4620.000000,4540.000000,4620.000000,3876.549072,282,0,0,0,0,0,0,0,0
19.11.2012,4640.000000,4795.000000,4640.000000,4770.000000,4002.411133,2045,0,0,0,0,0,0,0,0
20.11.2012,4835.000000,4835.000000,4705.000000,4785.000000,4014.997559,378,0,0,0,0,0,0,0,0
21.11.2012,4830.000000,4830.000000,4715.000000,4765.000000,3998.215576,314,0,0,0,0,0,0,0,0
22.11.2012,4785.000000,4800.000000,4720.000000,4750.000000,3985.629395,575,0,0,0,0,0,0,0,0
26.11.2012,4790.000000,4925.000000,4785.000000,4875.000000,4090.513916,1616,0,0,0,0,0,0,0,0
27.11.2012,4880.000000,4950.000000,4775.000000,4900.000000,4111.490723,428,0,0,0,0,0,0,0,0
28.11.2012,4820.000000,4880.000000,4745.000000,4745.000000,3981.433594,381,0,0,0,0,0,0,0,0
29.11.2012,4770.000000,4850.000000,4770.000000,4795.000000,4023.388672,30,0,0,0,0,0,0,0,0
30.11.2012,4805.000000,4850.000000,4800.000000,4850.000000,4069.537109,325,0,0,0,0,0,0,0,0
03.12.2012,4810.000000,4810.000000,4675.000000,4695.000000,3939.480713,330,0,0,0,0,0,0,0,0
04.12.2012,4695.000000,4735.000000,4675.000000,4675.000000,3922.698730,222,0,0,0,0,0,0,0,0
05.12.2012,4695.000000,4740.000000,4670.000000,4680.000000,3926.894287,127,0,0,0,0,0,0,0,0
06.12.2012,4700.000000,4790.000000,4700.000000,4750.000000,3985.629395,229,0,0,0,0,0,0,0,0
07.12.2012,4740.000000,4880.000000,4740.000000,4880.000000,4094.709717,293,0,0,0,0,0,0,0,0
10.12.2012,4945.000000,4945.000000,4805.000000,4815.000000,4040.169922,160,0,0,0,0,0,0,0,0
11.12.2012,4745.000000,4775.000000,4650.000000,4770.000000,4002.411133,428,0,0,0,0,0,0,0,0
12.12.2012,4800.000000,4815.000000,4755.000000,4795.000000,4023.388672,98,0,0,0,0,0,0,0,0
13.12.2012,4835.000000,4835.000000,4770.000000,4775.000000,4006.606445,56,0,0,0,0,0,0,0,0
14.12.2012,4735.000000,4870.000000,4735.000000,4865.000000,4082.123535,912,0,0,0,0,0,0,0,0
17.12.2012,4935.000000,5460.000000,4870.000000,5300.000000,4447.123047,2987,0,0,0,0,0,0,0,0
18.12.2012,5400.000000,5400.000000,5190.000000,5230.000000,4388.387695,2420,0,0,0,0,0,0,0,0
19.12.2012,5280.000000,5310.000000,5180.000000,5260.000000,4413.561035,577,0,0,0,0,0,0,0,0
20.12.2012,5260.000000,5410.000000,5250.000000,5360.000000,4497.467773,906,0,0,0,0,0,0,0,0
21.12.2012,5400.000000,5430.000000,5300.000000,5380.000000,4514.249023,537,0,0,0,0,0,0,0,0
25.12.2012,5460.000000,5550.000000,5440.000000,5480.000000,4598.157715,714,0,0,0,0,0,0,0,0
26.12.2012,5480.000000,5500.000000,5420.000000,5440.000000,4564.594727,748,0,0,0,0,0,0,0,0
27.12.2012,5440.000000,5440.000000,5370.000000,5390.000000,4522.640625,796,0,0,0,0,0,0,0,0
28.12.2012,5330.000000,5330.000000,5200.000000,5250.000000,4405.169434,922,0,0,0,0,0,0,0,0
04.01.2013,5350.000000,5500.000000,5350.000000,5500.000000,4614.939453,724,0,0,0,0,0,0,0,0
07.01.2013,5540.000000,5540.000000,5400.000000,5410.000000,4539.422363,664,0,0,0,0,0,0,0,0
08.01.2013,5400.000000,5430.000000,5330.000000,5360.000000,4497.467773,196,0,0,0,0,0,0,0,0
09.01.2013,5280.000000,5360.000000,5220.000000,5340.000000,4480.687012,348,0,0,0,0,0,0,0,0
10.01.2013,5310.000000,5520.000000,5220.000000,5450.000000,4572.985840,575,0,0,0,0,0,0,0,0
11.01.2013,5480.000000,5480.000000,5340.000000,5390.000000,4522.640625,907,0,0,0,0,0,0,0,0
15.01.2013,5390.000000,5430.000000,5370.000000,5400.000000,4531.031250,395,0,0,0,0,0,0,0,0
16.01.2013,5410.000000,5430.000000,5340.000000,5340.000000,4480.687012,175,0,0,0,0,0,0,0,0
17.01.2013,5360.000000,5400.000000,5340.000000,5360.000000,4497.467773,2291,0,0,0,0,0,0,0,0
18.01.2013,5410.000000,5450.000000,5380.000000,5390.000000,4522.640625,1469,0,0,0,0,0,0,0,0
21.01.2013,5440.000000,5440.000000,5340.000000,5380.000000,4514.249023,249,0,0,0,0,0,0,0,0
22.01.2013,5360.000000,5380.000000,5260.000000,5280.000000,4430.341797,282,0,0,0,0,0,0,0,0
23.01.2013,5270.000000,5400.000000,5240.000000,5240.000000,4396.778809,398,0,0,0,0,0,0,0,0
24.01.2013,5220.000000,5220.000000,5100.000000,5160.000000,4329.651855,514,0,0,0,0,0,0,0,0
25.01.2013,5210.000000,5260.000000,5160.000000,5200.000000,4363.215332,584,0,0,0,0,0,0,0,0
28.01.2013,5190.000000,5190.000000,5120.000000,5160.000000,4329.651855,836,0,0,0,0,0,0,0,0
29.01.2013,5130.000000,5210.000000,5120.000000,5180.000000,4346.434082,693,0,0,0,0,0,0,0,0
30.01.2013,5170.000000,5200.000000,5140.000000,5200.000000,4363.215332,269,0,0,0,0,0,0,0,0
31.01.2013,5180.000000,5200.000000,5110.000000,5180.000000,4346.434082,293,0,0,0,0,0,0,0,0
01.02.2013,5230.000000,5270.000000,5170.000000,5170.000000,4338.043457,313,0,0,0,0,0,0,0,0
04.02.2013,5150.000000,5150.000000,5080.000000,5110.000000,4287.698730,1247,0,0,0,0,0,0,0,0
05.02.2013,5070.000000,5110.000000,5010.000000,5010.000000,4203.790527,333,0,0,0,0,0,0,0,0
06.02.2013,5020.000000,5100.000000,5010.000000,5080.000000,4262.525879,2590,0,0,0,0,0,0,0,0
07.02.2013,5100.000000,5140.000000,5080.000000,5090.000000,4270.916504,483,0,0,0,0,0,0,0,0
08.02.2013,5100.000000,5100.000000,5040.000000,5040.000000,4228.962402,370,0,0,0,0,0,0,0,0
12.02.2013,5090.000000,5120.000000,5060.000000,5070.000000,4254.134766,605,0,0,0,0,0,0,0,0
13.02.2013,5050.000000,5050.000000,4900.000000,4910.000000,4119.881836,3348,0,0,0,0,0,0,0,0
14.02.2013,4910.000000,5000.000000,4900.000000,4915.000000,4124.077637,189,0,0,0,0,0,0,0,0
15.02.2013,4940.000000,5080.000000,4940.000000,5080.000000,4262.525879,616,0,0,0,0,0,0,0,0
18.02.2013,5060.000000,5130.000000,5000.000000,5120.000000,4296.088867,953,0,0,0,0,0,0,0,0
19.02.2013,5110.000000,5110.000000,5080.000000,5080.000000,4262.525879,263,0,0,0,0,0,0,0,0
20.02.2013,5140.000000,5290.000000,5140.000000,5280.000000,4430.341797,1840,0,0,0,0,0,0,0,0
21.02.2013,5290.000000,5350.000000,5230.000000,5230.000000,4388.387695,668,0,0,0,0,0,0,0,0
22.02.2013,5250.000000,5250.000000,5170.000000,5210.000000,4371.606934,137,0,0,0,0,0,0,0,0
25.02.2013,5280.000000,5280.000000,5210.000000,5260.000000,4413.561035,211,1,14200,0,0,0,0,0,0
26.02.2013,5200.000000,5230.000000,5190.000000,5190.000000,4354.824707,268,0,0,0,0,0,0,0,0
27.02.2013,5190.000000,5280.000000,5170.000000,5170.000000,4338.043457,81,0,0,0,0,0,0,0,0
28.02.2013,5210.000000,5230.000000,5190.000000,5220.000000,4379.996582,71,0,0,0,0,0,0,0,0
01.03.2013,5320.000000,5380.000000,5300.000000,5310.000000,4455.514160,1858,0,0,0,0,0,0,0,0
04.03.2013,5350.000000,5380.000000,5300.000000,5370.000000,4505.858887,755,0,0,0,0,0,0,0,0
05.03.2013,5370.000000,5400.000000,5340.000000,5340.000000,4480.687012,158,0,0,0,0,0,0,0,0
06.03.2013,5350.000000,5370.000000,5350.000000,5370.000000,4505.858887,286,0,0,0,0,0,0,0,0
07.03.2013,5400.000000,5400.000000,5360.000000,5360.000000,4497.467773,686,0,0,0,0,0,0,0,0
08.03.2013,5350.000000,5350.000000,5280.000000,5350.000000,4489.077148,420,0,0,0,0,0,0,0,0
11.03.2013,5370.000000,5370.000000,5330.000000,5360.000000,4497.467773,604,0,0,0,0,0,0,0,0
12.03.2013,5350.000000,5350.000000,5290.000000,5290.000000,4438.732422,235,0,0,0,0,0,0,0,0
13.03.2013,5290.000000,5290.000000,5220.000000,5250.000000,4405.169434,430,0,0,0,0,0,0,0,0
14.03.2013,5230.000000,5260.000000,5220.000000,5260.000000,4413.561035,190,0,0,0,0,0,0,0,0
15.03.2013,5240.000000,5310.000000,5240.000000,5290.000000,4438.732422,392,0,0,0,0,0,0,0,0
18.03.2013,5340.000000,5340.000000,5270.000000,5270.000000,4421.951172,788,0,0,0,0,0,0,0,0
19.03.2013,5270.000000,5390.000000,5270.000000,5350.000000,4489.077148,653,0,0,0,0,0,0,0,0
21.03.2013,5450.000000,5540.000000,5450.000000,5490.000000,4606.547852,1303,0,0,0,0,0,0,0,0
22.03.2013,5510.000000,5610.000000,5500.000000,5500.000000,4614.939453,891,0,0,0,0,0,0,0,0
25.03.2013,5510.000000,5530.000000,5500.000000,5520.000000,4631.721191,311,0,0,0,0,0,0,0,0
26.03.2013,5500.000000,5610.000000,5500.000000,5610.000000,4707.237793,1155,0,0,0,0,0,0,0,0
27.03.2013,5600.000000,5740.000000,5600.000000,5740.000000,4816.317871,1316,0,0,0,0,0,0,0,0
28.03.2013,5740.000000,5810.000000,5720.000000,5790.000000,4858.272949,417,0,0,0,0,0,0,0,0
29.03.2013,5800.000000,5890.000000,5790.000000,5890.000000,4942.180664,1326,0,0,0,0,0,0,0,0
01.04.2013,5910.000000,5920.000000,5780.000000,5780.000000,4849.881348,2254,0,0,0,0,0,0,0,0
02.04.2013,5830.000000,5830.000000,5600.000000,5640.000000,4732.410645,1197,0,0,0,0,0,0,0,0
03.04.2013,5630.000000,5850.000000,5570.000000,5820.000000,4883.444824,404,0,0,0,0,0,0,0,0
04.04.2013,5800.000000,5860.000000,5710.000000,5860.000000,4917.007324,961,0,0,0,0,0,0,0,0
05.04.2013,5920.000000,6090.000000,5720.000000,5860.000000,4917.007324,1851,0,0,0,0,0,0,0,0
08.04.2013,5930.000000,6060.000000,5910.000000,6010.000000,5042.870117,938,0,0,0,0,0,0,0,0
09.04.2013,6020.000000,6020.000000,5890.000000,5970.000000,5009.306641,977,0,0,0,0,0,0,0,0
10.04.2013,5980.000000,6230.000000,5980.000000,6230.000000,5227.467285,1293,0,0,0,0,0,0,0,0
11.04.2013,6270.000000,6490.000000,6270.000000,6480.000000,5437.237793,1326,0,0,0,0,0,0,0,0
12.04.2013,6550.000000,7140.000000,6480.000000,7070.000000,5932.294434,6197,0,0,0,0,0,0,0,0
15.04.2013,7070.000000,7700.000000,7000.000000,7440.000000,6242.754395,8368,0,0,0,0,0,0,0,0
16.04.2013,7140.000000,7540.000000,7100.000000,7320.000000,6142.064941,6039,0,0,0,0,0,0,0,0
17.04.2013,7470.000000,7510.000000,7040.000000,7100.000000,5957.466797,5440,0,0,0,0,0,0,0,0
18.04.2013,7040.000000,7100.000000,6890.000000,6940.000000,5823.214844,2152,0,0,0,0,0,0,0,0
19.04.2013,6930.000000,7070.000000,6850.000000,7030.000000,5898.731445,1697,0,0,0,0,0,0,0,0
22.04.2013,7200.000000,7280.000000,7000.000000,7060.000000,5923.904297,1933,0,0,0,0,0,0,0,0
23.04.2013,7000.000000,7210.000000,6970.000000,7120.000000,5974.248535,1008,0,0,0,0,0,0,0,0
24.04.2013,7270.000000,7270.000000,7010.000000,7050.000000,5915.512695,1091,0,0,0,0,0,0,0,0
25.04.2013,7090.000000,7100.000000,7030.000000,7070.000000,5932.294434,678,0,0,0,0,0,0,0,0
26.04.2013,7060.000000,7060.000000,6950.000000,6950.000000,5831.604980,1088,0,0,0,0,0,0,0,0
30.04.2013,6990.000000,7100.000000,6990.000000,7050.000000,5915.512695,528,0,0,0,0,0,0,0,0
01.05.2013,7090.000000,7140.000000,6960.000000,7080.000000,5940.686035,875,0,0,0,0,0,0,0,0
02.05.2013,7130.000000,7260.000000,7050.000000,7140.000000,5991.030273,1625,0,0,0,0,0,0,0,0
07.05.2013,7240.000000,7400.000000,7240.000000,7400.000000,6209.190918,1629,0,0,0,0,0,0,0,0
08.05.2013,7440.000000,7500.000000,7400.000000,7500.000000,6293.099121,1657,0,0,0,0,0,0,0,0
09.05.2013,7500.000000,7550.000000,7400.000000,7400.000000,6209.190918,936,0,0,0,0,0,0,0,0
10.05.2013,7480.000000,7520.000000,7400.000000,7480.000000,6276.317871,649,0,0,0,0,0,0,0,0
13.05.2013,7510.000000,7540.000000,7400.000000,7490.000000,6284.708496,876,0,0,0,0,0,0,0,0
14.05.2013,7500.000000,8250.000000,7500.000000,7870.000000,6603.559082,8944,0,0,0,0,0,0,0,0
15.05.2013,7860.000000,8190.000000,7730.000000,7810.000000,6553.213867,4279,0,0,0,0,0,0,0,0
16.05.2013,8110.000000,8110.000000,7770.000000,8080.000000,6779.764648,1586,0,0,0,0,0,0,0,0
17.05.2013,8110.000000,8220.000000,8010.000000,8050.000000,6754.593750,1003,0,0,0,0,0,0,0,0
20.05.2013,8200.000000,8590.000000,8010.000000,8510.000000,7140.570801,5683,0,0,0,0,0,0,0,0
21.05.2013,8810.000000,8810.000000,8460.000000,8550.000000,7174.133789,17030,0,0,0,0,0,0,0,0
22.05.2013,8570.000000,8800.000000,8410.000000,8410.000000,7056.661621,7203,0,0,0,0,0,0,0,0
23.05.2013,8300.000000,8530.000000,7700.000000,7720.000000,6477.697266,6479,0,0,0,0,0,0,0,0
24.05.2013,7860.000000,8140.000000,7590.000000,7910.000000,6637.121094,5758,0,0,0,0,0,0,0,0
27.05.2013,7760.000000,7840.000000,7510.000000,7530.000000,6318.271484,2121,0,0,0,0,0,0,0,0
28.05.2013,7500.000000,7680.000000,7110.000000,7350.000000,6167.236816,2280,0,0,0,0,0,0,0,0
29.05.2013,7650.000000,8060.000000,7520.000000,7960.000000,6679.075195,3398,0,0,0,0,0,0,0,0
30.05.2013,7510.000000,7830.000000,7410.000000,7500.000000,6293.099121,2889,0,0,0,0,0,0,0,0
31.05.2013,7630.000000,7740.000000,7450.000000,7480.000000,6276.317871,1948,0,0,0,0,0,0,0,0
03.06.2013,7370.000000,7460.000000,7120.000000,7370.000000,6184.019043,1305,0,0,0,0,0,0,0,0
04.06.2013,7240.000000,7510.000000,7160.000000,7510.000000,6301.489746,1155,0,0,0,0,0,0,0,0
05.06.2013,7500.000000,7500.000000,6900.000000,6930.000000,5814.824219,1773,0,0,0,0,0,0,0,0
06.06.2013,6760.000000,6860.000000,6520.000000,6680.000000,5605.053223,4158,0,0,0,0,0,0,0,0
07.06.2013,6480.000000,6860.000000,6480.000000,6760.000000,5672.179688,2824,0,0,0,0,0,0,0,0
10.06.2013,6860.000000,7130.000000,6850.000000,7030.000000,5898.731445,1983,0,0,0,0,0,0,0,0
11.06.2013,7010.000000,7010.000000,6800.000000,6840.000000,5739.306641,755,0,0,0,0,0,0,0,0
12.06.2013,6770.000000,7040.000000,6720.000000,7010.000000,5881.949707,866,0,0,0,0,0,0,0,0
13.06.2013,7020.000000,7020.000000,6730.000000,6850.000000,5747.696777,577,0,0,0,0,0,0,0,0
14.06.2013,6850.000000,7100.000000,6850.000000,7030.000000,5898.731445,2018,0,0,0,0,0,0,0,0
17.06.2013,7100.000000,7270.000000,6770.000000,7250.000000,6083.329590,1939,0,0,0,0,0,0,0,0
18.06.2013,7320.000000,7430.000000,7250.000000,7360.000000,6175.627930,1261,0,0,0,0,0,0,0,0
19.06.2013,7500.000000,7590.000000,7290.000000,7400.000000,6209.190918,1572,0,0,0,0,0,0,0,0
20.06.2013,7400.000000,7500.000000,7310.000000,7420.000000,6225.973145,572,0,0,0,0,0,0,0,0
21.06.2013,7270.000000,7440.000000,7120.000000,7430.000000,6234.363281,489,0,0,0,0,0,0,0,0
24.06.2013,7530.000000,7600.000000,7450.000000,7480.000000,6276.317871,1090,0,0,0,0,0,0,0,0
25.06.2013,7510.000000,7510.000000,7160.000000,7250.000000,6083.329590,1220,0,0,0,0,0,0,0,0
26.06.2013,7330.000000,7330.000000,7150.000000,7280.000000,6108.501465,672,0,0,0,0,0,0,0,0
27.06.2013,7310.000000,7430.000000,7280.000000,7430.000000,6234.363281,380,0,0,0,0,0,0,0,0
28.06.2013,7560.000000,7600.000000,7530.000000,7530.000000,6318.271484,1016,0,0,0,0,0,0,0,0
01.07.2013,7630.000000,7640.000000,7480.000000,7510.000000,6301.489746,316,0,0,0,0,0,0,0,0
02.07.2013,7630.000000,7860.000000,7600.000000,7830.000000,6569.995605,743,0,0,0,0,0,0,0,0
03.07.2013,7770.000000,7880.000000,7660.000000,7680.000000,6444.134277,1198,0,0,0,0,0,0,0,0
04.07.2013,7700.000000,7810.000000,7680.000000,7780.000000,6528.041016,364,0,0,0,0,0,0,0,0
05.07.2013,7850.000000,7900.000000,7740.000000,7850.000000,6586.777344,546,0,0,0,0,0,0,0,0
08.07.2013,7900.000000,8120.000000,7830.000000,7850.000000,6586.777344,1989,0,0,0,0,0,0,0,0
09.07.2013,7900.000000,8080.000000,7900.000000,8010.000000,6721.030273,795,0,0,0,0,0,0,0,0
10.07.2013,8040.000000,8040.000000,7900.000000,7980.000000,6695.857422,1510,0,0,0,0,0,0,0,0
11.07.2013,7900.000000,7980.000000,7840.000000,7930.000000,6653.903809,455,0,0,0,0,0,0,0,0
12.07.2013,7980.000000,8040.000000,7980.000000,8020.000000,6729.420898,538,0,0,0,0,0,0,0,0
16.07.2013,7930.000000,8230.000000,7930.000000,8170.000000,6923.481934,2561,0,0,0,0,0,0,0,0
17.07.2013,8160.000000,8220.000000,8100.000000,8220.000000,6965.853027,485,0,0,0,0,0,0,0,0
18.07.2013,8240.000000,8240.000000,8150.000000,8190.000000,6940.430664,6143,0,0,0,0,0,0,0,0
19.07.2013,8170.000000,8220.000000,7950.000000,8120.000000,6881.109863,1436,0,0,0,0,0,0,0,0
22.07.2013,8150.000000,8150.000000,8010.000000,8120.000000,6881.109863,841,0,0,0,0,0,0,0,0
23.07.2013,8000.000000,8110.000000,7960.000000,8020.000000,6796.367676,705,0,0,0,0,0,0,0,0
24.07.2013,7930.000000,8020.000000,7920.000000,8020.000000,6796.367676,699,0,0,0,0,0,0,0,0
25.07.2013,7980.000000,8000.000000,7680.000000,7750.000000,6567.562012,1697,0,0,0,0,0,0,0,0
26.07.2013,7600.000000,7720.000000,7600.000000,7610.000000,6448.922363,368,0,0,0,0,0,0,0,0
29.07.2013,7520.000000,7520.000000,7200.000000,7200.000000,6101.477539,296,1,2000,0,0,0,0,0,0
30.07.2013,7190.000000,7610.000000,7190.000000,7580.000000,6423.499512,604,0,0,0,0,0,0,0,0
31.07.2013,7500.000000,7500.000000,7310.000000,7330.000000,6211.642578,335,0,0,0,0,0,0,0,0
01.08.2013,7390.000000,7570.000000,7390.000000,7570.000000,6415.025391,359,0,0,0,0,0,0,0,0
02.08.2013,7640.000000,7820.000000,7620.000000,7800.000000,6609.933105,925,0,0,0,0,0,0,0,0
05.08.2013,7730.000000,7750.000000,7690.000000,7730.000000,6550.612793,181,0,0,0,0,0,0,0,0
06.08.2013,7630.000000,7820.000000,7620.000000,7820.000000,6626.882324,242,0,0,0,0,0,0,0,0
07.08.2013,7750.000000,7800.000000,7610.000000,7610.000000,6448.922363,138,0,0,0,0,0,0,0,0
08.08.2013,7550.000000,7650.000000,7450.000000,7470.000000,6330.282715,163,0,0,0,0,0,0,0,0
09.08.2013,7530.000000,7530.000000,7400.000000,7480.000000,6338.757324,172,0,0,0,0,0,0,0,0
12.08.2013,7360.000000,7470.000000,7350.000000,7430.000000,6296.385254,168,0,0,0,0,0,0,0,0
13.08.2013,7470.000000,7550.000000,7460.000000,7510.000000,6364.179199,78,0,0,0,0,0,0,0,0
14.08.2013,7550.000000,7620.000000,7490.000000,7600.000000,6440.447754,200,0,0,0,0,0,0,0,0
15.08.2013,7570.000000,7580.000000,7570.000000,7570.000000,6415.025391,8,0,0,0,0,0,0,0,0
16.08.2013,7490.000000,7490.000000,7430.000000,7430.000000,6296.385254,557,0,0,0,0,0,0,0,0
19.08.2013,7410.000000,7410.000000,7340.000000,7360.000000,6237.065430,285,0,0,0,0,0,0,0,0
20.08.2013,7400.000000,7500.000000,7330.000000,7330.000000,6211.642578,99,0,0,0,0,0,0,0,0
21.08.2013,7240.000000,7240.000000,6980.000000,7100.000000,6016.733887,878,0,0,0,0,0,0,0,0
22.08.2013,7020.000000,7110.000000,7010.000000,7010.000000,5940.465332,50,0,0,0,0,0,0,0,0
23.08.2013,7110.000000,7120.000000,7010.000000,7060.000000,5982.837402,140,0,0,0,0,0,0,0,0
26.08.2013,7060.000000,7060.000000,6890.000000,6900.000000,5847.249023,437,0,0,0,0,0,0,0,0
27.08.2013,6950.000000,7080.000000,6950.000000,7050.000000,5974.362793,590,0,0,0,0,0,0,0,0
28.08.2013,6960.000000,6970.000000,6810.000000,6860.000000,5813.351563,931,0,0,0,0,0,0,0,0
29.08.2013,6840.000000,6840.000000,6600.000000,6670.000000,5652.340820,1000,0,0,0,0,0,0,0,0
30.08.2013,6710.000000,6890.000000,6700.000000,6700.000000,5677.762695,74,0,0,0,0,0,0,0,0
02.09.2013,6650.000000,6760.000000,6580.000000,6760.000000,5728.608398,165,1,2000,0,0,0,0,0,0
03.09.2013,7060.000000,7090.000000,6920.000000,6990.000000,5923.517578,957,0,0,0,0,0,0,0,0
04.09.2013,6970.000000,6990.000000,6850.000000,6990.000000,5923.517578,98,1,2000,0,0,0,0,0,0
05.09.2013,7000.000000,7090.000000,7000.000000,7080.000000,5999.786133,172,0,0,0,0,0,0,0,0
06.09.2013,7090.000000,7090.000000,7020.000000,7040.000000,5965.888672,44,0,0,0,0,0,0,0,0
09.09.2013,7260.000000,7260.000000,6940.000000,7150.000000,6059.105469,363,0,0,0,0,0,0,0,0
10.09.2013,7230.000000,7250.000000,7150.000000,7220.000000,6118.425293,182,0,0,0,0,0,0,0,0
11.09.2013,7240.000000,7290.000000,7230.000000,7230.000000,6126.899414,144,0,0,0,0,0,0,0,0
12.09.2013,7260.000000,7260.000000,7180.000000,7180.000000,6084.528809,66,0,0,0,0,0,0,0,0
13.09.2013,7180.000000,7250.000000,7170.000000,7200.000000,6101.477539,69,0,0,0,0,0,0,0,0
17.09.2013,7150.000000,7200.000000,7150.000000,7160.000000,6067.580078,112,1,2000,0,0,0,0,0,0
18.09.2013,7170.000000,7170.000000,7070.000000,7120.000000,6033.682617,285,0,0,0,0,0,0,0,0
19.09.2013,7130.000000,7220.000000,7120.000000,7220.000000,6118.425293,2716,0,0,0,0,0,0,0,0
20.09.2013,7250.000000,7290.000000,7190.000000,7190.000000,6093.002441,263,0,0,0,0,0,0,0,0
24.09.2013,7150.000000,7150.000000,7100.000000,7110.000000,6025.209473,44,0,0,0,0,0,0,0,0
25.09.2013,7130.000000,7280.000000,7130.000000,7190.000000,6093.002441,291,0,0,0,0,0,0,0,0
26.09.2013,7200.000000,7310.000000,7170.000000,7310.000000,6194.693848,189,0,0,0,0,0,0,0,0
27.09.2013,7410.000000,7530.000000,7390.000000,7400.000000,6270.962402,2151,0,0,0,0,0,0,0,0
30.09.2013,7390.000000,7510.000000,7350.000000,7430.000000,6296.385254,545,0,0,0,0,0,0,0,0
01.10.2013,7400.000000,7420.000000,7360.000000,7360.000000,6237.065430,754,0,0,0,0,0,0,0,0
02.10.2013,7390.000000,7420.000000,7340.000000,7340.000000,6220.117676,118,0,0,0,0,0,0,0,0
03.10.2013,7340.000000,7440.000000,7340.000000,7430.000000,6296.385254,463,0,0,0,0,0,0,0,0
04.10.2013,7350.000000,7350.000000,7200.000000,7300.000000,6186.220215,493,0,0,0,0,0,0,0,0
07.10.2013,7220.000000,7220.000000,7060.000000,7070.000000,5991.311523,175,0,0,0,0,0,0,0,0
08.10.2013,7070.000000,7280.000000,7030.000000,7280.000000,6169.270996,235,0,0,0,0,0,0,0,0
09.10.2013,7130.000000,7280.000000,7130.000000,7280.000000,6169.270996,105,0,0,0,0,0,0,0,0
10.10.2013,7310.000000,7390.000000,7300.000000,7350.000000,6228.590820,873,0,0,0,0,0,0,0,0
11.10.2013,7320.000000,7420.000000,7320.000000,7410.000000,6279.436523,76,0,0,0,0,0,0,0,0
15.10.2013,7430.000000,7470.000000,7400.000000,7450.000000,6313.333984,318,1,200000,0,0,0,0,0,0
16.10.2013,7420.000000,7460.000000,7410.000000,7410.000000,6279.436523,131,0,0,0,0,0,0,0,0
17.10.2013,7500.000000,7600.000000,7430.000000,7460.000000,6321.808105,2718,0,0,0,0,0,0,0,0
18.10.2013,7550.000000,7550.000000,7460.000000,7470.000000,6330.282715,45,0,0,0,0,0,0,0,0
21.10.2013,7460.000000,7530.000000,7460.000000,7530.000000,6381.128418,354,0,0,0,0,0,0,0,0
22.10.2013,7550.000000,7550.000000,7460.000000,7470.000000,6330.282715,169,0,0,0,0,0,0,0,0
23.10.2013,7460.000000,7490.000000,7390.000000,7400.000000,6270.962402,218,0,0,0,0,0,0,0,0
24.10.2013,7360.000000,7360.000000,7250.000000,7290.000000,6177.745117,268,0,0,0,0,0,0,0,0
25.10.2013,7310.000000,7310.000000,7180.000000,7180.000000,6084.528809,374,0,0,0,0,0,0,0,0
28.10.2013,7230.000000,7230.000000,7170.000000,7200.000000,6101.477539,130,0,0,0,0,0,0,0,0
29.10.2013,7260.000000,7300.000000,7250.000000,7300.000000,6186.220215,181,0,0,0,0,0,0,0,0
30.10.2013,7350.000000,7360.000000,7290.000000,7340.000000,6220.117676,503,0,0,0,0,0,0,0,0
31.10.2013,7290.799805,7290.799805,7290.799805,7290.799805,6178.423340,0,0,0,0,0,0,0,0,0
01.11.2013,7260.000000,7260.000000,7130.000000,7130.000000,6042.157227,249,0,0,0,0,0,0,0,0
05.11.2013,7210.000000,7210.000000,7010.000000,7060.000000,5982.837402,337,0,0,0,0,0,0,0,0
06.11.2013,7010.000000,7160.000000,7010.000000,7160.000000,6067.580078,397,0,0,0,0,0,0,0,0
07.11.2013,7140.000000,7140.000000,7030.000000,7080.000000,5999.786133,212,0,0,0,0,0,0,0,0
08.11.2013,7020.000000,7020.000000,6990.000000,7020.000000,5948.940918,71,0,0,0,0,0,0,0,0
11.11.2013,7050.000000,7050.000000,6950.000000,6950.000000,5889.620117,761,0,0,0,0,0,0,0,0
12.11.2013,6950.000000,7070.000000,6950.000000,7030.000000,5957.414063,219,0,0,0,0,0,0,0,0
13.11.2013,7060.000000,7160.000000,7060.000000,7070.000000,5991.311523,501,0,0,0,0,0,0,0,0
14.11.2013,7050.000000,7190.000000,7050.000000,7150.000000,6059.105469,330,0,0,0,0,0,0,0,0
15.11.2013,7200.000000,7260.000000,7200.000000,7240.000000,6135.374023,1561,0,0,0,0,0,0,0,0
18.11.2013,7260.000000,7290.000000,7200.000000,7210.000000,6109.950684,867,0,0,0,0,0,0,0,0
19.11.2013,7250.000000,7250.000000,7180.000000,7230.000000,6126.899414,136,0,0,0,0,0,0,0,0
20.11.2013,7190.000000,7200.000000,7170.000000,7170.000000,6076.054199,21,0,0,0,0,0,0,0,0
21.11.2013,7160.000000,7180.000000,7150.000000,7160.000000,6067.580078,151,0,0,0,0,0,0,0,0
22.11.2013,7150.000000,7180.000000,7100.000000,7110.000000,6025.209473,393,0,0,0,0,0,0,0,0
25.11.2013,7110.000000,7190.000000,7110.000000,7190.000000,6093.002441,551,0,0,0,0,0,0,0,0
26.11.2013,7160.000000,7170.000000,7160.000000,7170.000000,6076.054199,80,0,0,0,0,0,0,0,0
27.11.2013,7120.000000,7140.000000,7100.000000,7100.000000,6016.733887,746,0,0,0,0,0,0,0,0
28.11.2013,7090.000000,7150.000000,7090.000000,7130.000000,6042.157227,172,0,0,0,0,0,0,0,0
29.11.2013,7080.000000,7120.000000,7070.000000,7120.000000,6033.682617,323,0,0,0,0,0,0,0,0
02.12.2013,7090.000000,7150.000000,7090.000000,7150.000000,6059.105469,575,0,0,0,0,0,0,0,0
03.12.2013,7160.000000,7160.000000,7070.000000,7100.000000,6016.733887,1373,0,0,0,0,0,0,0,0
04.12.2013,7020.000000,7110.000000,7020.000000,7080.000000,5999.786133,378,0,0,0,0,0,0,0,0
05.12.2013,7030.000000,7060.000000,6990.000000,6990.000000,5923.517578,1035,0,0,0,0,0,0,0,0
06.12.2013,7000.000000,7040.000000,7000.000000,7040.000000,5965.888672,232,0,0,0,0,0,0,0,0
09.12.2013,7060.000000,7100.000000,7010.000000,7040.000000,5965.888672,779,0,0,0,0,0,0,0,0
10.12.2013,7080.000000,7080.000000,6990.000000,7060.000000,5982.837402,543,0,0,0,0,0,0,0,0
11.12.2013,7070.000000,7070.000000,7000.000000,7030.000000,5957.414063,301,0,0,0,0,0,0,0,0
12.12.2013,6990.000000,7010.000000,6950.000000,6980.000000,5915.043457,225,0,0,0,0,0,0,0,0
13.12.2013,6970.000000,6970.000000,6850.000000,6890.000000,5838.774414,412,0,0,0,0,0,0,0,0
16.12.2013,6890.000000,6910.000000,6850.000000,6880.000000,5830.300781,504,0,0,0,0,0,0,0,0
17.12.2013,6850.000000,6900.000000,6840.000000,6880.000000,5830.300781,206,0,0,0,0,0,0,0,0
18.12.2013,6910.000000,6950.000000,6900.000000,6940.000000,5881.145996,188,0,0,0,0,0,0,0,0
19.12.2013,6960.000000,6990.000000,6930.000000,6980.000000,5915.043457,1023,0,0,0,0,0,0,0,0
20.12.2013,6960.000000,7000.000000,6930.000000,6960.000000,5898.094238,438,0,0,0,0,0,0,0,0
24.12.2013,6930.000000,6960.000000,6840.000000,6840.000000,5796.403809,615,0,0,0,0,0,0,0,0
25.12.2013,6840.000000,6880.000000,6700.000000,6820.000000,5779.454590,1616,0,0,0,0,0,0,0,0
26.12.2013,6830.000000,6950.000000,6830.000000,6950.000000,5889.620117,636,0,0,0,0,0,0,0,0
27.12.2013,6980.000000,7040.000000,6960.000000,7030.000000,5957.414063,144,0,0,0,0,0,0,0,0
30.12.2013,7080.000000,7140.000000,7080.000000,7130.000000,6042.157227,241,0,0,0,0,0,0,0,0
06.01.2014,7150.000000,7160.000000,7080.000000,7120.000000,6033.682617,153,0,0,0,0,0,0,0,0
07.01.2014,7130.000000,7130.000000,7010.000000,7010.000000,5940.465332,127,0,0,0,0,0,0,0,0
08.01.2014,7050.000000,7110.000000,7010.000000,7090.000000,6008.260742,1155,0,0,0,0,0,0,0,0
09.01.2014,7070.000000,7090.000000,7060.000000,7080.000000,5999.786133,157,0,0,0,0,0,0,0,0
10.01.2014,7030.000000,7050.000000,7000.000000,7030.000000,5957.414063,180,0,0,0,0,0,0,0,0
14.01.2014,6990.000000,6990.000000,6730.000000,6790.000000,5754.032227,1031,0,0,0,0,0,0,0,0
15.01.2014,6880.000000,6880.000000,6760.000000,6870.000000,5821.825684,515,0,0,0,0,0,0,0,0
16.01.2014,6900.000000,6990.000000,6900.000000,6940.000000,5881.145996,169,0,0,0,0,0,0,0,0
17.01.2014,6940.000000,6970.000000,6920.000000,6920.000000,5864.196777,172,0,0,0,0,0,0,0,0
20.01.2014,6910.000000,6950.000000,6910.000000,6950.000000,5889.620117,467,0,0,0,0,0,0,0,0
21.01.2014,6960.000000,6960.000000,6930.000000,6940.000000,5881.145996,302,0,0,0,0,0,0,0,0
22.01.2014,6960.000000,7010.000000,6950.000000,7010.000000,5940.465332,375,0,0,0,0,0,0,0,0
23.01.2014,7020.000000,7020.000000,6910.000000,6930.000000,5872.672363,248,0,0,0,0,0,0,0,0
24.01.2014,6880.000000,6900.000000,6840.000000,6840.000000,5796.403809,457,0,0,0,0,0,0,0,0
27.01.2014,6740.000000,6750.000000,6690.000000,6700.000000,5677.762695,853,0,0,0,0,0,0,0,0
28.01.2014,6690.000000,6800.000000,6610.000000,6620.000000,5609.968750,602,0,0,0,0,0,0,0,0
29.01.2014,6660.000000,6840.000000,6630.000000,6800.000000,5762.505859,208,0,0,0,0,0,0,0,0
30.01.2014,6700.000000,6700.000000,6560.000000,6600.000000,5593.020020,686,0,0,0,0,0,0,0,0
31.01.2014,6700.000000,6740.000000,6610.000000,6680.000000,5660.814453,669,0,0,0,0,0,0,0,0
03.02.2014,6620.000000,6620.000000,6420.000000,6450.000000,5465.906250,1565,0,0,0,0,0,0,0,0
04.02.2014,6340.000000,6340.000000,6110.000000,6160.000000,5220.152832,2415,0,0,0,0,0,0,0,0
05.02.2014,6210.000000,6210.000000,6080.000000,6150.000000,5211.678223,817,0,0,0,0,0,0,0,0
06.02.2014,6190.000000,6300.000000,6110.000000,6250.000000,5296.421387,133,0,0,0,0,0,0,0,0
07.02.2014,6330.000000,6530.000000,6330.000000,6520.000000,5525.226563,631,0,0,0,0,0,0,0,0
10.02.2014,6600.000000,6610.000000,6400.000000,6540.000000,5542.174805,1124,1,5900000,1,5900000,1,5900000,0,0
12.02.2014,6560.000000,6690.000000,6560.000000,6650.000000,5635.392578,376,0,0,0,0,0,0,0,0
13.02.2014,6650.000000,6670.000000,6560.000000,6590.000000,5584.546875,346,0,0,0,0,0,0,0,0
14.02.2014,6580.000000,6620.000000,6400.000000,6450.000000,5465.906250,237,1,185000,0,0,0,0,0,0
17.02.2014,6420.000000,6600.000000,6420.000000,6600.000000,5593.020020,125,0,0,0,0,0,0,0,0
18.02.2014,6620.000000,6630.000000,6540.000000,6610.000000,5601.495117,402,0,0,0,0,0,0,0,0
19.02.2014,6600.000000,6640.000000,6580.000000,6580.000000,5576.071289,74,0,0,0,0,0,0,0,0
20.02.2014,6610.000000,6620.000000,6540.000000,6540.000000,5542.174805,168,0,0,0,0,0,0,0,0
21.02.2014,6620.000000,6750.000000,6620.000000,6740.000000,5711.660156,1010,0,0,0,0,0,0,0,0
24.02.2014,6750.000000,6900.000000,6750.000000,6800.000000,5762.505859,1675,0,0,0,0,0,0,0,0
25.02.2014,6930.000000,6930.000000,6870.000000,6900.000000,5847.249023,431,0,0,0,0,0,0,0,0
26.02.2014,6850.000000,6980.000000,6840.000000,6940.000000,5881.145996,452,0,0,0,0,0,0,0,0
27.02.2014,6950.000000,6950.000000,6860.000000,6910.000000,5855.722656,102,0,0,0,0,0,0,0,0
28.02.2014,6850.000000,6910.000000,6820.000000,6840.000000,5796.403809,72,0,0,0,0,0,0,0,0
03.03.2014,6800.000000,6920.000000,6760.000000,6860.000000,5813.351563,143,0,0,0,0,0,0,0,0
04.03.2014,6900.000000,6990.000000,6880.000000,6990.000000,5923.517578,498,0,0,0,0,0,0,0,0
05.03.2014,7050.000000,7050.000000,6920.000000,7010.000000,5940.465332,138,0,0,0,0,0,0,0,0
06.03.2014,6990.000000,6990.000000,6910.000000,6970.000000,5906.568848,91,0,0,0,0,0,0,0,0
07.03.2014,7010.000000,7050.000000,6970.000000,7010.000000,5940.465332,310,0,0,0,0,0,0,0,0
10.03.2014,7010.000000,7010.000000,6960.000000,6990.000000,5923.517578,183,0,0,0,0,0,0,0,0
11.03.2014,7020.000000,7090.000000,7000.000000,7080.000000,5999.786133,959,0,0,0,0,0,0,0,0
12.03.2014,7040.000000,7040.000000,6980.000000,6990.000000,5923.517578,74,0,0,0,0,0,0,0,0
13.03.2014,6940.000000,7000.000000,6920.000000,6920.000000,5864.196777,49,0,0,0,0,0,0,0,0
14.03.2014,6820.000000,6820.000000,6620.000000,6630.000000,5618.443848,441,0,0,0,0,0,0,0,0
17.03.2014,6580.000000,6600.000000,6530.000000,6540.000000,5542.174805,125,0,0,0,0,0,0,0,0
18.03.2014,6680.000000,6680.000000,6590.000000,6590.000000,5584.546875,69,0,0,0,0,0,0,0,0
19.03.2014,6590.000000,6590.000000,6510.000000,6510.000000,5516.751465,90,0,0,0,0,0,0,0,0
20.03.2014,6500.000000,6500.000000,6340.000000,6350.000000,5381.163574,462,0,0,0,0,0,0,0,0
24.03.2014,6250.000000,6470.000000,6250.000000,6440.000000,5457.432617,238,0,0,0,0,0,0,0,0
25.03.2014,6370.000000,6490.000000,6370.000000,6440.000000,5457.432617,95,0,0,0,0,0,0,0,0
26.03.2014,6460.000000,6460.000000,6370.000000,6370.000000,5398.111816,254,0,0,0,0,0,0,0,0
27.03.2014,6370.000000,6540.000000,6370.000000,6540.000000,5542.174805,171,0,0,0,0,0,0,0,0
28.03.2014,6510.000000,6570.000000,6500.000000,6510.000000,5516.751465,141,0,0,0,0,0,0,0,0
31.03.2014,6610.000000,6610.000000,6510.000000,6510.000000,5516.751465,86,0,0,0,0,0,0,0,0
01.04.2014,6610.000000,6610.000000,6400.000000,6450.000000,5465.906250,251,0,0,0,0,0,0,0,0
02.04.2014,6440.000000,6460.000000,6400.000000,6410.000000,5432.009277,118,0,0,0,0,0,0,0,0
03.04.2014,6420.000000,6430.000000,6360.000000,6360.000000,5389.638672,294,0,0,0,0,0,0,0,0
04.04.2014,6390.000000,6410.000000,6380.000000,6390.000000,5415.061035,31,0,0,0,0,0,0,0,0
07.04.2014,6390.000000,6390.000000,6320.000000,6320.000000,5355.741211,306,0,0,0,0,0,0,0,0
08.04.2014,6280.000000,6280.000000,6160.000000,6200.000000,5254.050293,403,0,0,0,0,0,0,0,0
09.04.2014,6130.000000,6130.000000,6000.000000,6100.000000,5169.306641,1544,0,0,0,0,0,0,0,0
10.04.2014,6130.000000,6150.000000,5970.000000,5990.000000,5076.089844,684,0,0,0,0,0,0,0,0
11.04.2014,5890.000000,6050.000000,5840.000000,6050.000000,5126.935059,467,0,0,0,0,0,0,0,0
14.04.2014,5990.000000,6050.000000,5950.000000,5950.000000,5042.192871,455,0,0,0,0,0,0,0,0
15.04.2014,5970.000000,5970.000000,5910.000000,5950.000000,5042.192871,763,0,0,0,0,0,0,0,0
16.04.2014,5970.000000,6040.000000,5970.000000,6030.000000,5109.986816,126,0,0,0,0,0,0,0,0
17.04.2014,6060.000000,6150.000000,6060.000000,6120.000000,5186.255859,114,0,0,0,0,0,0,0,0
18.04.2014,6160.000000,6160.000000,6070.000000,6140.000000,5203.204590,39,0,0,0,0,0,0,0,0
21.04.2014,6160.000000,6180.000000,6140.000000,6170.000000,5228.625977,102,0,0,0,0,0,0,0,0
22.04.2014,6170.000000,6260.000000,6150.000000,6150.000000,5211.678223,160,0,0,0,0,0,0,0,0
23.04.2014,6150.000000,6160.000000,6100.000000,6110.000000,5177.781250,106,0,0,0,0,0,0,0,0
24.04.2014,6110.000000,6110.000000,6000.000000,6030.000000,5109.986816,389,0,0,0,0,0,0,0,0
25.04.2014,6090.000000,6190.000000,6080.000000,6120.000000,5186.255859,231,0,0,0,0,0,0,0,0
28.04.2014,6100.000000,6100.000000,6050.000000,6050.000000,5126.935059,119,0,0,0,0,0,0,0,0
30.04.2014,6050.000000,6080.000000,6050.000000,6060.000000,5135.410156,23,0,0,0,0,0,0,0,0
01.05.2014,6120.000000,6260.000000,6120.000000,6230.000000,5279.472168,286,0,0,0,0,0,0,0,0
02.05.2014,6230.000000,6250.000000,6180.000000,6190.000000,5245.574707,75,0,0,0,0,0,0,0,0
07.05.2014,6140.000000,6140.000000,6070.000000,6120.000000,5186.255859,96,0,0,0,0,0,0,0,0
08.05.2014,6140.000000,6240.000000,6140.000000,6210.000000,5262.523926,203,0,0,0,0,0,0,0,0
09.05.2014,6220.000000,6310.000000,6220.000000,6270.000000,5313.369629,168,0,0,0,0,0,0,0,0
12.05.2014,6330.000000,6330.000000,6230.000000,6250.000000,5296.421387,49,0,0,0,0,0,0,0,0
13.05.2014,6330.000000,6340.000000,6300.000000,6300.000000,5338.792969,212,0,0,0,0,0,0,0,0
14.05.2014,6290.000000,6290.000000,6280.000000,6290.000000,5330.318848,53,0,0,0,0,0,0,0,0
15.05.2014,6280.000000,6350.000000,6280.000000,6350.000000,5381.163574,535,0,0,0,0,0,0,0,0
16.05.2014,6300.000000,6300.000000,6250.000000,6250.000000,5296.421387,45,0,0,0,0,0,0,0,0
19.05.2014,6260.000000,6260.000000,6210.000000,6210.000000,5262.523926,167,0,0,0,0,0,0,0,0
20.05.2014,6250.000000,6360.000000,6250.000000,6330.000000,5364.214355,86,0,0,0,0,0,0,0,0
21.05.2014,6290.000000,6400.000000,6290.000000,6330.000000,5364.214355,93,0,0,0,0,0,0,0,0
22.05.2014,6330.000000,6340.000000,6280.000000,6320.000000,5355.741211,41,0,0,0,0,0,0,0,0
23.05.2014,6350.000000,6370.000000,6320.000000,6370.000000,5398.111816,233,0,0,0,0,0,0,0,0
26.05.2014,6410.000000,6490.000000,6410.000000,6490.000000,5499.803711,760,0,0,0,0,0,0,0,0
27.05.2014,6510.000000,6530.000000,6440.000000,6440.000000,5457.432617,164,0,0,0,0,0,0,0,0
28.05.2014,6490.000000,6490.000000,6430.000000,6430.000000,5448.958496,131,0,0,0,0,0,0,0,0
29.05.2014,6430.000000,6460.000000,6430.000000,6430.000000,5448.958496,229,0,0,0,0,0,0,0,0
30.05.2014,6440.000000,6640.000000,6410.000000,6480.000000,5491.329590,299,0,0,0,0,0,0,0,0
02.06.2014,6440.000000,6610.000000,6440.000000,6590.000000,5584.546875,467,0,0,0,0,0,0,0,0
03.06.2014,6620.000000,6620.000000,6550.000000,6610.000000,5601.495117,301,0,0,0,0,0,0,0,0
04.06.2014,6640.000000,6640.000000,6540.000000,6550.000000,5550.648926,44,0,0,0,0,0,0,0,0
05.06.2014,6560.000000,6600.000000,6560.000000,6580.000000,5576.071289,406,0,0,0,0,0,0,0,0
06.06.2014,6590.000000,6590.000000,6500.000000,6530.000000,5533.700195,49,0,0,0,0,0,0,0,0
09.06.2014,6500.000000,6540.000000,6480.000000,6500.000000,5508.278809,34,0,0,0,0,0,0,0,0
10.06.2014,6500.000000,6500.000000,6450.000000,6450.000000,5465.906250,70,0,0,0,0,0,0,0,0
11.06.2014,6450.000000,6550.000000,6450.000000,6500.000000,5508.278809,53,0,0,0,0,0,0,0,0
12.06.2014,6570.000000,6570.000000,6510.000000,6510.000000,5516.751465,62,0,0,0,0,0,0,0,0
13.06.2014,6480.000000,6520.000000,6480.000000,6520.000000,5525.226563,21,0,0,0,0,0,0,0,0
16.06.2014,6520.000000,6520.000000,6470.000000,6470.000000,5482.854980,73,0,0,0,0,0,0,0,0
17.06.2014,6500.000000,6540.000000,6500.000000,6530.000000,5533.700195,60,0,0,0,0,0,0,0,0
18.06.2014,6580.000000,6580.000000,6530.000000,6560.000000,5559.123535,45,0,0,0,0,0,0,0,0
19.06.2014,6540.000000,6680.000000,6540.000000,6660.000000,5643.866211,315,0,0,0,0,0,0,0,0
20.06.2014,6680.000000,6720.000000,6650.000000,6660.000000,5643.866211,1021,0,0,0,0,0,0,0,0
23.06.2014,6700.000000,6700.000000,6610.000000,6610.000000,5601.495117,131,0,0,0,0,0,0,0,0
24.06.2014,6670.000000,6700.000000,6590.000000,6680.000000,5660.814453,90,0,0,0,0,0,0,0,0
25.06.2014,6640.000000,6710.000000,6640.000000,6660.000000,5643.866211,33,0,0,0,0,0,0,0,0
26.06.2014,6690.000000,6730.000000,6690.000000,6730.000000,5703.186523,18,0,0,0,0,0,0,0,0
27.06.2014,6720.000000,6770.000000,6680.000000,6680.000000,5660.814453,62,0,0,0,0,0,0,0,0
30.06.2014,6680.000000,6740.000000,6670.000000,6740.000000,5711.660156,155,0,0,0,0,0,0,0,0
01.07.2014,6750.000000,6790.000000,6750.000000,6770.000000,5737.083496,145,0,0,0,0,0,0,0,0
02.07.2014,6870.000000,6870.000000,6790.000000,6790.000000,5754.032227,4689,0,0,0,0,0,0,0,0
03.07.2014,6840.000000,6940.000000,6770.000000,6920.000000,5864.196777,730,0,0,0,0,0,0,0,0
04.07.2014,6920.000000,6950.000000,6910.000000,6930.000000,5872.672363,116,0,0,0,0,0,0,0,0
07.07.2014,6930.000000,6980.000000,6930.000000,6930.000000,5872.672363,73,1,156000,0,0,0,0,0,0
08.07.2014,6920.000000,6920.000000,6850.000000,6900.000000,5847.249023,224,0,0,0,0,0,0,0,0
09.07.2014,6810.000000,6870.000000,6810.000000,6860.000000,5813.351563,122,0,0,0,0,0,0,0,0
10.07.2014,6890.000000,6890.000000,6800.000000,6800.000000,5762.505859,77,0,0,0,0,0,0,0,0
11.07.2014,6680.000000,6680.000000,6640.000000,6660.000000,5643.866211,418,0,0,0,0,0,0,0,0
14.07.2014,6650.000000,6750.000000,6650.000000,6740.000000,5711.660156,124,0,0,0,0,0,0,0,0
15.07.2014,6810.000000,6810.000000,6790.000000,6790.000000,5800.504395,213,0,0,0,0,0,0,0,0
16.07.2014,6860.000000,6860.000000,6810.000000,6850.000000,5851.760742,1406,0,0,0,0,0,0,0,0
17.07.2014,6870.000000,6890.000000,6840.000000,6840.000000,5843.218750,220,0,0,0,0,0,0,0,0
18.07.2014,6790.000000,6810.000000,6760.000000,6760.000000,5774.876465,464,0,0,0,0,0,0,0,0
22.07.2014,6850.000000,6850.000000,6820.000000,6830.000000,5834.675781,19,0,0,0,0,0,0,0,0
23.07.2014,6850.000000,6850.000000,6750.000000,6780.000000,5791.962891,107,0,0,0,0,0,0,0,0
24.07.2014,6810.000000,6810.000000,6740.000000,6740.000000,5757.791016,31,0,0,0,0,0,0,0,0
25.07.2014,6790.000000,6790.000000,6760.000000,6770.000000,5783.419434,9,0,0,0,0,0,0,0,0
28.07.2014,6780.000000,6790.000000,6730.000000,6760.000000,5774.876465,215,0,0,0,0,0,0,0,0
29.07.2014,6800.000000,6800.000000,6730.000000,6730.000000,5749.249023,317,0,0,0,0,0,0,0,0
30.07.2014,6700.000000,6700.000000,6680.000000,6700.000000,5723.620117,293,0,0,0,0,0,0,0,0
31.07.2014,6730.000000,6730.000000,6670.000000,6680.000000,5706.534180,1126,0,0,0,0,0,0,0,0
01.08.2014,6680.000000,6750.000000,6680.000000,6720.000000,5740.705566,252,0,0,0,0,0,0,0,0
04.08.2014,6710.000000,6770.000000,6660.000000,6760.000000,5774.876465,36,0,0,0,0,0,0,0,0
05.08.2014,6750.000000,6750.000000,6710.000000,6710.000000,5732.163574,44,0,0,0,0,0,0,0,0
06.08.2014,6700.000000,6700.000000,6560.000000,6580.000000,5621.107422,331,0,0,0,0,0,0,0,0
07.08.2014,6620.000000,6620.000000,6540.000000,6540.000000,5586.937012,23,0,0,0,0,0,0,0,0
08.08.2014,6600.000000,6630.000000,6520.000000,6520.000000,5569.850586,152,0,0,0,0,0,0,0,0
11.08.2014,6540.000000,6610.000000,6540.000000,6570.000000,5612.564941,44,1,200000,0,0,0,0,0,0
12.08.2014,6640.000000,6640.000000,6610.000000,6640.000000,5672.364746,15,0,0,0,0,0,0,0,0
13.08.2014,6690.000000,6690.000000,6630.000000,6630.000000,5663.821777,2072,0,0,0,0,0,0,0,0
14.08.2014,6630.000000,6670.000000,6630.000000,6650.000000,5680.907227,254,0,0,0,0,0,0,0,0
15.08.2014,6660.000000,6710.000000,6660.000000,6710.000000,5732.163574,225,0,0,0,0,0,0,0,0
18.08.2014,6710.000000,6740.000000,6680.000000,6680.000000,5706.534180,295,0,0,0,0,0,0,0,0
19.08.2014,6730.000000,6830.000000,6730.000000,6800.000000,5809.047363,441,0,0,0,0,0,0,0,0
20.08.2014,6800.000000,6840.000000,6800.000000,6800.000000,5809.047363,163,1,38000,0,0,0,0,0,0
21.08.2014,6760.000000,6820.000000,6740.000000,6820.000000,5826.133301,250,0,0,0,0,0,0,0,0
22.08.2014,6830.000000,6830.000000,6740.000000,6740.000000,5757.791016,152,0,0,0,0,0,0,0,0
25.08.2014,6740.000000,6780.000000,6700.000000,6730.000000,5749.249023,141,0,0,0,0,0,0,0,0
26.08.2014,6750.000000,6750.000000,6680.000000,6680.000000,5706.534180,77,0,0,0,0,0,0,0,0
27.08.2014,6640.000000,6680.000000,6640.000000,6650.000000,5680.907227,228,0,0,0,0,0,0,0,0
28.08.2014,6590.000000,6630.000000,6590.000000,6610.000000,5646.736328,274,0,0,0,0,0,0,0,0
29.08.2014,6560.000000,6600.000000,6560.000000,6600.000000,5638.193359,14,0,0,0,0,0,0,0,0
01.09.2014,6620.000000,6620.000000,6620.000000,6620.000000,5655.278320,1,0,0,0,0,0,0,0,0
02.09.2014,6600.000000,6680.000000,6600.000000,6660.000000,5689.449219,247,0,0,0,0,0,0,0,0
03.09.2014,6660.000000,6700.000000,6660.000000,6680.000000,5706.534180,320,0,0,0,0,0,0,0,0
04.09.2014,6700.000000,6800.000000,6700.000000,6730.000000,5749.249023,258,0,0,0,0,0,0,0,0
05.09.2014,6800.000000,6800.000000,6720.000000,6720.000000,5740.705566,66,0,0,0,0,0,0,0,0
08.09.2014,6760.000000,6800.000000,6760.000000,6800.000000,5809.047363,133,0,0,0,0,0,0,0,0
09.09.2014,6800.000000,6800.000000,6770.000000,6770.000000,5783.419434,76,0,0,0,0,0,0,0,0
10.09.2014,6760.000000,6830.000000,6760.000000,6830.000000,5834.675781,297,0,0,0,0,0,0,0,0
11.09.2014,6870.000000,6920.000000,6840.000000,6880.000000,5877.389648,587,0,0,0,0,0,0,0,0
12.09.2014,6880.000000,6970.000000,6880.000000,6960.000000,5945.731445,1510,0,0,0,0,0,0,0,0
16.09.2014,6970.000000,6970.000000,6900.000000,6930.000000,5920.102539,847,0,0,0,0,0,0,0,0
17.09.2014,6930.000000,6970.000000,6900.000000,6900.000000,5894.474609,62,0,0,0,0,0,0,0,0
18.09.2014,6940.000000,6970.000000,6930.000000,6940.000000,5928.645996,70,0,0,0,0,0,0,0,0
19.09.2014,6940.000000,6960.000000,6930.000000,6930.000000,5920.102539,248,0,0,0,0,0,0,0,0
22.09.2014,6900.000000,6900.000000,6900.000000,6900.000000,5894.474609,19,0,0,0,0,0,0,0,0
24.09.2014,6860.000000,6910.000000,6860.000000,6890.000000,5885.932129,196,0,0,0,0,0,0,0,0
25.09.2014,6950.000000,6990.000000,6950.000000,6990.000000,5971.358887,562,0,0,0,0,0,0,0,0
26.09.2014,6860.000000,6990.000000,6860.000000,6990.000000,5971.358887,312,0,0,0,0,0,0,0,0
29.09.2014,7000.000000,7030.000000,6960.000000,7030.000000,6005.529785,282,0,0,0,0,0,0,0,0
30.09.2014,7000.000000,7000.000000,6930.000000,6930.000000,5920.102539,136,0,0,0,0,0,0,0,0
01.10.2014,6990.000000,6990.000000,6950.000000,6950.000000,5937.188477,12,0,0,0,0,0,0,0,0
02.10.2014,6890.000000,6890.000000,6720.000000,6730.000000,5749.249023,460,0,0,0,0,0,0,0,0
03.10.2014,6680.000000,6690.000000,6620.000000,6640.000000,5672.364746,224,0,0,0,0,0,0,0,0
06.10.2014,6690.000000,6700.000000,6660.000000,6660.000000,5689.449219,151,1,100000,0,0,0,0,0,0
07.10.2014,6670.000000,6690.000000,6660.000000,6680.000000,5706.534180,23,0,0,0,0,0,0,0,0
08.10.2014,6610.000000,6650.000000,6590.000000,6640.000000,5672.364746,113,0,0,0,0,0,0,0,0
09.10.2014,6660.000000,6660.000000,6570.000000,6570.000000,5612.564941,36,0,0,0,0,0,0,0,0
10.10.2014,6510.000000,6540.000000,6510.000000,6520.000000,5569.850586,73,0,0,0,0,0,0,0,0
14.10.2014,6440.000000,6460.000000,6390.000000,6390.000000,5458.795898,376,1,100000,0,0,0,0,0,0
15.10.2014,6400.000000,6420.000000,6400.000000,6400.000000,5467.338379,870,0,0,0,0,0,0,0,0
16.10.2014,6310.000000,6310.000000,6210.000000,6210.000000,5305.026855,624,0,0,0,0,0,0,0,0
17.10.2014,6270.000000,6280.000000,6190.000000,6190.000000,5287.941406,1244,0,0,0,0,0,0,0,0
20.10.2014,6390.000000,6400.000000,6280.000000,6400.000000,5467.338379,91,0,0,0,0,0,0,0,0
21.10.2014,6400.000000,6470.000000,6320.000000,6350.000000,5424.625488,58,0,0,0,0,0,0,0,0
22.10.2014,6480.000000,6500.000000,6460.000000,6500.000000,5552.766113,56,0,0,0,0,0,0,0,0
23.10.2014,6500.000000,6550.000000,6500.000000,6550.000000,5595.479492,16,0,0,0,0,0,0,0,0
24.10.2014,6570.000000,6570.000000,6520.000000,6560.000000,5604.022461,41,0,0,0,0,0,0,0,0
27.10.2014,6600.000000,6870.000000,6600.000000,6810.000000,5817.589844,479,0,0,0,0,0,0,0,0
28.10.2014,6810.000000,6900.000000,6810.000000,6840.000000,5843.218750,132,0,0,0,0,0,0,0,0
29.10.2014,6880.000000,6970.000000,6880.000000,6930.000000,5920.102539,642,0,0,0,0,0,0,0,0
30.10.2014,6930.000000,7010.000000,6930.000000,7010.000000,5988.444824,578,0,0,0,0,0,0,0,0
31.10.2014,7020.000000,7220.000000,6960.000000,7000.000000,5979.902344,893,0,0,0,0,0,0,0,0
04.11.2014,7150.000000,7490.000000,7150.000000,7360.000000,6287.439941,1798,0,0,0,0,0,0,0,0
05.11.2014,7340.000000,7570.000000,7340.000000,7550.000000,6449.751465,3286,0,0,0,0,0,0,0,0
06.11.2014,7600.000000,7620.000000,7370.000000,7400.000000,6321.609863,303,0,0,0,0,0,0,0,0
07.11.2014,7490.000000,7560.000000,7490.000000,7540.000000,6441.209473,168,0,0,0,0,0,0,0,0
10.11.2014,7550.000000,7550.000000,7480.000000,7480.000000,6389.952637,385,0,0,0,0,0,0,0,0
11.11.2014,7500.000000,7600.000000,7500.000000,7600.000000,6492.465332,233,0,0,0,0,0,0,0,0
12.11.2014,7600.000000,7650.000000,7540.000000,7540.000000,6441.209473,339,0,0,0,0,0,0,0,0
13.11.2014,7530.000000,7600.000000,7530.000000,7580.000000,6475.378906,231,0,0,0,0,0,0,0,0
14.11.2014,7660.000000,7690.000000,7650.000000,7690.000000,6569.349121,188,0,0,0,0,0,0,0,0
17.11.2014,7690.000000,7690.000000,7460.000000,7490.000000,6398.495117,316,0,0,0,0,0,0,0,0
18.11.2014,7540.000000,7640.000000,7540.000000,7630.000000,6518.092773,301,0,0,0,0,0,0,0,0
19.11.2014,7680.000000,7770.000000,7680.000000,7720.000000,6594.977539,1857,0,0,0,0,0,0,0,0
20.11.2014,7720.000000,7730.000000,7560.000000,7560.000000,6458.293457,244,0,0,0,0,0,0,0,0
21.11.2014,7580.000000,7620.000000,7550.000000,7590.000000,6483.921875,157,0,0,0,0,0,0,0,0
25.11.2014,7650.000000,7650.000000,7540.000000,7540.000000,6441.209473,34,1,2000,0,0,0,0,0,0
26.11.2014,7520.000000,7610.000000,7520.000000,7550.000000,6449.751465,148,0,0,0,0,0,0,0,0
27.11.2014,7540.000000,7540.000000,7360.000000,7400.000000,6321.609863,277,0,0,0,0,0,0,0,0
28.11.2014,7450.000000,7500.000000,7450.000000,7480.000000,6389.952637,196,0,0,0,0,0,0,0,0
01.12.2014,7520.000000,7630.000000,7520.000000,7560.000000,6458.293457,309,0,0,0,0,0,0,0,0
02.12.2014,7580.000000,7650.000000,7550.000000,7600.000000,6492.465332,284,0,0,0,0,0,0,0,0
03.12.2014,7630.000000,7720.000000,7600.000000,7600.000000,6492.465332,202,0,0,0,0,0,0,0,0
04.12.2014,7650.000000,7690.000000,7590.000000,7620.000000,6509.550293,437,0,0,0,0,0,0,0,0
05.12.2014,7570.000000,7620.000000,7570.000000,7610.000000,6501.007813,332,0,0,0,0,0,0,0,0
08.12.2014,7690.000000,7690.000000,7540.000000,7560.000000,6458.293457,126,0,0,0,0,0,0,0,0
09.12.2014,7560.000000,7560.000000,7530.000000,7540.000000,6441.209473,30,0,0,0,0,0,0,0,0
10.12.2014,7520.000000,7630.000000,7520.000000,7530.000000,6432.666016,278,0,0,0,0,0,0,0,0
11.12.2014,7550.000000,7550.000000,7450.000000,7490.000000,6398.495117,73,0,0,0,0,0,0,0,0
12.12.2014,7460.000000,7660.000000,7460.000000,7620.000000,6509.550293,243,0,0,0,0,0,0,0,0
15.12.2014,7500.000000,7500.000000,7430.000000,7430.000000,6347.239258,203,0,0,0,0,0,0,0,0
16.12.2014,7370.000000,7390.000000,7310.000000,7370.000000,6295.982422,183,0,0,0,0,0,0,0,0
17.12.2014,7330.000000,7450.000000,7330.000000,7360.000000,6287.439941,210,0,0,0,0,0,0,0,0
18.12.2014,7510.000000,7630.000000,7400.000000,7420.000000,6338.695801,3758,0,0,0,0,0,0,0,0
19.12.2014,7700.000000,7700.000000,7500.000000,7580.000000,6475.378906,70,0,0,0,0,0,0,0,0
22.12.2014,7620.000000,7620.000000,7530.000000,7560.000000,6458.293457,534,0,0,0,0,0,0,0,0
24.12.2014,7620.000000,7630.000000,7580.000000,7620.000000,6509.550293,105,0,0,0,0,0,0,0,0
25.12.2014,7600.000000,7600.000000,7500.000000,7500.000000,6407.037598,212,0,0,0,0,0,0,0,0
26.12.2014,7480.000000,7650.000000,7480.000000,7640.000000,6526.635742,513,0,0,0,0,0,0,0,0
29.12.2014,7700.000000,7750.000000,7680.000000,7730.000000,6603.520020,276,0,0,0,0,0,0,0,0
30.12.2014,7700.000000,7720.000000,7630.000000,7630.000000,6518.092773,249,0,0,0,0,0,0,0,0
05.01.2015,7610.000000,7610.000000,7520.000000,7600.000000,6492.465332,47,0,0,0,0,0,0,0,0
06.01.2015,7470.000000,7480.000000,7370.000000,7370.000000,6295.982422,298,0,0,0,0,0,0,0,0
07.01.2015,7290.000000,7380.000000,7290.000000,7310.000000,6244.726074,90,0,0,0,0,0,0,0,0
08.01.2015,7340.000000,7420.000000,7340.000000,7350.000000,6278.896973,112,0,0,0,0,0,0,0,0
09.01.2015,7440.000000,7440.000000,7370.000000,7380.000000,6304.524902,95,0,0,0,0,0,0,0,0
13.01.2015,7340.000000,7340.000000,7180.000000,7330.000000,6261.811523,79,0,0,0,0,0,0,0,0
14.01.2015,7270.000000,7340.000000,7270.000000,7290.000000,6227.641113,54,0,0,0,0,0,0,0,0
15.01.2015,7300.000000,7400.000000,7300.000000,7400.000000,6321.609863,18,0,0,0,0,0,0,0,0
16.01.2015,7280.000000,7370.000000,7250.000000,7370.000000,6295.982422,329,0,0,0,0,0,0,0,0
19.01.2015,7400.000000,7480.000000,7400.000000,7460.000000,6372.866211,252,0,0,0,0,0,0,0,0
20.01.2015,7500.000000,7580.000000,7500.000000,7580.000000,6475.378906,209,0,0,0,0,0,0,0,0
21.01.2015,7540.000000,7540.000000,7440.000000,7440.000000,6355.780762,233,0,0,0,0,0,0,0,0
22.01.2015,7500.000000,7500.000000,7380.000000,7410.000000,6330.153320,239,0,0,0,0,0,0,0,0
23.01.2015,7470.000000,7480.000000,7440.000000,7470.000000,6381.410645,53,0,0,0,0,0,0,0,0
26.01.2015,7450.000000,7470.000000,7410.000000,7470.000000,6381.410645,137,0,0,0,0,0,0,0,0
27.01.2015,7510.000000,7710.000000,7510.000000,7710.000000,6586.434570,1007,0,0,0,0,0,0,0,0
28.01.2015,7700.000000,7900.000000,7700.000000,7840.000000,6697.490234,601,0,0,0,0,0,0,0,0
29.01.2015,7750.000000,7890.000000,7750.000000,7850.000000,6706.032715,244,0,0,0,0,0,0,0,0
30.01.2015,7870.000000,8050.000000,7870.000000,7970.000000,6808.545410,801,0,0,0,0,0,0,0,0
02.02.2015,7860.000000,7860.000000,7750.000000,7840.000000,6697.490234,257,0,0,0,0,0,0,0,0
03.02.2015,7980.000000,7980.000000,7690.000000,7700.000000,6577.892090,86,0,0,0,0,0,0,0,0
04.02.2015,7820.000000,7870.000000,7770.000000,7770.000000,6637.690918,160,0,0,0,0,0,0,0,0
05.02.2015,7850.000000,7870.000000,7740.000000,7740.000000,6612.063477,27,0,0,0,0,0,0,0,0
06.02.2015,7780.000000,7780.000000,7720.000000,7720.000000,6594.977539,21,0,0,0,0,0,0,0,0
09.02.2015,7830.000000,7830.000000,7700.000000,7700.000000,6577.892090,129,0,0,0,0,0,0,0,0
10.02.2015,7750.000000,7790.000000,7750.000000,7790.000000,6654.776367,11,0,0,0,0,0,0,0,0
12.02.2015,7870.000000,7990.000000,7870.000000,7970.000000,6808.545410,389,0,0,0,0,0,0,0,0
13.02.2015,7950.000000,7950.000000,7770.000000,7790.000000,6654.776367,385,0,0,0,0,0,0,0,0
16.02.2015,7790.000000,7790.000000,7740.000000,7740.000000,6612.063477,119,0,0,0,0,0,0,0,0
17.02.2015,7740.000000,7760.000000,7740.000000,7760.000000,6629.148438,39,0,0,0,0,0,0,0,0
18.02.2015,7800.000000,7800.000000,7760.000000,7760.000000,6629.148438,137,0,0,0,0,0,0,0,0
19.02.2015,7740.000000,7830.000000,7740.000000,7800.000000,6663.318848,174,0,0,0,0,0,0,0,0
20.02.2015,7840.000000,7860.000000,7790.000000,7800.000000,6663.318848,69,0,0,0,0,0,0,0,0
23.02.2015,7870.000000,7870.000000,7800.000000,7810.000000,6671.862305,60,0,0,0,0,0,0,0,0
24.02.2015,7800.000000,7800.000000,7780.000000,7780.000000,6646.233887,90,0,0,0,0,0,0,0,0
25.02.2015,7790.000000,7840.000000,7760.000000,7760.000000,6629.148438,156,0,0,0,0,0,0,0,0
26.02.2015,7760.000000,7760.000000,7730.000000,7760.000000,6629.148438,68,0,0,0,0,0,0,0,0
27.02.2015,7780.000000,7780.000000,7710.000000,7710.000000,6586.434570,73,0,0,0,0,0,0,0,0
02.03.2015,7720.000000,7750.000000,7720.000000,7750.000000,6620.605469,26,0,0,0,0,0,0,0,0
03.03.2015,7780.000000,7780.000000,7720.000000,7750.000000,6620.605469,18,0,0,0,0,0,0,0,0
04.03.2015,7720.000000,7720.000000,7600.000000,7670.000000,6552.264648,487,0,0,0,0,0,0,0,0
05.03.2015,7720.000000,7770.000000,7720.000000,7770.000000,6637.690918,102,0,0,0,0,0,0,0,0
06.03.2015,7770.000000,7810.000000,7770.000000,7810.000000,6671.862305,95,0,0,0,0,0,0,0,0
09.03.2015,7810.000000,7810.000000,7660.000000,7660.000000,6543.721191,83,0,0,0,0,0,0,0,0
10.03.2015,7680.000000,7690.000000,7600.000000,7630.000000,6518.092773,106,0,0,0,0,0,0,0,0
11.03.2015,7600.000000,7690.000000,7600.000000,7660.000000,6543.721191,59,0,0,0,0,0,0,0,0
12.03.2015,7700.000000,7700.000000,7650.000000,7670.000000,6552.264648,36,0,0,0,0,0,0,0,0
13.03.2015,7710.000000,7750.000000,7710.000000,7750.000000,6620.605469,158,0,0,0,0,0,0,0,0
16.03.2015,7750.000000,7750.000000,7700.000000,7700.000000,6577.892090,6,0,0,0,0,0,0,0,0
17.03.2015,7700.000000,7710.000000,7680.000000,7710.000000,6586.434570,153,0,0,0,0,0,0,0,0
18.03.2015,7710.000000,7710.000000,7710.000000,7710.000000,6586.434570,23,0,0,0,0,0,0,0,0
19.03.2015,7750.000000,7750.000000,7630.000000,7710.000000,6586.434570,121,0,0,0,0,0,0,0,0
20.03.2015,7750.000000,7790.000000,7700.000000,7790.000000,6654.776367,15,0,0,0,0,0,0,0,0
23.03.2015,7790.000000,7840.000000,7770.000000,7780.000000,6646.233887,66,0,0,0,0,0,0,0,0
24.03.2015,7790.000000,7840.000000,7760.000000,7840.000000,6697.490234,332,0,0,0,0,0,0,0,0
25.03.2015,7830.000000,7910.000000,7830.000000,7890.000000,6740.203613,406,0,0,0,0,0,0,0,0
26.03.2015,7900.000000,7900.000000,7780.000000,7800.000000,6663.318848,34,0,0,0,0,0,0,0,0
27.03.2015,7810.000000,7900.000000,7760.000000,7800.000000,6663.318848,67,0,0,0,0,0,0,0,0
30.03.2015,7870.000000,7930.000000,7870.000000,7890.000000,6740.203613,82,0,0,0,0,0,0,0,0
31.03.2015,8000.000000,8050.000000,7910.000000,7910.000000,6757.288086,240,0,0,0,0,0,0,0,0
01.04.2015,7940.000000,7940.000000,7870.000000,7920.000000,6765.831543,24,0,0,0,0,0,0,0,0
02.04.2015,7910.000000,7980.000000,7910.000000,7970.000000,6808.545410,222,0,0,0,0,0,0,0,0
03.04.2015,8000.000000,8000.000000,7920.000000,7920.000000,6765.831543,76,0,0,0,0,0,0,0,0
06.04.2015,7970.000000,7970.000000,7880.000000,7880.000000,6731.662109,9,0,0,0,0,0,0,0,0
07.04.2015,7900.000000,8030.000000,7900.000000,7970.000000,6808.545410,655,0,0,0,0,0,0,0,0
08.04.2015,8000.000000,8080.000000,8000.000000,8080.000000,6902.515137,189,0,0,0,0,0,0,0,0
09.04.2015,8080.000000,8100.000000,8060.000000,8080.000000,6902.515137,518,0,0,0,0,0,0,0,0
10.04.2015,8140.000000,8140.000000,8020.000000,8020.000000,6851.259277,166,0,0,0,0,0,0,0,0
13.04.2015,8000.000000,8000.000000,7910.000000,7920.000000,6765.831543,122,0,0,0,0,0,0,0,0
14.04.2015,7940.000000,8000.000000,7910.000000,7980.000000,6817.087402,95,0,0,0,0,0,0,0,0
15.04.2015,7930.000000,8050.000000,7930.000000,8030.000000,6859.801758,107,0,0,0,0,0,0,0,0
16.04.2015,8030.000000,8040.000000,7960.000000,8040.000000,6868.344238,121,0,0,0,0,0,0,0,0
17.04.2015,8080.000000,8080.000000,8000.000000,8000.000000,6834.173340,21,0,0,0,0,0,0,0,0
20.04.2015,8000.000000,8000.000000,7970.000000,7970.000000,6808.545410,65,0,0,0,0,0,0,0,0
21.04.2015,7940.000000,8100.000000,7940.000000,8090.000000,6911.057617,66,0,0,0,0,0,0,0,0
22.04.2015,8140.000000,8230.000000,8140.000000,8230.000000,7030.656738,332,0,0,0,0,0,0,0,0
23.04.2015,8250.000000,8250.000000,8150.000000,8150.000000,6962.313965,94,0,0,0,0,0,0,0,0
24.04.2015,8170.000000,8260.000000,8170.000000,8240.000000,7039.198242,160,0,0,0,0,0,0,0,0
27.04.2015,8240.000000,8300.000000,8240.000000,8250.000000,7047.741699,263,0,0,0,0,0,0,0,0
28.04.2015,8260.000000,8390.000000,8260.000000,8340.000000,7124.625488,228,0,0,0,0,0,0,0,0
30.04.2015,8330.000000,8330.000000,8200.000000,8220.000000,7022.113281,171,0,0,0,0,0,0,0,0
01.05.2015,8100.000000,8140.000000,8030.000000,8090.000000,6911.057617,308,0,0,0,0,0,0,0,0
07.05.2015,8150.000000,8250.000000,8150.000000,8210.000000,7013.571289,445,0,0,0,0,0,0,0,0
08.05.2015,8270.000000,8270.000000,8180.000000,8240.000000,7039.198242,177,0,0,0,0,0,0,0,0
11.05.2015,8230.000000,8410.000000,8230.000000,8360.000000,7141.711426,631,0,0,0,0,0,0,0,0
12.05.2015,8410.000000,8440.000000,8390.000000,8440.000000,7210.052734,313,1,23200,0,0,0,0,0,0
13.05.2015,8490.000000,8490.000000,8430.000000,8450.000000,7218.595215,203,0,0,0,0,0,0,0,0
14.05.2015,8440.000000,8440.000000,8320.000000,8340.000000,7124.625488,122,0,0,0,0,0,0,0,0
15.05.2015,8420.000000,8420.000000,8340.000000,8400.000000,7175.882324,49,0,0,0,0,0,0,0,0
18.05.2015,8470.000000,8470.000000,8440.000000,8470.000000,7235.681641,77,0,0,0,0,0,0,0,0
19.05.2015,8470.000000,8580.000000,8470.000000,8560.000000,7312.564941,527,0,0,0,0,0,0,0,0
20.05.2015,8630.000000,8770.000000,8600.000000,8770.000000,7491.962891,1236,0,0,0,0,0,0,0,0
21.05.2015,8730.000000,8930.000000,8620.000000,8770.000000,7491.962891,1471,0,0,0,0,0,0,0,0
22.05.2015,8770.000000,8820.000000,8730.000000,8750.000000,7474.876953,297,0,0,0,0,0,0,0,0
25.05.2015,8840.000000,9010.000000,8840.000000,9010.000000,7696.988770,455,0,0,0,0,0,0,0,0
26.05.2015,8990.000000,9100.000000,8990.000000,9010.000000,7696.988770,1258,0,0,0,0,0,0,0,0
27.05.2015,9050.000000,9050.000000,8960.000000,9000.000000,7688.444336,307,0,0,0,0,0,0,0,0
28.05.2015,9010.000000,9250.000000,9010.000000,9110.000000,7782.415527,709,0,0,0,0,0,0,0,0
29.05.2015,9110.000000,9250.000000,9110.000000,9140.000000,7808.043457,373,0,0,0,0,0,0,0,0
01.06.2015,9170.000000,9310.000000,9100.000000,9290.000000,7936.185059,359,0,0,0,0,0,0,0,0
02.06.2015,9440.000000,9530.000000,9380.000000,9420.000000,8047.239746,923,0,0,0,0,0,0,0,0
03.06.2015,9470.000000,9470.000000,9340.000000,9380.000000,8013.067871,367,0,0,0,0,0,0,0,0
04.06.2015,9350.000000,9380.000000,9300.000000,9300.000000,7944.724609,108,0,0,0,0,0,0,0,0
05.06.2015,9290.000000,9290.000000,9170.000000,9200.000000,7859.299805,389,0,0,0,0,0,0,0,0
08.06.2015,9160.000000,9200.000000,9040.000000,9090.000000,7765.330078,241,0,0,0,0,0,0,0,0
09.06.2015,8950.000000,9140.000000,8830.000000,9140.000000,7808.043457,408,0,0,0,0,0,0,0,0
10.06.2015,9050.000000,9120.000000,9050.000000,9080.000000,7756.787109,280,0,0,0,0,0,0,0,0
11.06.2015,9110.000000,9250.000000,9110.000000,9250.000000,7902.014648,388,0,0,0,0,0,0,0,0
12.06.2015,9250.000000,9250.000000,9000.000000,9040.000000,7722.616699,86,0,0,0,0,0,0,0,0
15.06.2015,8990.000000,9040.000000,8960.000000,9040.000000,7722.616699,267,0,0,0,0,0,0,0,0
16.06.2015,8960.000000,9060.000000,8960.000000,9060.000000,7739.702148,97,0,0,0,0,0,0,0,0
17.06.2015,9080.000000,9100.000000,8990.000000,9020.000000,7705.530273,91,0,0,0,0,0,0,0,0
18.06.2015,8940.000000,8990.000000,8940.000000,8950.000000,7645.731934,55,0,0,0,0,0,0,0,0
19.06.2015,9000.000000,9050.000000,8930.000000,8930.000000,7628.645996,92,0,0,0,0,0,0,0,0
22.06.2015,8950.000000,9050.000000,8950.000000,9050.000000,7731.157715,345,0,0,0,0,0,0,0,0
23.06.2015,9010.000000,9200.000000,9010.000000,9200.000000,7859.299805,76,0,0,0,0,0,0,0,0
24.06.2015,9200.000000,9270.000000,9160.000000,9170.000000,7833.672852,440,0,0,0,0,0,0,0,0
25.06.2015,9170.000000,9170.000000,9080.000000,9080.000000,7756.787109,127,0,0,0,0,0,0,0,0
26.06.2015,9110.000000,9110.000000,8940.000000,9000.000000,7688.444336,97,0,0,0,0,0,0,0,0
29.06.2015,8870.000000,8900.000000,8780.000000,8900.000000,7603.017578,695,0,0,0,0,0,0,0,0
30.06.2015,8870.000000,8930.000000,8840.000000,8840.000000,7551.762207,253,0,0,0,0,0,0,0,0
01.07.2015,8850.000000,8850.000000,8790.000000,8800.000000,7517.590332,44,0,0,0,0,0,0,0,0
02.07.2015,8770.000000,8880.000000,8770.000000,8800.000000,7517.590332,87,0,0,0,0,0,0,0,0
03.07.2015,8750.000000,8830.000000,8750.000000,8820.000000,7534.676270,131,0,0,0,0,0,0,0,0
06.07.2015,8810.000000,8810.000000,8670.000000,8730.000000,7457.791992,69,0,0,0,0,0,0,0,0
07.07.2015,8770.000000,8970.000000,8770.000000,8970.000000,7662.817383,136,0,0,0,0,0,0,0,0
08.07.2015,9000.000000,9000.000000,8770.000000,8770.000000,7491.962891,68,0,0,0,0,0,0,0,0
09.07.2015,8620.000000,8810.000000,8530.000000,8810.000000,7526.133789,265,0,0,0,0,0,0,0,0
10.07.2015,8790.000000,8900.000000,8790.000000,8800.000000,7517.590332,121,0,0,0,0,0,0,0,0
13.07.2015,8810.000000,9030.000000,8810.000000,8990.000000,7679.903320,169,0,0,0,0,0,0,0,0
14.07.2015,9090.000000,9200.000000,9060.000000,9080.000000,7756.787109,199,0,0,0,0,0,0,0,0
15.07.2015,9140.000000,9200.000000,9090.000000,9120.000000,7848.002930,316,0,0,0,0,0,0,0,0
16.07.2015,9130.000000,9310.000000,9130.000000,9300.000000,8002.896973,273,1,207000,1,207000,0,0,0,0
17.07.2015,9360.000000,9360.000000,9270.000000,9300.000000,8002.896973,474,0,0,0,0,0,0,0,0
21.07.2015,9310.000000,9520.000000,9310.000000,9520.000000,8192.214844,976,0,0,0,0,0,0,0,0
22.07.2015,9460.000000,9510.000000,9460.000000,9480.000000,8157.792480,89,0,0,0,0,0,0,0,0
23.07.2015,9510.000000,9520.000000,9460.000000,9490.000000,8166.398926,135,0,0,0,0,0,0,0,0
24.07.2015,9480.000000,9480.000000,9420.000000,9420.000000,8106.160156,272,0,0,0,0,0,0,0,0
27.07.2015,9380.000000,9380.000000,9270.000000,9280.000000,7985.687988,40,0,0,0,0,0,0,0,0
28.07.2015,9190.000000,9440.000000,9190.000000,9440.000000,8123.372070,168,0,0,0,0,0,0,0,0
29.07.2015,9440.000000,9520.000000,9440.000000,9480.000000,8157.792480,277,0,0,0,0,0,0,0,0
30.07.2015,9500.000000,9580.000000,9500.000000,9520.000000,8192.214844,144,0,0,0,0,0,0,0,0
31.07.2015,9600.000000,9850.000000,9600.000000,9820.000000,8450.370117,174,0,0,0,0,0,0,0,0
03.08.2015,9800.000000,9890.000000,9670.000000,9730.000000,8372.923828,243,0,0,0,0,0,0,0,0
04.08.2015,9780.000000,9970.000000,9730.000000,9930.000000,8545.029297,382,0,0,0,0,0,0,0,0
05.08.2015,10000.000000,10020.000000,9890.000000,9940.000000,8553.633789,503,0,0,0,0,0,0,0,0
06.08.2015,10030.000000,10030.000000,9760.000000,9760.000000,8398.740234,204,0,0,0,0,0,0,0,0
07.08.2015,9840.000000,9840.000000,9670.000000,9810.000000,8441.766602,71,0,0,0,0,0,0,0,0
10.08.2015,9860.000000,9860.000000,9740.000000,9840.000000,8467.582031,87,0,0,0,0,0,0,0,0
11.08.2015,9900.000000,9900.000000,9630.000000,9670.000000,8321.291016,150,0,0,0,0,0,0,0,0
12.08.2015,9700.000000,9770.000000,9650.000000,9750.000000,8390.134766,110,0,0,0,0,0,0,0,0
13.08.2015,9750.000000,9950.000000,9740.000000,9930.000000,8545.029297,383,0,0,0,0,0,0,0,0
14.08.2015,9970.000000,10100.000000,9890.000000,9910.000000,8527.819336,358,0,0,0,0,0,0,0,0
17.08.2015,9960.000000,9970.000000,9950.000000,9960.000000,8570.844727,109,0,0,0,0,0,0,0,0
18.08.2015,9960.000000,10000.000000,9910.000000,9920.000000,8536.424805,31,0,0,0,0,0,0,0,0
19.08.2015,9870.000000,10010.000000,9870.000000,9920.000000,8536.424805,80,0,0,0,0,0,0,0,0
20.08.2015,9860.000000,9960.000000,9750.000000,9770.000000,8407.343750,474,0,0,0,0,0,0,0,0
21.08.2015,9700.000000,9700.000000,9310.000000,9410.000000,8097.554688,395,0,0,0,0,0,0,0,0
24.08.2015,9110.000000,9250.000000,8840.000000,8840.000000,7607.055176,550,0,0,0,0,0,0,0,0
25.08.2015,8820.000000,9110.000000,8440.000000,8510.000000,7323.081055,850,0,0,0,0,0,0,0,0
26.08.2015,8620.000000,8950.000000,8600.000000,8950.000000,7701.713379,169,0,0,0,0,0,0,0,0
27.08.2015,9250.000000,9250.000000,9000.000000,9010.000000,7753.345215,514,0,0,0,0,0,0,0,0
28.08.2015,9310.000000,9310.000000,9140.000000,9250.000000,7959.871582,145,0,0,0,0,0,0,0,0
31.08.2015,9260.000000,9260.000000,9180.000000,9180.000000,7899.634766,259,0,0,0,0,0,0,0,0
01.09.2015,9090.000000,9090.000000,8710.000000,8720.000000,7503.791992,262,0,0,0,0,0,0,0,0
02.09.2015,8520.000000,8720.000000,8430.000000,8540.000000,7348.896973,530,0,0,0,0,0,0,0,0
03.09.2015,8600.000000,8790.000000,8570.000000,8570.000000,7374.713867,73,0,0,0,0,0,0,0,0
04.09.2015,8700.000000,8700.000000,8450.000000,8580.000000,7383.318848,143,0,0,0,0,0,0,0,0
07.09.2015,8580.000000,8690.000000,8420.000000,8610.000000,7409.134766,63,0,0,0,0,0,0,0,0
08.09.2015,8670.000000,8670.000000,8410.000000,8440.000000,7262.845215,77,0,0,0,0,0,0,0,0
09.09.2015,8690.000000,8840.000000,8690.000000,8820.000000,7589.844238,42,1,1400000,1,1400000,0,0,0,0
10.09.2015,8760.000000,8820.000000,8650.000000,8820.000000,7589.844238,158,0,0,0,0,0,0,0,0
11.09.2015,8860.000000,8860.000000,8720.000000,8800.000000,7572.634277,14,0,0,0,0,0,0,0,0
14.09.2015,8930.000000,8950.000000,8870.000000,8880.000000,7641.476074,109,0,0,0,0,0,0,0,0
15.09.2015,8930.000000,9000.000000,8830.000000,8870.000000,7632.872070,15,0,0,0,0,0,0,0,0
16.09.2015,8960.000000,8960.000000,8590.000000,8650.000000,7443.555176,305,0,0,0,0,0,0,0,0
17.09.2015,8700.000000,8700.000000,8610.000000,8690.000000,7477.976563,228,0,0,0,0,0,0,0,0
18.09.2015,8990.000000,8990.000000,8710.000000,8860.000000,7624.266113,1620,0,0,0,0,0,0,0,0
24.09.2015,8710.000000,8900.000000,8710.000000,8800.000000,7572.634277,69,0,0,0,0,0,0,0,0
25.09.2015,8650.000000,8820.000000,8480.000000,8800.000000,7572.634277,65,0,0,0,0,0,0,0,0
28.09.2015,8880.000000,8940.000000,8790.000000,8790.000000,7564.028320,76,0,0,0,0,0,0,0,0
29.09.2015,8790.000000,8790.000000,8460.000000,8530.000000,7340.291992,107,0,0,0,0,0,0,0,0
30.09.2015,8610.000000,8610.000000,8440.000000,8580.000000,7383.318848,63,0,0,0,0,0,0,0,0
01.10.2015,8610.000000,8610.000000,8580.000000,8580.000000,7383.318848,34,0,0,0,0,0,0,0,0
02.10.2015,8690.000000,8690.000000,8510.000000,8600.000000,7400.527832,18,0,0,0,0,0,0,0,0
05.10.2015,8770.000000,8780.000000,8660.000000,8780.000000,7555.423340,188,0,0,0,0,0,0,0,0
06.10.2015,8860.000000,8860.000000,8740.000000,8760.000000,7538.212891,183,0,0,0,0,0,0,0,0
07.10.2015,8850.000000,8880.000000,8790.000000,8880.000000,7641.476074,165,0,0,0,0,0,0,0,0
08.10.2015,8900.000000,8900.000000,8880.000000,8880.000000,7641.476074,31,0,0,0,0,0,0,0,0
09.10.2015,8910.000000,9010.000000,8910.000000,9010.000000,7753.345215,264,0,0,0,0,0,0,0,0
13.10.2015,9100.000000,9180.000000,9040.000000,9100.000000,7830.792969,32,0,0,0,0,0,0,0,0
14.10.2015,9040.000000,9060.000000,8840.000000,9010.000000,7753.345215,82,0,0,0,0,0,0,0,0
15.10.2015,8800.000000,9000.000000,8800.000000,8990.000000,7736.135254,2214,0,0,0,0,0,0,0,0
16.10.2015,9060.000000,9170.000000,9060.000000,9170.000000,7891.030762,123,0,0,0,0,0,0,0,0
19.10.2015,9170.000000,9170.000000,9070.000000,9070.000000,7804.976563,103,0,0,0,0,0,0,0,0
20.10.2015,9180.000000,9190.000000,8990.000000,8990.000000,7736.135254,38,0,0,0,0,0,0,0,0
21.10.2015,9110.000000,9110.000000,8970.000000,9090.000000,7822.187012,165,0,0,0,0,0,0,0,0
22.10.2015,9100.000000,9150.000000,9090.000000,9090.000000,7822.187012,18,0,0,0,0,0,0,0,0
23.10.2015,9150.000000,9290.000000,9150.000000,9290.000000,7994.292480,93,0,0,0,0,0,0,0,0
26.10.2015,9170.000000,9350.000000,9170.000000,9280.000000,7985.687988,28,0,0,0,0,0,0,0,0
27.10.2015,9150.000000,9280.000000,9150.000000,9210.000000,7925.451172,29,0,0,0,0,0,0,0,0
28.10.2015,9190.000000,9250.000000,9180.000000,9180.000000,7899.634766,68,0,0,0,0,0,0,0,0
29.10.2015,9340.000000,9340.000000,9150.000000,9240.000000,7951.265137,6,0,0,0,0,0,0,0,0
30.10.2015,9110.000000,9290.000000,9110.000000,9290.000000,7994.292480,14,0,0,0,0,0,0,0,0
02.11.2015,9280.000000,9280.000000,8980.000000,8990.000000,7736.135254,110,0,0,0,0,0,0,0,0
04.11.2015,9110.000000,9110.000000,8910.000000,8910.000000,7667.292480,148,0,0,0,0,0,0,0,0
05.11.2015,8900.000000,8990.000000,8880.000000,8960.000000,7710.317871,14,0,0,0,0,0,0,0,0
06.11.2015,9040.000000,9040.000000,9010.000000,9010.000000,7753.345215,15,0,0,0,0,0,0,0,0
09.11.2015,9140.000000,9140.000000,9050.000000,9050.000000,7787.765625,64,0,0,0,0,0,0,0,0
10.11.2015,8940.000000,8950.000000,8930.000000,8940.000000,7693.107422,14,0,0,0,0,0,0,0,0
11.11.2015,8950.000000,8950.000000,8900.000000,8900.000000,7658.687012,20,0,0,0,0,0,0,0,0
12.11.2015,8930.000000,9000.000000,8860.000000,8920.000000,7675.897461,28,0,0,0,0,0,0,0,0
13.11.2015,8850.000000,8860.000000,8820.000000,8840.000000,7607.055176,34,0,0,0,0,0,0,0,0
16.11.2015,8850.000000,8850.000000,8700.000000,8740.000000,7521.002930,541,0,0,0,0,0,0,0,0
17.11.2015,8760.000000,8920.000000,8760.000000,8920.000000,7675.897461,43,0,0,0,0,0,0,0,0
18.11.2015,8910.000000,8910.000000,8770.000000,8770.000000,7546.817871,102,0,0,0,0,0,0,0,0
19.11.2015,8870.000000,8870.000000,8760.000000,8760.000000,7538.212891,17,0,0,0,0,0,0,0,0
20.11.2015,8820.000000,8820.000000,8710.000000,8730.000000,7512.397461,148,0,0,0,0,0,0,0,0
24.11.2015,8730.000000,8730.000000,8640.000000,8700.000000,7486.581543,164,0,0,0,0,0,0,0,0
25.11.2015,8700.000000,8850.000000,8630.000000,8800.000000,7572.634277,84,0,0,0,0,0,0,0,0
26.11.2015,8660.000000,8870.000000,8660.000000,8840.000000,7607.055176,77,0,0,0,0,0,0,0,0
27.11.2015,8710.000000,8800.000000,8630.000000,8630.000000,7426.344727,249,0,0,0,0,0,0,0,0
30.11.2015,8710.000000,8710.000000,8460.000000,8490.000000,7305.871094,320,0,0,0,0,0,0,0,0
01.12.2015,8540.000000,8640.000000,8540.000000,8640.000000,7434.949707,348,0,0,0,0,0,0,0,0
02.12.2015,8650.000000,8780.000000,8650.000000,8750.000000,7529.608398,197,0,0,0,0,0,0,0,0
03.12.2015,8760.000000,8760.000000,8650.000000,8650.000000,7443.555176,4,0,0,0,0,0,0,0,0
04.12.2015,8620.000000,8620.000000,8480.000000,8520.000000,7331.687012,218,0,0,0,0,0,0,0,0
07.12.2015,8620.000000,8650.000000,8520.000000,8550.000000,7357.502441,51,0,0,0,0,0,0,0,0
08.12.2015,8570.000000,8590.000000,8480.000000,8490.000000,7305.871094,93,0,0,0,0,0,0,0,0
09.12.2015,8480.000000,8490.000000,8350.000000,8480.000000,7297.265625,213,0,0,0,0,0,0,0,0
10.12.2015,8420.000000,8550.000000,8420.000000,8540.000000,7348.896973,61,0,0,0,0,0,0,0,0
11.12.2015,8520.000000,8520.000000,8480.000000,8520.000000,7331.687012,37,0,0,0,0,0,0,0,0
14.12.2015,8440.000000,8440.000000,8250.000000,8290.000000,7133.765137,264,0,0,0,0,0,0,0,0
15.12.2015,8410.000000,8410.000000,8290.000000,8340.000000,7176.791992,373,0,0,0,0,0,0,0,0
16.12.2015,8380.000000,8380.000000,8240.000000,8360.000000,7194.002930,48,0,0,0,0,0,0,0,0
17.12.2015,8500.000000,8500.000000,8470.000000,8470.000000,7288.660156,66,0,0,0,0,0,0,0,0
18.12.2015,8380.000000,8580.000000,8370.000000,8580.000000,7383.318848,201,0,0,0,0,0,0,0,0
21.12.2015,8370.000000,8410.000000,8260.000000,8380.000000,7211.212891,100,0,0,0,0,0,0,0,0
22.12.2015,8410.000000,8420.000000,8390.000000,8420.000000,7245.634277,20,0,0,0,0,0,0,0,0
24.12.2015,8420.000000,8500.000000,8410.000000,8410.000000,7237.028809,122,0,0,0,0,0,0,0,0
25.12.2015,8400.000000,8410.000000,8030.000000,8060.000000,6935.844727,332,0,0,0,0,0,0,0,0
28.12.2015,8070.000000,8430.000000,8070.000000,8330.000000,7168.186523,101,0,0,0,0,0,0,0,0
29.12.2015,8330.000000,8370.000000,8220.000000,8310.000000,7150.976563,38,0,0,0,0,0,0,0,0
30.12.2015,8310.000000,8410.000000,8310.000000,8410.000000,7237.028809,88,0,0,0,0,0,0,0,0
04.01.2016,8350.000000,8410.000000,8150.000000,8150.000000,7013.291992,456,0,0,0,0,0,0,0,0
05.01.2016,8300.000000,8390.000000,8170.000000,8230.000000,7082.134277,55,0,0,0,0,0,0,0,0
06.01.2016,8240.000000,8340.000000,8230.000000,8330.000000,7168.186523,24,0,0,0,0,0,0,0,0
07.01.2016,8340.000000,8350.000000,8180.000000,8260.000000,7107.950195,299,0,0,0,0,0,0,0,0
08.01.2016,8160.000000,8260.000000,8150.000000,8260.000000,7107.950195,173,0,0,0,0,0,0,0,0
12.01.2016,8130.000000,8190.000000,8020.000000,8020.000000,6901.423340,114,0,0,0,0,0,0,0,0
13.01.2016,8000.000000,8150.000000,8000.000000,8080.000000,6953.055176,89,0,0,0,0,0,0,0,0
14.01.2016,8100.000000,8100.000000,7730.000000,7920.000000,6815.370117,154,0,0,0,0,0,0,0,0
15.01.2016,8050.000000,8050.000000,7850.000000,7900.000000,6798.160645,103,0,0,0,0,0,0,0,0
18.01.2016,7800.000000,7910.000000,7780.000000,7850.000000,6755.133789,25,0,0,0,0,0,0,0,0
19.01.2016,7880.000000,7880.000000,7750.000000,7790.000000,6703.502441,34,0,0,0,0,0,0,0,0
20.01.2016,7850.000000,7850.000000,7460.000000,7460.000000,6419.528809,505,0,0,0,0,0,0,0,0
21.01.2016,7350.000000,7510.000000,7200.000000,7230.000000,6221.607422,203,0,0,0,0,0,0,0,0
22.01.2016,7380.000000,7630.000000,7330.000000,7530.000000,6479.765137,109,0,0,0,0,0,0,0,0
25.01.2016,7800.000000,7800.000000,7580.000000,7640.000000,6574.423828,132,0,0,0,0,0,0,0,0
26.01.2016,7660.000000,7660.000000,7500.000000,7510.000000,6462.554688,14,0,0,0,0,0,0,0,0
27.01.2016,7530.000000,7670.000000,7530.000000,7660.000000,6591.633789,372,0,0,0,0,0,0,0,0
28.01.2016,7770.000000,7830.000000,7620.000000,7770.000000,6686.292480,253,0,0,0,0,0,0,0,0
29.01.2016,7820.000000,7950.000000,7810.000000,7950.000000,6841.186523,13,0,0,0,0,0,0,0,0
01.02.2016,7950.000000,8350.000000,7950.000000,8220.000000,7073.529297,93,0,0,0,0,0,0,0,0
02.02.2016,8220.000000,8300.000000,8210.000000,8280.000000,7125.161133,928,0,0,0,0,0,0,0,0
03.02.2016,8280.000000,8280.000000,8090.000000,8230.000000,7082.134277,212,0,0,0,0,0,0,0,0
04.02.2016,8240.000000,8250.000000,8180.000000,8180.000000,7039.107422,75,0,0,0,0,0,0,0,0
05.02.2016,8180.000000,8180.000000,7840.000000,7920.000000,6815.370117,181,0,0,0,0,0,0,0,0
08.02.2016,7920.000000,8150.000000,7910.000000,8150.000000,7013.291992,67,0,0,0,0,0,0,0,0
09.02.2016,7810.000000,7940.000000,7810.000000,7890.000000,6789.554688,14,0,0,0,0,0,0,0,0
10.02.2016,7880.000000,7880.000000,7440.000000,7570.000000,6514.186523,181,0,0,0,0,0,0,0,0
12.02.2016,7310.000000,7510.000000,7210.000000,7400.000000,6367.896484,422,0,0,0,0,0,0,0,0
15.02.2016,7420.000000,7760.000000,7420.000000,7720.000000,6643.266602,29,0,0,0,0,0,0,0,0
16.02.2016,7720.000000,7720.000000,7650.000000,7660.000000,6591.633789,3,0,0,0,0,0,0,0,0
17.02.2016,7680.000000,7680.000000,7340.000000,7420.000000,6385.107422,77,0,0,0,0,0,0,0,0
18.02.2016,7690.000000,7700.000000,7630.000000,7700.000000,6626.054688,32,0,0,0,0,0,0,0,0
19.02.2016,7570.000000,7620.000000,7570.000000,7620.000000,6557.212891,22,0,0,0,0,0,0,0,0
22.02.2016,7620.000000,7620.000000,7500.000000,7520.000000,6471.160156,11,0,0,0,0,0,0,0,0
23.02.2016,7620.000000,7620.000000,7510.000000,7530.000000,6479.765137,9,0,0,0,0,0,0,0,0
24.02.2016,7530.000000,7530.000000,7410.000000,7450.000000,6410.922852,51,0,0,0,0,0,0,0,0
25.02.2016,7410.000000,7590.000000,7410.000000,7590.000000,6531.396973,119,0,0,0,0,0,0,0,0
26.02.2016,7630.000000,7730.000000,7630.000000,7670.000000,6600.238770,374,0,0,0,0,0,0,0,0
29.02.2016,7890.000000,7890.000000,7550.000000,7550.000000,6496.976563,31,0,0,0,0,0,0,0,0
01.03.2016,7570.000000,7620.000000,7430.000000,7530.000000,6479.765137,20,0,0,0,0,0,0,0,0
02.03.2016,7530.000000,7730.000000,7530.000000,7710.000000,6634.660645,33,0,0,0,0,0,0,0,0
03.03.2016,7710.000000,8000.000000,7710.000000,8000.000000,6884.212891,149,0,0,0,0,0,0,0,0
04.03.2016,7890.000000,8030.000000,7890.000000,7990.000000,6875.607910,81,0,0,0,0,0,0,0,0
07.03.2016,8000.000000,8000.000000,7920.000000,7980.000000,6867.001953,54,0,0,0,0,0,0,0,0
08.03.2016,7800.000000,7800.000000,7620.000000,7800.000000,6712.107910,33,0,0,0,0,0,0,0,0
09.03.2016,7650.000000,7850.000000,7620.000000,7630.000000,6565.817871,26,0,0,0,0,0,0,0,0
10.03.2016,7640.000000,7640.000000,7200.000000,7390.000000,6359.291992,743,0,0,0,0,0,0,0,0
11.03.2016,7380.000000,7380.000000,7200.000000,7290.000000,6273.239258,207,0,0,0,0,0,0,0,0
14.03.2016,7310.000000,7330.000000,7290.000000,7300.000000,6281.844238,42,0,0,0,0,0,0,0,0
15.03.2016,7320.000000,7440.000000,7320.000000,7440.000000,6402.317383,38,0,0,0,0,0,0,0,0
16.03.2016,7430.000000,7470.000000,7380.000000,7380.000000,6350.687012,22,0,0,0,0,0,0,0,0
17.03.2016,7360.000000,7440.000000,7230.000000,7280.000000,6264.633789,247,0,0,0,0,0,0,0,0
18.03.2016,7280.000000,7280.000000,7210.000000,7260.000000,6247.423828,107,0,0,0,0,0,0,0,0
22.03.2016,7320.000000,7330.000000,7320.000000,7320.000000,6299.054199,16,0,0,0,0,0,0,0,0
23.03.2016,7340.000000,7370.000000,7280.000000,7280.000000,6264.633789,175,0,0,0,0,0,0,0,0
24.03.2016,7360.000000,7370.000000,7350.000000,7370.000000,6342.081543,54,0,0,0,0,0,0,0,0
25.03.2016,7370.000000,7370.000000,7280.000000,7340.000000,6316.265137,35,0,0,0,0,0,0,0,0
28.03.2016,7370.000000,7430.000000,7330.000000,7420.000000,6385.107422,161,0,0,0,0,0,0,0,0
29.03.2016,7440.000000,7540.000000,7440.000000,7510.000000,6462.554688,134,0,0,0,0,0,0,0,0
30.03.2016,7540.000000,7540.000000,7380.000000,7380.000000,6350.687012,29,0,0,0,0,0,0,0,0
31.03.2016,7480.000000,7490.000000,7450.000000,7460.000000,6419.528809,38,0,0,0,0,0,0,0,0
01.04.2016,7500.000000,7500.000000,7300.000000,7300.000000,6281.844238,91,0,0,0,0,0,0,0,0
04.04.2016,7330.000000,7430.000000,7300.000000,7300.000000,6281.844238,69,0,0,0,0,0,0,0,0
05.04.2016,7300.000000,7300.000000,7150.000000,7160.000000,6161.370605,58,0,0,0,0,0,0,0,0
06.04.2016,7110.000000,7140.000000,7000.000000,7090.000000,6101.134277,60,0,0,0,0,0,0,0,0
07.04.2016,7140.000000,7190.000000,7140.000000,7190.000000,6187.186035,52,0,0,0,0,0,0,0,0
08.04.2016,7160.000000,7160.000000,6870.000000,7130.000000,6135.554688,171,0,0,0,0,0,0,0,0
11.04.2016,7120.000000,7140.000000,7100.000000,7140.000000,6144.160156,63,0,0,0,0,0,0,0,0
12.04.2016,7140.000000,7220.000000,7140.000000,7180.000000,6178.581543,30,0,0,0,0,0,0,0,0
13.04.2016,7240.000000,7280.000000,7240.000000,7280.000000,6264.633789,13,0,0,0,0,0,0,0,0
14.04.2016,7210.000000,7500.000000,7190.000000,7360.000000,6333.474609,111,1,38000000,1,38000000,1,38000000,1,38000000
15.04.2016,7350.000000,7390.000000,7350.000000,7370.000000,6342.081543,14,0,0,0,0,0,0,0,0
18.04.2016,7300.000000,7300.000000,7210.000000,7300.000000,6281.844238,10,1,20000000,1,20000000,1,20000000,1,20000000
19.04.2016,7350.000000,7350.000000,7350.000000,7350.000000,6324.871094,4,0,0,0,0,0,0,0,0
20.04.2016,7430.000000,7430.000000,7280.000000,7310.000000,6290.449707,23,0,0,0,0,0,0,0,0
21.04.2016,7410.000000,7450.000000,7370.000000,7370.000000,6342.081543,26,0,0,0,0,0,0,0,0
22.04.2016,7370.000000,7390.000000,7370.000000,7390.000000,6359.291992,102,0,0,0,0,0,0,0,0
25.04.2016,7390.000000,7400.000000,7230.000000,7270.000000,6256.028809,127,0,0,0,0,0,0,0,0
26.04.2016,7360.000000,7360.000000,7360.000000,7360.000000,6333.474609,3,0,0,0,0,0,0,0,0
27.04.2016,7230.000000,7320.000000,7220.000000,7310.000000,6290.449707,81,0,0,0,0,0,0,0,0
28.04.2016,7320.000000,7370.000000,7210.000000,7210.000000,6204.397461,64,0,0,0,0,0,0,0,0
02.05.2016,6910.000000,7020.000000,6910.000000,6990.000000,6015.081055,127,0,0,0,0,0,0,0,0
06.05.2016,7040.000000,7060.000000,6980.000000,7000.000000,6023.686523,27,0,0,0,0,0,0,0,0
09.05.2016,7000.000000,7050.000000,7000.000000,7000.000000,6023.686523,34,0,0,0,0,0,0,0,0
10.05.2016,7000.000000,7010.000000,6900.000000,6970.000000,5997.871094,201,0,0,0,0,0,0,0,0
11.05.2016,6950.000000,7100.000000,6950.000000,6990.000000,6015.081055,70,0,0,0,0,0,0,0,0
12.05.2016,7050.000000,7060.000000,7050.000000,7060.000000,6075.318359,2,0,0,0,0,0,0,0,0
13.05.2016,7060.000000,7060.000000,7030.000000,7030.000000,6049.501953,4,0,0,0,0,0,0,0,0
16.05.2016,7070.000000,7070.000000,7020.000000,7020.000000,6040.896484,38,0,0,0,0,0,0,0,0
17.05.2016,7020.000000,7040.000000,6910.000000,7040.000000,6058.107910,123,0,0,0,0,0,0,0,0
18.05.2016,7050.000000,7080.000000,7000.000000,7080.000000,6092.528809,25,0,0,0,0,0,0,0,0
19.05.2016,7040.000000,7040.000000,6990.000000,7010.000000,6032.291992,13,0,0,0,0,0,0,0,0
20.05.2016,7020.000000,7060.000000,7020.000000,7050.000000,6066.712891,26,0,0,0,0,0,0,0,0
23.05.2016,6990.000000,6990.000000,6890.000000,6940.000000,5972.054688,121,0,0,0,0,0,0,0,0
24.05.2016,6920.000000,6940.000000,6870.000000,6890.000000,5929.028320,189,0,0,0,0,0,0,0,0
25.05.2016,6930.000000,6930.000000,6930.000000,6930.000000,5963.450195,8,0,0,0,0,0,0,0,0
26.05.2016,6970.000000,6970.000000,6920.000000,6930.000000,5963.450195,29,0,0,0,0,0,0,0,0
27.05.2016,6840.000000,6950.000000,6840.000000,6950.000000,5980.659668,18,0,0,0,0,0,0,0,0
30.05.2016,6950.000000,7020.000000,6940.000000,7020.000000,6040.896484,82,0,0,0,0,0,0,0,0
31.05.2016,7020.000000,7100.000000,6920.000000,7100.000000,6109.739258,105,0,0,0,0,0,0,0,0
01.06.2016,7140.000000,7140.000000,7000.000000,7020.000000,6040.896484,138,0,0,0,0,0,0,0,0
02.06.2016,7010.000000,7010.000000,6880.000000,6900.000000,5937.633789,71,0,0,0,0,0,0,0,0
03.06.2016,6860.000000,6860.000000,6630.000000,6730.000000,5791.344238,189,0,0,0,0,0,0,0,0
06.06.2016,6580.000000,6760.000000,6580.000000,6710.000000,5774.133789,177,0,0,0,0,0,0,0,0
07.06.2016,6710.000000,6810.000000,6710.000000,6800.000000,5851.580566,46,0,0,0,0,0,0,0,0
08.06.2016,6800.000000,6880.000000,6800.000000,6880.000000,5920.423340,26,0,0,0,0,0,0,0,0
09.06.2016,6890.000000,6920.000000,6860.000000,6880.000000,5920.423340,183,0,0,0,0,0,0,0,0
10.06.2016,6890.000000,6890.000000,6890.000000,6890.000000,5929.028320,3,0,0,0,0,0,0,0,0
13.06.2016,6850.000000,6850.000000,6650.000000,6670.000000,5739.712891,68,0,0,0,0,0,0,0,0
14.06.2016,6650.000000,6720.000000,6630.000000,6630.000000,5705.291504,31,0,0,0,0,0,0,0,0
15.06.2016,6690.000000,6690.000000,6530.000000,6580.000000,5662.265625,91,0,0,0,0,0,0,0,0
16.06.2016,6520.000000,6590.000000,6430.000000,6430.000000,5533.185547,1183,0,0,0,0,0,0,0,0
17.06.2016,6430.000000,6510.000000,6430.000000,6510.000000,5602.027832,59,0,0,0,0,0,0,0,0
20.06.2016,6560.000000,6590.000000,6560.000000,6590.000000,5670.871094,12,0,0,0,0,0,0,0,0
21.06.2016,6600.000000,6600.000000,6490.000000,6540.000000,5627.844238,48,0,0,0,0,0,0,0,0
22.06.2016,6570.000000,6570.000000,6390.000000,6440.000000,5541.791992,262,0,0,0,0,0,0,0,0
23.06.2016,6520.000000,6520.000000,6360.000000,6470.000000,5567.606934,91,0,0,0,0,0,0,0,0
24.06.2016,6500.000000,6530.000000,6020.000000,6050.000000,5206.186523,399,0,0,0,0,0,0,0,0
27.06.2016,6000.000000,6300.000000,6000.000000,6260.000000,5386.896484,653,0,0,0,0,0,0,0,0
28.06.2016,6200.000000,6350.000000,6190.000000,6350.000000,5464.343750,99,0,0,0,0,0,0,0,0
29.06.2016,6400.000000,6440.000000,6380.000000,6420.000000,5524.581543,173,0,0,0,0,0,0,0,0
30.06.2016,6430.000000,6450.000000,6430.000000,6450.000000,5550.396973,6,0,0,0,0,0,0,0,0
01.07.2016,6450.000000,6470.000000,6420.000000,6470.000000,5567.606934,20,0,0,0,0,0,0,0,0
04.07.2016,6550.000000,6550.000000,6410.000000,6500.000000,5593.423340,196,0,0,0,0,0,0,0,0
05.07.2016,6550.000000,6550.000000,6440.000000,6460.000000,5559.002441,138,0,0,0,0,0,0,0,0
06.07.2016,6410.000000,6410.000000,6360.000000,6390.000000,5498.765137,45,0,0,0,0,0,0,0,0
07.07.2016,6430.000000,6440.000000,6430.000000,6430.000000,5533.185547,37,0,0,0,0,0,0,0,0
08.07.2016,6510.000000,6510.000000,6300.000000,6300.000000,5421.316895,39,0,0,0,0,0,0,0,0
11.07.2016,6370.000000,6520.000000,6370.000000,6500.000000,5593.423340,12,0,0,0,0,0,0,0,0
12.07.2016,6500.000000,6570.000000,6500.000000,6540.000000,5627.844238,18,0,0,0,0,0,0,0,0
13.07.2016,6450.000000,6470.000000,6400.000000,6440.000000,5541.791992,35,0,0,0,0,0,0,0,0
14.07.2016,6440.000000,6500.000000,6440.000000,6500.000000,5593.423340,11,0,0,0,0,0,0,0,0
15.07.2016,6430.000000,6500.000000,6430.000000,6500.000000,5670.188965,26,0,0,0,0,0,0,0,0
19.07.2016,6580.000000,6580.000000,6520.000000,6540.000000,5705.082520,29,0,0,0,0,0,0,0,0
20.07.2016,6550.000000,6600.000000,6550.000000,6590.000000,5748.699707,43,0,0,0,0,0,0,0,0
21.07.2016,6600.000000,6640.000000,6600.000000,6600.000000,5757.422852,1129,0,0,0,0,0,0,0,0
22.07.2016,6630.000000,6630.000000,6610.000000,6610.000000,5766.145508,11,0,0,0,0,0,0,0,0
25.07.2016,6650.000000,6680.000000,6610.000000,6660.000000,5809.763184,205,0,0,0,0,0,0,0,0
26.07.2016,6670.000000,6670.000000,6570.000000,6570.000000,5731.252441,19,0,0,0,0,0,0,0,0
27.07.2016,6630.000000,6640.000000,6530.000000,6580.000000,5739.976074,29,0,0,0,0,0,0,0,0
28.07.2016,6580.000000,6580.000000,6450.000000,6450.000000,5626.571777,34,0,0,0,0,0,0,0,0
29.07.2016,6450.000000,6450.000000,6350.000000,6420.000000,5600.401855,123,0,0,0,0,0,0,0,0
01.08.2016,6470.000000,6470.000000,6310.000000,6360.000000,5548.061523,31,0,0,0,0,0,0,0,0
02.08.2016,6300.000000,6370.000000,6240.000000,6240.000000,5443.380859,135,0,0,0,0,0,0,0,0
03.08.2016,6200.000000,6210.000000,6050.000000,6060.000000,5286.360840,197,0,0,0,0,0,0,0,0
04.08.2016,6080.000000,6110.000000,6050.000000,6060.000000,5286.360840,104,0,0,0,0,0,0,0,0
05.08.2016,6120.000000,6130.000000,5990.000000,6050.000000,5277.637695,339,0,0,0,0,0,0,0,0
08.08.2016,6090.000000,6100.000000,6040.000000,6100.000000,5321.254395,73,0,0,0,0,0,0,0,0
09.08.2016,6070.000000,6090.000000,6050.000000,6070.000000,5295.083984,25,0,0,0,0,0,0,0,0
10.08.2016,6100.000000,6100.000000,5990.000000,6010.000000,5242.743652,260,0,0,0,0,0,0,0,0
12.08.2016,6010.000000,6150.000000,6010.000000,6150.000000,5364.870605,44,0,0,0,0,0,0,0,0
15.08.2016,6170.000000,6170.000000,6090.000000,6090.000000,5312.530762,8,0,0,0,0,0,0,0,0
16.08.2016,6070.000000,6070.000000,6020.000000,6020.000000,5251.467285,108,0,0,0,0,0,0,0,0
17.08.2016,6030.000000,6070.000000,6000.000000,6040.000000,5268.914063,193,0,0,0,0,0,0,0,0
18.08.2016,6090.000000,6090.000000,5920.000000,5920.000000,5164.233887,280,0,0,0,0,0,0,0,0
19.08.2016,5960.000000,5960.000000,5910.000000,5950.000000,5190.403320,1082,0,0,0,0,0,0,0,0
22.08.2016,5910.000000,6030.000000,5910.000000,6030.000000,5260.190430,91,1,100000,0,0,0,0,0,0
23.08.2016,6000.000000,6110.000000,5990.000000,6090.000000,5312.530762,147,0,0,0,0,0,0,0,0
24.08.2016,6100.000000,6190.000000,6100.000000,6140.000000,5356.147461,237,0,0,0,0,0,0,0,0
25.08.2016,6140.000000,6140.000000,6130.000000,6130.000000,5347.424316,2,0,0,0,0,0,0,0,0
26.08.2016,6230.000000,6230.000000,6030.000000,6060.000000,5286.360840,1145,0,0,0,0,0,0,0,0
29.08.2016,6220.000000,6220.000000,6110.000000,6110.000000,5329.977051,82,0,0,0,0,0,0,0,0
30.08.2016,6100.000000,6140.000000,6080.000000,6140.000000,5356.147461,95,0,0,0,0,0,0,0,0
31.08.2016,6180.000000,6280.000000,6150.000000,6280.000000,5478.274414,156,0,0,0,0,0,0,0,0
01.09.2016,6300.000000,6320.000000,6250.000000,6290.000000,5486.998047,29,0,0,0,0,0,0,0,0
02.09.2016,6340.000000,6390.000000,6270.000000,6380.000000,5565.508789,199,0,0,0,0,0,0,0,0
05.09.2016,6400.000000,6590.000000,6400.000000,6550.000000,5713.805664,168,0,0,0,0,0,0,0,0
06.09.2016,6500.000000,6540.000000,6490.000000,6540.000000,5705.082520,59,0,0,0,0,0,0,0,0
07.09.2016,6550.000000,6670.000000,6550.000000,6630.000000,5783.592285,255,0,0,0,0,0,0,0,0
08.09.2016,6600.000000,6640.000000,6570.000000,6640.000000,5792.315918,70,0,0,0,0,0,0,0,0
09.09.2016,6600.000000,6600.000000,6540.000000,6540.000000,5705.082520,84,0,0,0,0,0,0,0,0
12.09.2016,6580.000000,6580.000000,6460.000000,6520.000000,5687.635742,29,0,0,0,0,0,0,0,0
13.09.2016,6620.000000,6620.000000,6470.000000,6500.000000,5670.188965,349,0,0,0,0,0,0,0,0
14.09.2016,6470.000000,6480.000000,6410.000000,6470.000000,5644.018555,72,0,0,0,0,0,0,0,0
15.09.2016,6400.000000,6400.000000,6350.000000,6370.000000,5556.785156,57,0,0,0,0,0,0,0,0
16.09.2016,6370.000000,6460.000000,6360.000000,6460.000000,5635.295410,29,0,0,0,0,0,0,0,0
20.09.2016,6430.000000,6590.000000,6430.000000,6560.000000,5722.529297,137,0,0,0,0,0,0,0,0
21.09.2016,6570.000000,6720.000000,6560.000000,6720.000000,5862.102539,274,0,0,0,0,0,0,0,0
23.09.2016,6750.000000,6750.000000,6640.000000,6640.000000,5792.315918,187,0,0,0,0,0,0,0,0
26.09.2016,6690.000000,6690.000000,6600.000000,6600.000000,5757.422852,19,0,0,0,0,0,0,0,0
27.09.2016,6620.000000,6640.000000,6530.000000,6640.000000,5792.315918,20,0,0,0,0,0,0,0,0
28.09.2016,6700.000000,6700.000000,6620.000000,6620.000000,5774.869629,164,0,0,0,0,0,0,0,0
29.09.2016,6710.000000,6740.000000,6640.000000,6640.000000,5792.315918,275,0,0,0,0,0,0,0,0
30.09.2016,6720.000000,6720.000000,6510.000000,6540.000000,5705.082520,36,0,0,0,0,0,0,0,0
03.10.2016,6500.000000,6560.000000,6500.000000,6560.000000,5722.529297,269,0,0,0,0,0,0,0,0
04.10.2016,6550.000000,6550.000000,6450.000000,6480.000000,5652.741699,44,0,0,0,0,0,0,0,0
05.10.2016,6480.000000,6480.000000,6390.000000,6430.000000,5609.125488,253,0,0,0,0,0,0,0,0
06.10.2016,6480.000000,6480.000000,6420.000000,6460.000000,5635.295410,25,0,0,0,0,0,0,0,0
07.10.2016,6430.000000,6430.000000,6370.000000,6400.000000,5582.955566,89,0,0,0,0,0,0,0,0
11.10.2016,6360.000000,6460.000000,6360.000000,6450.000000,5626.571777,56,0,0,0,0,0,0,0,0
12.10.2016,6430.000000,6440.000000,6370.000000,6370.000000,5556.785156,12,0,0,0,0,0,0,0,0
13.10.2016,6420.000000,6430.000000,6330.000000,6370.000000,5556.785156,247,0,0,0,0,0,0,0,0
14.10.2016,6370.000000,6410.000000,6350.000000,6390.000000,5574.231934,224,0,0,0,0,0,0,0,0
17.10.2016,6370.000000,6390.000000,6360.000000,6390.000000,5574.231934,32,0,0,0,0,0,0,0,0
18.10.2016,6410.000000,6430.000000,6410.000000,6430.000000,5609.125488,49,0,0,0,0,0,0,0,0
19.10.2016,6420.000000,6440.000000,6420.000000,6440.000000,5617.849121,23,0,0,0,0,0,0,0,0
20.10.2016,6450.000000,6530.000000,6450.000000,6530.000000,5696.359375,189,0,0,0,0,0,0,0,0
21.10.2016,6510.000000,6570.000000,6510.000000,6570.000000,5731.252441,87,1,100000,0,0,0,0,0,0
24.10.2016,6530.000000,6570.000000,6500.000000,6530.000000,5696.359375,162,0,0,0,0,0,0,0,0
25.10.2016,6520.000000,6590.000000,6520.000000,6580.000000,5739.976074,64,0,0,0,0,0,0,0,0
26.10.2016,6580.000000,6660.000000,6580.000000,6660.000000,5809.763184,462,0,0,0,0,0,0,0,0
27.10.2016,6690.000000,6690.000000,6610.000000,6640.000000,5792.315918,25,0,0,0,0,0,0,0,0
28.10.2016,6610.000000,6680.000000,6590.000000,6660.000000,5809.763184,83,0,0,0,0,0,0,0,0
31.10.2016,6660.000000,6660.000000,6610.000000,6640.000000,5792.315918,11,0,0,0,0,0,0,0,0
01.11.2016,6580.000000,6720.000000,6580.000000,6720.000000,5862.102539,93,0,0,0,0,0,0,0,0
02.11.2016,6650.000000,6670.000000,6630.000000,6670.000000,5818.486328,146,0,0,0,0,0,0,0,0
04.11.2016,6670.000000,6670.000000,6520.000000,6550.000000,5713.805664,88,0,0,0,0,0,0,0,0
07.11.2016,6630.000000,6630.000000,6570.000000,6610.000000,5766.145508,38,0,0,0,0,0,0,0,0
08.11.2016,6570.000000,6600.000000,6550.000000,6550.000000,5713.805664,377,0,0,0,0,0,0,0,0
09.11.2016,6620.000000,6650.000000,6390.000000,6470.000000,5644.018555,126,0,0,0,0,0,0,0,0
10.11.2016,6630.000000,6650.000000,6580.000000,6580.000000,5739.976074,90,0,0,0,0,0,0,0,0
11.11.2016,6600.000000,6600.000000,6490.000000,6490.000000,5661.465332,45,0,0,0,0,0,0,0,0
14.11.2016,6490.000000,6580.000000,6490.000000,6510.000000,5678.912109,79,0,0,0,0,0,0,0,0
15.11.2016,6490.000000,6550.000000,6490.000000,6550.000000,5713.805664,7,0,0,0,0,0,0,0,0
16.11.2016,6600.000000,6600.000000,6540.000000,6600.000000,5757.422852,31,0,0,0,0,0,0,0,0
17.11.2016,6570.000000,6640.000000,6570.000000,6640.000000,5792.315918,325,0,0,0,0,0,0,0,0
18.11.2016,6660.000000,6660.000000,6600.000000,6640.000000,5792.315918,90,0,0,0,0,0,0,0,0
21.11.2016,6670.000000,6670.000000,6630.000000,6640.000000,5792.315918,14,0,0,0,0,0,0,0,0
22.11.2016,6580.000000,6630.000000,6580.000000,6630.000000,5783.592285,106,0,0,0,0,0,0,0,0
24.11.2016,6680.000000,6680.000000,6650.000000,6650.000000,5801.038574,182,0,0,0,0,0,0,0,0
25.11.2016,6690.000000,6730.000000,6690.000000,6720.000000,5862.102539,151,0,0,0,0,0,0,0,0
28.11.2016,6720.000000,6870.000000,6720.000000,6870.000000,5992.953125,254,0,0,0,0,0,0,0,0
29.11.2016,6860.000000,6870.000000,6830.000000,6850.000000,5975.506836,7,0,0,0,0,0,0,0,0
30.11.2016,6880.000000,7000.000000,6880.000000,6930.000000,6045.293945,178,0,0,0,0,0,0,0,0
01.12.2016,7000.000000,7000.000000,6900.000000,6950.000000,6062.739746,302,0,0,0,0,0,0,0,0
02.12.2016,6900.000000,6950.000000,6900.000000,6910.000000,6027.847168,168,0,0,0,0,0,0,0,0
05.12.2016,6910.000000,6920.000000,6830.000000,6830.000000,5958.059570,120,0,0,0,0,0,0,0,0
06.12.2016,6830.000000,6960.000000,6830.000000,6950.000000,6062.739746,186,0,0,0,0,0,0,0,0
07.12.2016,6960.000000,7170.000000,6960.000000,7170.000000,6254.654297,222,0,0,0,0,0,0,0,0
08.12.2016,7230.000000,7520.000000,7230.000000,7490.000000,6533.801758,550,0,0,0,0,0,0,0,0
09.12.2016,7550.000000,7550.000000,7420.000000,7460.000000,6507.631836,157,0,0,0,0,0,0,0,0
12.12.2016,7470.000000,7670.000000,7470.000000,7530.000000,6568.695801,361,0,0,0,0,0,0,0,0
13.12.2016,7560.000000,7740.000000,7560.000000,7650.000000,6673.375977,437,0,0,0,0,0,0,0,0
14.12.2016,7660.000000,7870.000000,7660.000000,7710.000000,6725.716309,367,0,0,0,0,0,0,0,0
15.12.2016,7710.000000,7810.000000,7640.000000,7730.000000,6743.163086,123,0,0,0,0,0,0,0,0
16.12.2016,7720.000000,7810.000000,7690.000000,7730.000000,6743.163086,215,0,0,0,0,0,0,0,0
19.12.2016,7730.000000,7890.000000,7730.000000,7840.000000,6839.120117,1450,0,0,0,0,0,0,0,0
20.12.2016,7890.000000,7890.000000,7790.000000,7850.000000,6847.843262,269,0,0,0,0,0,0,0,0
21.12.2016,7750.000000,7780.000000,7710.000000,7710.000000,6725.716309,79,0,0,0,0,0,0,0,0
22.12.2016,7700.000000,7720.000000,7610.000000,7640.000000,6664.652832,426,0,0,0,0,0,0,0,0
26.12.2016,7610.000000,7620.000000,7580.000000,7590.000000,6621.036133,180,0,0,0,0,0,0,0,0
27.12.2016,7550.000000,7600.000000,7530.000000,7570.000000,6603.588867,736,0,0,0,0,0,0,0,0
28.12.2016,7540.000000,7690.000000,7540.000000,7570.000000,6603.588867,23,0,0,0,0,0,0,0,0
29.12.2016,7550.000000,7550.000000,7500.000000,7510.000000,6551.249023,9,0,0,0,0,0,0,0,0
30.12.2016,7470.000000,7480.000000,7370.000000,7410.000000,6464.015137,57,0,0,0,0,0,0,0,0
04.01.2017,7380.000000,7570.000000,7380.000000,7550.000000,6586.142578,287,0,0,0,0,0,0,0,0
05.01.2017,7630.000000,7630.000000,7550.000000,7550.000000,6586.142578,62,0,0,0,0,0,0,0,0
06.01.2017,7510.000000,7540.000000,7510.000000,7510.000000,6551.249023,58,0,0,0,0,0,0,0,0
10.01.2017,7530.000000,7530.000000,7430.000000,7430.000000,6481.462402,70,0,0,0,0,0,0,0,0
11.01.2017,7410.000000,7410.000000,7390.000000,7410.000000,6464.015137,62,0,0,0,0,0,0,0,0
12.01.2017,7390.000000,7390.000000,7310.000000,7310.000000,6376.781250,67,0,0,0,0,0,0,0,0
13.01.2017,7390.000000,7430.000000,7390.000000,7420.000000,6472.738281,32,0,0,0,0,0,0,0,0
16.01.2017,7380.000000,7380.000000,7350.000000,7350.000000,6411.674805,28,0,0,0,0,0,0,0,0
17.01.2017,7340.000000,7340.000000,7260.000000,7260.000000,6333.165039,5,0,0,0,0,0,0,0,0
18.01.2017,7260.000000,7310.000000,7260.000000,7310.000000,6376.781250,88,0,0,0,0,0,0,0,0
19.01.2017,7460.000000,7460.000000,7410.000000,7410.000000,6464.015137,24,0,0,0,0,0,0,0,0
20.01.2017,7444.399902,7444.399902,7444.399902,7444.399902,6494.023438,0,0,0,0,0,0,0,0,0
23.01.2017,7340.000000,7340.000000,7290.000000,7290.000000,6359.334961,6,0,0,0,0,0,0,0,0
24.01.2017,7340.000000,7340.000000,7150.000000,7170.000000,6254.654297,62,0,0,0,0,0,0,0,0
25.01.2017,7200.000000,7280.000000,7170.000000,7190.000000,6272.101074,71,0,0,0,0,0,0,0,0
26.01.2017,7280.000000,7280.000000,7170.000000,7240.000000,6315.718262,19,0,0,0,0,0,0,0,0
27.01.2017,7190.000000,7230.000000,7190.000000,7210.000000,6289.548340,4,0,0,0,0,0,0,0,0
30.01.2017,7150.000000,7160.000000,7120.000000,7140.000000,6228.484375,61,0,0,0,0,0,0,0,0
31.01.2017,7100.000000,7100.000000,6980.000000,6990.000000,6097.634277,192,0,0,0,0,0,0,0,0
01.02.2017,6910.000000,7160.000000,6910.000000,7080.000000,6176.144531,61,0,0,0,0,0,0,0,0
02.02.2017,7070.000000,7070.000000,6910.000000,6930.000000,6045.293945,75,0,0,0,0,0,0,0,0
03.02.2017,6960.000000,6980.000000,6900.000000,6940.000000,6054.017090,68,0,0,0,0,0,0,0,0
06.02.2017,6880.000000,6910.000000,6860.000000,6880.000000,6001.676758,69,0,0,0,0,0,0,0,0
07.02.2017,6910.000000,6940.000000,6860.000000,6930.000000,6045.293945,32,0,0,0,0,0,0,0,0
08.02.2017,6920.000000,6960.000000,6920.000000,6960.000000,6071.462891,14,0,0,0,0,0,0,0,0
09.02.2017,6980.000000,6980.000000,6900.000000,6950.000000,6062.739746,147,0,0,0,0,0,0,0,0
10.02.2017,6980.000000,7100.000000,6980.000000,7100.000000,6193.590820,75,0,0,0,0,0,0,0,0
13.02.2017,7100.000000,7100.000000,7050.000000,7100.000000,6193.590820,53,0,0,0,0,0,0,0,0
14.02.2017,7100.000000,7100.000000,7080.000000,7080.000000,6176.144531,33,0,0,0,0,0,0,0,0
15.02.2017,7090.000000,7090.000000,7040.000000,7040.000000,6141.250488,102,0,0,0,0,0,0,0,0
16.02.2017,6990.000000,7020.000000,6970.000000,6990.000000,6097.634277,27,0,0,0,0,0,0,0,0
17.02.2017,6970.000000,6990.000000,6950.000000,6990.000000,6097.634277,143,0,0,0,0,0,0,0,0
20.02.2017,7000.000000,7000.000000,6980.000000,7000.000000,6106.357422,7,0,0,0,0,0,0,0,0
21.02.2017,6970.000000,7040.000000,6970.000000,7030.000000,6132.527344,20,0,0,0,0,0,0,0,0
22.02.2017,7100.000000,7100.000000,7020.000000,7020.000000,6123.804199,8,0,0,0,0,0,0,0,0
23.02.2017,7010.000000,7080.000000,7010.000000,7080.000000,6176.144531,45,0,0,0,0,0,0,0,0
24.02.2017,7030.000000,7060.000000,7030.000000,7060.000000,6158.698242,7,0,0,0,0,0,0,0,0
27.02.2017,7030.000000,7030.000000,6980.000000,6990.000000,6097.634277,19,0,0,0,0,0,0,0,0
28.02.2017,6990.000000,7050.000000,6990.000000,7030.000000,6132.527344,6,0,0,0,0,0,0,0,0
01.03.2017,7039.799805,7039.799805,7039.799805,7039.799805,6141.075684,0,0,0,0,0,0,0,0,0
02.03.2017,7030.000000,7070.000000,7030.000000,7040.000000,6141.250488,706,0,0,0,0,0,0,0,0
03.03.2017,7040.000000,7100.000000,7030.000000,7030.000000,6132.527344,212,0,0,0,0,0,0,0,0
06.03.2017,7050.000000,7050.000000,6990.000000,6990.000000,6097.634277,28,0,0,0,0,0,0,0,0
07.03.2017,6990.000000,7060.000000,6990.000000,7030.000000,6132.527344,14,0,0,0,0,0,0,0,0
08.03.2017,7030.000000,7030.000000,6980.000000,7010.000000,6115.080566,115,0,0,0,0,0,0,0,0
09.03.2017,7050.000000,7050.000000,6940.000000,6990.000000,6097.634277,68,0,0,0,0,0,0,0,0
10.03.2017,7020.000000,7030.000000,7020.000000,7020.000000,6123.804199,62,0,0,0,0,0,0,0,0
13.03.2017,7136.100098,7136.100098,7136.100098,7136.100098,6225.082031,0,0,0,0,0,0,0,0,0
14.03.2017,7090.000000,7100.000000,7090.000000,7090.000000,6184.867676,20,0,0,0,0,0,0,0,0
15.03.2017,7000.000000,7010.000000,6990.000000,6990.000000,6097.634277,37,0,0,0,0,0,0,0,0
16.03.2017,7010.000000,7010.000000,7010.000000,7010.000000,6115.080566,1,0,0,0,0,0,0,0,0
17.03.2017,7000.000000,7000.000000,6950.000000,6960.000000,6071.462891,264,0,0,0,0,0,0,0,0
21.03.2017,6990.000000,6990.000000,6950.000000,6970.000000,6080.187500,10,0,0,0,0,0,0,0,0
22.03.2017,6910.000000,6960.000000,6910.000000,6960.000000,6071.462891,5,0,0,0,0,0,0,0,0
23.03.2017,6960.000000,6970.000000,6950.000000,6970.000000,6080.187500,6,0,0,0,0,0,0,0,0
24.03.2017,6980.000000,7070.000000,6980.000000,7070.000000,6167.420898,6,0,0,0,0,0,0,0,0
27.03.2017,7000.000000,7010.000000,6990.000000,7010.000000,6115.080566,10,0,0,0,0,0,0,0,0
28.03.2017,7010.000000,7110.000000,7010.000000,7100.000000,6193.590820,109,0,0,0,0,0,0,0,0
29.03.2017,7150.000000,7330.000000,7150.000000,7290.000000,6359.334961,103,0,0,0,0,0,0,0,0
30.03.2017,7290.000000,7290.000000,7140.000000,7150.000000,6237.208008,51,0,0,0,0,0,0,0,0
31.03.2017,7150.000000,7250.000000,7150.000000,7180.000000,6263.377930,115,0,0,0,0,0,0,0,0
03.04.2017,7110.000000,7200.000000,7110.000000,7200.000000,6280.824707,47,0,0,0,0,0,0,0,0
04.04.2017,7200.000000,7200.000000,7180.000000,7180.000000,6263.377930,40,0,0,0,0,0,0,0,0
05.04.2017,7180.000000,7180.000000,7180.000000,7180.000000,6263.377930,1,0,0,0,0,0,0,0,0
06.04.2017,7140.000000,7140.000000,7070.000000,7070.000000,6167.420898,39,0,0,0,0,0,0,0,0
07.04.2017,7110.000000,7110.000000,7100.000000,7100.000000,6193.590820,15,0,0,0,0,0,0,0,0
10.04.2017,7220.000000,7220.000000,7100.000000,7100.000000,6193.590820,139,0,0,0,0,0,0,0,0
11.04.2017,7115.100098,7115.100098,7115.100098,7115.100098,6206.762695,0,0,0,0,0,0,0,0,0
12.04.2017,7020.000000,7100.000000,7020.000000,7100.000000,6193.590820,12,0,0,0,0,0,0,0,0
13.04.2017,7120.000000,7170.000000,7120.000000,7170.000000,6254.654297,4,0,0,0,0,0,0,0,0
14.04.2017,7060.000000,7060.000000,6910.000000,6970.000000,6080.187500,123,0,0,0,0,0,0,0,0
17.04.2017,6980.000000,7070.000000,6980.000000,7070.000000,6167.420898,58,0,0,0,0,0,0,0,0
18.04.2017,7200.000000,7200.000000,7200.000000,7200.000000,6280.824707,4,0,0,0,0,0,0,0,0
19.04.2017,7120.000000,7180.000000,7110.000000,7170.000000,6254.654297,5,0,0,0,0,0,0,0,0
20.04.2017,7090.000000,7140.000000,7080.000000,7080.000000,6176.144531,16,0,0,0,0,0,0,0,0
21.04.2017,7160.000000,7180.000000,7120.000000,7180.000000,6263.377930,3,0,0,0,0,0,0,0,0
24.04.2017,7250.000000,7250.000000,7240.000000,7240.000000,6315.718262,14,0,0,0,0,0,0,0,0
25.04.2017,7260.000000,7350.000000,7260.000000,7330.000000,6394.228027,19,0,0,0,0,0,0,0,0
26.04.2017,7340.000000,7350.000000,7280.000000,7280.000000,6350.612305,65,0,0,0,0,0,0,0,0
27.04.2017,7239.000000,7239.000000,7239.000000,7239.000000,6314.845215,0,0,0,0,0,0,0,0,0
28.04.2017,7270.000000,7270.000000,7270.000000,7270.000000,6341.887695,5,0,0,0,0,0,0,0,0
01.05.2017,7290.000000,7290.000000,7220.000000,7270.000000,6341.887695,14,0,0,0,0,0,0,0,0
02.05.2017,7260.000000,7350.000000,7260.000000,7290.000000,6359.334961,49,0,0,0,0,0,0,0,0
08.05.2017,7440.000000,7480.000000,7420.000000,7460.000000,6507.631836,127,0,0,0,0,0,0,0,0
09.05.2017,7460.000000,7460.000000,7450.000000,7450.000000,6498.908691,6,0,0,0,0,0,0,0,0
10.05.2017,7460.000000,7560.000000,7460.000000,7500.000000,6542.525391,297,0,0,0,0,0,0,0,0
11.05.2017,7540.000000,7540.000000,7460.000000,7460.000000,6507.631836,30,0,0,0,0,0,0,0,0
12.05.2017,7480.000000,7530.000000,7480.000000,7530.000000,6568.695801,114,0,0,0,0,0,0,0,0
15.05.2017,7500.000000,7550.000000,7500.000000,7550.000000,6586.142578,90,0,0,0,0,0,0,0,0
16.05.2017,7570.000000,7570.000000,7520.000000,7520.000000,6559.972168,44,0,0,0,0,0,0,0,0
17.05.2017,7550.000000,7600.000000,7530.000000,7590.000000,6621.036133,88,0,0,0,0,0,0,0,0
18.05.2017,7590.000000,7620.000000,7590.000000,7600.000000,6629.759766,163,0,0,0,0,0,0,0,0
19.05.2017,7540.000000,7600.000000,7540.000000,7600.000000,6629.759766,3,0,0,0,0,0,0,0,0
22.05.2017,7600.000000,7600.000000,7590.000000,7600.000000,6629.759766,10,0,0,0,0,0,0,0,0
23.05.2017,7600.000000,7610.000000,7580.000000,7580.000000,6612.312012,24,0,0,0,0,0,0,0,0
24.05.2017,7610.000000,7700.000000,7600.000000,7630.000000,6655.928711,1137,0,0,0,0,0,0,0,0
25.05.2017,7700.000000,7780.000000,7670.000000,7780.000000,6786.780273,171,0,0,0,0,0,0,0,0
26.05.2017,7770.000000,7780.000000,7730.000000,7780.000000,6786.780273,163,0,0,0,0,0,0,0,0
29.05.2017,7790.000000,7790.000000,7730.000000,7730.000000,6743.163086,80,0,0,0,0,0,0,0,0
30.05.2017,7730.000000,7800.000000,7730.000000,7800.000000,6804.226074,2,0,0,0,0,0,0,0,0
31.05.2017,7780.000000,7780.000000,7670.000000,7670.000000,6690.822754,83,0,0,0,0,0,0,0,0
01.06.2017,7690.000000,7900.000000,7690.000000,7870.000000,6865.290039,312,0,0,0,0,0,0,0,0
02.06.2017,7850.000000,7920.000000,7850.000000,7880.000000,6874.013184,68,0,0,0,0,0,0,0,0
05.06.2017,7890.000000,7920.000000,7890.000000,7920.000000,6908.906738,31,0,0,0,0,0,0,0,0
06.06.2017,7880.000000,7880.000000,7870.000000,7870.000000,6865.290039,11,0,0,0,0,0,0,0,0
07.06.2017,7900.000000,7900.000000,7900.000000,7900.000000,6891.460449,2,0,0,0,0,0,0,0,0
08.06.2017,7850.000000,7880.000000,7790.000000,7800.000000,6804.226074,60,0,0,0,0,0,0,0,0
09.06.2017,7730.000000,7730.000000,7730.000000,7730.000000,6743.163086,11,0,0,0,0,0,0,0,0
12.06.2017,7740.000000,7740.000000,7740.000000,7740.000000,6751.887207,2,0,0,0,0,0,0,0,0
13.06.2017,7740.000000,7850.000000,7740.000000,7850.000000,6847.843262,13,0,0,0,0,0,0,0,0
14.06.2017,7830.000000,7830.000000,7790.000000,7790.000000,6795.502930,3,0,0,0,0,0,0,0,0
15.06.2017,7790.000000,7790.000000,7750.000000,7760.000000,6769.333496,22,0,0,0,0,0,0,0,0
16.06.2017,7796.000000,7796.000000,7796.000000,7796.000000,6800.736816,0,0,0,0,0,0,0,0,0
19.06.2017,7820.000000,7870.000000,7820.000000,7820.000000,6821.673828,46,0,0,0,0,0,0,0,0
20.06.2017,7890.000000,7890.000000,7800.000000,7800.000000,6804.226074,19,0,0,0,0,0,0,0,0
21.06.2017,7860.000000,7860.000000,7790.000000,7800.000000,6804.226074,45,0,0,0,0,0,0,0,0
22.06.2017,7770.000000,7770.000000,7740.000000,7740.000000,6751.887207,13,0,0,0,0,0,0,0,0
23.06.2017,7670.000000,7670.000000,7670.000000,7670.000000,6690.822754,375,0,0,0,0,0,0,0,0
26.06.2017,7700.000000,7710.000000,7700.000000,7710.000000,6725.716309,8,0,0,0,0,0,0,0,0
27.06.2017,7732.200195,7732.200195,7732.200195,7732.200195,6745.082520,0,0,0,0,0,0,0,0,0
28.06.2017,7730.000000,7730.000000,7730.000000,7730.000000,6743.163086,6,0,0,0,0,0,0,0,0
29.06.2017,7790.000000,7790.000000,7790.000000,7790.000000,6795.502930,1,0,0,0,0,0,0,0,0
30.06.2017,7690.000000,7690.000000,7690.000000,7690.000000,6708.269531,3,0,0,0,0,0,0,0,0
03.07.2017,7630.000000,7640.000000,7630.000000,7640.000000,6664.652832,11,0,0,0,0,0,0,0,0
04.07.2017,7680.000000,7680.000000,7680.000000,7680.000000,6699.546875,2,0,0,0,0,0,0,0,0
05.07.2017,7610.000000,7630.000000,7600.000000,7630.000000,6655.928711,162,0,0,0,0,0,0,0,0
06.07.2017,7630.000000,7630.000000,7620.000000,7620.000000,6647.206055,20,1,700000,1,700000,0,0,0,0
07.07.2017,7590.000000,7590.000000,7520.000000,7520.000000,6559.972168,113,0,0,0,0,0,0,0,0
10.07.2017,7520.000000,7530.000000,7480.000000,7480.000000,6525.078125,53,0,0,0,0,0,0,0,0
11.07.2017,7470.000000,7470.000000,7470.000000,7470.000000,6516.355469,73,0,0,0,0,0,0,0,0
12.07.2017,7410.000000,7410.000000,7310.000000,7370.000000,6429.122070,26,0,0,0,0,0,0,0,0
13.07.2017,7370.000000,7370.000000,7300.000000,7300.000000,6368.058105,160,0,0,0,0,0,0,0,0
14.07.2017,7330.000000,7380.000000,7330.000000,7380.000000,6437.845215,13,0,0,0,0,0,0,0,0
17.07.2017,null,null,null,null,null,null,0,0,0,0,0,0,0,0
18.07.2017,7330.000000,7390.000000,7330.000000,7370.000000,6531.790039,14,0,0,0,0,0,0,0,0
19.07.2017,7370.000000,7390.000000,7370.000000,7390.000000,6549.515137,21,0,0,0,0,0,0,0,0
20.07.2017,7390.000000,7450.000000,7390.000000,7450.000000,6602.690918,122,0,0,0,0,0,0,0,0
21.07.2017,7450.000000,7450.000000,7440.000000,7440.000000,6593.828613,29,0,0,0,0,0,0,0,0
24.07.2017,7430.000000,7430.000000,7340.000000,7340.000000,6505.201172,94,0,0,0,0,0,0,0,0
25.07.2017,7380.000000,7380.000000,7360.000000,7360.000000,6522.926270,2,0,0,0,0,0,0,0,0
26.07.2017,7310.000000,7320.000000,7300.000000,7300.000000,6469.750977,102,0,0,0,0,0,0,0,0
27.07.2017,7320.000000,7400.000000,7320.000000,7400.000000,6558.377441,6,0,0,0,0,0,0,0,0
28.07.2017,7400.000000,7430.000000,7380.000000,7420.000000,6576.103027,140,0,0,0,0,0,0,0,0
31.07.2017,7399.399902,7399.399902,7399.399902,7399.399902,6557.845703,0,0,0,0,0,0,0,0,0
01.08.2017,7420.000000,7420.000000,7380.000000,7410.000000,6567.240234,20,0,0,0,0,0,0,0,0
02.08.2017,7430.000000,7460.000000,7400.000000,7400.000000,6558.377441,205,0,0,0,0,0,0,0,0
03.08.2017,7440.000000,7570.000000,7440.000000,7490.000000,6638.141602,465,0,0,0,0,0,0,0,0
04.08.2017,7460.000000,7480.000000,7410.000000,7480.000000,6629.278809,5,0,0,0,0,0,0,0,0
07.08.2017,7470.000000,7480.000000,7470.000000,7470.000000,6620.416992,94,1,2000,0,0,0,0,0,0
08.08.2017,7470.000000,7470.000000,7450.000000,7450.000000,6602.690918,2,0,0,0,0,0,0,0,0
09.08.2017,7450.000000,7450.000000,7400.000000,7400.000000,6558.377441,85,0,0,0,0,0,0,0,0
10.08.2017,7450.000000,7450.000000,7400.000000,7400.000000,6558.377441,5,0,0,0,0,0,0,0,0
11.08.2017,7400.000000,7400.000000,7400.000000,7400.000000,6558.377441,0,0,0,0,0,0,0,0,0
14.08.2017,7400.000000,7400.000000,7350.000000,7350.000000,6514.063965,43,0,0,0,0,0,0,0,0
15.08.2017,7350.000000,7350.000000,7350.000000,7350.000000,6514.063965,0,0,0,0,0,0,0,0,0
16.08.2017,7350.000000,7350.000000,7350.000000,7350.000000,6514.063965,0,0,0,0,0,0,0,0,0
17.08.2017,7410.000000,7410.000000,7410.000000,7410.000000,6567.240234,1,0,0,0,0,0,0,0,0
18.08.2017,7420.000000,7420.000000,7280.000000,7330.000000,6496.338867,17,0,0,0,0,0,0,0,0
21.08.2017,7360.000000,7400.000000,7360.000000,7400.000000,6558.377441,18,0,0,0,0,0,0,0,0
22.08.2017,7420.000000,7440.000000,7420.000000,7440.000000,6593.828613,21,0,0,0,0,0,0,0,0
23.08.2017,7360.000000,7360.000000,7330.000000,7330.000000,6496.338867,35,0,0,0,0,0,0,0,0
24.08.2017,7310.000000,7310.000000,7300.000000,7300.000000,6469.750977,2,0,0,0,0,0,0,0,0
25.08.2017,7300.000000,7350.000000,7300.000000,7350.000000,6514.063965,227,0,0,0,0,0,0,0,0
28.08.2017,7350.000000,7350.000000,7290.000000,7290.000000,6460.888184,25,0,0,0,0,0,0,0,0
29.08.2017,7290.000000,7290.000000,7290.000000,7290.000000,6460.888184,0,0,0,0,0,0,0,0,0
30.08.2017,7300.000000,7360.000000,7300.000000,7360.000000,6522.926270,5,0,0,0,0,0,0,0,0
31.08.2017,7360.000000,7360.000000,7360.000000,7360.000000,6522.926270,0,0,0,0,0,0,0,0,0
01.09.2017,7360.000000,7360.000000,7360.000000,7360.000000,6522.926270,0,0,0,0,0,0,0,0,0
04.09.2017,7410.000000,7410.000000,7340.000000,7340.000000,6505.201172,6,0,0,0,0,0,0,0,0
05.09.2017,7310.000000,7310.000000,7260.000000,7260.000000,6434.300293,171,0,0,0,0,0,0,0,0
06.09.2017,7230.000000,7250.000000,7210.000000,7210.000000,6389.987305,56,0,0,0,0,0,0,0,0
07.09.2017,7300.000000,7340.000000,7270.000000,7340.000000,6505.201172,94,0,0,0,0,0,0,0,0
08.09.2017,7340.000000,7350.000000,7300.000000,7300.000000,6469.750977,150,0,0,0,0,0,0,0,0
11.09.2017,7360.000000,7360.000000,7360.000000,7360.000000,6522.926270,13,0,0,0,0,0,0,0,0
12.09.2017,7350.000000,7350.000000,7350.000000,7350.000000,6514.063965,7,0,0,0,0,0,0,0,0
13.09.2017,7350.000000,7350.000000,7350.000000,7350.000000,6514.063965,0,0,0,0,0,0,0,0,0
14.09.2017,7330.000000,7330.000000,7330.000000,7330.000000,6496.338867,1,0,0,0,0,0,0,0,0
15.09.2017,7330.000000,7330.000000,7250.000000,7270.000000,6443.162598,75,0,0,0,0,0,0,0,0
18.09.2017,7270.000000,7270.000000,7270.000000,7270.000000,6443.162598,0,1,500000,1,500000,0,0,0,0
19.09.2017,7320.000000,7320.000000,7270.000000,7270.000000,6443.162598,2,0,0,0,0,0,0,0,0
20.09.2017,7380.000000,7380.000000,7300.000000,7320.000000,6487.475586,78,0,0,0,0,0,0,0,0
21.09.2017,7290.000000,7370.000000,7290.000000,7370.000000,6531.790039,5,0,0,0,0,0,0,0,0
22.09.2017,7280.000000,7360.000000,7280.000000,7360.000000,6522.926270,28,0,0,0,0,0,0,0,0
25.09.2017,7300.000000,7300.000000,7290.000000,7290.000000,6460.888184,9,0,0,0,0,0,0,0,0
26.09.2017,7380.000000,7380.000000,7310.000000,7310.000000,6478.613281,16,0,0,0,0,0,0,0,0
27.09.2017,7300.000000,7300.000000,7300.000000,7300.000000,6469.750977,6,0,0,0,0,0,0,0,0
28.09.2017,7300.000000,7300.000000,7180.000000,7200.000000,6381.124023,214,0,0,0,0,0,0,0,0
29.09.2017,7250.000000,7250.000000,7130.000000,7160.000000,6345.673340,46,0,0,0,0,0,0,0,0
02.10.2017,7120.000000,7200.000000,7120.000000,7180.000000,6363.398926,27,0,0,0,0,0,0,0,0
03.10.2017,7130.000000,7250.000000,7130.000000,7250.000000,6425.437500,32,0,0,0,0,0,0,0,0
04.10.2017,7250.000000,7370.000000,7250.000000,7370.000000,6531.790039,333,0,0,0,0,0,0,0,0
05.10.2017,7370.000000,7380.000000,7370.000000,7370.000000,6531.790039,24,0,0,0,0,0,0,0,0
06.10.2017,7410.000000,7410.000000,7290.000000,7350.000000,6514.063965,21,0,0,0,0,0,0,0,0
09.10.2017,7350.000000,7350.000000,7350.000000,7350.000000,6514.063965,0,0,0,0,0,0,0,0,0
10.10.2017,7350.000000,7350.000000,7350.000000,7350.000000,6514.063965,1,0,0,0,0,0,0,0,0
11.10.2017,7300.000000,7300.000000,7300.000000,7300.000000,6469.750977,1,0,0,0,0,0,0,0,0
12.10.2017,7350.000000,7420.000000,7310.000000,7420.000000,6576.103027,26,0,0,0,0,0,0,0,0
13.10.2017,7430.000000,7430.000000,7360.000000,7400.000000,6558.377441,35,0,0,0,0,0,0,0,0
16.10.2017,7480.000000,7500.000000,7450.000000,7500.000000,6647.004395,163,0,0,0,0,0,0,0,0
17.10.2017,7500.000000,7500.000000,7440.000000,7450.000000,6602.690918,126,0,0,0,0,0,0,0,0
18.10.2017,7500.000000,7530.000000,7440.000000,7530.000000,6673.592285,149,0,0,0,0,0,0,0,0
19.10.2017,7530.000000,7530.000000,7530.000000,7530.000000,6673.592285,0,0,0,0,0,0,0,0,0
20.10.2017,7410.000000,7470.000000,7380.000000,7470.000000,6620.416992,204,0,0,0,0,0,0,0,0
23.10.2017,7470.000000,7470.000000,7470.000000,7470.000000,6620.416992,0,1,1000000,1,1000000,0,0,0,0
24.10.2017,7490.000000,7590.000000,7490.000000,7590.000000,6726.768555,214,0,0,0,0,0,0,0,0
25.10.2017,7580.000000,7580.000000,7540.000000,7540.000000,6682.454590,33,0,0,0,0,0,0,0,0
26.10.2017,7540.000000,7540.000000,7540.000000,7540.000000,6682.454590,0,0,0,0,0,0,0,0,0
27.10.2017,7540.000000,7540.000000,7540.000000,7540.000000,6682.454590,0,0,0,0,0,0,0,0,0
30.10.2017,7540.000000,7540.000000,7540.000000,7540.000000,6682.454590,0,0,0,0,0,0,0,0,0
31.10.2017,7540.000000,7540.000000,7540.000000,7540.000000,6682.454590,0,0,0,0,0,0,0,0,0
01.11.2017,7440.000000,7550.000000,7440.000000,7510.000000,6655.866699,503,0,0,0,0,0,0,0,0
02.11.2017,7580.000000,7580.000000,7500.000000,7570.000000,6709.042969,156,0,0,0,0,0,0,0,0
03.11.2017,7570.000000,7570.000000,7570.000000,7570.000000,6709.042969,0,0,0,0,0,0,0,0,0
06.11.2017,7580.000000,7590.000000,7530.000000,7530.000000,6673.592285,171,0,0,0,0,0,0,0,0
07.11.2017,7580.000000,7580.000000,7580.000000,7580.000000,6717.905273,300,0,0,0,0,0,0,0,0
08.11.2017,7600.000000,7700.000000,7600.000000,7700.000000,6824.257324,307,0,0,0,0,0,0,0,0
09.11.2017,7630.000000,7630.000000,7610.000000,7610.000000,6744.493164,26,0,0,0,0,0,0,0,0
10.11.2017,7610.000000,7610.000000,7610.000000,7610.000000,6744.493164,0,0,0,0,0,0,0,0,0
13.11.2017,7600.000000,7600.000000,7500.000000,7500.000000,6647.004395,38,0,0,0,0,0,0,0,0
14.11.2017,7500.000000,7500.000000,7410.000000,7410.000000,6567.240234,19,0,0,0,0,0,0,0,0
15.11.2017,7400.000000,7400.000000,7230.000000,7300.000000,6469.750977,460,0,0,0,0,0,0,0,0
16.11.2017,7280.000000,7290.000000,7220.000000,7270.000000,6443.162598,491,0,0,0,0,0,0,0,0
17.11.2017,7280.000000,7280.000000,7150.000000,7180.000000,6363.398926,593,0,0,0,0,0,0,0,0
20.11.2017,7100.000000,7140.000000,7100.000000,7140.000000,6327.947754,106,0,0,0,0,0,0,0,0
21.11.2017,7160.000000,7190.000000,7110.000000,7190.000000,6372.261230,560,0,0,0,0,0,0,0,0
22.11.2017,7190.000000,7190.000000,7120.000000,7120.000000,6310.223145,231,0,0,0,0,0,0,0,0
23.11.2017,7120.000000,7120.000000,7120.000000,7120.000000,6310.223145,0,0,0,0,0,0,0,0,0
24.11.2017,7110.000000,7160.000000,7110.000000,7110.000000,6301.359863,108,0,0,0,0,0,0,0,0
27.11.2017,7110.000000,7110.000000,7110.000000,7110.000000,6301.359863,0,0,0,0,0,0,0,0,0
28.11.2017,7160.000000,7250.000000,7160.000000,7250.000000,6425.437500,14,0,0,0,0,0,0,0,0
29.11.2017,7250.000000,7250.000000,7250.000000,7250.000000,6425.437500,0,0,0,0,0,0,0,0,0
30.11.2017,7250.000000,7300.000000,7220.000000,7300.000000,6469.750977,14,0,0,0,0,0,0,0,0
01.12.2017,7300.000000,7300.000000,7300.000000,7300.000000,6469.750977,0,0,0,0,0,0,0,0,0
04.12.2017,7300.000000,7300.000000,7300.000000,7300.000000,6469.750977,0,0,0,0,0,0,0,0,0
05.12.2017,7220.000000,7290.000000,7220.000000,7280.000000,6452.025879,3,0,0,0,0,0,0,0,0
06.12.2017,7280.000000,7280.000000,7220.000000,7220.000000,6398.849609,31,0,0,0,0,0,0,0,0
07.12.2017,7220.000000,7220.000000,7220.000000,7220.000000,6398.849609,0,0,0,0,0,0,0,0,0
08.12.2017,7220.000000,7220.000000,7220.000000,7220.000000,6398.849609,0,0,0,0,0,0,0,0,0
11.12.2017,7220.000000,7220.000000,7220.000000,7220.000000,6398.849609,0,0,0,0,0,0,0,0,0
12.12.2017,7350.000000,7370.000000,7280.000000,7280.000000,6452.025879,325,0,0,0,0,0,0,0,0
13.12.2017,7240.000000,7250.000000,7240.000000,7250.000000,6425.437500,9,0,0,0,0,0,0,0,0
14.12.2017,7250.000000,7250.000000,7250.000000,7250.000000,6425.437500,0,0,0,0,0,0,0,0,0
15.12.2017,7240.000000,7240.000000,7090.000000,7100.000000,6292.497070,130,0,0,0,0,0,0,0,0
18.12.2017,7100.000000,7110.000000,7100.000000,7110.000000,6301.359863,215,0,0,0,0,0,0,0,0
19.12.2017,7140.000000,7140.000000,7130.000000,7140.000000,6327.947754,20,0,0,0,0,0,0,0,0
20.12.2017,7110.000000,7110.000000,7040.000000,7070.000000,6265.909180,191,0,0,0,0,0,0,0,0
21.12.2017,7090.000000,7090.000000,7000.000000,7040.000000,6239.321289,576,0,0,0,0,0,0,0,0
22.12.2017,7080.000000,7080.000000,7020.000000,7020.000000,6221.595703,276,0,0,0,0,0,0,0,0
25.12.2017,7050.000000,7050.000000,7010.000000,7050.000000,6248.183594,31,0,0,0,0,0,0,0,0
26.12.2017,7030.000000,7040.000000,7020.000000,7040.000000,6239.321289,151,0,0,0,0,0,0,0,0
27.12.2017,7040.000000,7040.000000,7040.000000,7040.000000,6239.321289,0,0,0,0,0,0,0,0,0
28.12.2017,7040.000000,7080.000000,7010.000000,7060.000000,6257.046875,447,0,0,0,0,0,0,0,0
29.12.2017,7020.000000,7090.000000,7020.000000,7080.000000,6274.771973,109,0,0,0,0,0,0,0,0
01.01.2018,7080.000000,7080.000000,7080.000000,7080.000000,6274.771973,0,0,0,0,0,0,0,0,0
02.01.2018,7080.000000,7080.000000,7080.000000,7080.000000,6274.771973,0,0,0,0,0,0,0,0,0
03.01.2018,7080.000000,7080.000000,7080.000000,7080.000000,6274.771973,0,0,0,0,0,0,0,0,0
04.01.2018,7080.000000,7080.000000,7080.000000,7080.000000,6274.771973,0,0,0,0,0,0,0,0,0
05.01.2018,7180.000000,7280.000000,7150.000000,7210.000000,6389.987305,501,0,0,0,0,0,0,0,0
08.01.2018,7210.000000,7210.000000,7210.000000,7210.000000,6389.987305,0,0,0,0,0,0,0,0,0
09.01.2018,7290.000000,7290.000000,7270.000000,7290.000000,6460.888184,127,0,0,0,0,0,0,0,0
10.01.2018,7300.000000,7360.000000,7300.000000,7360.000000,6522.926270,498,0,0,0,0,0,0,0,0
11.01.2018,7330.000000,7360.000000,7280.000000,7360.000000,6522.926270,138,0,0,0,0,0,0,0,0
12.01.2018,7360.000000,7360.000000,7170.000000,7230.000000,6407.711914,58,0,0,0,0,0,0,0,0
15.01.2018,7270.000000,7300.000000,7210.000000,7260.000000,6434.300293,1079,0,0,0,0,0,0,0,0
16.01.2018,7260.000000,7270.000000,7250.000000,7250.000000,6425.437500,79,0,0,0,0,0,0,0,0
17.01.2018,7270.000000,7270.000000,7210.000000,7210.000000,6389.987305,170,0,0,0,0,0,0,0,0
18.01.2018,7280.000000,7280.000000,7190.000000,7190.000000,6372.261230,323,0,0,0,0,0,0,0,0
19.01.2018,7180.000000,7180.000000,7110.000000,7140.000000,6327.947754,447,0,0,0,0,0,0,0,0
22.01.2018,7140.000000,7150.000000,7110.000000,7120.000000,6310.223145,96,0,0,0,0,0,0,0,0
23.01.2018,7140.000000,7200.000000,7120.000000,7200.000000,6381.124023,179,0,0,0,0,0,0,0,0
24.01.2018,7200.000000,7200.000000,7200.000000,7200.000000,6381.124023,0,0,0,0,0,0,0,0,0
25.01.2018,7220.000000,7230.000000,7220.000000,7230.000000,6407.711914,7,0,0,0,0,0,0,0,0
26.01.2018,7230.000000,7230.000000,7200.000000,7210.000000,6389.987305,11,0,0,0,0,0,0,0,0
29.01.2018,7140.000000,7140.000000,7070.000000,7120.000000,6310.223145,216,0,0,0,0,0,0,0,0
30.01.2018,7120.000000,7120.000000,7120.000000,7120.000000,6310.223145,0,0,0,0,0,0,0,0,0
31.01.2018,7080.000000,7120.000000,7080.000000,7120.000000,6310.223145,150,0,0,0,0,0,0,0,0
01.02.2018,7120.000000,7120.000000,7120.000000,7120.000000,6310.223145,0,0,0,0,0,0,0,0,0
02.02.2018,7100.000000,7110.000000,7090.000000,7110.000000,6301.359863,111,0,0,0,0,0,0,0,0
05.02.2018,7110.000000,7110.000000,7110.000000,7110.000000,6301.359863,0,0,0,0,0,0,0,0,0
06.02.2018,7040.000000,7140.000000,7040.000000,7140.000000,6327.947754,93,0,0,0,0,0,0,0,0
07.02.2018,7140.000000,7140.000000,7140.000000,7140.000000,6327.947754,0,0,0,0,0,0,0,0,0
08.02.2018,7060.000000,7080.000000,6920.000000,6920.000000,6132.969238,423,0,0,0,0,0,0,0,0
09.02.2018,6890.000000,6890.000000,6700.000000,6780.000000,6008.891602,663,0,0,0,0,0,0,0,0
12.02.2018,6780.000000,6780.000000,6780.000000,6780.000000,6008.891602,0,0,0,0,0,0,0,0,0
13.02.2018,6830.000000,6850.000000,6700.000000,6700.000000,5937.990723,167,0,0,0,0,0,0,0,0
14.02.2018,6670.000000,6710.000000,6660.000000,6710.000000,5946.853027,131,0,0,0,0,0,0,0,0
15.02.2018,6610.000000,6760.000000,6610.000000,6760.000000,5991.166504,36,0,0,0,0,0,0,0,0
16.02.2018,6760.000000,6760.000000,6760.000000,6760.000000,5991.166504,0,0,0,0,0,0,0,0,0
19.02.2018,6760.000000,6760.000000,6760.000000,6760.000000,5991.166504,0,0,0,0,0,0,0,0,0
20.02.2018,6930.000000,6940.000000,6920.000000,6940.000000,6150.694824,23,0,0,0,0,0,0,0,0
21.02.2018,6920.000000,6920.000000,6920.000000,6920.000000,6132.969238,56,0,0,0,0,0,0,0,0
22.02.2018,6940.000000,6940.000000,6800.000000,6850.000000,6070.930664,231,0,0,0,0,0,0,0,0
23.02.2018,6880.000000,6900.000000,6820.000000,6900.000000,6115.244141,108,0,0,0,0,0,0,0,0
26.02.2018,6900.000000,6900.000000,6900.000000,6900.000000,6115.244141,0,0,0,0,0,0,0,0,0
27.02.2018,6940.000000,7020.000000,6940.000000,7010.000000,6212.732910,42,0,0,0,0,0,0,0,0
28.02.2018,6930.000000,6930.000000,6810.000000,6860.000000,6079.792969,28,0,0,0,0,0,0,0,0
01.03.2018,6860.000000,6860.000000,6860.000000,6860.000000,6079.792969,0,0,0,0,0,0,0,0,0
02.03.2018,6700.000000,6800.000000,6670.000000,6710.000000,5946.853027,33,0,0,0,0,0,0,0,0
05.03.2018,6760.000000,6880.000000,6760.000000,6880.000000,6097.519043,37,0,0,0,0,0,0,0,0
06.03.2018,6880.000000,6880.000000,6880.000000,6880.000000,6097.519043,0,0,0,0,0,0,0,0,0
07.03.2018,6830.000000,6830.000000,6710.000000,6760.000000,5991.166504,35,0,0,0,0,0,0,0,0
08.03.2018,6680.000000,6770.000000,6670.000000,6670.000000,5911.402344,10,0,0,0,0,0,0,0,0
09.03.2018,6720.000000,6720.000000,6600.000000,6680.000000,5920.264648,148,0,0,0,0,0,0,0,0
12.03.2018,6740.000000,6780.000000,6740.000000,6780.000000,6008.891602,90,0,0,0,0,0,0,0,0
13.03.2018,6800.000000,6860.000000,6800.000000,6860.000000,6079.792969,27,0,0,0,0,0,0,0,0
14.03.2018,6820.000000,6950.000000,6820.000000,6850.000000,6070.930664,55,0,0,0,0,0,0,0,0
15.03.2018,6930.000000,6970.000000,6840.000000,6900.000000,6115.244141,43,0,0,0,0,0,0,0,0
16.03.2018,6950.000000,6950.000000,6830.000000,6940.000000,6150.694824,79,0,0,0,0,0,0,0,0
19.03.2018,6940.000000,6940.000000,6940.000000,6940.000000,6150.694824,0,0,0,0,0,0,0,0,0
20.03.2018,6890.000000,6970.000000,6890.000000,6960.000000,6168.419922,51,0,0,0,0,0,0,0,0
21.03.2018,6960.000000,6960.000000,6960.000000,6960.000000,6168.419922,0,0,0,0,0,0,0,0,0
22.03.2018,6960.000000,6960.000000,6960.000000,6960.000000,6168.419922,0,0,0,0,0,0,0,0,0
23.03.2018,6800.000000,6900.000000,6800.000000,6830.000000,6053.205078,204,0,0,0,0,0,0,0,0
26.03.2018,6770.000000,6770.000000,6710.000000,6750.000000,5982.304199,302,0,0,0,0,0,0,0,0
27.03.2018,6760.000000,6920.000000,6760.000000,6920.000000,6132.969238,11,0,0,0,0,0,0,0,0
28.03.2018,6940.000000,7100.000000,6940.000000,7080.000000,6274.771973,459,0,0,0,0,0,0,0,0
29.03.2018,7110.000000,7180.000000,7110.000000,7180.000000,6363.398926,277,0,0,0,0,0,0,0,0
30.03.2018,7190.000000,7200.000000,7160.000000,7180.000000,6363.398926,155,0,0,0,0,0,0,0,0
02.04.2018,7190.000000,7220.000000,7170.000000,7220.000000,6398.849609,125,0,0,0,0,0,0,0,0
03.04.2018,7220.000000,7250.000000,7210.000000,7210.000000,6389.987305,549,0,0,0,0,0,0,0,0
04.04.2018,7200.000000,7300.000000,7200.000000,7290.000000,6460.888184,610,0,0,0,0,0,0,0,0
05.04.2018,7270.000000,7340.000000,7270.000000,7340.000000,6505.201172,250,0,0,0,0,0,0,0,0
06.04.2018,7270.000000,7340.000000,7230.000000,7260.000000,6434.300293,140,0,0,0,0,0,0,0,0
09.04.2018,7300.000000,7360.000000,7300.000000,7350.000000,6514.063965,220,0,0,0,0,0,0,0,0
10.04.2018,7320.000000,7360.000000,7320.000000,7320.000000,6487.475586,217,0,0,0,0,0,0,0,0
11.04.2018,7350.000000,7360.000000,7280.000000,7340.000000,6505.201172,64,0,0,0,0,0,0,0,0
12.04.2018,7340.000000,7340.000000,7340.000000,7340.000000,6505.201172,0,0,0,0,0,0,0,0,0
13.04.2018,7340.000000,7340.000000,7340.000000,7340.000000,6505.201172,0,0,0,0,0,0,0,0,0
16.04.2018,7350.000000,7360.000000,7350.000000,7350.000000,6514.063965,331,0,0,0,0,0,0,0,0
17.04.2018,7370.000000,7400.000000,7370.000000,7390.000000,6549.515137,362,0,0,0,0,0,0,0,0
18.04.2018,7410.000000,7470.000000,7410.000000,7470.000000,6620.416992,601,0,0,0,0,0,0,0,0
19.04.2018,7420.000000,7580.000000,7420.000000,7520.000000,6664.729004,527,0,0,0,0,0,0,0,0
20.04.2018,7580.000000,7600.000000,7550.000000,7560.000000,6700.180664,119,0,0,0,0,0,0,0,0
23.04.2018,7620.000000,7700.000000,7620.000000,7700.000000,6824.257324,250,0,0,0,0,0,0,0,0
24.04.2018,7700.000000,7740.000000,7650.000000,7710.000000,6833.120605,254,0,0,0,0,0,0,0,0
25.04.2018,7750.000000,7920.000000,7750.000000,7920.000000,7019.236328,478,0,0,0,0,0,0,0,0
26.04.2018,7920.000000,7920.000000,7920.000000,7920.000000,7019.236328,0,0,0,0,0,0,0,0,0
27.04.2018,7880.000000,7880.000000,7800.000000,7800.000000,6912.884277,41,0,0,0,0,0,0,0,0
30.04.2018,7800.000000,7800.000000,7800.000000,7800.000000,6912.884277,0,0,0,0,0,0,0,0,0
01.05.2018,7820.000000,7950.000000,7820.000000,7870.000000,6974.922852,252,0,0,0,0,0,0,0,0
02.05.2018,7880.000000,7950.000000,7860.000000,7920.000000,7019.236328,402,0,0,0,0,0,0,0,0
03.05.2018,7920.000000,7920.000000,7920.000000,7920.000000,7019.236328,0,0,0,0,0,0,0,0,0
04.05.2018,7920.000000,7920.000000,7920.000000,7920.000000,7019.236328,0,0,0,0,0,0,0,0,0
07.05.2018,7920.000000,8090.000000,7920.000000,8080.000000,7161.039063,373,0,0,0,0,0,0,0,0
08.05.2018,8080.000000,8200.000000,8080.000000,8200.000000,7267.391113,958,0,0,0,0,0,0,0,0
09.05.2018,8120.000000,8190.000000,8100.000000,8190.000000,7258.528320,242,0,0,0,0,0,0,0,0
10.05.2018,8190.000000,8190.000000,7910.000000,7910.000000,7010.374512,367,0,0,0,0,0,0,0,0
11.05.2018,7910.000000,8040.000000,7910.000000,8030.000000,7116.726074,108,0,0,0,0,0,0,0,0
14.05.2018,7980.000000,8100.000000,7980.000000,8100.000000,7178.764160,88,0,0,0,0,0,0,0,0
15.05.2018,8100.000000,8100.000000,8100.000000,8100.000000,7178.764160,0,0,0,0,0,0,0,0,0
16.05.2018,8160.000000,8160.000000,8090.000000,8090.000000,7169.902344,17,0,0,0,0,0,0,0,0
17.05.2018,8090.000000,8090.000000,8090.000000,8090.000000,7169.902344,0,0,0,0,0,0,0,0,0
18.05.2018,8100.000000,8100.000000,8040.000000,8100.000000,7178.764160,127,0,0,0,0,0,0,0,0
21.05.2018,8070.000000,8190.000000,8050.000000,8050.000000,7134.451172,368,0,0,0,0,0,0,0,0
22.05.2018,8050.000000,8050.000000,8050.000000,8050.000000,7134.451172,0,0,0,0,0,0,0,0,0
23.05.2018,8100.000000,8100.000000,7970.000000,8090.000000,7169.902344,383,0,0,0,0,0,0,0,0
24.05.2018,8090.000000,8090.000000,8090.000000,8090.000000,7169.902344,0,0,0,0,0,0,0,0,0
25.05.2018,8030.000000,8030.000000,7950.000000,7950.000000,7045.824707,20,0,0,0,0,0,0,0,0
28.05.2018,7950.000000,8030.000000,7940.000000,7940.000000,7036.961914,83,0,0,0,0,0,0,0,0
29.05.2018,7940.000000,7940.000000,7940.000000,7940.000000,7036.961914,0,0,0,0,0,0,0,0,0
30.05.2018,7980.000000,8010.000000,7910.000000,8010.000000,7099.000488,80,0,0,0,0,0,0,0,0
31.05.2018,7900.000000,8000.000000,7900.000000,7960.000000,7054.687012,152,0,0,0,0,0,0,0,0
01.06.2018,7910.000000,7910.000000,7730.000000,7890.000000,6992.648438,788,0,0,0,0,0,0,0,0
04.06.2018,7940.000000,7960.000000,7830.000000,7960.000000,7054.687012,80,0,0,0,0,0,0,0,0
05.06.2018,7810.000000,7940.000000,7810.000000,7940.000000,7036.961914,93,0,0,0,0,0,0,0,0
06.06.2018,7900.000000,7900.000000,7900.000000,7900.000000,7001.511230,1,0,0,0,0,0,0,0,0
07.06.2018,7960.000000,7960.000000,7950.000000,7950.000000,7045.824707,133,0,0,0,0,0,0,0,0
08.06.2018,7830.000000,7900.000000,7830.000000,7890.000000,6992.648438,19,0,0,0,0,0,0,0,0
11.06.2018,7900.000000,8000.000000,7900.000000,7990.000000,7081.275391,112,0,0,0,0,0,0,0,0
12.06.2018,7950.000000,7990.000000,7940.000000,7940.000000,7036.961914,58,0,0,0,0,0,0,0,0
13.06.2018,7990.000000,8050.000000,7990.000000,8050.000000,7134.451172,39,0,0,0,0,0,0,0,0
14.06.2018,8040.000000,8040.000000,8000.000000,8000.000000,7090.138184,43,0,0,0,0,0,0,0,0
15.06.2018,8000.000000,8000.000000,8000.000000,8000.000000,7090.138184,0,0,0,0,0,0,0,0,0
18.06.2018,8000.000000,8000.000000,8000.000000,8000.000000,7090.138184,0,1,3250000,1,3250000,1,3250000,0,0
19.06.2018,7860.000000,7880.000000,7750.000000,7830.000000,6939.472168,72,0,0,0,0,0,0,0,0
20.06.2018,7830.000000,7830.000000,7830.000000,7830.000000,6939.472168,0,0,0,0,0,0,0,0,0
21.06.2018,7830.000000,7830.000000,7830.000000,7830.000000,6939.472168,0,0,0,0,0,0,0,0,0
22.06.2018,7830.000000,7830.000000,7830.000000,7830.000000,6939.472168,0,0,0,0,0,0,0,0,0
25.06.2018,7830.000000,7830.000000,7830.000000,7830.000000,6939.472168,0,0,0,0,0,0,0,0,0
26.06.2018,7770.000000,7900.000000,7770.000000,7900.000000,7001.511230,97,0,0,0,0,0,0,0,0
27.06.2018,7900.000000,7900.000000,7900.000000,7900.000000,7001.511230,50,0,0,0,0,0,0,0,0
28.06.2018,7900.000000,7900.000000,7900.000000,7900.000000,7001.511230,0,0,0,0,0,0,0,0,0
29.06.2018,7900.000000,7900.000000,7900.000000,7900.000000,7001.511230,0,1,9500000,1,9500000,1,9500000,1,9500000
02.07.2018,7900.000000,7900.000000,7900.000000,7900.000000,7001.511230,0,0,0,0,0,0,0,0,0
03.07.2018,7730.000000,7740.000000,7700.000000,7740.000000,6859.708984,159,0,0,0,0,0,0,0,0
04.07.2018,7770.000000,7840.000000,7770.000000,7830.000000,6939.472168,73,0,0,0,0,0,0,0,0
05.07.2018,7820.000000,7820.000000,7760.000000,7790.000000,6904.021973,104,0,0,0,0,0,0,0,0
06.07.2018,7790.000000,7940.000000,7790.000000,7920.000000,7019.236328,73,0,0,0,0,0,0,0,0
09.07.2018,7950.000000,8040.000000,7950.000000,8000.000000,7090.138184,531,0,0,0,0,0,0,0,0
10.07.2018,7990.000000,8000.000000,7890.000000,7890.000000,6992.648438,537,0,0,0,0,0,0,0,0
11.07.2018,7680.000000,7700.000000,7640.000000,7660.000000,6788.806641,433,0,0,0,0,0,0,0,0
12.07.2018,7650.000000,7790.000000,7650.000000,7730.000000,6850.845703,193,0,0,0,0,0,0,0,0
13.07.2018,7680.000000,7720.000000,7670.000000,7690.000000,6815.394531,128,0,0,0,0,0,0,0,0
16.07.2018,7690.000000,7690.000000,7690.000000,7690.000000,6939.934570,0,0,0,0,0,0,0,0,0
17.07.2018,7680.000000,7860.000000,7680.000000,7860.000000,7093.353516,253,0,0,0,0,0,0,0,0
18.07.2018,7870.000000,7950.000000,7870.000000,7900.000000,7129.452148,8,0,0,0,0,0,0,0,0
19.07.2018,7870.000000,7870.000000,7790.000000,7790.000000,7030.181641,91,0,0,0,0,0,0,0,0
20.07.2018,7790.000000,7790.000000,7790.000000,7790.000000,7030.181641,0,0,0,0,0,0,0,0,0
23.07.2018,7790.000000,7790.000000,7790.000000,7790.000000,7030.181641,0,0,0,0,0,0,0,0,0
24.07.2018,7790.000000,7790.000000,7790.000000,7790.000000,7030.181641,0,0,0,0,0,0,0,0,0
25.07.2018,7940.000000,7980.000000,7930.000000,7960.000000,7183.599609,570,0,0,0,0,0,0,0,0
26.07.2018,7980.000000,8060.000000,7980.000000,8060.000000,7273.846191,861,0,0,0,0,0,0,0,0
27.07.2018,8050.000000,8050.000000,8000.000000,8050.000000,7264.821777,23,0,0,0,0,0,0,0,0
30.07.2018,8000.000000,8000.000000,7890.000000,7950.000000,7174.575195,163,0,0,0,0,0,0,0,0
31.07.2018,7800.000000,7810.000000,7690.000000,7770.000000,7012.132324,469,0,0,0,0,0,0,0,0
01.08.2018,7770.000000,7840.000000,7740.000000,7800.000000,7039.205566,56,0,0,0,0,0,0,0,0
02.08.2018,7840.000000,7870.000000,7750.000000,7800.000000,7039.205566,155,0,0,0,0,0,0,0,0
03.08.2018,7800.000000,7800.000000,7650.000000,7710.000000,6957.984375,261,0,0,0,0,0,0,0,0
06.08.2018,7710.000000,7750.000000,7670.000000,7670.000000,6921.885254,79,0,0,0,0,0,0,0,0
07.08.2018,7700.000000,7710.000000,7580.000000,7710.000000,6957.984375,156,0,0,0,0,0,0,0,0
08.08.2018,7680.000000,7740.000000,7610.000000,7610.000000,6867.737793,270,0,0,0,0,0,0,0,0
09.08.2018,7600.000000,7600.000000,7530.000000,7560.000000,6822.615234,302,0,0,0,0,0,0,0,0
10.08.2018,7550.000000,7560.000000,7480.000000,7560.000000,6822.615234,201,0,0,0,0,0,0,0,0
13.08.2018,7540.000000,7540.000000,7420.000000,7420.000000,6696.270020,224,0,0,0,0,0,0,0,0
14.08.2018,7560.000000,7560.000000,7540.000000,7540.000000,6804.565918,16,0,0,0,0,0,0,0,0
15.08.2018,7570.000000,7600.000000,7570.000000,7580.000000,6840.664063,326,0,0,0,0,0,0,0,0
16.08.2018,7580.000000,7650.000000,7540.000000,7640.000000,6894.812012,164,0,0,0,0,0,0,0,0
17.08.2018,7640.000000,7640.000000,7640.000000,7640.000000,6894.812012,0,0,0,0,0,0,0,0,0
20.08.2018,7640.000000,7640.000000,7640.000000,7640.000000,6894.812012,0,0,0,0,0,0,0,0,0
21.08.2018,7640.000000,7640.000000,7640.000000,7640.000000,6894.812012,0,0,0,0,0,0,0,0,0
22.08.2018,7520.000000,7560.000000,7510.000000,7560.000000,6822.615234,67,0,0,0,0,0,0,0,0
23.08.2018,7560.000000,7560.000000,7560.000000,7560.000000,6822.615234,0,0,0,0,0,0,0,0,0
24.08.2018,7560.000000,7560.000000,7560.000000,7560.000000,6822.615234,0,0,0,0,0,0,0,0,0
27.08.2018,7560.000000,7560.000000,7560.000000,7560.000000,6822.615234,0,0,0,0,0,0,0,0,0
28.08.2018,7640.000000,7660.000000,7620.000000,7620.000000,6876.762695,77,0,0,0,0,0,0,0,0
29.08.2018,7620.000000,7640.000000,7620.000000,7640.000000,6894.812012,15,0,0,0,0,0,0,0,0
30.08.2018,7620.000000,7620.000000,7570.000000,7570.000000,6831.639648,35,0,0,0,0,0,0,0,0
31.08.2018,7520.000000,7530.000000,7520.000000,7530.000000,6795.541504,28,0,0,0,0,0,0,0,0
03.09.2018,7500.000000,7520.000000,7470.000000,7520.000000,6786.516113,26,0,0,0,0,0,0,0,0
04.09.2018,7530.000000,7530.000000,7460.000000,7460.000000,6732.368652,138,1,12500000,1,12500000,1,12500000,1,12500000
05.09.2018,7440.000000,7440.000000,7350.000000,7380.000000,6660.171875,181,0,0,0,0,0,0,0,0
06.09.2018,7340.000000,7380.000000,7310.000000,7310.000000,6596.999512,187,1,1250000,1,1250000,0,0,0,0
07.09.2018,7330.000000,7500.000000,7320.000000,7500.000000,6768.467285,175,0,0,0,0,0,0,0,0
10.09.2018,7410.000000,7510.000000,7410.000000,7510.000000,6777.491699,12,0,0,0,0,0,0,0,0
11.09.2018,7480.000000,7530.000000,7480.000000,7530.000000,6795.541504,43,0,0,0,0,0,0,0,0
12.09.2018,7550.000000,7550.000000,7490.000000,7520.000000,6786.516113,6,0,0,0,0,0,0,0,0
13.09.2018,7520.000000,7700.000000,7520.000000,7670.000000,6921.885254,209,0,0,0,0,0,0,0,0
14.09.2018,7670.000000,7670.000000,7670.000000,7670.000000,6921.885254,0,0,0,0,0,0,0,0,0
17.09.2018,7670.000000,7670.000000,7670.000000,7670.000000,6921.885254,0,0,0,0,0,0,0,0,0
18.09.2018,7630.000000,7880.000000,7630.000000,7840.000000,7075.304199,299,0,0,0,0,0,0,0,0
19.09.2018,7900.000000,7900.000000,7830.000000,7860.000000,7093.353516,39,0,0,0,0,0,0,0,0
20.09.2018,7850.000000,7940.000000,7850.000000,7940.000000,7165.550781,312,0,0,0,0,0,0,0,0
21.09.2018,7950.000000,8000.000000,7940.000000,7970.000000,7192.624512,480,0,0,0,0,0,0,0,0
24.09.2018,7970.000000,7970.000000,7970.000000,7970.000000,7192.624512,0,0,0,0,0,0,0,0,0
25.09.2018,7960.000000,8090.000000,7960.000000,8090.000000,7300.920410,1351,0,0,0,0,0,0,0,0
26.09.2018,8080.000000,8090.000000,8010.000000,8090.000000,7300.920410,235,0,0,0,0,0,0,0,0
27.09.2018,8080.000000,8080.000000,8020.000000,8040.000000,7255.795898,25,0,0,0,0,0,0,0,0
28.09.2018,8080.000000,8150.000000,8080.000000,8120.000000,7327.993652,171,1,4500000,1,4500000,1,4500000,0,0
01.10.2018,8120.000000,8120.000000,8120.000000,8120.000000,7327.993652,0,0,0,0,0,0,0,0,0
02.10.2018,8120.000000,8120.000000,8060.000000,8090.000000,7300.920410,44,0,0,0,0,0,0,0,0
03.10.2018,8100.000000,8160.000000,8100.000000,8110.000000,7318.969238,126,0,0,0,0,0,0,0,0
04.10.2018,8140.000000,8140.000000,8110.000000,8110.000000,7318.969238,7,0,0,0,0,0,0,0,0
05.10.2018,8120.000000,8200.000000,8120.000000,8170.000000,7373.117188,310,0,0,0,0,0,0,0,0
08.10.2018,8170.000000,8170.000000,8170.000000,8170.000000,7373.117188,0,0,0,0,0,0,0,0,0
09.10.2018,8150.000000,8160.000000,8060.000000,8060.000000,7273.846191,48,0,0,0,0,0,0,0,0
10.10.2018,8160.000000,8200.000000,8130.000000,8200.000000,7400.190918,334,0,0,0,0,0,0,0,0
11.10.2018,8000.000000,8020.000000,8000.000000,8000.000000,7219.698242,309,0,0,0,0,0,0,0,0
12.10.2018,7940.000000,7940.000000,7870.000000,7880.000000,7111.402832,59,0,0,0,0,0,0,0,0
15.10.2018,7880.000000,7880.000000,7880.000000,7880.000000,7111.402832,0,0,0,0,0,0,0,0,0
16.10.2018,7800.000000,7830.000000,7800.000000,7830.000000,7066.279297,5,0,0,0,0,0,0,0,0
17.10.2018,7920.000000,7980.000000,7920.000000,7950.000000,7174.575195,11,0,0,0,0,0,0,0,0
18.10.2018,8020.000000,8090.000000,7980.000000,8060.000000,7273.846191,25,0,0,0,0,0,0,0,0
19.10.2018,8010.000000,8040.000000,8010.000000,8040.000000,7255.795898,46,0,0,0,0,0,0,0,0
22.10.2018,8060.000000,8120.000000,8060.000000,8120.000000,7327.993652,9,0,0,0,0,0,0,0,0
23.10.2018,8000.000000,8000.000000,7830.000000,7830.000000,7066.279297,165,0,0,0,0,0,0,0,0
24.10.2018,7830.000000,7830.000000,7830.000000,7830.000000,7066.279297,0,0,0,0,0,0,0,0,0
25.10.2018,7890.000000,7890.000000,7830.000000,7830.000000,7066.279297,57,0,0,0,0,0,0,0,0
26.10.2018,7830.000000,7830.000000,7770.000000,7800.000000,7039.205566,80,0,0,0,0,0,0,0,0
29.10.2018,8010.000000,8050.000000,8000.000000,8030.000000,7246.772461,125,0,0,0,0,0,0,0,0
30.10.2018,8030.000000,8030.000000,8030.000000,8030.000000,7246.772461,0,0,0,0,0,0,0,0,0
31.10.2018,7870.000000,7880.000000,7840.000000,7870.000000,7102.377930,28,0,0,0,0,0,0,0,0
01.11.2018,7880.000000,7880.000000,7790.000000,7850.000000,7084.328613,18,0,0,0,0,0,0,0,0
02.11.2018,7850.000000,7850.000000,7660.000000,7690.000000,6939.934570,146,0,0,0,0,0,0,0,0
05.11.2018,7690.000000,7690.000000,7600.000000,7640.000000,6894.812012,74,0,0,0,0,0,0,0,0
06.11.2018,7700.000000,7750.000000,7700.000000,7750.000000,6994.083008,39,0,0,0,0,0,0,0,0
07.11.2018,7770.000000,7770.000000,7680.000000,7680.000000,6930.910645,11,0,0,0,0,0,0,0,0
08.11.2018,7680.000000,7680.000000,7680.000000,7680.000000,6930.910645,0,0,0,0,0,0,0,0,0
09.11.2018,7680.000000,7680.000000,7680.000000,7680.000000,6930.910645,0,0,0,0,0,0,0,0,0
12.11.2018,7680.000000,7680.000000,7680.000000,7680.000000,6930.910645,0,0,0,0,0,0,0,0,0
13.11.2018,7930.000000,7940.000000,7880.000000,7940.000000,7165.550781,29,0,0,0,0,0,0,0,0
14.11.2018,7950.000000,8110.000000,7950.000000,8100.000000,7309.944336,153,0,0,0,0,0,0,0,0
15.11.2018,8130.000000,8200.000000,8100.000000,8200.000000,7400.190918,331,0,0,0,0,0,0,0,0
16.11.2018,8200.000000,8200.000000,8100.000000,8140.000000,7346.042969,152,0,0,0,0,0,0,0,0
19.11.2018,8150.000000,8260.000000,8150.000000,8260.000000,7454.338867,374,0,0,0,0,0,0,0,0
20.11.2018,8260.000000,8260.000000,8130.000000,8180.000000,7382.141602,25,0,0,0,0,0,0,0,0
21.11.2018,8180.000000,8180.000000,8180.000000,8180.000000,7382.141602,0,0,0,0,0,0,0,0,0
22.11.2018,8180.000000,8250.000000,8100.000000,8240.000000,7436.290039,65,0,0,0,0,0,0,0,0
23.11.2018,8240.000000,8240.000000,8240.000000,8240.000000,7436.290039,0,0,0,0,0,0,0,0,0
26.11.2018,8230.000000,8350.000000,8230.000000,8250.000000,7445.313965,198,0,0,0,0,0,0,0,0
27.11.2018,8230.000000,8280.000000,8210.000000,8260.000000,7454.338867,49,0,0,0,0,0,0,0,0
28.11.2018,8240.000000,8250.000000,8170.000000,8240.000000,7436.290039,528,0,0,0,0,0,0,0,0
29.11.2018,8290.000000,8310.000000,8200.000000,8200.000000,7400.190918,66,0,0,0,0,0,0,0,0
30.11.2018,8180.000000,8210.000000,8160.000000,8170.000000,7373.117188,42,0,0,0,0,0,0,0,0
03.12.2018,8250.000000,8250.000000,8150.000000,8150.000000,7355.067871,20,0,0,0,0,0,0,0,0
04.12.2018,8150.000000,8150.000000,8150.000000,8150.000000,7355.067871,0,0,0,0,0,0,0,0,0
05.12.2018,8090.000000,8200.000000,8080.000000,8190.000000,7391.166016,28,0,0,0,0,0,0,0,0
06.12.2018,8190.000000,8250.000000,8190.000000,8250.000000,7445.313965,125,0,0,0,0,0,0,0,0
07.12.2018,8250.000000,8250.000000,8250.000000,8250.000000,7445.313965,0,0,0,0,0,0,0,0,0
10.12.2018,8250.000000,8250.000000,8250.000000,8250.000000,7445.313965,0,0,0,0,0,0,0,0,0
11.12.2018,8180.000000,8190.000000,8160.000000,8160.000000,7364.092285,3,0,0,0,0,0,0,0,0
12.12.2018,8390.000000,8460.000000,8360.000000,8360.000000,7544.584961,163,0,0,0,0,0,0,0,0
13.12.2018,8360.000000,8360.000000,8360.000000,8360.000000,7544.584961,0,0,0,0,0,0,0,0,0
14.12.2018,8340.000000,8400.000000,8330.000000,8330.000000,7517.510742,157,0,0,0,0,0,0,0,0
17.12.2018,8320.000000,8500.000000,8320.000000,8500.000000,7670.929688,199,0,0,0,0,0,0,0,0
18.12.2018,8500.000000,8500.000000,8280.000000,8280.000000,7472.387695,24,0,0,0,0,0,0,0,0
19.12.2018,8300.000000,8300.000000,7940.000000,8010.000000,7228.723145,291,0,0,0,0,0,0,0,0
20.12.2018,7980.000000,8150.000000,7980.000000,8030.000000,7246.772461,86,0,0,0,0,0,0,0,0
21.12.2018,8060.000000,8060.000000,7850.000000,7860.000000,7093.353516,59,0,0,0,0,0,0,0,0
24.12.2018,7860.000000,7860.000000,7860.000000,7860.000000,7093.353516,0,0,0,0,0,0,0,0,0
25.12.2018,7650.000000,7650.000000,7470.000000,7580.000000,6840.664063,333,0,0,0,0,0,0,0,0
26.12.2018,7630.000000,7750.000000,7510.000000,7590.000000,6849.688477,38,0,0,0,0,0,0,0,0
27.12.2018,7700.000000,7960.000000,7700.000000,7960.000000,7183.599609,43,0,0,0,0,0,0,0,0
28.12.2018,7790.000000,7860.000000,7750.000000,7850.000000,7084.328613,56,0,0,0,0,0,0,0,0
31.12.2018,7850.000000,7850.000000,7850.000000,7850.000000,7084.328613,0,0,0,0,0,0,0,0,0
04.01.2019,7840.000000,8020.000000,7840.000000,8020.000000,7237.747559,620,0,0,0,0,0,0,0,0
07.01.2019,8120.000000,8140.000000,8080.000000,8140.000000,7346.042969,37,0,0,0,0,0,0,0,0
08.01.2019,8140.000000,8140.000000,8140.000000,8140.000000,7346.042969,0,0,0,0,0,0,0,0,0
09.01.2019,8190.000000,8250.000000,8190.000000,8250.000000,7445.313965,136,0,0,0,0,0,0,0,0
10.01.2019,8340.000000,8420.000000,8340.000000,8420.000000,7598.732422,133,0,0,0,0,0,0,0,0
11.01.2019,8420.000000,8420.000000,8420.000000,8420.000000,7598.732422,0,0,0,0,0,0,0,0,0
15.01.2019,8290.000000,8300.000000,8240.000000,8270.000000,7463.363281,15,0,0,0,0,0,0,0,0
16.01.2019,8270.000000,8270.000000,8270.000000,8270.000000,7463.363281,0,0,0,0,0,0,0,0,0
17.01.2019,8350.000000,8350.000000,8350.000000,8350.000000,7535.560059,12,0,0,0,0,0,0,0,0
18.01.2019,8390.000000,8480.000000,8390.000000,8410.000000,7589.707520,360,0,0,0,0,0,0,0,0
21.01.2019,8410.000000,8480.000000,8410.000000,8410.000000,7589.707520,590,0,0,0,0,0,0,0,0
22.01.2019,8500.000000,8500.000000,8380.000000,8380.000000,7562.633789,411,0,0,0,0,0,0,0,0
23.01.2019,8330.000000,8360.000000,8290.000000,8310.000000,7499.461426,131,0,0,0,0,0,0,0,0
24.01.2019,8330.000000,8330.000000,8330.000000,8330.000000,7517.510742,2,0,0,0,0,0,0,0,0
25.01.2019,8330.000000,8330.000000,8330.000000,8330.000000,7517.510742,0,0,0,0,0,0,0,0,0
28.01.2019,8330.000000,8330.000000,8330.000000,8330.000000,7517.510742,0,0,0,0,0,0,0,0,0
29.01.2019,8300.000000,8350.000000,8300.000000,8350.000000,7535.560059,369,0,0,0,0,0,0,0,0
30.01.2019,8270.000000,8270.000000,8200.000000,8200.000000,7400.190918,198,0,0,0,0,0,0,0,0
31.01.2019,8200.000000,8200.000000,8060.000000,8060.000000,7273.846191,574,0,0,0,0,0,0,0,0
01.02.2019,8060.000000,8060.000000,7930.000000,7930.000000,7156.525879,650,0,0,0,0,0,0,0,0
04.02.2019,7980.000000,8050.000000,7980.000000,7980.000000,7201.648926,985,0,0,0,0,0,0,0,0
05.02.2019,7980.000000,8140.000000,7980.000000,8070.000000,7282.870605,356,0,0,0,0,0,0,0,0
06.02.2019,8100.000000,8100.000000,7980.000000,8050.000000,7264.821777,273,0,0,0,0,0,0,0,0
07.02.2019,7990.000000,7990.000000,7970.000000,7970.000000,7192.624512,600,0,0,0,0,0,0,0,0
08.02.2019,7940.000000,7950.000000,7900.000000,7910.000000,7138.477051,789,0,0,0,0,0,0,0,0
12.02.2019,7910.000000,7910.000000,7910.000000,7910.000000,7138.477051,0,0,0,0,0,0,0,0,0
13.02.2019,7980.000000,7980.000000,7970.000000,7970.000000,7192.624512,12,0,0,0,0,0,0,0,0
14.02.2019,7980.000000,8040.000000,7980.000000,8000.000000,7219.698242,396,0,0,0,0,0,0,0,0
15.02.2019,8000.000000,8000.000000,8000.000000,8000.000000,7219.698242,0,0,0,0,0,0,0,0,0
18.02.2019,8130.000000,8130.000000,8070.000000,8070.000000,7282.870605,308,0,0,0,0,0,0,0,0
19.02.2019,8120.000000,8200.000000,8120.000000,8180.000000,7382.141602,177,0,0,0,0,0,0,0,0
20.02.2019,8180.000000,8280.000000,8180.000000,8280.000000,7472.387695,43,0,0,0,0,0,0,0,0
21.02.2019,8280.000000,8300.000000,8260.000000,8260.000000,7454.338867,831,0,0,0,0,0,0,0,0
22.02.2019,8340.000000,8340.000000,8240.000000,8240.000000,7436.290039,111,0,0,0,0,0,0,0,0
25.02.2019,8240.000000,8270.000000,8240.000000,8270.000000,7463.363281,66,0,0,0,0,0,0,0,0
26.02.2019,8400.000000,8420.000000,8400.000000,8420.000000,7598.732422,97,0,0,0,0,0,0,0,0
27.02.2019,8420.000000,8420.000000,8420.000000,8420.000000,7598.732422,0,0,0,0,0,0,0,0,0
28.02.2019,8350.000000,8350.000000,8350.000000,8350.000000,7535.560059,185,0,0,0,0,0,0,0,0
01.03.2019,8280.000000,8280.000000,8230.000000,8240.000000,7436.290039,5,0,0,0,0,0,0,0,0
04.03.2019,8240.000000,8240.000000,8160.000000,8160.000000,7364.092285,567,0,0,0,0,0,0,0,0
05.03.2019,8140.000000,8150.000000,8140.000000,8150.000000,7355.067871,4,0,0,0,0,0,0,0,0
06.03.2019,8130.000000,8140.000000,8130.000000,8140.000000,7346.042969,7,0,0,0,0,0,0,0,0
07.03.2019,8140.000000,8140.000000,8140.000000,8140.000000,7346.042969,0,0,0,0,0,0,0,0,0
08.03.2019,8140.000000,8140.000000,7980.000000,7980.000000,7201.648926,835,0,0,0,0,0,0,0,0
11.03.2019,7980.000000,7980.000000,7980.000000,7980.000000,7201.648926,0,0,0,0,0,0,0,0,0
12.03.2019,8310.000000,8340.000000,8270.000000,8270.000000,7463.363281,172,0,0,0,0,0,0,0,0
13.03.2019,8270.000000,8300.000000,8270.000000,8300.000000,7490.437012,2,0,0,0,0,0,0,0,0
14.03.2019,8330.000000,8350.000000,8330.000000,8350.000000,7535.560059,4,0,0,0,0,0,0,0,0
15.03.2019,8350.000000,8350.000000,8350.000000,8350.000000,7535.560059,0,0,0,0,0,0,0,0,0
18.03.2019,8410.000000,8410.000000,8310.000000,8320.000000,7508.486328,12,0,0,0,0,0,0,0,0
19.03.2019,8290.000000,8290.000000,8270.000000,8270.000000,7463.363281,2,0,0,0,0,0,0,0,0
20.03.2019,8270.000000,8270.000000,8270.000000,8270.000000,7463.363281,0,0,0,0,0,0,0,0,0
22.03.2019,8340.000000,8350.000000,8340.000000,8350.000000,7535.560059,11,0,0,0,0,0,0,0,0
25.03.2019,8400.000000,8450.000000,8400.000000,8450.000000,7625.806641,208,0,0,0,0,0,0,0,0
26.03.2019,8430.000000,8430.000000,8290.000000,8290.000000,7481.412109,261,0,0,0,0,0,0,0,0
27.03.2019,8290.000000,8290.000000,8290.000000,8290.000000,7481.412109,0,0,0,0,0,0,0,0,0
28.03.2019,8230.000000,8230.000000,8170.000000,8210.000000,7409.215332,324,0,0,0,0,0,0,0,0
29.03.2019,8230.000000,8230.000000,8170.000000,8170.000000,7373.117188,325,0,0,0,0,0,0,0,0
01.04.2019,8170.000000,8170.000000,8170.000000,8170.000000,7373.117188,0,0,0,0,0,0,0,0,0
02.04.2019,8260.000000,8260.000000,8170.000000,8170.000000,7373.117188,58,0,0,0,0,0,0,0,0
03.04.2019,8110.000000,8140.000000,8090.000000,8090.000000,7300.920410,191,0,0,0,0,0,0,0,0
04.04.2019,8060.000000,8060.000000,7980.000000,8000.000000,7219.698242,381,0,0,0,0,0,0,0,0
05.04.2019,8030.000000,8110.000000,8030.000000,8070.000000,7282.870605,164,0,0,0,0,0,0,0,0
08.04.2019,8080.000000,8100.000000,8080.000000,8090.000000,7300.920410,328,0,0,0,0,0,0,0,0
09.04.2019,8030.000000,8030.000000,7920.000000,7920.000000,7147.500977,368,0,0,0,0,0,0,0,0
10.04.2019,7900.000000,7930.000000,7870.000000,7870.000000,7102.377930,603,0,0,0,0,0,0,0,0
11.04.2019,7880.000000,7900.000000,7880.000000,7900.000000,7129.452148,15,0,0,0,0,0,0,0,0
12.04.2019,7880.000000,7900.000000,7880.000000,7900.000000,7129.452148,15,0,0,0,0,0,0,0,0
15.04.2019,7860.000000,7930.000000,7860.000000,7920.000000,7147.500977,220,0,0,0,0,0,0,0,0
16.04.2019,7920.000000,7920.000000,7810.000000,7810.000000,7048.229980,31,0,0,0,0,0,0,0,0
17.04.2019,7810.000000,7810.000000,7700.000000,7700.000000,6948.959473,122,0,0,0,0,0,0,0,0
18.04.2019,7720.000000,7720.000000,7620.000000,7620.000000,6876.762695,393,0,0,0,0,0,0,0,0
19.04.2019,7630.000000,7650.000000,7560.000000,7600.000000,6858.713379,226,0,0,0,0,0,0,0,0
22.04.2019,7600.000000,7660.000000,7550.000000,7630.000000,6885.786621,175,0,0,0,0,0,0,0,0
23.04.2019,7670.000000,7730.000000,7670.000000,7710.000000,6957.984375,908,0,0,0,0,0,0,0,0
24.04.2019,7700.000000,7700.000000,7380.000000,7380.000000,6660.171875,682,0,0,0,0,0,0,0,0
25.04.2019,7390.000000,7440.000000,7370.000000,7400.000000,6678.220703,300,0,0,0,0,0,0,0,0
26.04.2019,7370.000000,7390.000000,7340.000000,7380.000000,6660.171875,237,0,0,0,0,0,0,0,0
07.05.2019,7420.000000,7490.000000,7260.000000,7300.000000,6587.975098,347,0,0,0,0,0,0,0,0
08.05.2019,7260.000000,7260.000000,7150.000000,7190.000000,6488.703613,540,0,0,0,0,0,0,0,0
09.05.2019,7200.000000,7200.000000,6940.000000,6950.000000,6272.112793,905,0,0,0,0,0,0,0,0
10.05.2019,6960.000000,7060.000000,6950.000000,7050.000000,6362.359375,144,0,0,0,0,0,0,0,0
13.05.2019,7040.000000,7040.000000,6980.000000,7020.000000,6335.285156,23,0,0,0,0,0,0,0,0
14.05.2019,7020.000000,7020.000000,6910.000000,6940.000000,6263.088379,309,0,0,0,0,0,0,0,0
15.05.2019,6990.000000,6990.000000,6930.000000,6970.000000,6290.162598,731,0,0,0,0,0,0,0,0
16.05.2019,6980.000000,7080.000000,6980.000000,7070.000000,6380.408203,810,0,0,0,0,0,0,0,0
17.05.2019,7090.000000,7100.000000,7060.000000,7070.000000,6380.408203,132,0,0,0,0,0,0,0,0
20.05.2019,7100.000000,7120.000000,7040.000000,7060.000000,6371.384277,1003,0,0,0,0,0,0,0,0
21.05.2019,7050.000000,7100.000000,7030.000000,7040.000000,6353.334961,40,0,0,0,0,0,0,0,0
22.05.2019,7080.000000,7110.000000,7030.000000,7040.000000,6353.334961,78,0,0,0,0,0,0,0,0
23.05.2019,7030.000000,7120.000000,7020.000000,7090.000000,6398.457520,661,0,0,0,0,0,0,0,0
24.05.2019,7140.000000,7150.000000,7130.000000,7150.000000,6452.605469,38,0,0,0,0,0,0,0,0
27.05.2019,7170.000000,7250.000000,7150.000000,7250.000000,6542.851563,37,0,0,0,0,0,0,0,0
28.05.2019,7250.000000,7250.000000,7140.000000,7140.000000,6443.580566,89,0,0,0,0,0,0,0,0
29.05.2019,7060.000000,7060.000000,6960.000000,7000.000000,6317.236328,630,0,0,0,0,0,0,0,0
30.05.2019,6960.000000,6970.000000,6900.000000,6920.000000,6245.038574,942,0,0,0,0,0,0,0,0
31.05.2019,6880.000000,6940.000000,6870.000000,6910.000000,6236.014648,146,0,0,0,0,0,0,0,0
03.06.2019,6940.000000,7030.000000,6940.000000,6980.000000,6299.186523,645,0,0,0,0,0,0,0,0
04.06.2019,7060.000000,7110.000000,7050.000000,7060.000000,6371.384277,557,0,0,0,0,0,0,0,0
05.06.2019,7150.000000,7150.000000,7070.000000,7080.000000,6389.433105,217,0,0,0,0,0,0,0,0
06.06.2019,7070.000000,7080.000000,7070.000000,7080.000000,6389.433105,5,0,0,0,0,0,0,0,0
07.06.2019,7050.000000,7050.000000,7000.000000,7030.000000,6344.309570,699,0,0,0,0,0,0,0,0
10.06.2019,7100.000000,7160.000000,7100.000000,7150.000000,6452.605469,253,0,0,0,0,0,0,0,0
11.06.2019,7150.000000,7170.000000,7130.000000,7130.000000,6434.555664,382,0,0,0,0,0,0,0,0
12.06.2019,7160.000000,7160.000000,7130.000000,7130.000000,6434.555664,128,0,0,0,0,0,0,0,0
13.06.2019,7110.000000,7110.000000,7050.000000,7050.000000,6362.359375,267,0,0,0,0,0,0,0,0
14.06.2019,7090.000000,7090.000000,7020.000000,7020.000000,6335.285156,27,0,0,0,0,0,0,0,0
17.06.2019,7030.000000,7030.000000,6940.000000,6940.000000,6263.088379,298,0,0,0,0,0,0,0,0
18.06.2019,6940.000000,6940.000000,6710.000000,6740.000000,6082.595703,587,0,0,0,0,0,0,0,0
19.06.2019,6750.000000,6850.000000,6750.000000,6830.000000,6163.817383,184,0,0,0,0,0,0,0,0
20.06.2019,6870.000000,6930.000000,6870.000000,6920.000000,6245.038574,180,0,0,0,0,0,0,0,0
21.06.2019,6910.000000,6930.000000,6880.000000,6900.000000,6226.989746,376,0,0,0,0,0,0,0,0
24.06.2019,6900.000000,6900.000000,6880.000000,6890.000000,6217.965332,28,0,0,0,0,0,0,0,0
25.06.2019,6890.000000,6890.000000,6850.000000,6850.000000,6181.866699,22,0,0,0,0,0,0,0,0
26.06.2019,6770.000000,6770.000000,6690.000000,6730.000000,6073.571289,1073,0,0,0,0,0,0,0,0
27.06.2019,6720.000000,6730.000000,6660.000000,6730.000000,6073.571289,755,0,0,0,0,0,0,0,0
28.06.2019,6770.000000,6820.000000,6770.000000,6810.000000,6145.768555,306,0,0,0,0,0,0,0,0
01.07.2019,6800.000000,6920.000000,6800.000000,6920.000000,6245.038574,413,0,0,0,0,0,0,0,0
02.07.2019,6910.000000,6970.000000,6910.000000,6940.000000,6263.088379,81,0,0,0,0,0,0,0,0
03.07.2019,6930.000000,6960.000000,6900.000000,6960.000000,6281.137695,197,0,0,0,0,0,0,0,0
04.07.2019,6970.000000,7070.000000,6970.000000,7060.000000,6371.384277,182,0,0,0,0,0,0,0,0
05.07.2019,7100.000000,7100.000000,6990.000000,6990.000000,6308.211426,177,0,0,0,0,0,0,0,0
08.07.2019,7010.000000,7010.000000,6900.000000,6930.000000,6254.063965,180,0,0,0,0,0,0,0,0
09.07.2019,6900.000000,6990.000000,6870.000000,6930.000000,6254.063965,464,0,0,0,0,0,0,0,0
10.07.2019,6850.000000,6880.000000,6800.000000,6880.000000,6208.940430,1705,0,0,0,0,0,0,0,0
11.07.2019,6860.000000,6910.000000,6860.000000,6890.000000,6217.965332,1374,0,0,0,0,0,0,0,0
12.07.2019,6890.000000,6910.000000,6870.000000,6910.000000,6236.014648,20,0,0,0,0,0,0,0,0
16.07.2019,6900.000000,6900.000000,6800.000000,6810.000000,6184.251953,404,0,0,0,0,0,0,0,0
17.07.2019,6800.000000,6830.000000,6760.000000,6820.000000,6193.333008,269,0,0,0,0,0,0,0,0
18.07.2019,6900.000000,6900.000000,6640.000000,6640.000000,6029.872559,1290,0,0,0,0,0,0,0,0
19.07.2019,6660.000000,6780.000000,6640.000000,6780.000000,6157.008301,451,0,0,0,0,0,0,0,0
22.07.2019,6770.000000,6770.000000,6700.000000,6730.000000,6111.603027,91,0,0,0,0,0,0,0,0
23.07.2019,6710.000000,6710.000000,6640.000000,6690.000000,6075.277832,313,0,0,0,0,0,0,0,0
24.07.2019,6660.000000,6670.000000,6640.000000,6650.000000,6038.953125,589,0,0,0,0,0,0,0,0
25.07.2019,6660.000000,6730.000000,6660.000000,6730.000000,6111.603027,214,0,0,0,0,0,0,0,0
26.07.2019,6740.000000,6740.000000,6700.000000,6710.000000,6093.440430,181,0,0,0,0,0,0,0,0
29.07.2019,6760.000000,6820.000000,6760.000000,6810.000000,6184.251953,178,0,0,0,0,0,0,0,0
30.07.2019,6850.000000,6920.000000,6850.000000,6910.000000,6275.063477,276,0,0,0,0,0,0,0,0
31.07.2019,6900.000000,6980.000000,6880.000000,6980.000000,6338.630859,206,0,0,0,0,0,0,0,0
01.08.2019,6980.000000,6980.000000,6820.000000,6840.000000,6211.494629,385,0,0,0,0,0,0,0,0
02.08.2019,6820.000000,6820.000000,6810.000000,6810.000000,6184.251953,219,0,0,0,0,0,0,0,0
05.08.2019,6850.000000,6850.000000,6680.000000,6770.000000,6147.927246,519,0,0,0,0,0,0,0,0
06.08.2019,6610.000000,6720.000000,6610.000000,6720.000000,6102.521484,363,0,0,0,0,0,0,0,0
07.08.2019,6730.000000,6730.000000,6700.000000,6700.000000,6084.359863,95,0,0,0,0,0,0,0,0
08.08.2019,6820.000000,6820.000000,6710.000000,6720.000000,6102.521484,160,0,0,0,0,0,0,0,0
09.08.2019,6790.000000,6810.000000,6790.000000,6790.000000,6166.089844,148,0,0,0,0,0,0,0,0
13.08.2019,6780.000000,6780.000000,6670.000000,6760.000000,6138.846191,299,0,0,0,0,0,0,0,0
14.08.2019,6790.000000,6790.000000,6690.000000,6700.000000,6084.359863,110,0,0,0,0,0,0,0,0
15.08.2019,6630.000000,6700.000000,6630.000000,6690.000000,6075.277832,293,0,0,0,0,0,0,0,0
16.08.2019,6690.000000,6710.000000,6660.000000,6710.000000,6093.440430,601,0,0,0,0,0,0,0,0
19.08.2019,6740.000000,6760.000000,6740.000000,6760.000000,6138.846191,375,0,0,0,0,0,0,0,0
20.08.2019,6800.000000,6800.000000,6740.000000,6740.000000,6120.683594,386,0,0,0,0,0,0,0,0
21.08.2019,6710.000000,6710.000000,6600.000000,6650.000000,6038.953125,603,0,0,0,0,0,0,0,0
22.08.2019,6630.000000,6650.000000,6610.000000,6640.000000,6029.872559,20,0,0,0,0,0,0,0,0
23.08.2019,6640.000000,6650.000000,6630.000000,6650.000000,6038.953125,46,0,0,0,0,0,0,0,0
26.08.2019,6600.000000,6600.000000,6500.000000,6600.000000,5993.547852,1234,0,0,0,0,0,0,0,0
27.08.2019,6560.000000,6650.000000,6560.000000,6630.000000,6020.791016,156,1,100000,0,0,0,0,0,0
28.08.2019,6650.000000,6700.000000,6650.000000,6700.000000,6084.359863,59,0,0,0,0,0,0,0,0
29.08.2019,6700.000000,6720.000000,6690.000000,6700.000000,6084.359863,221,0,0,0,0,0,0,0,0
30.08.2019,6750.000000,6790.000000,6730.000000,6790.000000,6166.089844,135,0,0,0,0,0,0,0,0
02.09.2019,6770.000000,6770.000000,6770.000000,6770.000000,6147.927246,100,0,0,0,0,0,0,0,0
03.09.2019,6770.000000,6850.000000,6770.000000,6830.000000,6202.414063,194,0,0,0,0,0,0,0,0
04.09.2019,6830.000000,6840.000000,6830.000000,6840.000000,6211.494629,103,0,0,0,0,0,0,0,0
05.09.2019,6810.000000,6880.000000,6810.000000,6880.000000,6247.819824,152,1,10000,0,0,0,0,0,0
06.09.2019,6770.000000,6770.000000,6690.000000,6700.000000,6084.359863,936,0,0,0,0,0,0,0,0
09.09.2019,6680.000000,6710.000000,6660.000000,6700.000000,6084.359863,321,0,0,0,0,0,0,0,0
10.09.2019,6730.000000,6730.000000,6660.000000,6670.000000,6057.115723,382,0,0,0,0,0,0,0,0
11.09.2019,6710.000000,6880.000000,6710.000000,6860.000000,6229.656738,393,0,0,0,0,0,0,0,0
12.09.2019,6930.000000,7010.000000,6930.000000,7010.000000,6365.874512,486,0,0,0,0,0,0,0,0
13.09.2019,7020.000000,7090.000000,6990.000000,7080.000000,6429.442383,260,0,0,0,0,0,0,0,0
17.09.2019,7080.000000,7100.000000,7070.000000,7080.000000,6429.442383,26,0,0,0,0,0,0,0,0
18.09.2019,7090.000000,7150.000000,7090.000000,7140.000000,6483.929199,177,0,0,0,0,0,0,0,0
19.09.2019,7140.000000,7350.000000,7140.000000,7250.000000,6583.821777,403,0,0,0,0,0,0,0,0
20.09.2019,7260.000000,7270.000000,7220.000000,7220.000000,6556.578613,22,0,0,0,0,0,0,0,0
24.09.2019,7200.000000,7320.000000,7200.000000,7270.000000,6601.983887,116,0,0,0,0,0,0,0,0
25.09.2019,7310.000000,7370.000000,7310.000000,7370.000000,6692.795410,208,0,0,0,0,0,0,0,0
26.09.2019,7390.000000,7400.000000,7340.000000,7340.000000,6665.551270,81,0,0,0,0,0,0,0,0
27.09.2019,7310.000000,7310.000000,7100.000000,7140.000000,6483.929199,569,0,0,0,0,0,0,0,0
30.09.2019,7140.000000,7140.000000,6930.000000,6940.000000,6302.306641,369,0,0,0,0,0,0,0,0
01.10.2019,6950.000000,7120.000000,6950.000000,7060.000000,6411.280762,368,0,0,0,0,0,0,0,0
02.10.2019,7050.000000,7220.000000,7050.000000,7190.000000,6529.334473,108,0,0,0,0,0,0,0,0
03.10.2019,7200.000000,7200.000000,7060.000000,7140.000000,6483.929199,17,0,0,0,0,0,0,0,0
04.10.2019,7090.000000,7140.000000,7080.000000,7140.000000,6483.929199,133,0,0,0,0,0,0,0,0
07.10.2019,7160.000000,7160.000000,7100.000000,7100.000000,6447.604492,88,0,0,0,0,0,0,0,0
08.10.2019,7140.000000,7140.000000,7140.000000,7140.000000,6483.929199,1,1,9100000,1,9100000,1,9100000,0,0
09.10.2019,7110.000000,7130.000000,7110.000000,7120.000000,6465.767090,25,0,0,0,0,0,0,0,0
10.10.2019,7120.000000,7140.000000,7050.000000,7070.000000,6420.361328,19,0,0,0,0,0,0,0,0
11.10.2019,7070.000000,7100.000000,7070.000000,7100.000000,6447.604492,71,0,0,0,0,0,0,0,0
15.10.2019,7100.000000,7230.000000,7100.000000,7180.000000,6520.253906,125,1,17000000,1,17000000,1,17000000,1,17000000
16.10.2019,7280.000000,7280.000000,7150.000000,7150.000000,6493.010254,145,0,0,0,0,0,0,0,0
17.10.2019,7190.000000,7190.000000,7070.000000,7070.000000,6420.361328,270,0,0,0,0,0,0,0,0
18.10.2019,7110.000000,7110.000000,7090.000000,7090.000000,6438.523438,51,0,0,0,0,0,0,0,0
21.10.2019,7090.000000,7160.000000,7090.000000,7160.000000,6502.091309,106,0,0,0,0,0,0,0,0
23.10.2019,7140.000000,7220.000000,7140.000000,7220.000000,6556.578613,264,0,0,0,0,0,0,0,0
24.10.2019,7200.000000,7250.000000,7200.000000,7220.000000,6556.578613,100,0,0,0,0,0,0,0,0
25.10.2019,7200.000000,7210.000000,7200.000000,7210.000000,6547.497559,7,0,0,0,0,0,0,0,0
28.10.2019,7200.000000,7200.000000,7170.000000,7170.000000,6511.172363,3,0,0,0,0,0,0,0,0
29.10.2019,7190.000000,7190.000000,7140.000000,7140.000000,6483.929199,54,0,0,0,0,0,0,0,0
30.10.2019,7160.000000,7190.000000,7140.000000,7140.000000,6483.929199,174,0,0,0,0,0,0,0,0
31.10.2019,7100.000000,7110.000000,7060.000000,7110.000000,6456.685547,80,0,0,0,0,0,0,0,0
01.11.2019,7110.000000,7170.000000,7090.000000,7170.000000,6511.172363,112,0,0,0,0,0,0,0,0
05.11.2019,7130.000000,7130.000000,7100.000000,7130.000000,6474.847656,34,0,0,0,0,0,0,0,0
06.11.2019,7160.000000,7160.000000,7160.000000,7160.000000,6502.091309,75,0,0,0,0,0,0,0,0
07.11.2019,7140.000000,7140.000000,7140.000000,7140.000000,6483.929199,20,0,0,0,0,0,0,0,0
08.11.2019,7120.000000,7120.000000,7090.000000,7090.000000,6438.523438,284,0,0,0,0,0,0,0,0
11.11.2019,7110.000000,7120.000000,7100.000000,7110.000000,6456.685547,11,0,0,0,0,0,0,0,0
12.11.2019,7080.000000,7080.000000,7020.000000,7040.000000,6393.118164,31,0,0,0,0,0,0,0,0
13.11.2019,7010.000000,7020.000000,6960.000000,6970.000000,6329.550293,99,0,0,0,0,0,0,0,0
14.11.2019,6960.000000,6960.000000,6850.000000,6850.000000,6220.576172,276,0,0,0,0,0,0,0,0
15.11.2019,6890.000000,6930.000000,6890.000000,6910.000000,6275.063477,104,0,0,0,0,0,0,0,0
18.11.2019,6900.000000,6910.000000,6870.000000,6870.000000,6238.738770,154,0,0,0,0,0,0,0,0
19.11.2019,6920.000000,6920.000000,6840.000000,6870.000000,6238.738770,26,0,0,0,0,0,0,0,0
20.11.2019,6840.000000,6890.000000,6810.000000,6810.000000,6184.251953,92,0,0,0,0,0,0,0,0
21.11.2019,6840.000000,6890.000000,6790.000000,6890.000000,6256.900879,214,0,0,0,0,0,0,0,0
22.11.2019,6890.000000,6890.000000,6820.000000,6820.000000,6193.333008,65,0,0,0,0,0,0,0,0
25.11.2019,6860.000000,6900.000000,6860.000000,6900.000000,6265.981934,119,0,0,0,0,0,0,0,0
26.11.2019,6910.000000,6980.000000,6910.000000,6960.000000,6320.468750,318,0,0,0,0,0,0,0,0
27.11.2019,6910.000000,6980.000000,6910.000000,6960.000000,6320.468750,318,0,0,0,0,0,0,0,0
28.11.2019,6980.000000,6980.000000,6900.000000,6950.000000,6311.387695,150,0,0,0,0,0,0,0,0
29.11.2019,6950.000000,6990.000000,6940.000000,6940.000000,6302.306641,153,0,0,0,0,0,0,0,0
02.12.2019,6980.000000,7010.000000,6980.000000,7000.000000,6356.793457,255,0,0,0,0,0,0,0,0
03.12.2019,6960.000000,6960.000000,6890.000000,6900.000000,6265.981934,313,0,0,0,0,0,0,0,0
04.12.2019,6950.000000,6990.000000,6950.000000,6990.000000,6347.712402,247,0,0,0,0,0,0,0,0
05.12.2019,6950.000000,6990.000000,6950.000000,6990.000000,6347.712402,247,0,0,0,0,0,0,0,0
06.12.2019,6990.000000,7040.000000,6990.000000,7010.000000,6365.874512,4610,0,0,0,0,0,0,0,0
09.12.2019,7020.000000,7020.000000,6990.000000,7000.000000,6356.793457,206,0,0,0,0,0,0,0,0
10.12.2019,7000.000000,7000.000000,6910.000000,6910.000000,6275.063477,102,0,0,0,0,0,0,0,0
11.12.2019,6920.000000,7000.000000,6920.000000,6970.000000,6329.550293,390,0,0,0,0,0,0,0,0
12.12.2019,6990.000000,7010.000000,6980.000000,6980.000000,6338.630859,93,0,0,0,0,0,0,0,0
13.12.2019,7080.000000,7140.000000,7060.000000,7130.000000,6474.847656,188,0,0,0,0,0,0,0,0
16.12.2019,7130.000000,7590.000000,7070.000000,7290.000000,6620.146484,4452,0,0,0,0,0,0,0,0
17.12.2019,7190.000000,7240.000000,7190.000000,7240.000000,6574.740723,312,0,0,0,0,0,0,0,0
18.12.2019,7190.000000,7240.000000,7190.000000,7240.000000,6574.740723,312,0,0,0,0,0,0,0,0
19.12.2019,7200.000000,7200.000000,7200.000000,7200.000000,6538.416016,1,0,0,0,0,0,0,0,0
20.12.2019,7200.000000,7200.000000,7200.000000,7200.000000,6538.416016,1,0,0,0,0,0,0,0,0
23.12.2019,7120.000000,7120.000000,7060.000000,7060.000000,6411.280762,483,0,0,0,0,0,0,0,0
24.12.2019,7080.000000,7080.000000,7020.000000,7020.000000,6374.955566,36,0,0,0,0,0,0,0,0
25.12.2019,7010.000000,7010.000000,6980.000000,6980.000000,6338.630859,44,0,0,0,0,0,0,0,0
26.12.2019,6970.000000,6990.000000,6970.000000,6990.000000,6347.712402,261,0,0,0,0,0,0,0,0
27.12.2019,6990.000000,7080.000000,6990.000000,7060.000000,6411.280762,535,0,0,0,0,0,0,0,0
30.12.2019,7050.000000,7050.000000,7010.000000,7010.000000,6365.874512,195,0,0,0,0,0,0,0,0
06.01.2020,6970.000000,6970.000000,6840.000000,6880.000000,6247.819824,416,0,0,0,0,0,0,0,0
07.01.2020,6970.000000,6970.000000,6900.000000,6950.000000,6311.387695,14,0,0,0,0,0,0,0,0
08.01.2020,6890.000000,6890.000000,6880.000000,6880.000000,6247.819824,3,0,0,0,0,0,0,0,0
09.01.2020,6890.000000,6890.000000,6880.000000,6880.000000,6247.819824,3,0,0,0,0,0,0,0,0
10.01.2020,6880.000000,6880.000000,6790.000000,6810.000000,6184.251953,294,0,0,0,0,0,0,0,0
14.01.2020,6730.000000,6730.000000,6700.000000,6700.000000,6084.359863,234,0,0,0,0,0,0,0,0
15.01.2020,6730.000000,6730.000000,6700.000000,6700.000000,6084.359863,234,0,0,0,0,0,0,0,0
16.01.2020,6700.000000,6740.000000,6700.000000,6740.000000,6120.683594,5,0,0,0,0,0,0,0,0
17.01.2020,6750.000000,6750.000000,6640.000000,6670.000000,6057.115723,508,0,0,0,0,0,0,0,0
20.01.2020,6670.000000,6730.000000,6670.000000,6730.000000,6111.603027,52,0,0,0,0,0,0,0,0
21.01.2020,6730.000000,6750.000000,6700.000000,6710.000000,6093.440430,75,0,0,0,0,0,0,0,0
22.01.2020,6690.000000,6710.000000,6670.000000,6670.000000,6057.115723,27,0,0,0,0,0,0,0,0
23.01.2020,6630.000000,6680.000000,6600.000000,6620.000000,6011.710449,276,0,0,0,0,0,0,0,0
24.01.2020,6610.000000,6670.000000,6590.000000,6590.000000,5984.467285,332,0,0,0,0,0,0,0,0
27.01.2020,6550.000000,6580.000000,6540.000000,6550.000000,5948.142578,111,0,0,0,0,0,0,0,0
28.01.2020,6590.000000,6600.000000,6570.000000,6570.000000,5966.304688,126,0,0,0,0,0,0,0,0
29.01.2020,6560.000000,6600.000000,6560.000000,6600.000000,5993.547852,149,0,0,0,0,0,0,0,0
30.01.2020,6560.000000,6600.000000,6560.000000,6600.000000,5993.547852,149,0,0,0,0,0,0,0,0
31.01.2020,6600.000000,6660.000000,6600.000000,6600.000000,5993.547852,212,0,0,0,0,0,0,0,0
03.02.2020,6600.000000,6720.000000,6580.000000,6720.000000,6102.521484,186,0,0,0,0,0,0,0,0
04.02.2020,6720.000000,6750.000000,6690.000000,6740.000000,6120.683594,181,0,0,0,0,0,0,0,0
05.02.2020,6740.000000,6890.000000,6740.000000,6890.000000,6256.900879,179,0,0,0,0,0,0,0,0
06.02.2020,6830.000000,6830.000000,6800.000000,6820.000000,6193.333008,47,0,0,0,0,0,0,0,0
07.02.2020,6830.000000,6830.000000,6800.000000,6820.000000,6193.333008,47,0,0,0,0,0,0,0,0
10.02.2020,6820.000000,6820.000000,6820.000000,6820.000000,6193.333008,0,0,0,0,0,0,0,0,0
12.02.2020,6660.000000,6660.000000,6600.000000,6660.000000,6048.034668,818,0,0,0,0,0,0,0,0
13.02.2020,6650.000000,6660.000000,6650.000000,6650.000000,6038.953125,10,0,0,0,0,0,0,0,0
14.02.2020,6650.000000,6660.000000,6650.000000,6650.000000,6038.953125,10,0,0,0,0,0,0,0,0
17.02.2020,6650.000000,6650.000000,6610.000000,6610.000000,6002.628906,13,0,0,0,0,0,0,0,0
18.02.2020,6580.000000,6660.000000,6580.000000,6660.000000,6048.034668,38,0,0,0,0,0,0,0,0
19.02.2020,6580.000000,6660.000000,6580.000000,6660.000000,6048.034668,38,0,0,0,0,0,0,0,0
20.02.2020,6590.000000,6650.000000,6580.000000,6640.000000,6029.872559,82,0,0,0,0,0,0,0,0
21.02.2020,6590.000000,6650.000000,6580.000000,6640.000000,6029.872559,82,0,0,0,0,0,0,0,0
25.02.2020,6500.000000,6520.000000,6440.000000,6480.000000,5884.574219,532,0,0,0,0,0,0,0,0
26.02.2020,6400.000000,6430.000000,6400.000000,6410.000000,5821.006836,322,0,0,0,0,0,0,0,0
27.02.2020,6410.000000,6410.000000,6300.000000,6300.000000,5721.113770,289,0,0,0,0,0,0,0,0
28.02.2020,6200.000000,6210.000000,6060.000000,6110.000000,5548.572754,279,0,0,0,0,0,0,0,0
02.03.2020,6030.000000,6110.000000,5920.000000,6080.000000,5521.329590,557,0,0,0,0,0,0,0,0
03.03.2020,6170.000000,6170.000000,6080.000000,6080.000000,5521.329590,83,0,0,0,0,0,0,0,0
04.03.2020,6050.000000,6060.000000,5990.000000,6000.000000,5448.680176,746,0,0,0,0,0,0,0,0
05.03.2020,6110.000000,6180.000000,6110.000000,6180.000000,5612.139648,47,0,0,0,0,0,0,0,0
06.03.2020,6070.000000,6080.000000,6040.000000,6070.000000,5512.248047,364,0,0,0,0,0,0,0,0
09.03.2020,6000.000000,6010.000000,5800.000000,5810.000000,5276.138672,694,0,0,0,0,0,0,0,0
10.03.2020,5780.000000,5880.000000,5650.000000,5880.000000,5339.706543,265,0,0,0,0,0,0,0,0
11.03.2020,5880.000000,6000.000000,5880.000000,5980.000000,5430.517578,1107,0,0,0,0,0,0,0,0
12.03.2020,5950.000000,5960.000000,5710.000000,5810.000000,5276.138672,500,0,0,0,0,0,0,0,0
13.03.2020,5620.000000,5620.000000,5360.000000,5580.000000,5067.272461,342,0,0,0,0,0,0,0,0
16.03.2020,5440.000000,5610.000000,5400.000000,5400.000000,4903.812012,2018,0,0,0,0,0,0,0,0
17.03.2020,5380.000000,5850.000000,5340.000000,5850.000000,5312.463379,681,0,0,0,0,0,0,0,0
18.03.2020,5910.000000,6100.000000,5830.000000,5830.000000,5294.300781,881,0,0,0,0,0,0,0,0
19.03.2020,5840.000000,6230.000000,5840.000000,6060.000000,5503.166992,255,0,0,0,0,0,0,0,0
23.03.2020,5980.000000,6000.000000,5910.000000,5910.000000,5366.949707,340,0,0,0,0,0,0,0,0
24.03.2020,6090.000000,6090.000000,5940.000000,5950.000000,5403.273926,223,0,0,0,0,0,0,0,0
25.03.2020,6110.000000,6250.000000,6080.000000,6190.000000,5621.221680,580,0,0,0,0,0,0,0,0
26.03.2020,6190.000000,6310.000000,6130.000000,6290.000000,5712.033203,2267,0,0,0,0,0,0,0,0
27.03.2020,6360.000000,6600.000000,6360.000000,6600.000000,5993.547852,479,0,0,0,0,0,0,0,0
30.03.2020,6600.000000,6820.000000,6540.000000,6820.000000,6193.333008,420,0,0,0,0,0,0,0,0
31.03.2020,6800.000000,6840.000000,6710.000000,6710.000000,6093.440430,80,0,0,0,0,0,0,0,0
01.04.2020,6610.000000,6650.000000,6460.000000,6460.000000,5866.412109,60,0,0,0,0,0,0,0,0
02.04.2020,6460.000000,6490.000000,6340.000000,6340.000000,5757.438477,115,0,0,0,0,0,0,0,0
03.04.2020,6650.000000,6650.000000,6250.000000,6460.000000,5866.412109,28,0,0,0,0,0,0,0,0
06.04.2020,6460.000000,6460.000000,6460.000000,6460.000000,5866.412109,0,0,0,0,0,0,0,0,0
07.04.2020,6510.000000,6510.000000,6500.000000,6500.000000,5902.736816,52,0,0,0,0,0,0,0,0
08.04.2020,6480.000000,6590.000000,6480.000000,6590.000000,5984.467285,236,0,0,0,0,0,0,0,0
09.04.2020,6590.000000,6590.000000,6590.000000,6590.000000,5984.467285,0,0,0,0,0,0,0,0,0
10.04.2020,6630.000000,6630.000000,6590.000000,6590.000000,5984.467285,6,0,0,0,0,0,0,0,0
13.04.2020,6690.000000,6690.000000,6580.000000,6580.000000,5975.386230,23,0,0,0,0,0,0,0,0
14.04.2020,6620.000000,6740.000000,6620.000000,6640.000000,6029.872559,44,0,0,0,0,0,0,0,0
15.04.2020,6640.000000,6700.000000,6640.000000,6700.000000,6084.359863,23,0,0,0,0,0,0,0,0
16.04.2020,6700.000000,6890.000000,6700.000000,6740.000000,6120.683594,662,0,0,0,0,0,0,0,0
17.04.2020,6860.000000,6860.000000,6770.000000,6780.000000,6157.008301,30,0,0,0,0,0,0,0,0
20.04.2020,6680.000000,6680.000000,6650.000000,6650.000000,6038.953125,56,0,0,0,0,0,0,0,0
21.04.2020,6620.000000,6670.000000,6620.000000,6670.000000,6057.115723,4,0,0,0,0,0,0,0,0
22.04.2020,6670.000000,6690.000000,6670.000000,6690.000000,6075.277832,76,0,0,0,0,0,0,0,0
23.04.2020,6790.000000,6850.000000,6790.000000,6850.000000,6220.576172,76,0,0,0,0,0,0,0,0
24.04.2020,6640.000000,6700.000000,6620.000000,6640.000000,6029.872559,149,0,0,0,0,0,0,0,0
27.04.2020,6730.000000,6730.000000,6600.000000,6600.000000,5993.547852,24,0,0,0,0,0,0,0,0
28.04.2020,6600.000000,6650.000000,6570.000000,6650.000000,6038.953125,26,0,0,0,0,0,0,0,0
30.04.2020,6520.000000,6570.000000,6450.000000,6450.000000,5857.330566,128,0,0,0,0,0,0,0,0
01.05.2020,6550.000000,6550.000000,6400.000000,6400.000000,5811.925293,103,0,0,0,0,0,0,0,0
07.05.2020,6500.000000,6500.000000,6260.000000,6400.000000,5811.925293,86,0,0,0,0,0,0,0,0
08.05.2020,6440.000000,6550.000000,6440.000000,6550.000000,5948.142578,6,0,0,0,0,0,0,0,0
11.05.2020,6550.000000,6550.000000,6550.000000,6550.000000,5948.142578,1,0,0,0,0,0,0,0,0
12.05.2020,6550.000000,6550.000000,6550.000000,6550.000000,5948.142578,5,0,0,0,0,0,0,0,0
13.05.2020,6610.000000,6610.000000,6550.000000,6550.000000,5948.142578,6,0,0,0,0,0,0,0,0
14.05.2020,6550.000000,6600.000000,6430.000000,6540.000000,5939.061523,199,0,0,0,0,0,0,0,0
15.05.2020,6530.000000,6560.000000,6420.000000,6550.000000,5948.142578,452,0,0,0,0,0,0,0,0
18.05.2020,6450.000000,6500.000000,6400.000000,6490.000000,5893.655273,118,0,0,0,0,0,0,0,0
19.05.2020,6650.000000,6650.000000,6400.000000,6540.000000,5939.061523,41,0,0,0,0,0,0,0,0
20.05.2020,6460.000000,6540.000000,6460.000000,6460.000000,5866.412109,6,0,0,0,0,0,0,0,0
21.05.2020,6500.000000,6500.000000,6460.000000,6460.000000,5866.412109,2,0,0,0,0,0,0,0,0
22.05.2020,6500.000000,6500.000000,6430.000000,6430.000000,5839.168457,65,0,0,0,0,0,0,0,0
25.05.2020,6430.000000,6490.000000,6370.000000,6450.000000,5857.330566,33,0,0,0,0,0,0,0,0
26.05.2020,6510.000000,6510.000000,6360.000000,6420.000000,5830.087402,653,0,0,0,0,0,0,0,0
27.05.2020,6450.000000,6590.000000,6450.000000,6590.000000,5984.467285,64,0,0,0,0,0,0,0,0
28.05.2020,6670.000000,6700.000000,6610.000000,6610.000000,6002.628906,105,0,0,0,0,0,0,0,0
29.05.2020,6640.000000,6700.000000,6610.000000,6610.000000,6002.628906,418,0,0,0,0,0,0,0,0
01.06.2020,6630.000000,6720.000000,6630.000000,6720.000000,6102.521484,26,0,0,0,0,0,0,0,0
02.06.2020,6710.000000,6730.000000,6700.000000,6710.000000,6093.440430,21,0,0,0,0,0,0,0,0
03.06.2020,6760.000000,6760.000000,6680.000000,6680.000000,6066.196777,456,0,0,0,0,0,0,0,0
04.06.2020,6660.000000,6660.000000,6600.000000,6610.000000,6002.628906,257,0,0,0,0,0,0,0,0
05.06.2020,6570.000000,6610.000000,6570.000000,6590.000000,5984.467285,326,0,0,0,0,0,0,0,0
08.06.2020,6680.000000,6680.000000,6590.000000,6630.000000,6020.791016,67,0,0,0,0,0,0,0,0
09.06.2020,6700.000000,6720.000000,6680.000000,6720.000000,6102.521484,37,0,0,0,0,0,0,0,0
10.06.2020,6670.000000,6680.000000,6640.000000,6640.000000,6029.872559,41,0,0,0,0,0,0,0,0
11.06.2020,6570.000000,6640.000000,6560.000000,6580.000000,5975.386230,366,0,0,0,0,0,0,0,0
12.06.2020,6550.000000,6590.000000,6410.000000,6410.000000,5821.006836,476,0,0,0,0,0,0,0,0
15.06.2020,6570.000000,6590.000000,6560.000000,6560.000000,5957.224121,23,0,0,0,0,0,0,0,0
16.06.2020,6510.000000,6550.000000,6440.000000,6530.000000,5929.980469,203,0,0,0,0,0,0,0,0
17.06.2020,6580.000000,6580.000000,6580.000000,6580.000000,5975.386230,51,0,0,0,0,0,0,0,0
18.06.2020,6520.000000,6520.000000,6450.000000,6470.000000,5875.493164,180,0,0,0,0,0,0,0,0
19.06.2020,6530.000000,6530.000000,6530.000000,6530.000000,5929.980469,10,0,0,0,0,0,0,0,0
22.06.2020,6510.000000,6520.000000,6470.000000,6470.000000,5875.493164,42,0,0,0,0,0,0,0,0
23.06.2020,6470.000000,6500.000000,6420.000000,6470.000000,5875.493164,383,0,0,0,0,0,0,0,0
24.06.2020,6430.000000,6430.000000,6360.000000,6360.000000,5775.600586,993,0,0,0,0,0,0,0,0
25.06.2020,6380.000000,6390.000000,6340.000000,6350.000000,5766.520020,288,0,0,0,0,0,0,0,0
26.06.2020,6380.000000,6420.000000,6380.000000,6420.000000,5830.087402,150,0,0,0,0,0,0,0,0
29.06.2020,6420.000000,6420.000000,6410.000000,6410.000000,5821.006836,31,1,5800000,1,5800000,1,5800000,0,0
30.06.2020,6410.000000,6460.000000,6410.000000,6420.000000,5830.087402,21,0,0,0,0,0,0,0,0
01.07.2020,6500.000000,6500.000000,6290.000000,6290.000000,5712.033203,532,0,0,0,0,0,0,0,0
02.07.2020,6360.000000,6360.000000,6300.000000,6310.000000,5730.195313,324,0,0,0,0,0,0,0,0
03.07.2020,6360.000000,6360.000000,6320.000000,6320.000000,5739.276367,353,0,0,0,0,0,0,0,0
06.07.2020,6330.000000,6450.000000,6330.000000,6450.000000,5857.330566,93,0,0,0,0,0,0,0,0
07.07.2020,6380.000000,6380.000000,6330.000000,6330.000000,5748.357422,389,0,0,0,0,0,0,0,0
08.07.2020,6410.000000,6440.000000,6330.000000,6330.000000,5748.357422,37,0,0,0,0,0,0,0,0
09.07.2020,6310.000000,6420.000000,6290.000000,6370.000000,5784.682129,905,0,0,0,0,0,0,0,0
10.07.2020,6360.000000,6380.000000,6310.000000,6320.000000,5739.276367,11,0,0,0,0,0,0,0,0
13.07.2020,6400.000000,6450.000000,6390.000000,6390.000000,5802.844238,50,0,0,0,0,0,0,0,0
14.07.2020,6300.000000,6300.000000,6220.000000,6220.000000,5648.464844,50,0,0,0,0,0,0,0,0
15.07.2020,6300.000000,6380.000000,6290.000000,6290.000000,5849.332520,20,0,0,0,0,0,0,0,0
16.07.2020,6300.000000,6370.000000,6180.000000,6180.000000,5747.038086,152,0,0,0,0,0,0,0,0
17.07.2020,6210.000000,6260.000000,6210.000000,6210.000000,5774.937012,17,0,0,0,0,0,0,0,0
20.07.2020,6230.000000,6260.000000,6190.000000,6260.000000,5821.434082,35,0,0,0,0,0,0,0,0
21.07.2020,6210.000000,6210.000000,6130.000000,6130.000000,5700.541504,828,0,0,0,0,0,0,0,0
22.07.2020,6180.000000,6200.000000,6150.000000,6150.000000,5719.140137,13,0,0,0,0,0,0,0,0
27.07.2020,6130.000000,6230.000000,6110.000000,6190.000000,5756.338379,116,0,0,0,0,0,0,0,0
28.07.2020,6190.000000,6190.000000,6130.000000,6130.000000,5700.541504,33,0,0,0,0,0,0,0,0
29.07.2020,6160.000000,6200.000000,5980.000000,5980.000000,5561.050293,246,0,0,0,0,0,0,0,0
30.07.2020,6080.000000,6080.000000,5780.000000,5780.000000,5375.062012,480,0,0,0,0,0,0,0,0
31.07.2020,5800.000000,5820.000000,5680.000000,5680.000000,5282.067871,186,0,0,0,0,0,0,0,0
03.08.2020,5750.000000,5820.000000,5740.000000,5790.000000,5384.361816,34,0,0,0,0,0,0,0,0
04.08.2020,5810.000000,5860.000000,5790.000000,5850.000000,5440.158203,53,0,0,0,0,0,0,0,0
05.08.2020,5820.000000,5820.000000,5720.000000,5750.000000,5347.164063,663,0,0,0,0,0,0,0,0
06.08.2020,5790.000000,5790.000000,5720.000000,5720.000000,5319.265625,102,0,0,0,0,0,0,0,0
07.08.2020,5720.000000,5770.000000,5720.000000,5750.000000,5347.164063,253,0,0,0,0,0,0,0,0
11.08.2020,5820.000000,5930.000000,5800.000000,5900.000000,5486.655273,897,0,0,0,0,0,0,0,0
12.08.2020,5990.000000,6100.000000,5920.000000,6070.000000,5644.745117,532,0,0,0,0,0,0,0,0
13.08.2020,6090.000000,6090.000000,6000.000000,6080.000000,5654.044922,1214,0,0,0,0,0,0,0,0
14.08.2020,6080.000000,6110.000000,6080.000000,6110.000000,5681.942871,86,0,0,0,0,0,0,0,0
17.08.2020,6090.000000,6100.000000,6030.000000,6030.000000,5607.547852,106,0,0,0,0,0,0,0,0
18.08.2020,6030.000000,6030.000000,5960.000000,6020.000000,5598.248535,192,0,0,0,0,0,0,0,0
19.08.2020,5990.000000,6040.000000,5990.000000,6040.000000,5616.847168,23,0,0,0,0,0,0,0,0
20.08.2020,6040.000000,6040.000000,6040.000000,6040.000000,5616.847168,0,0,0,0,0,0,0,0,0
21.08.2020,6060.000000,6060.000000,5970.000000,5970.000000,5551.750977,184,0,0,0,0,0,0,0,0
24.08.2020,6010.000000,6030.000000,5970.000000,5970.000000,5551.750977,35,0,0,0,0,0,0,0,0
25.08.2020,6070.000000,6080.000000,6040.000000,6040.000000,5616.847168,420,0,0,0,0,0,0,0,0
26.08.2020,6000.000000,6000.000000,5980.000000,6000.000000,5579.649414,7,0,0,0,0,0,0,0,0
27.08.2020,6000.000000,6000.000000,5950.000000,5950.000000,5533.151855,63,0,0,0,0,0,0,0,0
28.08.2020,6010.000000,6060.000000,5940.000000,5970.000000,5551.750977,1134,0,0,0,0,0,0,0,0
31.08.2020,6000.000000,6090.000000,6000.000000,6000.000000,5579.649414,194,0,0,0,0,0,0,0,0
01.09.2020,5990.000000,6020.000000,5990.000000,6020.000000,5598.248535,167,0,0,0,0,0,0,0,0
02.09.2020,5990.000000,6060.000000,5980.000000,6060.000000,5635.445801,84,0,0,0,0,0,0,0,0
03.09.2020,6070.000000,6070.000000,6050.000000,6060.000000,5635.445801,15,0,0,0,0,0,0,0,0
04.09.2020,6020.000000,6030.000000,6020.000000,6020.000000,5598.248535,55,0,0,0,0,0,0,0,0
07.09.2020,6020.000000,6020.000000,5950.000000,5950.000000,5533.151855,412,0,0,0,0,0,0,0,0
08.09.2020,5940.000000,5950.000000,5900.000000,5940.000000,5523.853027,370,0,0,0,0,0,0,0,0
09.09.2020,5890.000000,5970.000000,5880.000000,5970.000000,5551.750977,22,0,0,0,0,0,0,0,0
10.09.2020,5980.000000,5990.000000,5950.000000,5990.000000,5570.349609,17,0,0,0,0,0,0,0,0
11.09.2020,6010.000000,6070.000000,6010.000000,6050.000000,5626.146484,7,0,0,0,0,0,0,0,0
14.09.2020,6090.000000,6190.000000,6090.000000,6180.000000,5747.038086,346,0,0,0,0,0,0,0,0
15.09.2020,6140.000000,6140.000000,6080.000000,6120.000000,5691.242188,48,0,0,0,0,0,0,0,0
16.09.2020,6100.000000,6100.000000,6040.000000,6080.000000,5654.044922,55,0,0,0,0,0,0,0,0
17.09.2020,6050.000000,6070.000000,6040.000000,6070.000000,5644.745117,4,0,0,0,0,0,0,0,0
18.09.2020,6070.000000,6090.000000,6070.000000,6090.000000,5663.343750,5,0,0,0,0,0,0,0,0
23.09.2020,6110.000000,6130.000000,6060.000000,6130.000000,5700.541504,162,0,0,0,0,0,0,0,0
24.09.2020,6070.000000,6070.000000,6050.000000,6050.000000,5626.146484,30,0,0,0,0,0,0,0,0
25.09.2020,6140.000000,6150.000000,6130.000000,6140.000000,5709.840820,73,0,0,0,0,0,0,0,0
28.09.2020,6190.000000,6250.000000,6140.000000,6250.000000,5812.134766,138,0,0,0,0,0,0,0,0
29.09.2020,6260.000000,6260.000000,6140.000000,6200.000000,5765.637695,456,0,0,0,0,0,0,0,0
30.09.2020,6210.000000,6220.000000,6150.000000,6170.000000,5737.739258,139,0,0,0,0,0,0,0,0
02.10.2020,6100.000000,6140.000000,5930.000000,5940.000000,5523.853027,817,0,0,0,0,0,0,0,0
05.10.2020,6000.000000,6140.000000,6000.000000,6140.000000,5709.840820,164,0,0,0,0,0,0,0,0
06.10.2020,6140.000000,6140.000000,6140.000000,6140.000000,5709.840820,1,0,0,0,0,0,0,0,0
07.10.2020,6070.000000,6090.000000,6040.000000,6090.000000,5663.343750,230,0,0,0,0,0,0,0,0
08.10.2020,6100.000000,6140.000000,6070.000000,6070.000000,5644.745117,393,0,0,0,0,0,0,0,0
09.10.2020,6100.000000,6100.000000,6030.000000,6070.000000,5644.745117,210,0,0,0,0,0,0,0,0
12.10.2020,6020.000000,6110.000000,6000.000000,6000.000000,5579.649414,451,0,0,0,0,0,0,0,0
13.10.2020,6000.000000,6000.000000,6000.000000,6000.000000,5579.649414,0,0,0,0,0,0,0,0,0
14.10.2020,5980.000000,5980.000000,5980.000000,5980.000000,5561.050293,52,0,0,0,0,0,0,0,0
15.10.2020,5990.000000,6010.000000,5950.000000,5950.000000,5533.151855,623,0,0,0,0,0,0,0,0
16.10.2020,5950.000000,6010.000000,5950.000000,5970.000000,5551.750977,117,0,0,0,0,0,0,0,0
19.10.2020,5980.000000,6060.000000,5980.000000,6040.000000,5616.847168,72,0,0,0,0,0,0,0,0
20.10.2020,6050.000000,6050.000000,5970.000000,5980.000000,5561.050293,125,0,0,0,0,0,0,0,0
21.10.2020,5970.000000,6020.000000,5970.000000,6020.000000,5598.248535,102,0,0,0,0,0,0,0,0
22.10.2020,5990.000000,5990.000000,5860.000000,5860.000000,5449.457520,237,0,0,0,0,0,0,0,0
23.10.2020,5920.000000,5920.000000,5870.000000,5900.000000,5486.655273,218,0,0,0,0,0,0,0,0
26.10.2020,5880.000000,5900.000000,5880.000000,5900.000000,5486.655273,88,0,0,0,0,0,0,0,0
27.10.2020,5900.000000,5900.000000,5850.000000,5900.000000,5486.655273,411,0,0,0,0,0,0,0,0
28.10.2020,5890.000000,5890.000000,5870.000000,5870.000000,5458.756836,30,0,0,0,0,0,0,0,0
29.10.2020,5840.000000,5850.000000,5800.000000,5820.000000,5412.259766,716,0,0,0,0,0,0,0,0
30.10.2020,5790.000000,5870.000000,5720.000000,5800.000000,5393.660645,843,0,0,0,0,0,0,0,0
02.11.2020,5860.000000,6010.000000,5860.000000,6000.000000,5579.649414,560,0,0,0,0,0,0,0,0
04.11.2020,6050.000000,6060.000000,5920.000000,5920.000000,5505.253906,277,0,0,0,0,0,0,0,0
05.11.2020,5950.000000,6020.000000,5920.000000,6020.000000,5598.248535,395,0,0,0,0,0,0,0,0
06.11.2020,6060.000000,6100.000000,6050.000000,6080.000000,5654.044922,98,0,0,0,0,0,0,0,0
09.11.2020,6100.000000,6100.000000,6070.000000,6070.000000,5644.745117,106,0,0,0,0,0,0,0,0
10.11.2020,6120.000000,6210.000000,6120.000000,6160.000000,5728.439453,912,0,0,0,0,0,0,0,0
11.11.2020,6260.000000,6350.000000,6260.000000,6300.000000,5858.631348,817,0,0,0,0,0,0,0,0
12.11.2020,6280.000000,6330.000000,6250.000000,6260.000000,5821.434082,252,0,0,0,0,0,0,0,0
13.11.2020,6260.000000,6260.000000,6200.000000,6250.000000,5812.134766,101,0,0,0,0,0,0,0,0
16.11.2020,6320.000000,6350.000000,6280.000000,6290.000000,5849.332520,495,0,0,0,0,0,0,0,0
17.11.2020,6290.000000,6350.000000,6290.000000,6340.000000,5895.829102,451,0,0,0,0,0,0,0,0
18.11.2020,6340.000000,6350.000000,6250.000000,6250.000000,5812.134766,66,0,0,0,0,0,0,0,0
19.11.2020,6150.000000,6350.000000,6150.000000,6340.000000,5895.829102,351,0,0,0,0,0,0,0,0
20.11.2020,6320.000000,6380.000000,6320.000000,6380.000000,5933.027344,54,0,0,0,0,0,0,0,0
24.11.2020,6400.000000,6450.000000,6380.000000,6380.000000,5933.027344,102,0,0,0,0,0,0,0,0
25.11.2020,6440.000000,6440.000000,6320.000000,6320.000000,5877.230469,613,0,0,0,0,0,0,0,0
26.11.2020,6290.000000,6290.000000,6260.000000,6260.000000,5821.434082,293,0,0,0,0,0,0,0,0
27.11.2020,6160.000000,6270.000000,6160.000000,6190.000000,5756.338379,693,0,0,0,0,0,0,0,0
30.11.2020,6180.000000,6180.000000,6020.000000,6060.000000,5635.445801,958,0,0,0,0,0,0,0,0
01.12.2020,6060.000000,6060.000000,5940.000000,5980.000000,5561.050293,634,0,0,0,0,0,0,0,0
02.12.2020,6000.000000,6030.000000,5990.000000,5990.000000,5570.349609,640,0,0,0,0,0,0,0,0
03.12.2020,6080.000000,6450.000000,6080.000000,6250.000000,5812.134766,340,0,0,0,0,0,0,0,0
04.12.2020,6150.000000,6150.000000,5950.000000,5980.000000,5561.050293,1230,0,0,0,0,0,0,0,0
07.12.2020,5970.000000,5970.000000,5850.000000,5850.000000,5440.158203,817,0,0,0,0,0,0,0,0
08.12.2020,5850.000000,5900.000000,5850.000000,5870.000000,5458.756836,457,0,0,0,0,0,0,0,0
09.12.2020,5880.000000,5900.000000,5850.000000,5860.000000,5449.457520,734,0,0,0,0,0,0,0,0
10.12.2020,5870.000000,5920.000000,5870.000000,5890.000000,5477.355469,233,0,0,0,0,0,0,0,0
11.12.2020,5900.000000,5980.000000,5900.000000,5980.000000,5561.050293,615,0,0,0,0,0,0,0,0
14.12.2020,6000.000000,6060.000000,5990.000000,5990.000000,5570.349609,1570,0,0,0,0,0,0,0,0
15.12.2020,6060.000000,6060.000000,5880.000000,5910.000000,5495.954590,836,0,0,0,0,0,0,0,0
16.12.2020,5980.000000,5980.000000,5900.000000,5900.000000,5486.655273,951,1,200000,0,0,0,0,0,0
17.12.2020,5890.000000,5920.000000,5830.000000,5900.000000,5486.655273,1009,0,0,0,0,0,0,0,0
18.12.2020,5940.000000,5980.000000,5910.000000,5960.000000,5542.451660,288,0,0,0,0,0,0,0,0
21.12.2020,5980.000000,5980.000000,5900.000000,5910.000000,5495.954590,2121,0,0,0,0,0,0,0,0
22.12.2020,5880.000000,5890.000000,5820.000000,5820.000000,5412.259766,929,0,0,0,0,0,0,0,0
23.12.2020,5880.000000,5880.000000,5860.000000,5860.000000,5449.457520,47,0,0,0,0,0,0,0,0
24.12.2020,5890.000000,5950.000000,5890.000000,5920.000000,5505.253906,248,0,0,0,0,0,0,0,0
25.12.2020,5960.000000,5970.000000,5930.000000,5950.000000,5533.151855,376,0,0,0,0,0,0,0,0
28.12.2020,5970.000000,6050.000000,5970.000000,6010.000000,5588.948242,1556,0,0,0,0,0,0,0,0
29.12.2020,6060.000000,6100.000000,6050.000000,6090.000000,5663.343750,406,0,0,0,0,0,0,0,0
30.12.2020,6090.000000,6120.000000,6040.000000,6110.000000,5681.942871,671,0,0,0,0,0,0,0,0
04.01.2021,6110.000000,6110.000000,6040.000000,6090.000000,5663.343750,33,0,0,0,0,0,0,0,0
05.01.2021,6090.000000,6110.000000,6070.000000,6070.000000,5644.745117,489,0,0,0,0,0,0,0,0
06.01.2021,6070.000000,6190.000000,6070.000000,6180.000000,5747.038086,516,0,0,0,0,0,0,0,0
07.01.2021,6270.000000,6320.000000,6250.000000,6250.000000,5812.134766,286,1,2000000,1,2000000,0,0,0,0
08.01.2021,6250.000000,6320.000000,6190.000000,6320.000000,5877.230469,963,0,0,0,0,0,0,0,0
12.01.2021,6280.000000,6500.000000,6260.000000,6490.000000,6035.320313,1131,0,0,0,0,0,0,0,0
13.01.2021,6510.000000,6510.000000,6280.000000,6310.000000,5867.931152,1247,0,0,0,0,0,0,0,0
14.01.2021,6300.000000,6360.000000,6290.000000,6360.000000,5914.428223,859,0,0,0,0,0,0,0,0
15.01.2021,6300.000000,6300.000000,6220.000000,6240.000000,5802.834961,870,0,0,0,0,0,0,0,0
18.01.2021,6200.000000,6270.000000,6200.000000,6250.000000,5812.134766,754,0,0,0,0,0,0,0,0
19.01.2021,6310.000000,6440.000000,6310.000000,6400.000000,5951.625977,1238,0,0,0,0,0,0,0,0
20.01.2021,6370.000000,6400.000000,6320.000000,6380.000000,5933.027344,1037,0,0,0,0,0,0,0,0
21.01.2021,6420.000000,6430.000000,6340.000000,6340.000000,5895.829102,1231,0,0,0,0,0,0,0,0
22.01.2021,6330.000000,6410.000000,6310.000000,6410.000000,5960.925781,602,0,0,0,0,0,0,0,0
25.01.2021,6440.000000,6510.000000,6440.000000,6460.000000,6007.422363,518,0,0,0,0,0,0,0,0
26.01.2021,6540.000000,6600.000000,6480.000000,6600.000000,6137.614258,1007,0,0,0,0,0,0,0,0
27.01.2021,6610.000000,6650.000000,6500.000000,6530.000000,6072.518555,1352,0,0,0,0,0,0,0,0
28.01.2021,6400.000000,6530.000000,6400.000000,6440.000000,5988.823730,225,0,0,0,0,0,0,0,0
29.01.2021,6410.000000,6410.000000,6250.000000,6280.000000,5840.032715,2047,0,0,0,0,0,0,0,0
01.02.2021,6200.000000,6290.000000,6180.000000,6230.000000,5793.536133,1251,0,0,0,0,0,0,0,0
02.02.2021,6230.000000,6270.000000,6210.000000,6250.000000,5812.134766,193,0,0,0,0,0,0,0,0
03.02.2021,6280.000000,6340.000000,6270.000000,6340.000000,5895.829102,143,0,0,0,0,0,0,0,0
04.02.2021,6320.000000,6420.000000,6320.000000,6330.000000,5886.529785,702,0,0,0,0,0,0,0,0
05.02.2021,6380.000000,6390.000000,6330.000000,6370.000000,5923.728027,785,0,0,0,0,0,0,0,0
08.02.2021,6410.000000,6480.000000,6410.000000,6450.000000,5998.122559,360,0,0,0,0,0,0,0,0
09.02.2021,6470.000000,6500.000000,6450.000000,6500.000000,6044.620117,976,0,0,0,0,0,0,0,0
10.02.2021,6480.000000,6510.000000,6460.000000,6490.000000,6035.320313,168,0,0,0,0,0,0,0,0
12.02.2021,6490.000000,6490.000000,6390.000000,6390.000000,5942.326660,929,0,0,0,0,0,0,0,0
15.02.2021,6400.000000,6410.000000,6380.000000,6380.000000,5933.027344,417,1,7700000,1,7700000,1,7700000,0,0
16.02.2021,6390.000000,6420.000000,6370.000000,6370.000000,5923.728027,640,0,0,0,0,0,0,0,0
17.02.2021,6370.000000,6400.000000,6330.000000,6330.000000,5886.529785,860,0,0,0,0,0,0,0,0
18.02.2021,6370.000000,6420.000000,6350.000000,6410.000000,5960.925781,95,0,0,0,0,0,0,0,0
19.02.2021,6400.000000,6400.000000,6280.000000,6280.000000,5840.032715,1305,0,0,0,0,0,0,0,0
22.02.2021,6350.000000,6370.000000,6320.000000,6320.000000,5877.230469,302,0,0,0,0,0,0,0,0
24.02.2021,6310.000000,6310.000000,6230.000000,6270.000000,5830.733398,179,0,0,0,0,0,0,0,0
25.02.2021,6300.000000,6310.000000,6230.000000,6230.000000,5793.536133,1313,0,0,0,0,0,0,0,0
26.02.2021,6250.000000,6250.000000,6170.000000,6180.000000,5747.038086,666,0,0,0,0,0,0,0,0
01.03.2021,6190.000000,6230.000000,6160.000000,6230.000000,5793.536133,1357,0,0,0,0,0,0,0,0
02.03.2021,6290.000000,6290.000000,6160.000000,6200.000000,5765.637695,741,0,0,0,0,0,0,0,0
03.03.2021,6210.000000,6250.000000,6210.000000,6250.000000,5812.134766,263,0,0,0,0,0,0,0,0
04.03.2021,6210.000000,6220.000000,6150.000000,6200.000000,5765.637695,1383,0,0,0,0,0,0,0,0
05.03.2021,6230.000000,6300.000000,6210.000000,6300.000000,5858.631348,107,0,0,0,0,0,0,0,0
08.03.2021,6380.000000,6450.000000,6360.000000,6450.000000,5998.122559,2802,0,0,0,0,0,0,0,0
09.03.2021,6510.000000,6690.000000,6510.000000,6690.000000,6221.308594,1075,0,0,0,0,0,0,0,0
10.03.2021,6630.000000,6690.000000,6600.000000,6660.000000,6193.410645,794,0,0,0,0,0,0,0,0
11.03.2021,6670.000000,6750.000000,6660.000000,6740.000000,6267.805664,1498,0,0,0,0,0,0,0,0
12.03.2021,6730.000000,6730.000000,6610.000000,6680.000000,6212.009277,1790,0,0,0,0,0,0,0,0
15.03.2021,6700.000000,6820.000000,6700.000000,6800.000000,6323.602051,275,0,0,0,0,0,0,0,0
16.03.2021,6820.000000,6890.000000,6800.000000,6850.000000,6370.099609,332,0,0,0,0,0,0,0,0
17.03.2021,6780.000000,6790.000000,6750.000000,6760.000000,6286.404785,1475,0,0,0,0,0,0,0,0
18.03.2021,6730.000000,6810.000000,6720.000000,6790.000000,6314.303223,1037,0,0,0,0,0,0,0,0
19.03.2021,6770.000000,6870.000000,6750.000000,6840.000000,6360.799805,748,0,0,0,0,0,0,0,0
22.03.2021,6850.000000,6970.000000,6850.000000,6940.000000,6453.794434,187,1,550000,1,550000,0,0,0,0
23.03.2021,6970.000000,7050.000000,6930.000000,6950.000000,6463.093750,2626,0,0,0,0,0,0,0,0
24.03.2021,6930.000000,6940.000000,6800.000000,6800.000000,6323.602051,1910,0,0,0,0,0,0,0,0
25.03.2021,6870.000000,7000.000000,6870.000000,6970.000000,6481.692871,174,0,0,0,0,0,0,0,0
26.03.2021,7010.000000,7090.000000,6980.000000,7090.000000,6593.285645,973,0,0,0,0,0,0,0,0
29.03.2021,7110.000000,7110.000000,6970.000000,7030.000000,6537.488770,1365,0,0,0,0,0,0,0,0
30.03.2021,7060.000000,7100.000000,6980.000000,6980.000000,6490.991699,1035,0,0,0,0,0,0,0,0
31.03.2021,6950.000000,6980.000000,6920.000000,6920.000000,6435.195313,642,0,0,0,0,0,0,0,0
01.04.2021,6930.000000,6930.000000,6760.000000,6760.000000,6286.404785,1164,0,0,0,0,0,0,0,0
02.04.2021,6780.000000,6790.000000,6640.000000,6650.000000,6184.110840,1700,0,0,0,0,0,0,0,0
05.04.2021,6670.000000,6710.000000,6620.000000,6670.000000,6202.709961,1362,0,0,0,0,0,0,0,0
06.04.2021,6740.000000,6740.000000,6600.000000,6640.000000,6174.812012,950,0,0,0,0,0,0,0,0
07.04.2021,6610.000000,6670.000000,6600.000000,6670.000000,6202.709961,529,0,0,0,0,0,0,0,0
08.04.2021,6660.000000,6660.000000,6500.000000,6500.000000,6044.620117,1039,0,0,0,0,0,0,0,0
09.04.2021,6450.000000,6630.000000,6450.000000,6600.000000,6137.614258,174,0,0,0,0,0,0,0,0
12.04.2021,6620.000000,6690.000000,6610.000000,6650.000000,6184.110840,225,0,0,0,0,0,0,0,0
13.04.2021,6660.000000,6690.000000,6600.000000,6680.000000,6212.009277,347,0,0,0,0,0,0,0,0
14.04.2021,6580.000000,6680.000000,6500.000000,6560.000000,6100.416992,139,0,0,0,0,0,0,0,0
15.04.2021,6530.000000,6580.000000,6510.000000,6520.000000,6063.218750,32,0,0,0,0,0,0,0,0
16.04.2021,6510.000000,6580.000000,6500.000000,6520.000000,6063.218750,23,0,0,0,0,0,0,0,0
19.04.2021,6530.000000,6570.000000,6390.000000,6400.000000,5951.625977,809,0,0,0,0,0,0,0,0
20.04.2021,6380.000000,6400.000000,6330.000000,6340.000000,5895.829102,483,0,0,0,0,0,0,0,0
21.04.2021,6300.000000,6320.000000,6270.000000,6290.000000,5849.332520,756,0,0,0,0,0,0,0,0
22.04.2021,6330.000000,6370.000000,6310.000000,6320.000000,5877.230469,1022,0,0,0,0,0,0,0,0
23.04.2021,6320.000000,6380.000000,6320.000000,6350.000000,5905.128906,425,0,0,0,0,0,0,0,0
26.04.2021,6380.000000,6380.000000,6340.000000,6380.000000,5933.027344,84,0,0,0,0,0,0,0,0
27.04.2021,6360.000000,6370.000000,6310.000000,6310.000000,5867.931152,738,0,0,0,0,0,0,0,0
28.04.2021,6320.000000,6420.000000,6320.000000,6370.000000,5923.728027,193,0,0,0,0,0,0,0,0
30.04.2021,6380.000000,6450.000000,6320.000000,6330.000000,5886.529785,678,0,0,0,0,0,0,0,0
06.05.2021,6400.000000,6520.000000,6390.000000,6480.000000,6026.020996,409,0,0,0,0,0,0,0,0
07.05.2021,6540.000000,6570.000000,6510.000000,6540.000000,6081.817871,869,0,0,0,0,0,0,0,0
10.05.2021,6530.000000,6580.000000,6470.000000,6530.000000,6072.518555,1772,0,0,0,0,0,0,0,0
11.05.2021,6550.000000,6590.000000,6480.000000,6480.000000,6026.020996,983,0,0,0,0,0,0,0,0
12.05.2021,6440.000000,6440.000000,6290.000000,6360.000000,5914.428223,1245,0,0,0,0,0,0,0,0
13.05.2021,6300.000000,6360.000000,6280.000000,6280.000000,5840.032715,807,0,0,0,0,0,0,0,0
14.05.2021,6290.000000,6440.000000,6290.000000,6430.000000,5979.523926,1305,0,0,0,0,0,0,0,0
17.05.2021,6420.000000,6480.000000,6400.000000,6440.000000,5988.823730,574,0,0,0,0,0,0,0,0
18.05.2021,6410.000000,6430.000000,6360.000000,6370.000000,5923.728027,642,0,0,0,0,0,0,0,0
19.05.2021,6350.000000,6400.000000,6350.000000,6370.000000,5923.728027,777,0,0,0,0,0,0,0,0
20.05.2021,6350.000000,6370.000000,6320.000000,6330.000000,5886.529785,508,0,0,0,0,0,0,0,0
21.05.2021,6350.000000,6350.000000,6230.000000,6240.000000,5802.834961,1099,0,0,0,0,0,0,0,0
24.05.2021,6260.000000,6330.000000,6260.000000,6270.000000,5830.733398,694,0,0,0,0,0,0,0,0
25.05.2021,6290.000000,6300.000000,6250.000000,6280.000000,5840.032715,741,0,0,0,0,0,0,0,0
26.05.2021,6250.000000,6250.000000,6150.000000,6160.000000,5728.439453,1048,0,0,0,0,0,0,0,0
27.05.2021,6130.000000,6190.000000,6090.000000,6120.000000,5691.242188,1268,0,0,0,0,0,0,0,0
28.05.2021,6130.000000,6230.000000,6130.000000,6200.000000,5765.637695,120,0,0,0,0,0,0,0,0
31.05.2021,6200.000000,6210.000000,6110.000000,6120.000000,5691.242188,717,0,0,0,0,0,0,0,0
01.06.2021,6170.000000,6170.000000,6080.000000,6080.000000,5654.044922,866,0,0,0,0,0,0,0,0
02.06.2021,6130.000000,6130.000000,6020.000000,6100.000000,5672.643555,864,0,0,0,0,0,0,0,0
03.06.2021,6130.000000,6160.000000,6100.000000,6100.000000,5672.643555,715,0,0,0,0,0,0,0,0
04.06.2021,6120.000000,6130.000000,6060.000000,6090.000000,5663.343750,847,0,0,0,0,0,0,0,0
07.06.2021,6080.000000,6090.000000,6040.000000,6040.000000,5616.847168,1088,0,0,0,0,0,0,0,0
08.06.2021,6030.000000,6200.000000,6030.000000,6170.000000,5737.739258,1361,0,0,0,0,0,0,0,0
09.06.2021,6220.000000,6240.000000,6190.000000,6220.000000,5784.236328,1319,0,0,0,0,0,0,0,0
10.06.2021,6240.000000,6250.000000,6190.000000,6190.000000,5756.338379,675,0,0,0,0,0,0,0,0
11.06.2021,6260.000000,6290.000000,6210.000000,6230.000000,5793.536133,636,0,0,0,0,0,0,0,0
14.06.2021,6290.000000,6290.000000,6230.000000,6240.000000,5802.834961,1604,0,0,0,0,0,0,0,0
15.06.2021,6280.000000,6300.000000,6250.000000,6290.000000,5849.332520,856,0,0,0,0,0,0,0,0
16.06.2021,6300.000000,6330.000000,6240.000000,6270.000000,5830.733398,924,0,0,0,0,0,0,0,0
17.06.2021,6250.000000,6250.000000,6170.000000,6210.000000,5774.937012,1175,0,0,0,0,0,0,0,0
18.06.2021,6190.000000,6250.000000,6140.000000,6210.000000,5774.937012,534,0,0,0,0,0,0,0,0
21.06.2021,6090.000000,6100.000000,6040.000000,6090.000000,5663.343750,1774,0,0,0,0,0,0,0,0
22.06.2021,6160.000000,6220.000000,6160.000000,6210.000000,5774.937012,586,0,0,0,0,0,0,0,0
23.06.2021,6150.000000,6180.000000,6120.000000,6120.000000,5691.242188,773,0,0,0,0,0,0,0,0
24.06.2021,6120.000000,6150.000000,6090.000000,6130.000000,5700.541504,619,0,0,0,0,0,0,0,0
25.06.2021,6160.000000,6180.000000,6130.000000,6160.000000,5728.439453,202,0,0,0,0,0,0,0,0
28.06.2021,6220.000000,6230.000000,6180.000000,6210.000000,5774.937012,162,0,0,0,0,0,0,0,0
29.06.2021,6190.000000,6230.000000,6170.000000,6210.000000,5774.937012,1412,0,0,0,0,0,0,0,0
30.06.2021,6210.000000,6220.000000,6170.000000,6170.000000,5737.739258,94,0,0,0,0,0,0,0,0
01.07.2021,6200.000000,6220.000000,6160.000000,6180.000000,5747.038086,68,0,0,0,0,0,0,0,0
02.07.2021,6200.000000,6200.000000,6140.000000,6190.000000,5756.338379,79,0,0,0,0,0,0,0,0
05.07.2021,6190.000000,6200.000000,6130.000000,6130.000000,5700.541504,102,1,250000,1,250000,0,0,0,0
06.07.2021,6130.000000,6180.000000,6110.000000,6120.000000,5691.242188,134,0,0,0,0,0,0,0,0
07.07.2021,6130.000000,6180.000000,6110.000000,6160.000000,5728.439453,59,0,0,0,0,0,0,0,0
08.07.2021,6110.000000,6160.000000,6020.000000,6060.000000,5635.445801,1178,0,0,0,0,0,0,0,0
09.07.2021,5990.000000,6060.000000,5940.000000,6060.000000,5635.445801,2135,0,0,0,0,0,0,0,0
12.07.2021,6100.000000,6130.000000,6100.000000,6100.000000,5672.643555,262,0,0,0,0,0,0,0,0
13.07.2021,6140.000000,6200.000000,6130.000000,6170.000000,5737.739258,1427,0,0,0,0,0,0,0,0
14.07.2021,6040.000000,6120.000000,6040.000000,6070.000000,5644.745117,234,0,0,0,0,0,0,0,0
15.07.2021,6060.000000,6070.000000,5970.000000,5980.000000,5707.740234,692,0,0,0,0,0,0,0,0
16.07.2021,5960.000000,6030.000000,5930.000000,5930.000000,5660.016602,610,0,0,0,0,0,0,0,0
19.07.2021,5910.000000,5950.000000,5880.000000,5920.000000,5650.471680,749,0,0,0,0,0,0,0,0
20.07.2021,5870.000000,5930.000000,5850.000000,5930.000000,5660.016602,522,0,0,0,0,0,0,0,0
21.07.2021,5930.000000,5960.000000,5910.000000,5930.000000,5660.016602,298,0,0,0,0,0,0,0,0
26.07.2021,5960.000000,5970.000000,5880.000000,5880.000000,5612.292969,465,0,0,0,0,0,0,0,0
27.07.2021,5890.000000,5930.000000,5890.000000,5900.000000,5631.382813,141,0,0,0,0,0,0,0,0
28.07.2021,5890.000000,5930.000000,5890.000000,5910.000000,5640.927246,462,0,0,0,0,0,0,0,0
29.07.2021,5950.000000,5950.000000,5890.000000,5910.000000,5640.927246,294,0,0,0,0,0,0,0,0
30.07.2021,5910.000000,5910.000000,5820.000000,5830.000000,5564.569824,575,0,0,0,0,0,0,0,0
02.08.2021,5820.000000,5930.000000,5820.000000,5910.000000,5640.927246,552,0,0,0,0,0,0,0,0
03.08.2021,5910.000000,5950.000000,5880.000000,5890.000000,5621.837402,268,0,0,0,0,0,0,0,0
04.08.2021,5880.000000,5910.000000,5870.000000,5870.000000,5602.748535,73,0,0,0,0,0,0,0,0
05.08.2021,5870.000000,5930.000000,5870.000000,5890.000000,5621.837402,129,0,0,0,0,0,0,0,0
06.08.2021,5900.000000,5930.000000,5900.000000,5920.000000,5650.471680,127,0,0,0,0,0,0,0,0
10.08.2021,5930.000000,6010.000000,5930.000000,5950.000000,5679.105957,472,0,0,0,0,0,0,0,0
11.08.2021,6000.000000,6010.000000,5950.000000,5970.000000,5698.195801,182,1,100000,0,0,0,0,0,0
12.08.2021,6000.000000,6030.000000,5980.000000,5980.000000,5707.740234,509,0,0,0,0,0,0,0,0
13.08.2021,5990.000000,6010.000000,5960.000000,5980.000000,5707.740234,37,0,0,0,0,0,0,0,0
16.08.2021,5970.000000,5970.000000,5900.000000,5920.000000,5650.471680,210,0,0,0,0,0,0,0,0
17.08.2021,5920.000000,5920.000000,5860.000000,5860.000000,5593.203613,272,0,0,0,0,0,0,0,0
18.08.2021,5880.000000,5950.000000,5880.000000,5880.000000,5612.292969,188,0,0,0,0,0,0,0,0
19.08.2021,5870.000000,5880.000000,5820.000000,5830.000000,5564.569824,246,0,0,0,0,0,0,0,0
20.08.2021,5820.000000,5910.000000,5820.000000,5910.000000,5640.927246,80,0,0,0,0,0,0,0,0
23.08.2021,5940.000000,5970.000000,5940.000000,5970.000000,5698.195801,132,0,0,0,0,0,0,0,0
24.08.2021,5960.000000,5970.000000,5940.000000,5940.000000,5669.561523,161,0,0,0,0,0,0,0,0
25.08.2021,5950.000000,5950.000000,5900.000000,5900.000000,5631.382813,156,0,0,0,0,0,0,0,0
26.08.2021,5910.000000,5920.000000,5900.000000,5920.000000,5650.471680,64,0,0,0,0,0,0,0,0
27.08.2021,5910.000000,5910.000000,5860.000000,5860.000000,5593.203613,225,0,0,0,0,0,0,0,0
30.08.2021,5890.000000,5920.000000,5890.000000,5910.000000,5640.927246,91,0,0,0,0,0,0,0,0
31.08.2021,5880.000000,5900.000000,5850.000000,5860.000000,5593.203613,233,0,0,0,0,0,0,0,0
01.09.2021,5890.000000,5940.000000,5870.000000,5880.000000,5612.292969,437,0,0,0,0,0,0,0,0
02.09.2021,5890.000000,5930.000000,5880.000000,5910.000000,5640.927246,286,0,0,0,0,0,0,0,0
03.09.2021,5920.000000,5990.000000,5920.000000,5950.000000,5679.105957,290,0,0,0,0,0,0,0,0
06.09.2021,5930.000000,5930.000000,5880.000000,5910.000000,5640.927246,645,0,0,0,0,0,0,0,0
07.09.2021,5930.000000,5950.000000,5900.000000,5900.000000,5631.382813,396,0,0,0,0,0,0,0,0
08.09.2021,5920.000000,5990.000000,5920.000000,5980.000000,5707.740234,475,0,0,0,0,0,0,0,0
09.09.2021,6000.000000,6210.000000,6000.000000,6170.000000,5889.089844,3037,0,0,0,0,0,0,0,0
10.09.2021,6150.000000,6150.000000,6070.000000,6120.000000,5841.366211,877,0,0,0,0,0,0,0,0
13.09.2021,6120.000000,6150.000000,6120.000000,6150.000000,5870.000488,321,0,0,0,0,0,0,0,0
14.09.2021,6160.000000,6160.000000,6110.000000,6150.000000,5870.000488,423,0,0,0,0,0,0,0,0
15.09.2021,6090.000000,6120.000000,6060.000000,6060.000000,5784.097656,470,0,0,0,0,0,0,0,0
16.09.2021,6060.000000,6100.000000,6060.000000,6090.000000,5812.731934,132,0,0,0,0,0,0,0,0
17.09.2021,6090.000000,6130.000000,6070.000000,6130.000000,5850.911133,219,0,0,0,0,0,0,0,0
21.09.2021,6030.000000,6180.000000,6030.000000,6140.000000,5860.455566,775,0,0,0,0,0,0,0,0
22.09.2021,6130.000000,6130.000000,6080.000000,6090.000000,5812.731934,244,0,0,0,0,0,0,0,0
24.09.2021,6180.000000,6180.000000,6120.000000,6160.000000,5879.544922,375,0,0,0,0,0,0,0,0
27.09.2021,6170.000000,6190.000000,6130.000000,6150.000000,5870.000488,2152,0,0,0,0,0,0,0,0
28.09.2021,6150.000000,6150.000000,6060.000000,6090.000000,5812.731934,719,0,0,0,0,0,0,0,0
29.09.2021,6050.000000,6100.000000,6010.000000,6100.000000,5822.276855,2243,0,0,0,0,0,0,0,0
30.09.2021,6090.000000,6090.000000,5960.000000,5960.000000,5688.650879,1329,0,0,0,0,0,0,0,0
01.10.2021,5930.000000,5930.000000,5860.000000,5860.000000,5593.203613,600,0,0,0,0,0,0,0,0
04.10.2021,5920.000000,5930.000000,5880.000000,5900.000000,5631.382813,304,0,0,0,0,0,0,0,0
05.10.2021,5920.000000,6030.000000,5910.000000,5920.000000,5650.471680,921,0,0,0,0,0,0,0,0
06.10.2021,5930.000000,6100.000000,5930.000000,6100.000000,5822.276855,2046,0,0,0,0,0,0,0,0
07.10.2021,6130.000000,6130.000000,5950.000000,5960.000000,5688.650879,982,0,0,0,0,0,0,0,0
08.10.2021,5980.000000,6130.000000,5930.000000,6000.000000,5726.829590,747,0,0,0,0,0,0,0,0
11.10.2021,6030.000000,6030.000000,5980.000000,5980.000000,5707.740234,158,0,0,0,0,0,0,0,0
12.10.2021,6030.000000,6100.000000,5950.000000,5960.000000,5688.650879,350,0,0,0,0,0,0,0,0
13.10.2021,5860.000000,5860.000000,5750.000000,5760.000000,5497.756348,3397,0,0,0,0,0,0,0,0
14.10.2021,5740.000000,5760.000000,5690.000000,5720.000000,5459.577637,1417,0,0,0,0,0,0,0,0
15.10.2021,5760.000000,5780.000000,5720.000000,5740.000000,5478.666992,715,0,0,0,0,0,0,0,0
18.10.2021,5750.000000,5750.000000,5710.000000,5710.000000,5450.032715,496,0,0,0,0,0,0,0,0
19.10.2021,5730.000000,5760.000000,5720.000000,5740.000000,5478.666992,313,0,0,0,0,0,0,0,0
20.10.2021,5770.000000,5770.000000,5730.000000,5730.000000,5469.122559,685,0,0,0,0,0,0,0,0
21.10.2021,5760.000000,5760.000000,5690.000000,5710.000000,5450.032715,469,0,0,0,0,0,0,0,0
22.10.2021,5700.000000,5710.000000,5660.000000,5660.000000,5402.309570,1854,0,0,0,0,0,0,0,0
25.10.2021,5670.000000,5680.000000,5640.000000,5650.000000,5392.764648,539,0,0,0,0,0,0,0,0
26.10.2021,5640.000000,5700.000000,5610.000000,5650.000000,5392.764648,941,0,0,0,0,0,0,0,0
27.10.2021,5670.000000,5670.000000,5550.000000,5550.000000,5297.317383,1810,0,0,0,0,0,0,0,0
28.10.2021,5520.000000,5670.000000,5410.000000,5560.000000,5306.862305,1949,0,0,0,0,0,0,0,0
29.10.2021,5590.000000,5590.000000,5410.000000,5480.000000,5230.504395,448,0,0,0,0,0,0,0,0
01.11.2021,5530.000000,5530.000000,5480.000000,5530.000000,5278.228027,777,0,0,0,0,0,0,0,0
02.11.2021,5520.000000,5550.000000,5480.000000,5500.000000,5249.593750,471,0,0,0,0,0,0,0,0
04.11.2021,5530.000000,5540.000000,5470.000000,5500.000000,5249.593750,656,0,0,0,0,0,0,0,0
05.11.2021,5490.000000,5490.000000,5440.000000,5440.000000,5192.325684,343,0,0,0,0,0,0,0,0
08.11.2021,5430.000000,5480.000000,5420.000000,5420.000000,5173.235840,893,0,0,0,0,0,0,0,0
09.11.2021,5430.000000,5440.000000,5380.000000,5400.000000,5154.146973,1354,0,0,0,0,0,0,0,0
10.11.2021,5410.000000,5430.000000,5380.000000,5390.000000,5144.601563,1071,0,0,0,0,0,0,0,0
11.11.2021,5390.000000,5420.000000,5390.000000,5400.000000,5154.146973,247,0,0,0,0,0,0,0,0
12.11.2021,5400.000000,5450.000000,5400.000000,5440.000000,5192.325684,791,0,0,0,0,0,0,0,0
15.11.2021,5450.000000,5460.000000,5420.000000,5430.000000,5182.781250,559,0,0,0,0,0,0,0,0
16.11.2021,5450.000000,5460.000000,5400.000000,5400.000000,5154.146973,1047,0,0,0,0,0,0,0,0
17.11.2021,5450.000000,5450.000000,5330.000000,5370.000000,5125.512695,1628,0,0,0,0,0,0,0,0
18.11.2021,5340.000000,5380.000000,5330.000000,5380.000000,5135.057129,1480,0,0,0,0,0,0,0,0
19.11.2021,5380.000000,5420.000000,5370.000000,5410.000000,5163.691406,593,0,0,0,0,0,0,0,0
22.11.2021,5440.000000,5440.000000,5390.000000,5410.000000,5163.691406,787,0,0,0,0,0,0,0,0
24.11.2021,5450.000000,5530.000000,5450.000000,5480.000000,5230.504395,2452,0,0,0,0,0,0,0,0
25.11.2021,5470.000000,5540.000000,5460.000000,5520.000000,5268.683105,670,0,0,0,0,0,0,0,0
26.11.2021,5530.000000,5530.000000,5470.000000,5500.000000,5249.593750,1775,0,0,0,0,0,0,0,0
29.11.2021,5424.000000,5470.000000,5423.000000,5452.000000,5203.779297,483,0,0,0,0,0,0,0,0
30.11.2021,5500.000000,5523.000000,5402.000000,5402.000000,5156.055664,440,0,0,0,0,0,0,0,0
01.12.2021,5380.000000,5450.000000,5380.000000,5390.000000,5144.601563,1108,0,0,0,0,0,0,0,0
02.12.2021,5380.000000,5483.000000,5380.000000,5483.000000,5233.367676,1059,0,0,0,0,0,0,0,0
03.12.2021,5575.000000,5575.000000,5404.000000,5494.000000,5243.867188,1290,0,0,0,0,0,0,0,0
06.12.2021,5410.000000,5533.000000,5410.000000,5520.000000,5268.683105,687,0,0,0,0,0,0,0,0
07.12.2021,5529.000000,5570.000000,5520.000000,5570.000000,5316.406738,964,0,0,0,0,0,0,0,0
08.12.2021,5600.000000,5605.000000,5547.000000,5547.000000,5294.454102,489,0,0,0,0,0,0,0,0
09.12.2021,5536.000000,5556.000000,5524.000000,5552.000000,5299.226074,297,0,0,0,0,0,0,0,0
10.12.2021,5534.000000,5560.000000,5523.000000,5523.000000,5271.546387,824,0,0,0,0,0,0,0,0
13.12.2021,5597.000000,5597.000000,5504.000000,5526.000000,5274.410156,466,0,0,0,0,0,0,0,0
14.12.2021,5530.000000,5580.000000,5530.000000,5570.000000,5316.406738,653,0,0,0,0,0,0,0,0
15.12.2021,5523.000000,5572.000000,5523.000000,5572.000000,5318.315918,154,0,0,0,0,0,0,0,0
16.12.2021,5600.000000,5650.000000,5600.000000,5650.000000,5392.764648,1099,0,0,0,0,0,0,0,0
17.12.2021,5659.000000,5700.000000,5649.000000,5673.000000,5414.717285,525,0,0,0,0,0,0,0,0
20.12.2021,5680.000000,5680.000000,5573.000000,5595.000000,5340.269043,553,0,0,0,0,0,0,0,0
21.12.2021,5597.000000,5630.000000,5596.000000,5605.000000,5349.813477,202,0,0,0,0,0,0,0,0
22.12.2021,5582.000000,5597.000000,5560.000000,5560.000000,5306.862305,169,0,0,0,0,0,0,0,0
23.12.2021,5563.000000,5587.000000,5556.000000,5557.000000,5303.998535,282,0,0,0,0,0,0,0,0
24.12.2021,5558.000000,5558.000000,5515.000000,5515.000000,5263.910645,495,0,0,0,0,0,0,0,0
27.12.2021,5500.000000,5500.000000,5430.000000,5479.000000,5229.549805,1062,0,0,0,0,0,0,0,0
28.12.2021,5456.000000,5490.000000,5435.000000,5439.000000,5191.371094,228,0,0,0,0,0,0,0,0
29.12.2021,5479.000000,5490.000000,5433.000000,5433.000000,5185.644531,540,0,0,0,0,0,0,0,0
30.12.2021,5450.000000,5467.000000,5433.000000,5460.000000,5211.415039,198,0,0,0,0,0,0,0,0
04.01.2022,5490.000000,5515.000000,5465.000000,5494.000000,5243.867188,221,0,0,0,0,0,0,0,0
05.01.2022,5495.000000,5520.000000,5475.000000,5495.000000,5244.821777,155,0,0,0,0,0,0,0,0
06.01.2022,5500.000000,5524.000000,5461.000000,5486.000000,5236.230957,446,0,0,0,0,0,0,0,0
07.01.2022,5550.000000,5550.000000,5456.000000,5470.000000,5220.959961,333,0,0,0,0,0,0,0,0
11.01.2022,5465.000000,5538.000000,5465.000000,5538.000000,5285.863770,385,0,0,0,0,0,0,0,0
12.01.2022,5531.000000,5540.000000,5500.000000,5521.000000,5269.637695,559,0,0,0,0,0,0,0,0
13.01.2022,5539.000000,5539.000000,5510.000000,5522.000000,5270.591797,226,0,0,0,0,0,0,0,0
14.01.2022,5510.000000,5510.000000,5470.000000,5508.000000,5257.229492,374,0,0,0,0,0,0,0,0
17.01.2022,5550.000000,5550.000000,5510.000000,5527.000000,5275.364746,161,0,0,0,0,0,0,0,0
18.01.2022,5544.000000,5544.000000,5489.000000,5497.000000,5246.730469,173,0,0,0,0,0,0,0,0
19.01.2022,5446.000000,5472.000000,5430.000000,5446.000000,5198.052246,425,0,0,0,0,0,0,0,0
20.01.2022,5446.000000,5506.000000,5431.000000,5472.000000,5222.868652,288,0,0,0,0,0,0,0,0
21.01.2022,5450.000000,5538.000000,5430.000000,5538.000000,5285.863770,271,0,0,0,0,0,0,0,0
24.01.2022,5500.000000,5550.000000,5500.000000,5550.000000,5297.317383,100,0,0,0,0,0,0,0,0
25.01.2022,5553.000000,5555.000000,5460.000000,5546.000000,5293.499512,456,0,0,0,0,0,0,0,0
26.01.2022,5565.000000,5573.000000,5535.000000,5545.000000,5292.544922,513,0,0,0,0,0,0,0,0
27.01.2022,5547.000000,5558.000000,5445.000000,5486.000000,5236.230957,543,0,0,0,0,0,0,0,0
28.01.2022,5499.000000,5550.000000,5460.000000,5543.000000,5290.636230,181,0,0,0,0,0,0,0,0
31.01.2022,5485.000000,5521.000000,5410.000000,5521.000000,5269.637695,499,0,0,0,0,0,0,0,0
01.02.2022,5521.000000,5521.000000,5438.000000,5505.000000,5254.366211,337,0,0,0,0,0,0,0,0
02.02.2022,5494.000000,5525.000000,5489.000000,5492.000000,5241.958008,114,0,0,0,0,0,0,0,0
03.02.2022,5475.000000,5550.000000,5475.000000,5545.000000,5292.544922,224,0,0,0,0,0,0,0,0
04.02.2022,5545.000000,5595.000000,5545.000000,5570.000000,5316.406738,298,0,0,0,0,0,0,0,0
07.02.2022,5588.000000,5592.000000,5532.000000,5570.000000,5316.406738,435,0,0,0,0,0,0,0,0
08.02.2022,5589.000000,5670.000000,5589.000000,5670.000000,5411.854004,406,0,0,0,0,0,0,0,0
09.02.2022,5695.000000,5695.000000,5622.000000,5679.000000,5420.444336,1098,0,0,0,0,0,0,0,0
10.02.2022,5684.000000,5695.000000,5670.000000,5686.000000,5427.125488,752,0,0,0,0,0,0,0,0
14.02.2022,5679.000000,5717.000000,5639.000000,5694.000000,5434.761719,1482,0,0,0,0,0,0,0,0
15.02.2022,5710.000000,5710.000000,5654.000000,5672.000000,5413.763184,444,0,0,0,0,0,0,0,0
16.02.2022,5703.000000,5759.000000,5703.000000,5744.000000,5482.484863,436,0,0,0,0,0,0,0,0
17.02.2022,5740.000000,5740.000000,5691.000000,5720.000000,5459.577637,417,0,0,0,0,0,0,0,0
18.02.2022,5709.000000,5750.000000,5697.000000,5704.000000,5444.306152,338,0,0,0,0,0,0,0,0
21.02.2022,5718.000000,5718.000000,5660.000000,5698.000000,5438.579590,369,0,0,0,0,0,0,0,0
22.02.2022,5680.000000,5710.000000,5650.000000,5710.000000,5450.032715,638,0,0,0,0,0,0,0,0
24.02.2022,5742.000000,5742.000000,5662.000000,5729.000000,5468.167969,523,0,0,0,0,0,0,0,0
25.02.2022,5829.000000,5829.000000,5612.000000,5628.000000,5371.766602,811,0,0,0,0,0,0,0,0
28.02.2022,5607.000000,5744.000000,5607.000000,5735.000000,5473.895020,1219,0,0,0,0,0,0,0,0
01.03.2022,5790.000000,5855.000000,5790.000000,5834.000000,5568.387695,906,0,0,0,0,0,0,0,0
02.03.2022,5792.000000,5813.000000,5736.000000,5804.000000,5539.753418,845,0,0,0,0,0,0,0,0
03.03.2022,5810.000000,5871.000000,5810.000000,5833.000000,5567.433105,646,0,0,0,0,0,0,0,0
04.03.2022,5877.000000,5899.000000,5790.000000,5799.000000,5534.980957,977,0,0,0,0,0,0,0,0
07.03.2022,5800.000000,5808.000000,5736.000000,5790.000000,5526.390625,1193,0,0,0,0,0,0,0,0
08.03.2022,5755.000000,5761.000000,5672.000000,5680.000000,5421.398926,878,0,0,0,0,0,0,0,0
09.03.2022,5679.000000,5679.000000,5541.000000,5600.000000,5345.041016,440,0,0,0,0,0,0,0,0
10.03.2022,5600.000000,5641.000000,5560.000000,5625.000000,5368.902344,540,0,0,0,0,0,0,0,0
11.03.2022,5592.000000,5672.000000,5592.000000,5672.000000,5413.763184,1040,0,0,0,0,0,0,0,0
14.03.2022,5665.000000,5665.000000,5492.000000,5517.000000,5265.819824,1159,0,0,0,0,0,0,0,0
15.03.2022,5566.000000,5651.000000,5557.000000,5630.000000,5373.675293,274,0,0,0,0,0,0,0,0
16.03.2022,5668.000000,5769.000000,5664.000000,5760.000000,5497.756348,1303,1,8800000,1,8800000,1,8800000,0,0
17.03.2022,5832.000000,5832.000000,5738.000000,5760.000000,5497.756348,1200,0,0,0,0,0,0,0,0
18.03.2022,5760.000000,5830.000000,5719.000000,5719.000000,5458.623047,605,0,0,0,0,0,0,0,0
22.03.2022,5779.000000,5839.000000,5779.000000,5800.000000,5535.935547,805,0,0,0,0,0,0,0,0
23.03.2022,5829.000000,5869.000000,5757.000000,5860.000000,5593.203613,780,0,0,0,0,0,0,0,0
24.03.2022,5877.000000,5881.000000,5791.000000,5814.000000,5549.297852,1073,0,0,0,0,0,0,0,0
25.03.2022,5851.000000,5851.000000,5800.000000,5803.000000,5538.798828,362,0,0,0,0,0,0,0,0
28.03.2022,5847.000000,5877.000000,5813.000000,5839.000000,5573.159668,707,0,0,0,0,0,0,0,0
29.03.2022,5844.000000,5932.000000,5840.000000,5925.000000,5655.244141,668,0,0,0,0,0,0,0,0
30.03.2022,5930.000000,5930.000000,5836.000000,5887.000000,5618.974121,718,0,0,0,0,0,0,0,0
31.03.2022,5878.000000,5878.000000,5770.000000,5770.000000,5507.301270,392,0,0,0,0,0,0,0,0
01.04.2022,5736.000000,5762.000000,5690.000000,5762.000000,5499.665527,442,0,0,0,0,0,0,0,0
04.04.2022,5817.000000,5820.000000,5770.000000,5817.000000,5552.161133,261,0,0,0,0,0,0,0,0
05.04.2022,5817.000000,5817.000000,5718.000000,5724.000000,5463.395508,730,0,0,0,0,0,0,0,0
06.04.2022,5724.000000,5760.000000,5640.000000,5646.000000,5388.946777,187,0,0,0,0,0,0,0,0
07.04.2022,5639.000000,5639.000000,5586.000000,5624.000000,5367.948242,406,0,0,0,0,0,0,0,0
08.04.2022,5698.000000,5698.000000,5651.000000,5670.000000,5411.854004,6221,0,0,0,0,0,0,0,0
11.04.2022,5770.000000,5870.000000,5746.000000,5859.000000,5592.249023,1336,0,0,0,0,0,0,0,0
12.04.2022,5862.000000,5971.000000,5805.000000,5844.000000,5577.932129,3296,0,0,0,0,0,0,0,0
13.04.2022,5899.000000,5905.000000,5840.000000,5880.000000,5612.292969,374,0,0,0,0,0,0,0,0
14.04.2022,5892.000000,5980.000000,5887.000000,5977.000000,5704.876953,1731,0,0,0,0,0,0,0,0
15.04.2022,5977.000000,6014.000000,5970.000000,5979.000000,5706.785645,936,0,0,0,0,0,0,0,0
18.04.2022,5967.000000,5980.000000,5882.000000,5906.000000,5637.109375,634,0,0,0,0,0,0,0,0
19.04.2022,6004.000000,6020.000000,5955.000000,5982.000000,5709.648926,600,0,0,0,0,0,0,0,0
20.04.2022,6010.000000,6070.000000,5977.000000,6052.000000,5776.461914,538,0,0,0,0,0,0,0,0
21.04.2022,6075.000000,6075.000000,5990.000000,6002.000000,5728.738770,797,0,0,0,0,0,0,0,0
22.04.2022,5960.000000,5985.000000,5931.000000,5967.000000,5695.332031,433,0,0,0,0,0,0,0,0
25.04.2022,5929.000000,5960.000000,5900.000000,5915.000000,5645.699707,2525,0,0,0,0,0,0,0,0
26.04.2022,5915.000000,5978.000000,5915.000000,5950.000000,5679.105957,372,0,0,0,0,0,0,0,0
27.04.2022,5933.000000,6028.000000,5933.000000,5953.000000,5681.969238,5892,0,0,0,0,0,0,0,0
28.04.2022,5893.000000,6130.000000,5871.000000,6130.000000,5850.911133,1230,0,0,0,0,0,0,0,0
02.05.2022,6130.000000,6130.000000,5930.000000,6066.000000,5789.824707,772,0,0,0,0,0,0,0,0
06.05.2022,6075.000000,6315.000000,6070.000000,6274.000000,5988.354980,2305,0,0,0,0,0,0,0,0
09.05.2022,6287.000000,6378.000000,6287.000000,6345.000000,6056.122559,1844,0,0,0,0,0,0,0,0
10.05.2022,6337.000000,6444.000000,6337.000000,6413.000000,6121.026367,3111,0,0,0,0,0,0,0,0
11.05.2022,6387.000000,6426.000000,6332.000000,6393.000000,6101.936523,2152,0,0,0,0,0,0,0,0
12.05.2022,6433.000000,6500.000000,6378.000000,6389.000000,6098.119141,3978,0,0,0,0,0,0,0,0
13.05.2022,6403.000000,6450.000000,6307.000000,6450.000000,6156.341797,2473,0,0,0,0,0,0,0,0
16.05.2022,6445.000000,6445.000000,6388.000000,6403.000000,6111.481934,541,0,0,0,0,0,0,0,0
17.05.2022,6434.000000,6453.000000,6380.000000,6374.000000,6083.802246,339,0,0,0,0,0,0,0,0
18.05.2022,6398.000000,6434.000000,6300.000000,6422.000000,6129.616699,987,0,0,0,0,0,0,0,0
19.05.2022,6386.000000,6435.000000,6354.000000,6435.000000,6142.024902,775,0,0,0,0,0,0,0,0
20.05.2022,6396.000000,6396.000000,6320.000000,6342.000000,6053.258789,553,0,0,0,0,0,0,0,0
23.05.2022,6370.000000,6391.000000,6327.000000,6387.000000,6096.209961,1192,0,0,0,0,0,0,0,0
24.05.2022,6398.000000,6419.000000,6332.000000,6386.000000,6095.255371,392,0,0,0,0,0,0,0,0
25.05.2022,6402.000000,6510.000000,6402.000000,6475.000000,6180.203613,1672,0,0,0,0,0,0,0,0
26.05.2022,6539.000000,6539.000000,6413.000000,6472.000000,6177.340332,1275,0,0,0,0,0,0,0,0
27.05.2022,6487.000000,6487.000000,6360.000000,6368.000000,6078.075195,1063,0,0,0,0,0,0,0,0
30.05.2022,6386.000000,6386.000000,6281.000000,6328.000000,6039.896484,2275,0,0,0,0,0,0,0,0
31.05.2022,6301.000000,6352.000000,6236.000000,6236.000000,5952.084961,2104,0,0,0,0,0,0,0,0
01.06.2022,6275.000000,6306.000000,6240.000000,6280.000000,5994.081543,471,0,0,0,0,0,0,0,0
02.06.2022,6300.000000,6390.000000,6258.000000,6306.000000,6018.897949,1186,0,0,0,0,0,0,0,0
03.06.2022,6331.000000,6331.000000,6273.000000,6328.000000,6039.896484,328,0,0,0,0,0,0,0,0
06.06.2022,6336.000000,6374.000000,6325.000000,6354.000000,6064.712402,872,0,0,0,0,0,0,0,0
07.06.2022,6359.000000,6446.000000,6359.000000,6429.000000,6136.298340,2314,0,0,0,0,0,0,0,0
08.06.2022,6438.000000,6531.000000,6404.000000,6525.000000,6227.927246,1284,0,0,0,0,0,0,0,0
09.06.2022,6540.000000,6540.000000,6463.000000,6490.000000,6194.520508,1712,0,0,0,0,0,0,0,0
10.06.2022,6498.000000,6498.000000,6388.000000,6454.000000,6160.159668,476,0,0,0,0,0,0,0,0
13.06.2022,6438.000000,6518.000000,6438.000000,6510.000000,6213.610352,1037,0,0,0,0,0,0,0,0
14.06.2022,6449.000000,6477.000000,6409.000000,6429.000000,6136.298340,3072,0,0,0,0,0,0,0,0
15.06.2022,6393.000000,6437.000000,6280.000000,6305.000000,6017.943359,2362,0,0,0,0,0,0,0,0
16.06.2022,6307.000000,6380.000000,6307.000000,6335.000000,6046.577637,491,0,0,0,0,0,0,0,0
17.06.2022,6268.000000,6353.000000,6230.000000,6338.000000,6049.440918,953,0,0,0,0,0,0,0,0
20.06.2022,6322.000000,6322.000000,6200.000000,6226.000000,5942.540039,1230,0,0,0,0,0,0,0,0
21.06.2022,6279.000000,6295.000000,6249.000000,6283.000000,5996.944824,369,0,0,0,0,0,0,0,0
22.06.2022,6320.000000,6372.000000,6313.000000,6361.000000,6071.394043,353,0,0,0,0,0,0,0,0
23.06.2022,6366.000000,6428.000000,6366.000000,6423.000000,6130.570801,520,0,0,0,0,0,0,0,0
24.06.2022,6394.000000,6450.000000,6389.000000,6411.000000,6119.117676,360,0,0,0,0,0,0,0,0
27.06.2022,6494.000000,6593.000000,6452.000000,6570.000000,6270.878418,2379,0,0,0,0,0,0,0,0
28.06.2022,6545.000000,6716.000000,6545.000000,6716.000000,6410.231445,2884,0,0,0,0,0,0,0,0
29.06.2022,6745.000000,6821.000000,6716.000000,6762.000000,6454.137207,3141,0,0,0,0,0,0,0,0
30.06.2022,6797.000000,6847.000000,6737.000000,6800.000000,6490.407227,1618,0,0,0,0,0,0,0,0
01.07.2022,6800.000000,6832.000000,6547.000000,6603.000000,6302.375977,1448,0,0,0,0,0,0,0,0
04.07.2022,6669.000000,6883.000000,6669.000000,6865.000000,6552.447754,1263,0,0,0,0,0,0,0,0
05.07.2022,6864.000000,6864.000000,6762.000000,6837.000000,6525.722656,995,0,0,0,0,0,0,0,0
06.07.2022,6788.000000,6788.000000,6476.000000,6583.000000,6283.286621,3089,0,0,0,0,0,0,0,0
07.07.2022,6629.000000,6715.000000,6611.000000,6647.000000,6344.372559,1083,0,0,0,0,0,0,0,0
08.07.2022,6650.000000,6753.000000,6624.000000,6753.000000,6445.546875,1119,0,0,0,0,0,0,0,0
11.07.2022,6841.000000,6841.000000,6753.000000,6778.000000,6469.408691,631,0,0,0,0,0,0,0,0
12.07.2022,6775.000000,6828.000000,6750.000000,6751.000000,6443.637695,868,0,0,0,0,0,0,0,0
13.07.2022,6730.000000,6852.000000,6730.000000,6831.000000,6519.995605,1501,0,0,0,0,0,0,0,0
14.07.2022,6726.000000,6726.000000,6574.000000,6630.000000,6328.146973,4943,0,0,0,0,0,0,0,0
15.07.2022,6784.000000,6790.000000,6620.000000,6675.000000,6466.684082,3552,0,0,0,0,0,0,0,0
19.07.2022,6652.000000,6652.000000,6546.000000,6567.000000,6362.054688,838,0,0,0,0,0,0,0,0
20.07.2022,6641.000000,6641.000000,6567.000000,6604.000000,6397.899902,321,0,0,0,0,0,0,0,0
21.07.2022,6552.000000,6566.000000,6522.000000,6553.000000,6348.491211,644,0,0,0,0,0,0,0,0
22.07.2022,6553.000000,6553.000000,6371.000000,6396.000000,6196.391113,2250,0,0,0,0,0,0,0,0
25.07.2022,6396.000000,6483.000000,6396.000000,6436.000000,6235.142578,693,0,0,0,0,0,0,0,0
26.07.2022,6465.000000,6465.000000,6395.000000,6395.000000,6195.422363,562,0,0,0,0,0,0,0,0
27.07.2022,6422.000000,6438.000000,6320.000000,6343.000000,6145.044922,2118,0,0,0,0,0,0,0,0
28.07.2022,6391.000000,6590.000000,6391.000000,6572.000000,6366.898438,3128,0,0,0,0,0,0,0,0
29.07.2022,6553.000000,6553.000000,6465.000000,6522.000000,6318.458984,723,0,0,0,0,0,0,0,0
01.08.2022,6469.000000,6469.000000,6370.000000,6437.000000,6236.111328,3879,0,0,0,0,0,0,0,0
02.08.2022,6363.000000,6388.000000,6329.000000,6334.000000,6136.326172,556,1,141000,0,0,0,0,0,0
03.08.2022,6324.000000,6324.000000,6198.000000,6253.000000,6057.854004,1063,0,0,0,0,0,0,0,0
04.08.2022,6248.000000,6250.000000,6143.000000,6143.000000,5951.286621,1512,0,0,0,0,0,0,0,0
05.08.2022,6109.000000,6159.000000,6102.000000,6139.000000,5947.411621,1430,0,0,0,0,0,0,0,0
08.08.2022,6132.000000,6226.000000,6130.000000,6220.000000,6025.883789,316,0,0,0,0,0,0,0,0
09.08.2022,6216.000000,6237.000000,6180.000000,6180.000000,5987.132324,226,0,0,0,0,0,0,0,0
10.08.2022,6233.000000,6286.000000,6205.000000,6286.000000,6089.824219,487,0,0,0,0,0,0,0,0
12.08.2022,6345.000000,6363.000000,6266.000000,6301.000000,6104.355957,472,0,0,0,0,0,0,0,0
15.08.2022,6306.000000,6337.000000,6254.000000,6295.000000,6098.542969,561,0,0,0,0,0,0,0,0
16.08.2022,6281.000000,6331.000000,6280.000000,6315.000000,6117.918945,110,0,0,0,0,0,0,0,0
17.08.2022,6369.000000,6436.000000,6366.000000,6418.000000,6217.704590,2482,0,0,0,0,0,0,0,0
18.08.2022,6436.000000,6463.000000,6430.000000,6443.000000,6241.924316,670,0,0,0,0,0,0,0,0
19.08.2022,6468.000000,6468.000000,6408.000000,6458.000000,6256.456055,613,0,0,0,0,0,0,0,0
22.08.2022,6460.000000,6486.000000,6421.000000,6476.000000,6273.894531,532,0,0,0,0,0,0,0,0
23.08.2022,6479.000000,6479.000000,6420.000000,6420.000000,6219.642090,231,0,0,0,0,0,0,0,0
24.08.2022,6452.000000,6590.000000,6422.000000,6537.000000,6332.990723,2766,0,0,0,0,0,0,0,0
25.08.2022,6564.000000,6568.000000,6483.000000,6507.000000,6303.926758,737,0,0,0,0,0,0,0,0
26.08.2022,6480.000000,6516.000000,6474.000000,6490.000000,6287.457520,1075,0,0,0,0,0,0,0,0
29.08.2022,6416.000000,6498.000000,6416.000000,6453.000000,6251.612305,245,0,0,0,0,0,0,0,0
30.08.2022,6486.000000,6585.000000,6486.000000,6522.000000,6318.458984,757,0,0,0,0,0,0,0,0
31.08.2022,6522.000000,6540.000000,6463.000000,6506.000000,6302.958008,571,0,0,0,0,0,0,0,0
01.09.2022,6484.000000,6484.000000,6398.000000,6398.000000,6198.328613,346,0,0,0,0,0,0,0,0
02.09.2022,6428.000000,6428.000000,6351.000000,6372.000000,6173.140137,259,0,0,0,0,0,0,0,0
05.09.2022,6352.000000,6408.000000,6326.000000,6371.000000,6172.171387,1382,0,0,0,0,0,0,0,0
06.09.2022,6353.000000,6370.000000,6314.000000,6339.000000,6141.169922,602,0,0,0,0,0,0,0,0
07.09.2022,6276.000000,6291.000000,6268.000000,6287.000000,6090.792969,136,0,0,0,0,0,0,0,0
08.09.2022,6336.000000,6400.000000,6336.000000,6396.000000,6196.391113,101,0,0,0,0,0,0,0,0
09.09.2022,6396.000000,6474.000000,6395.000000,6467.000000,6265.175293,1949,0,0,0,0,0,0,0,0
12.09.2022,6475.000000,6475.000000,6415.000000,6423.000000,6222.548340,500,0,0,0,0,0,0,0,0
13.09.2022,6443.000000,6466.000000,6424.000000,6424.000000,6223.517090,38,0,0,0,0,0,0,0,0
14.09.2022,6345.000000,6346.000000,6272.000000,6283.000000,6086.917480,853,0,0,0,0,0,0,0,0
15.09.2022,6302.000000,6302.000000,6230.000000,6250.000000,6054.947754,364,0,0,0,0,0,0,0,0
16.09.2022,6243.000000,6329.000000,6211.000000,6290.000000,6093.699219,508,0,0,0,0,0,0,0,0
20.09.2022,6361.000000,6361.000000,6318.000000,6346.000000,6147.951660,5700,1,2000000,1,2000000,0,0,0,0
21.09.2022,6290.000000,6311.000000,6190.000000,6225.000000,6030.727539,752,0,0,0,0,0,0,0,0
22.09.2022,6208.000000,6251.000000,6175.000000,6233.000000,6038.478027,426,0,0,0,0,0,0,0,0
26.09.2022,6181.000000,6210.000000,6101.000000,6108.000000,5917.378906,426,1,752000,1,752000,0,0,0,0
27.09.2022,6088.000000,6182.000000,6066.000000,6100.000000,5909.628906,239,0,0,0,0,0,0,0,0
28.09.2022,6060.000000,6106.000000,6009.000000,6083.000000,5893.159180,1502,0,0,0,0,0,0,0,0
29.09.2022,6183.000000,6183.000000,6067.000000,6147.000000,5955.162109,192,0,0,0,0,0,0,0,0
30.09.2022,6131.000000,6170.000000,6025.000000,6043.000000,5854.407715,523,0,0,0,0,0,0,0,0
03.10.2022,5985.000000,5985.000000,5820.000000,5883.000000,5699.400879,1026,0,0,0,0,0,0,0,0
04.10.2022,5983.000000,6119.000000,5983.000000,6068.000000,5878.627441,1544,0,0,0,0,0,0,0,0
05.10.2022,6105.000000,6127.000000,6050.000000,6066.000000,5876.689941,235,0,0,0,0,0,0,0,0
06.10.2022,6094.000000,6116.000000,6000.000000,6000.000000,5812.749512,539,0,0,0,0,0,0,0,0
07.10.2022,5921.000000,5933.000000,5901.000000,5933.000000,5747.840820,962,0,0,0,0,0,0,0,0
11.10.2022,5952.000000,5974.000000,5921.000000,5925.000000,5740.090332,343,0,0,0,0,0,0,0,0
12.10.2022,5938.000000,5938.000000,5833.000000,5842.000000,5659.680664,726,0,0,0,0,0,0,0,0
13.10.2022,5814.000000,5814.000000,5717.000000,5753.000000,5573.458008,942,0,0,0,0,0,0,0,0
14.10.2022,5840.000000,5900.000000,5816.000000,5860.000000,5677.118652,607,0,0,0,0,0,0,0,0
17.10.2022,5860.000000,5860.000000,5805.000000,5846.000000,5663.555664,547,0,0,0,0,0,0,0,0
18.10.2022,5885.000000,5885.000000,5820.000000,5838.000000,5655.805176,844,0,0,0,0,0,0,0,0
19.10.2022,5881.000000,6014.000000,5872.000000,5964.000000,5777.873047,1309,0,0,0,0,0,0,0,0
20.10.2022,5992.000000,5992.000000,5919.000000,5956.000000,5770.122559,207,0,0,0,0,0,0,0,0
21.10.2022,5889.000000,5907.000000,5857.000000,5883.000000,5699.400879,238,0,0,0,0,0,0,0,0
24.10.2022,5959.000000,5959.000000,5860.000000,5862.000000,5679.056152,187,0,0,0,0,0,0,0,0
25.10.2022,5832.000000,5916.000000,5832.000000,5885.000000,5701.338379,115,0,0,0,0,0,0,0,0
26.10.2022,5890.000000,5909.000000,5877.000000,5882.000000,5698.432129,134,0,0,0,0,0,0,0,0
27.10.2022,5880.000000,5950.000000,5851.000000,5922.000000,5737.184082,456,0,0,0,0,0,0,0,0
28.10.2022,5905.000000,5936.000000,5888.000000,5921.000000,5736.214844,113,0,0,0,0,0,0,0,0
31.10.2022,6000.000000,6000.000000,5905.000000,5986.000000,5799.186523,558,0,0,0,0,0,0,0,0
01.11.2022,5973.000000,5993.000000,5884.000000,5910.000000,5725.558594,606,0,0,0,0,0,0,0,0
02.11.2022,5872.000000,5883.000000,5841.000000,5858.000000,5675.181152,1310,0,0,0,0,0,0,0,0
04.11.2022,5832.000000,5849.000000,5801.000000,5815.000000,5633.522949,2342,0,0,0,0,0,0,0,0
07.11.2022,5839.000000,5845.000000,5791.000000,5800.000000,5618.991211,586,0,0,0,0,0,0,0,0
08.11.2022,5833.000000,5851.000000,5822.000000,5826.000000,5644.179688,2417,0,0,0,0,0,0,0,0
09.11.2022,5858.000000,5858.000000,5815.000000,5831.000000,5649.023926,707,0,0,0,0,0,0,0,0
10.11.2022,5825.000000,5860.000000,5806.000000,5841.000000,5658.711914,493,0,0,0,0,0,0,0,0
11.11.2022,5918.000000,5929.000000,5831.000000,5851.000000,5668.399902,1190,0,0,0,0,0,0,0,0
14.11.2022,5836.000000,5850.000000,5773.000000,5850.000000,5667.430664,1405,0,0,0,0,0,0,0,0
15.11.2022,5764.000000,5779.000000,5716.000000,5734.000000,5555.051270,756,0,0,0,0,0,0,0,0
16.11.2022,5740.000000,5740.000000,5698.000000,5732.000000,5553.113281,1636,0,0,0,0,0,0,0,0
17.11.2022,5750.000000,5783.000000,5750.000000,5752.000000,5572.489258,607,0,0,0,0,0,0,0,0
18.11.2022,5770.000000,5830.000000,5770.000000,5830.000000,5648.055176,291,0,0,0,0,0,0,0,0
21.11.2022,5847.000000,5890.000000,5840.000000,5858.000000,5675.181152,1981,0,0,0,0,0,0,0,0
22.11.2022,5905.000000,6044.000000,5905.000000,5996.000000,5808.874512,1776,0,0,0,0,0,0,0,0
24.11.2022,6040.000000,6136.000000,6025.000000,6106.000000,5915.441406,1945,0,0,0,0,0,0,0,0
25.11.2022,6119.000000,6210.000000,6119.000000,6194.000000,6000.695313,3144,0,0,0,0,0,0,0,0
28.11.2022,6176.000000,6193.000000,6116.000000,6174.000000,5981.319336,859,0,0,0,0,0,0,0,0
29.11.2022,6161.000000,6161.000000,6054.000000,6065.000000,5875.721191,621,0,0,0,0,0,0,0,0
30.11.2022,6150.000000,6150.000000,5982.000000,5983.000000,5796.280273,1236,0,0,0,0,0,0,0,0
01.12.2022,6021.000000,6021.000000,5890.000000,5904.000000,5719.745605,2442,0,0,0,0,0,0,0,0
02.12.2022,5949.000000,5949.000000,5803.000000,5876.000000,5692.619629,1223,0,0,0,0,0,0,0,0
05.12.2022,5906.000000,5906.000000,5740.000000,5790.000000,5609.303223,3397,0,0,0,0,0,0,0,0
06.12.2022,5805.000000,5876.000000,5805.000000,5876.000000,5692.619629,972,0,0,0,0,0,0,0,0
07.12.2022,5896.000000,5939.000000,5872.000000,5939.000000,5753.653320,580,0,0,0,0,0,0,0,0
08.12.2022,5939.000000,5939.000000,5836.000000,5869.000000,5685.837891,565,0,0,0,0,0,0,0,0
09.12.2022,5901.000000,6016.000000,5901.000000,5984.000000,5797.249023,1820,0,0,0,0,0,0,0,0
12.12.2022,6000.000000,6036.000000,5976.000000,6005.000000,5817.593750,685,0,0,0,0,0,0,0,0
13.12.2022,5999.000000,6020.000000,5970.000000,5984.000000,5797.249023,1558,0,0,0,0,0,0,0,0
14.12.2022,5973.000000,6014.000000,5945.000000,5987.000000,5800.155273,605,0,0,0,0,0,0,0,0
15.12.2022,5987.000000,6038.000000,5987.000000,6038.000000,5849.563477,1096,0,0,0,0,0,0,0,0
16.12.2022,6038.000000,6038.000000,5974.000000,5976.000000,5789.498535,501,0,0,0,0,0,0,0,0
19.12.2022,5938.000000,5952.000000,5903.000000,5911.000000,5726.527344,552,0,0,0,0,0,0,0,0
20.12.2022,5920.000000,6015.000000,5850.000000,5957.000000,5771.091797,826,0,0,0,0,0,0,0,0
21.12.2022,5973.000000,5983.000000,5903.000000,5965.000000,5778.841797,708,0,0,0,0,0,0,0,0
22.12.2022,5974.000000,5989.000000,5934.000000,5971.000000,5784.654785,233,0,0,0,0,0,0,0,0
23.12.2022,6008.000000,6151.000000,6008.000000,6122.000000,5930.942383,1175,0,0,0,0,0,0,0,0
26.12.2022,6122.000000,6122.000000,5982.000000,6011.000000,5823.406250,579,0,0,0,0,0,0,0,0
27.12.2022,6014.000000,6015.000000,5976.000000,5988.000000,5801.124023,404,0,0,0,0,0,0,0,0
28.12.2022,5987.000000,6067.000000,5987.000000,6067.000000,5877.658691,440,0,0,0,0,0,0,0,0
29.12.2022,6080.000000,6101.000000,6046.000000,6088.000000,5898.003418,672,0,0,0,0,0,0,0,0
30.12.2022,6088.000000,6101.000000,6059.000000,6087.000000,5897.034668,382,0,0,0,0,0,0,0,0