Date,Open,High,Low,Close,Adj Close,Volume,Dummy,Damage,Dummy_over_0.5,Damage_over_0.5,Dummy_over_0.75,Damage_over_0.75,Dummy_over_0.90,Damage_over_0.90
2010-01-04,8360.000000,8360.000000,8340.000000,8340.000000,5937.685059,18,0,0,0,0,0,0,0,0
2010-01-05,8500.000000,8570.000000,8500.000000,8550.000000,6087.194336,251,0,0,0,0,0,0,0,0
2010-01-06,8500.000000,8730.000000,8500.000000,8690.000000,6186.868164,486,0,0,0,0,0,0,0,0
2010-01-07,8800.000000,8910.000000,8800.000000,8870.000000,6315.018066,332,0,0,0,0,0,0,0,0
2010-01-08,8900.000000,8950.000000,8900.000000,8950.000000,6371.976074,26,0,0,0,0,0,0,0,0
2010-01-12,9000.000000,9110.000000,8950.000000,9070.000000,6457.411133,88,0,0,0,0,0,0,0,0
2010-01-13,9120.000000,9160.000000,8980.000000,8980.000000,6393.333984,35,0,0,0,0,0,0,0,0
2010-01-14,9060.000000,9080.000000,9060.000000,9080.000000,6464.528809,18,0,0,0,0,0,0,0,0
2010-01-15,9050.000000,9100.000000,9050.000000,9100.000000,6478.768066,26,0,0,0,0,0,0,0,0
2010-01-18,8961.599609,8961.599609,8961.599609,8961.599609,6380.234375,0,0,0,0,0,0,0,0,0
2010-01-19,8910.000000,8910.000000,8730.000000,8730.000000,6215.346191,25,0,0,0,0,0,0,0,0
2010-01-20,8730.000000,8730.000000,8730.000000,8730.000000,6215.346191,10,0,0,0,0,0,0,0,0
2010-01-21,8841.799805,8841.799805,8841.799805,8841.799805,6294.942383,0,0,0,0,0,0,0,0,0
2010-01-22,8580.000000,8750.000000,8580.000000,8720.000000,6208.227539,9,0,0,0,0,0,0,0,0
2010-01-25,8580.000000,8690.000000,8580.000000,8680.000000,6179.748535,45,0,0,0,0,0,0,0,0
2010-01-26,8680.000000,8680.000000,8680.000000,8680.000000,6179.748535,6,0,0,0,0,0,0,0,0
2010-01-27,8500.000000,8500.000000,8400.000000,8430.000000,6001.761230,12,0,0,0,0,0,0,0,0
2010-01-28,8412.200195,8412.200195,8412.200195,8412.200195,5989.087402,0,0,0,0,0,0,0,0,0
2010-01-29,8500.000000,8580.000000,8330.000000,8330.000000,5930.564453,64,0,0,0,0,0,0,0,0
2010-02-01,8300.000000,8300.000000,8240.000000,8200.000000,5838.011230,15,0,0,0,0,0,0,0,0
2010-02-02,8490.000000,8490.000000,8330.000000,8400.000000,5980.401855,7,0,0,0,0,0,0,0,0
2010-02-03,8360.000000,8360.000000,8360.000000,8330.000000,5930.564453,112,0,0,0,0,0,0,0,0
2010-02-04,8380.000000,8380.000000,8230.000000,8230.000000,5859.369629,25,0,0,0,0,0,0,0,0
2010-02-05,8370.000000,8370.000000,8010.000000,8000.000000,5695.620117,34,0,0,0,0,0,0,0,0
2010-02-08,7970.000000,8080.000000,7970.000000,7970.000000,5674.262207,171,0,0,0,0,0,0,0,0
2010-02-09,7920.000000,7990.000000,7920.000000,7940.000000,5652.903809,33,0,0,0,0,0,0,0,0
2010-02-10,7916.899902,7916.899902,7916.899902,7916.899902,5636.457520,0,0,0,0,0,0,0,0,0
2010-02-12,8000.000000,8000.000000,7980.000000,7980.000000,5681.382324,4,0,0,0,0,0,0,0,0
2010-02-15,8030.000000,8220.000000,8030.000000,8220.000000,5852.249512,4,0,0,0,0,0,0,0,0
2010-02-16,7990.000000,7990.000000,7990.000000,7990.000000,5688.500977,5,0,0,0,0,0,0,0,0
2010-02-17,8176.399902,8176.399902,8176.399902,8176.399902,5821.208496,0,0,0,0,0,0,0,0,0
2010-02-18,8220.000000,8220.000000,8220.000000,8220.000000,5852.249512,1,0,0,0,0,0,0,0,0
2010-02-19,8200.000000,8200.000000,8080.000000,8090.000000,5759.697266,112,0,0,0,0,0,0,0,0
2010-02-22,8240.000000,8300.000000,8240.000000,8240.000000,5866.489258,27,0,0,0,0,0,0,0,0
2010-02-23,8240.000000,8240.000000,8240.000000,8240.000000,5866.489258,3,0,0,0,0,0,0,0,0
2010-02-24,8210.000000,8210.000000,8210.000000,8210.000000,5845.130371,1,0,0,0,0,0,0,0,0
2010-02-25,8200.000000,8200.000000,8200.000000,8200.000000,5838.011230,1,0,0,0,0,0,0,0,0
2010-02-26,8200.000000,8200.000000,8200.000000,8200.000000,5838.011230,2,0,0,0,0,0,0,0,0
2010-03-01,8200.000000,8220.000000,8200.000000,8300.000000,5909.206055,21,0,0,0,0,0,0,0,0
2010-03-02,8180.000000,8200.000000,8150.000000,8150.000000,5802.413574,11,0,0,0,0,0,0,0,0
2010-03-03,8140.000000,8140.000000,8140.000000,8140.000000,5795.293945,9,0,0,0,0,0,0,0,0
2010-03-04,8140.000000,8140.000000,8110.000000,8110.000000,5773.935547,2,0,0,0,0,0,0,0,0
2010-03-05,8180.000000,8200.000000,8180.000000,8200.000000,5838.011230,25,0,0,0,0,0,0,0,0
2010-03-08,8332.900391,8332.900391,8332.900391,8332.900391,5932.629883,0,0,0,0,0,0,0,0,0
2010-03-09,8350.000000,8360.000000,8340.000000,8360.000000,5951.923828,207,0,0,0,0,0,0,0,0
2010-03-10,8306.900391,8306.900391,8306.900391,8306.900391,5914.119629,0,0,0,0,0,0,0,0,0
2010-03-11,8414.299805,8414.299805,8414.299805,8414.299805,5990.582031,0,0,0,0,0,0,0,0,0
2010-03-12,8660.000000,8660.000000,8470.000000,8470.000000,6030.238281,169,0,0,0,0,0,0,0,0
2010-03-15,8600.000000,8610.000000,8570.000000,8570.000000,6101.433594,244,0,0,0,0,0,0,0,0
2010-03-16,8570.000000,8590.000000,8570.000000,8590.000000,6115.672852,42,0,0,0,0,0,0,0,0
2010-03-17,8740.000000,8740.000000,8730.000000,8730.000000,6215.346191,4,0,0,0,0,0,0,0,0
2010-03-18,8660.000000,8700.000000,8660.000000,8700.000000,6193.987793,18,0,0,0,0,0,0,0,0
2010-03-19,8600.000000,8600.000000,8600.000000,8600.000000,6122.792480,5,0,0,0,0,0,0,0,0
2010-03-23,8580.000000,8580.000000,8580.000000,8580.000000,6108.552734,11,0,0,0,0,0,0,0,0
2010-03-24,8670.000000,8680.000000,8670.000000,8680.000000,6179.748535,2,0,0,0,0,0,0,0,0
2010-03-25,8610.000000,8610.000000,8590.000000,8590.000000,6115.672852,2,0,0,0,0,0,0,0,0
2010-03-26,8700.000000,8730.000000,8700.000000,8730.000000,6215.346191,9,0,0,0,0,0,0,0,0
2010-03-29,8760.000000,9000.000000,8760.000000,9000.000000,6407.573242,227,0,0,0,0,0,0,0,0
2010-03-30,9040.000000,9090.000000,9040.000000,9080.000000,6464.528809,139,0,0,0,0,0,0,0,0
2010-03-31,9070.000000,9130.000000,9070.000000,9120.000000,6493.006836,13,0,0,0,0,0,0,0,0
2010-04-01,9135.200195,9135.200195,9135.200195,9135.200195,6503.829102,0,0,0,0,0,0,0,0,0
2010-04-02,9180.000000,9210.000000,9180.000000,9210.000000,6557.083496,58,0,0,0,0,0,0,0,0
2010-04-05,9200.000000,9300.000000,9200.000000,9300.000000,6621.158203,180,0,0,0,0,0,0,0,0
2010-04-06,9300.000000,9300.000000,9250.000000,9300.000000,6621.158203,13,0,0,0,0,0,0,0,0
2010-04-07,9310.000000,9540.000000,9310.000000,9540.000000,6792.028320,507,0,0,0,0,0,0,0,0
2010-04-08,9480.000000,9480.000000,9440.000000,9440.000000,6720.831543,20,0,0,0,0,0,0,0,0
2010-04-09,9400.000000,9400.000000,9390.000000,9390.000000,6685.235840,68,0,0,0,0,0,0,0,0
2010-04-12,9520.000000,9590.000000,9520.000000,9580.000000,6820.506348,42,0,0,0,0,0,0,0,0
2010-04-13,9450.000000,9450.000000,9450.000000,9450.000000,6727.951172,95,0,0,0,0,0,0,0,0
2010-04-14,9490.000000,9550.000000,9490.000000,9500.000000,6763.550293,102,0,0,0,0,0,0,0,0
2010-04-15,9580.000000,9580.000000,9580.000000,9580.000000,6820.506348,1,0,0,0,0,0,0,0,0
2010-04-16,9570.000000,9600.000000,9510.000000,9510.000000,6770.668945,221,0,0,0,0,0,0,0,0
2010-04-19,9360.000000,9360.000000,9360.000000,9360.000000,6663.876465,16,0,0,0,0,0,0,0,0
2010-04-20,9370.000000,9380.000000,9370.000000,9380.000000,6678.115723,313,0,0,0,0,0,0,0,0
2010-04-21,9380.000000,9400.000000,9340.000000,9400.000000,6692.354980,206,0,0,0,0,0,0,0,0
2010-04-22,9240.000000,9240.000000,9240.000000,9240.000000,6578.442383,1,0,0,0,0,0,0,0,0
2010-04-23,9310.000000,9360.000000,9300.000000,9360.000000,6663.876465,314,0,0,0,0,0,0,0,0
2010-04-26,9540.000000,9540.000000,9540.000000,9540.000000,6792.028320,42,0,0,0,0,0,0,0,0
2010-04-27,9440.000000,9440.000000,9430.000000,9430.000000,6713.712402,2,0,0,0,0,0,0,0,0
2010-04-28,9250.000000,9250.000000,9250.000000,9250.000000,6585.562012,1,0,0,0,0,0,0,0,0
2010-04-30,9360.000000,9360.000000,9360.000000,9360.000000,6663.876465,1,0,0,0,0,0,0,0,0
2010-05-06,9210.000000,9210.000000,8910.000000,8910.000000,6343.497559,29,0,0,0,0,0,0,0,0
2010-05-07,8590.000000,8680.000000,8550.000000,8600.000000,6122.792480,80,0,0,0,0,0,0,0,0
2010-05-10,8450.000000,8750.000000,8450.000000,8750.000000,6229.584961,131,0,0,0,0,0,0,0,0
2010-05-11,8800.000000,8800.000000,8740.000000,8740.000000,6222.465820,167,0,0,0,0,0,0,0,0
2010-05-12,8500.000000,8500.000000,8440.000000,8440.000000,6008.879883,162,0,0,0,0,0,0,0,0
2010-05-13,8642.599609,8642.599609,8642.599609,8642.599609,6153.121582,0,0,0,0,0,0,0,0,0
2010-05-14,8490.000000,8490.000000,8490.000000,8490.000000,6044.477539,100,0,0,0,0,0,0,0,0
2010-05-17,8400.000000,8410.000000,8360.000000,8360.000000,5951.923828,197,0,0,0,0,0,0,0,0
2010-05-18,8340.000000,8340.000000,8220.000000,8220.000000,5852.249512,75,0,0,0,0,0,0,0,0
2010-05-19,8100.000000,8120.000000,8030.000000,8090.000000,5759.697266,77,0,0,0,0,0,0,0,0
2010-05-20,8050.000000,8220.000000,8050.000000,8170.000000,5816.652344,22,0,0,0,0,0,0,0,0
2010-05-21,7980.000000,7980.000000,7880.000000,7960.000000,5667.142090,39,0,0,0,0,0,0,0,0
2010-05-24,7810.000000,7860.000000,7810.000000,7860.000000,5595.947266,33,0,0,0,0,0,0,0,0
2010-05-25,7810.000000,7810.000000,7700.000000,7720.000000,5496.273926,178,0,0,0,0,0,0,0,0
2010-05-26,7810.000000,7810.000000,7650.000000,7750.000000,5517.632813,15,0,0,0,0,0,0,0,0
2010-05-27,7680.000000,7680.000000,7680.000000,7680.000000,5467.795898,100,0,0,0,0,0,0,0,0
2010-05-28,7970.000000,8030.000000,7920.000000,7920.000000,5638.664063,178,0,0,0,0,0,0,0,0
2010-05-31,7950.000000,8060.000000,7950.000000,8060.000000,5738.337891,25,0,0,0,0,0,0,0,0
2010-06-01,8050.000000,8050.000000,8050.000000,8050.000000,5731.218262,19,0,0,0,0,0,0,0,0
2010-06-02,7960.000000,7960.000000,7960.000000,7960.000000,5667.142090,164,0,0,0,0,0,0,0,0
2010-06-03,8010.000000,8160.000000,8000.000000,8000.000000,5695.620117,393,0,0,0,0,0,0,0,0
2010-06-04,8050.000000,8050.000000,8050.000000,8050.000000,5731.218262,11,0,0,0,0,0,0,0,0
2010-06-07,7770.000000,7770.000000,7620.000000,7630.000000,5432.198242,127,0,0,0,0,0,0,0,0
2010-06-08,7510.000000,7600.000000,7510.000000,7540.000000,5368.122559,109,0,0,0,0,0,0,0,0
2010-06-09,7500.000000,7500.000000,7400.000000,7400.000000,5268.448242,199,0,0,0,0,0,0,0,0
2010-06-10,7542.299805,7542.299805,7542.299805,7542.299805,5369.759766,0,0,0,0,0,0,0,0,0
2010-06-11,7700.000000,7700.000000,7700.000000,7700.000000,5482.034180,3,0,0,0,0,0,0,0,0
2010-06-14,7660.000000,7670.000000,7620.000000,7630.000000,5432.198242,42,0,0,0,0,0,0,0,0
2010-06-15,7620.000000,7620.000000,7620.000000,7620.000000,5425.078125,1,0,0,0,0,0,0,0,0
2010-06-16,7760.000000,7790.000000,7710.000000,7780.000000,5538.991211,44,0,0,0,0,0,0,0,0
2010-06-17,7729.899902,7729.899902,7729.899902,7729.899902,5503.321777,0,0,0,0,0,0,0,0,0
2010-06-18,7650.000000,7670.000000,7600.000000,7600.000000,5410.839844,50,0,0,0,0,0,0,0,0
2010-06-21,7700.000000,7730.000000,7700.000000,7700.000000,5482.034180,72,0,0,0,0,0,0,0,0
2010-06-22,7630.000000,7630.000000,7630.000000,7630.000000,5432.198242,9,0,0,0,0,0,0,0,0
2010-06-23,7510.000000,7520.000000,7500.000000,7520.000000,5353.883789,21,0,0,0,0,0,0,0,0
2010-06-24,7490.000000,7520.000000,7480.000000,7520.000000,5353.883789,102,0,0,0,0,0,0,0,0
2010-06-25,7390.000000,7390.000000,7320.000000,7320.000000,5211.492676,19,0,0,0,0,0,0,0,0
2010-06-28,7320.000000,7320.000000,7280.000000,7280.000000,5183.014648,143,0,0,0,0,0,0,0,0
2010-06-29,7300.000000,7340.000000,7210.000000,7210.000000,5133.177246,153,0,0,0,0,0,0,0,0
2010-06-30,7060.000000,7130.000000,7050.000000,7050.000000,5019.265625,61,0,0,0,0,0,0,0,0
2010-07-01,7090.000000,7110.000000,7090.000000,7110.000000,5061.983398,101,0,0,0,0,0,0,0,0
2010-07-02,7090.000000,7090.000000,7090.000000,7090.000000,5047.744629,62,0,0,0,0,0,0,0,0
2010-07-05,7090.000000,7170.000000,7090.000000,7170.000000,5104.700684,12,0,0,0,0,0,0,0,0
2010-07-06,7000.000000,7170.000000,7000.000000,7170.000000,5104.700684,26,0,0,0,0,0,0,0,0
2010-07-07,7100.000000,7100.000000,7100.000000,7100.000000,5054.863281,100,0,0,0,0,0,0,0,0
2010-07-08,7250.000000,7280.000000,7250.000000,7270.000000,5175.895020,82,0,0,0,0,0,0,0,0
2010-07-09,7400.000000,7400.000000,7320.000000,7330.000000,5218.612793,18,0,0,0,0,0,0,0,0
2010-07-12,7280.000000,7300.000000,7280.000000,7280.000000,5183.014648,16,0,0,0,0,0,0,0,0
2010-07-13,7170.000000,7180.000000,7080.000000,7080.000000,5040.624512,10,0,0,0,0,0,0,0,0
2010-07-14,7220.000000,7230.000000,7220.000000,7230.000000,5147.416992,11,0,0,0,0,0,0,0,0
2010-07-15,7240.000000,7240.000000,7060.000000,7070.000000,5033.503906,114,0,0,0,0,0,0,0,0
2010-07-16,7020.000000,7020.000000,6950.000000,6950.000000,4948.070313,43,0,0,0,0,0,0,0,0
2010-07-21,6800.000000,6800.000000,6700.000000,6740.000000,4798.560059,145,0,0,0,0,0,0,0,0
2010-07-22,6640.000000,6690.000000,6640.000000,6680.000000,4755.843750,58,0,0,0,0,0,0,0,0
2010-07-23,6810.000000,6810.000000,6790.000000,6790.000000,4834.158203,72,0,0,0,0,0,0,0,0
2010-07-26,6787.500000,6787.500000,6787.500000,6787.500000,4832.378906,0,0,0,0,0,0,0,0,0
2010-07-27,6820.000000,6820.000000,6820.000000,6820.000000,4855.516602,10,0,0,0,0,0,0,0,0
2010-07-28,7060.000000,7080.000000,7060.000000,7080.000000,5040.624512,238,0,0,0,0,0,0,0,0
2010-07-29,7058.600098,7058.600098,7058.600098,7058.600098,5025.388672,0,0,0,0,0,0,0,0,0
2010-07-30,6980.299805,6980.299805,6980.299805,6980.299805,4969.642090,0,0,0,0,0,0,0,0,0
2010-08-02,7030.000000,7050.000000,6980.000000,6980.000000,4969.428711,59,0,0,0,0,0,0,0,0
2010-08-03,7060.000000,7140.000000,7060.000000,7110.000000,5061.983398,62,0,0,0,0,0,0,0,0
2010-08-04,7060.000000,7060.000000,6990.000000,6990.000000,4976.548340,6,0,0,0,0,0,0,0,0
2010-08-05,7080.000000,7080.000000,7080.000000,7080.000000,5040.624512,1,0,0,0,0,0,0,0,0
2010-08-06,7000.000000,7100.000000,7000.000000,7100.000000,5054.863281,28,0,0,0,0,0,0,0,0
2010-08-09,7075.000000,7075.000000,7075.000000,7075.000000,5037.063965,0,0,0,0,0,0,0,0,0
2010-08-10,7090.000000,7090.000000,7090.000000,7090.000000,5047.744629,1,0,0,0,0,0,0,0,0
2010-08-11,7020.000000,7020.000000,6920.000000,6950.000000,4948.070313,15,0,0,0,0,0,0,0,0
2010-08-12,6850.000000,6850.000000,6680.000000,6750.000000,4805.679688,149,0,0,0,0,0,0,0,0
2010-08-13,6810.000000,6810.000000,6810.000000,6810.000000,4848.396484,3,0,0,0,0,0,0,0,0
2010-08-16,6740.000000,6790.000000,6740.000000,6790.000000,4834.158203,2,0,0,0,0,0,0,0,0
2010-08-17,6814.899902,6814.899902,6814.899902,6814.899902,4851.886230,0,0,0,0,0,0,0,0,0
2010-08-18,6800.000000,6900.000000,6800.000000,6900.000000,4912.472656,186,0,0,0,0,0,0,0,0
2010-08-19,6960.000000,7000.000000,6960.000000,7000.000000,4983.668457,2,0,0,0,0,0,0,0,0
2010-08-20,6920.000000,6920.000000,6870.000000,6870.000000,4891.114746,48,0,0,0,0,0,0,0,0
2010-08-23,6870.000000,6870.000000,6840.000000,6840.000000,4869.756348,31,0,0,0,0,0,0,0,0
2010-08-24,6790.000000,6790.000000,6790.000000,6790.000000,4834.158203,1,0,0,0,0,0,0,0,0
2010-08-25,6670.000000,6670.000000,6620.000000,6620.000000,4713.126953,272,0,0,0,0,0,0,0,0
2010-08-26,6590.000000,6590.000000,6590.000000,6590.000000,4691.767578,4,0,0,0,0,0,0,0,0
2010-08-27,6520.000000,6640.000000,6510.000000,6640.000000,4727.364746,192,0,0,0,0,0,0,0,0
2010-08-30,6810.000000,6870.000000,6800.000000,6800.000000,4841.277344,9,0,0,0,0,0,0,0,0
2010-08-31,6660.000000,6660.000000,6490.000000,6490.000000,4620.571777,915,0,0,0,0,0,0,0,0
2010-09-01,6500.000000,6550.000000,6460.000000,6550.000000,4663.289063,229,0,0,0,0,0,0,0,0
2010-09-02,6650.000000,6660.000000,6570.000000,6620.000000,4713.126953,338,0,0,0,0,0,0,0,0
2010-09-03,6640.000000,6650.000000,6630.000000,6650.000000,4734.484863,375,0,0,0,0,0,0,0,0
2010-09-06,6730.000000,6870.000000,6730.000000,6870.000000,4891.114746,438,0,0,0,0,0,0,0,0
2010-09-07,6880.000000,6890.000000,6880.000000,6890.000000,4905.353027,184,0,0,0,0,0,0,0,0
2010-09-08,6670.000000,6670.000000,6640.000000,6640.000000,4727.364746,12,0,0,0,0,0,0,0,0
2010-09-09,6740.000000,6760.000000,6710.000000,6710.000000,4777.202148,61,0,0,0,0,0,0,0,0
2010-09-10,6759.100098,6759.100098,6759.100098,6759.100098,4812.159180,0,0,0,0,0,0,0,0,0
2010-09-13,6810.000000,6810.000000,6810.000000,6810.000000,4848.396484,4,0,0,0,0,0,0,0,0
2010-09-14,6780.000000,6780.000000,6770.000000,6770.000000,4819.918945,13,0,0,0,0,0,0,0,0
2010-09-16,6920.000000,6920.000000,6700.000000,6700.000000,4770.082520,22,0,0,0,0,0,0,0,0
2010-09-17,6797.000000,6797.000000,6797.000000,6797.000000,4839.141602,0,0,0,0,0,0,0,0,0
2010-09-21,6860.000000,6880.000000,6780.000000,6780.000000,4827.038574,40,0,0,0,0,0,0,0,0
2010-09-22,6720.000000,6820.000000,6720.000000,6820.000000,4855.516602,17,0,0,0,0,0,0,0,0
2010-09-24,6650.000000,6650.000000,6620.000000,6630.000000,4720.245605,37,0,0,0,0,0,0,0,0
2010-09-27,6610.000000,6610.000000,6550.000000,6600.000000,4698.887695,166,0,0,0,0,0,0,0,0
2010-09-28,6630.000000,6630.000000,6580.000000,6580.000000,4684.647461,42,0,0,0,0,0,0,0,0
2010-09-29,6630.000000,6630.000000,6580.000000,6610.000000,4706.006348,8,0,0,0,0,0,0,0,0
2010-09-30,6540.000000,6540.000000,6450.000000,6450.000000,4592.094238,181,0,0,0,0,0,0,0,0
2010-10-01,6540.000000,6540.000000,6390.000000,6470.000000,4606.333008,56,0,0,0,0,0,0,0,0
2010-10-04,6540.000000,6540.000000,6350.000000,6350.000000,4520.898926,34,0,0,0,0,0,0,0,0
2010-10-05,6270.000000,6560.000000,6270.000000,6560.000000,4670.409180,157,0,0,0,0,0,0,0,0
2010-10-06,6630.000000,6770.000000,6630.000000,6760.000000,4812.799316,107,0,0,0,0,0,0,0,0
2010-10-07,6820.000000,6910.000000,6820.000000,6830.000000,4862.636230,137,0,0,0,0,0,0,0,0
2010-10-08,6850.000000,6850.000000,6820.000000,6820.000000,4855.516602,3,0,0,0,0,0,0,0,0
2010-10-12,6870.000000,6870.000000,6740.000000,6740.000000,4798.560059,59,0,0,0,0,0,0,0,0
2010-10-13,6670.000000,6670.000000,6660.000000,6660.000000,4741.603516,35,0,0,0,0,0,0,0,0
2010-10-14,6840.000000,6910.000000,6820.000000,6910.000000,4919.591797,16,0,0,0,0,0,0,0,0
2010-10-15,6800.000000,6800.000000,6640.000000,6660.000000,4741.603516,16,0,0,0,0,0,0,0,0
2010-10-18,6660.000000,6720.000000,6660.000000,6720.000000,4784.321289,2,0,0,0,0,0,0,0,0
2010-10-19,6690.000000,6690.000000,6680.000000,6680.000000,4755.843750,2,0,0,0,0,0,0,0,0
2010-10-20,6600.000000,6600.000000,6510.000000,6510.000000,4634.812012,39,0,0,0,0,0,0,0,0
2010-10-21,6550.000000,6570.000000,6550.000000,6570.000000,4677.528320,16,0,0,0,0,0,0,0,0
2010-10-22,6656.899902,6656.899902,6656.899902,6656.899902,4739.397461,0,0,0,0,0,0,0,0,0
2010-10-25,6649.500000,6649.500000,6649.500000,6649.500000,4734.129395,0,0,0,0,0,0,0,0,0
2010-10-26,6620.000000,6620.000000,6610.000000,6610.000000,4706.006348,12,0,0,0,0,0,0,0,0
2010-10-27,6590.000000,6590.000000,6500.000000,6570.000000,4677.528320,170,0,0,0,0,0,0,0,0
2010-10-28,6500.000000,6500.000000,6470.000000,6470.000000,4606.333008,3,0,0,0,0,0,0,0,0
2010-10-29,6440.000000,6440.000000,6370.000000,6430.000000,4577.854980,44,0,0,0,0,0,0,0,0
2010-11-01,6360.000000,6420.000000,6360.000000,6390.000000,4549.376953,510,0,0,0,0,0,0,0,0
2010-11-02,6350.000000,6350.000000,6280.000000,6340.000000,4513.779297,109,0,0,0,0,0,0,0,0
2010-11-04,6530.000000,6530.000000,6530.000000,6530.000000,4649.049805,1,0,0,0,0,0,0,0,0
2010-11-05,6600.000000,6730.000000,6600.000000,6730.000000,4791.440918,73,0,0,0,0,0,0,0,0
2010-11-08,6800.000000,6800.000000,6720.000000,6720.000000,4784.321289,21,0,0,0,0,0,0,0,0
2010-11-09,6721.399902,6721.399902,6721.399902,6721.399902,4785.317871,0,0,0,0,0,0,0,0,0
2010-11-10,6790.000000,6830.000000,6790.000000,6830.000000,4862.636230,105,0,0,0,0,0,0,0,0
2010-11-11,6910.000000,7030.000000,6910.000000,7010.000000,4990.787598,117,0,0,0,0,0,0,0,0
2010-11-12,6910.000000,7050.000000,6890.000000,6980.000000,4969.428711,16,0,0,0,0,0,0,0,0
2010-11-15,7000.000000,7000.000000,7000.000000,7000.000000,4983.668457,20,0,0,0,0,0,0,0,0
2010-11-16,7040.000000,7040.000000,7040.000000,7040.000000,5012.145996,14,0,0,0,0,0,0,0,0
2010-11-17,6890.000000,6900.000000,6890.000000,6900.000000,4912.472656,18,0,0,0,0,0,0,0,0
2010-11-18,6960.000000,7230.000000,6960.000000,7230.000000,5147.416992,192,0,0,0,0,0,0,0,0
2010-11-19,7370.000000,7430.000000,7280.000000,7280.000000,5183.014648,237,0,0,0,0,0,0,0,0
2010-11-22,7280.000000,7280.000000,7210.000000,7250.000000,5161.656250,74,0,0,0,0,0,0,0,0
2010-11-24,7060.000000,7180.000000,7060.000000,7180.000000,5111.818848,192,0,0,0,0,0,0,0,0
2010-11-25,7200.000000,7200.000000,7170.000000,7170.000000,5104.700684,203,0,0,0,0,0,0,0,0
2010-11-26,7100.000000,7100.000000,7070.000000,7070.000000,5033.503906,3,0,0,0,0,0,0,0,0
2010-11-29,7170.000000,7170.000000,7130.000000,7130.000000,5076.221680,21,0,0,0,0,0,0,0,0
2010-11-30,7120.000000,7120.000000,7050.000000,7080.000000,5040.624512,45,0,0,0,0,0,0,0,0
2010-12-01,7020.000000,7020.000000,6970.000000,6970.000000,4962.309570,13,0,0,0,0,0,0,0,0
2010-12-02,7200.000000,7200.000000,7170.000000,7170.000000,5104.700684,12,0,0,0,0,0,0,0,0
2010-12-03,7220.000000,7220.000000,7160.000000,7160.000000,5097.580566,505,0,0,0,0,0,0,0,0
2010-12-06,7180.000000,7180.000000,7170.000000,7170.000000,5104.700684,28,0,0,0,0,0,0,0,0
2010-12-07,7130.000000,7130.000000,7130.000000,7130.000000,5076.221680,1,0,0,0,0,0,0,0,0
2010-12-08,7160.000000,7180.000000,7140.000000,7140.000000,5083.341309,126,0,0,0,0,0,0,0,0
2010-12-09,7270.000000,7370.000000,7260.000000,7370.000000,5247.090332,352,0,0,0,0,0,0,0,0
2010-12-10,7460.000000,7460.000000,7400.000000,7430.000000,5289.807617,99,0,0,0,0,0,0,0,0
2010-12-13,7390.000000,7500.000000,7390.000000,7500.000000,5339.644043,183,0,0,0,0,0,0,0,0
2010-12-14,7570.000000,7600.000000,7570.000000,7590.000000,5403.719727,603,0,0,0,0,0,0,0,0
2010-12-15,7570.000000,7570.000000,7560.000000,7560.000000,5382.360840,4,0,0,0,0,0,0,0,0
2010-12-16,7530.000000,7530.000000,7530.000000,7530.000000,5361.002930,7,0,0,0,0,0,0,0,0
2010-12-17,7580.000000,7590.000000,7580.000000,7590.000000,5403.719727,3,0,0,0,0,0,0,0,0
2010-12-20,7540.000000,7590.000000,7540.000000,7590.000000,5403.719727,63,0,0,0,0,0,0,0,0
2010-12-21,7560.000000,7600.000000,7560.000000,7600.000000,5410.839844,28,0,0,0,0,0,0,0,0
2010-12-22,7560.000000,7640.000000,7560.000000,7590.000000,5403.719727,601,0,0,0,0,0,0,0,0
2010-12-24,7590.000000,7590.000000,7510.000000,7530.000000,5361.002930,376,0,0,0,0,0,0,0,0
2010-12-27,7556.299805,7556.299805,7556.299805,7556.299805,5379.727051,0,0,0,0,0,0,0,0,0
2010-12-28,7605.100098,7605.100098,7605.100098,7605.100098,5414.470703,0,0,0,0,0,0,0,0,0
2010-12-29,7641.399902,7641.399902,7641.399902,7641.399902,5440.313965,0,0,0,0,0,0,0,0,0
2010-12-30,7600.000000,7600.000000,7500.000000,7530.000000,5361.002930,1429,0,0,0,0,0,0,0,0
2011-01-04,7660.000000,7700.000000,7660.000000,7700.000000,5482.034180,199,0,0,0,0,0,0,0,0
2011-01-05,7710.000000,7710.000000,7650.000000,7650.000000,5446.437500,232,0,0,0,0,0,0,0,0
2011-01-06,7710.000000,7800.000000,7710.000000,7800.000000,5553.230957,257,0,0,0,0,0,0,0,0
2011-01-07,7810.000000,7840.000000,7780.000000,7830.000000,5574.588867,331,0,0,0,0,0,0,0,0
2011-01-11,7760.000000,7760.000000,7740.000000,7740.000000,5510.513184,10,0,0,0,0,0,0,0,0
2011-01-12,7800.000000,7930.000000,7800.000000,7870.000000,5603.066895,154,0,0,0,0,0,0,0,0
2011-01-13,7990.000000,8000.000000,7940.000000,7970.000000,5674.262207,115,0,0,0,0,0,0,0,0
2011-01-14,7970.000000,7970.000000,7900.000000,7900.000000,5624.424805,462,0,0,0,0,0,0,0,0
2011-01-17,7870.000000,7870.000000,7780.000000,7780.000000,5538.991211,213,0,0,0,0,0,0,0,0
2011-01-18,7770.000000,7770.000000,7770.000000,7770.000000,5531.872559,70,0,0,0,0,0,0,0,0
2011-01-19,7860.000000,7860.000000,7860.000000,7860.000000,5595.947266,119,0,0,0,0,0,0,0,0
2011-01-20,7780.000000,7790.000000,7770.000000,7770.000000,5531.872559,687,0,0,0,0,0,0,0,0
2011-01-21,7600.000000,7600.000000,7480.000000,7480.000000,5325.405273,485,0,0,0,0,0,0,0,0
2011-01-24,7550.000000,7550.000000,7540.000000,7550.000000,5375.242676,112,0,0,0,0,0,0,0,0
2011-01-25,7580.000000,7720.000000,7580.000000,7720.000000,5496.273926,272,0,0,0,0,0,0,0,0
2011-01-26,7615.100098,7615.100098,7615.100098,7615.100098,5421.590332,0,0,0,0,0,0,0,0,0
2011-01-27,7652.100098,7652.100098,7652.100098,7652.100098,5447.932617,0,0,0,0,0,0,0,0,0
2011-01-28,7500.000000,7510.000000,7460.000000,7510.000000,5346.763672,126,0,0,0,0,0,0,0,0
2011-01-31,7390.000000,7420.000000,7360.000000,7420.000000,5282.688477,165,0,0,0,0,0,0,0,0
2011-02-01,7470.000000,7470.000000,7470.000000,7470.000000,5318.285645,1,0,0,0,0,0,0,0,0
2011-02-02,7600.000000,7660.000000,7600.000000,7650.000000,5446.437500,8,0,0,0,0,0,0,0,0
2011-02-03,7670.000000,7670.000000,7650.000000,7660.000000,5453.557129,47,0,0,0,0,0,0,0,0
2011-02-04,7710.000000,7760.000000,7710.000000,7740.000000,5510.513184,5,0,0,0,0,0,0,0,0
2011-02-07,7820.000000,7820.000000,7770.000000,7800.000000,5553.230957,118,0,0,0,0,0,0,0,0
2011-02-08,7860.000000,7900.000000,7860.000000,7890.000000,5617.304688,30,0,0,0,0,0,0,0,0
2011-02-09,7960.000000,7960.000000,7900.000000,7900.000000,5624.424805,27,0,0,0,0,0,0,0,0
2011-02-10,7880.000000,7950.000000,7880.000000,7950.000000,5660.022949,4,0,0,0,0,0,0,0,0
2011-02-14,6270.000000,8200.000000,6270.000000,8200.000000,5838.011230,62,0,0,0,0,0,0,0,0
2011-02-15,8200.000000,8220.000000,8170.000000,8190.000000,5830.890625,18,0,0,0,0,0,0,0,0
2011-02-16,8240.000000,8470.000000,8240.000000,8470.000000,6030.238281,34,0,0,0,0,0,0,0,0
2011-02-17,8530.000000,8600.000000,8530.000000,8600.000000,6122.792480,103,0,0,0,0,0,0,0,0
2011-02-18,8480.000000,8500.000000,8450.000000,8500.000000,6051.596191,9,0,0,0,0,0,0,0,0
2011-02-21,8420.000000,8460.000000,8420.000000,8460.000000,6023.119629,91,0,0,0,0,0,0,0,0
2011-02-22,8370.000000,8370.000000,8180.000000,8180.000000,5823.771484,186,0,0,0,0,0,0,0,0
2011-02-23,8060.000000,8180.000000,8010.000000,8070.000000,5745.457520,212,0,0,0,0,0,0,0,0
2011-02-24,8000.000000,8010.000000,7900.000000,7900.000000,5624.424805,834,0,0,0,0,0,0,0,0
2011-02-25,7970.000000,7970.000000,7970.000000,7970.000000,5674.262207,20,0,0,0,0,0,0,0,0
2011-02-28,8000.000000,8110.000000,7990.000000,8080.000000,5752.576660,328,0,0,0,0,0,0,0,0
2011-03-01,8140.000000,8240.000000,8140.000000,8240.000000,5866.489258,84,0,0,0,0,0,0,0,0
2011-03-02,8100.000000,8100.000000,8000.000000,8000.000000,5695.620117,379,0,0,0,0,0,0,0,0
2011-03-03,8050.000000,8050.000000,8020.000000,8050.000000,5731.218262,186,0,0,0,0,0,0,0,0
2011-03-04,8170.000000,8230.000000,8160.000000,8180.000000,5823.771484,41,0,0,0,0,0,0,0,0
2011-03-07,8100.000000,8100.000000,7980.000000,8020.000000,5709.859863,142,0,0,0,0,0,0,0,0
2011-03-08,7990.000000,8000.000000,7990.000000,8000.000000,5695.620117,119,0,0,0,0,0,0,0,0
2011-03-09,8130.000000,8160.000000,8080.000000,8080.000000,5752.576660,19,0,0,0,0,0,0,0,0
2011-03-10,7970.000000,7970.000000,7860.000000,7860.000000,5595.947266,90,0,0,0,0,0,0,0,0
2011-03-11,7870.000000,7870.000000,7720.000000,7720.000000,5496.273926,646,1,210000000,1,210000000,1,210000000,1,210000000
2011-03-14,6670.000000,6960.000000,6670.000000,6830.000000,4862.636230,743,0,0,0,0,0,0,0,0
2011-03-15,6730.000000,6730.000000,5900.000000,6440.000000,4584.974609,1110,0,0,0,0,0,0,0,0
2011-03-16,6630.000000,6870.000000,6610.000000,6760.000000,4812.799316,518,0,0,0,0,0,0,0,0
2011-03-17,6590.000000,6640.000000,6460.000000,6640.000000,4727.364746,155,0,0,0,0,0,0,0,0
2011-03-18,6870.000000,6870.000000,6700.000000,6800.000000,4841.277344,746,0,0,0,0,0,0,0,0
2011-03-22,7080.000000,7190.000000,7080.000000,7180.000000,5111.818848,101,0,0,0,0,0,0,0,0
2011-03-23,7170.000000,7230.000000,7100.000000,7160.000000,5097.580566,603,0,0,0,0,0,0,0,0
2011-03-24,7080.000000,7080.000000,6980.000000,7000.000000,4983.668457,201,0,0,0,0,0,0,0,0
2011-03-25,7150.000000,7150.000000,6890.000000,6890.000000,4905.353027,211,0,0,0,0,0,0,0,0
2011-03-28,6940.000000,6940.000000,6880.000000,6880.000000,4898.233887,166,0,0,0,0,0,0,0,0
2011-03-29,6830.000000,6910.000000,6760.000000,6910.000000,4919.591797,23,0,0,0,0,0,0,0,0
2011-03-30,6880.000000,6930.000000,6840.000000,6930.000000,4933.831543,329,0,0,0,0,0,0,0,0
2011-03-31,7030.000000,7060.000000,7010.000000,7020.000000,4997.907227,16,0,0,0,0,0,0,0,0
2011-04-01,7100.000000,7100.000000,6950.000000,6960.000000,4955.188965,625,0,0,0,0,0,0,0,0
2011-04-04,7020.000000,7020.000000,6920.000000,6920.000000,4926.711914,284,0,0,0,0,0,0,0,0
2011-04-05,6900.000000,6900.000000,6760.000000,6800.000000,4841.277344,134,0,0,0,0,0,0,0,0
2011-04-06,6850.000000,6850.000000,6710.000000,6720.000000,4784.321289,22,0,0,0,0,0,0,0,0
2011-04-07,6810.000000,6840.000000,6780.000000,6780.000000,4827.038574,249,0,0,0,0,0,0,0,0
2011-04-08,6780.000000,6780.000000,6780.000000,6780.000000,4827.038574,1,0,0,0,0,0,0,0,0
2011-04-11,6920.000000,6950.000000,6910.000000,6910.000000,4919.591797,373,0,0,0,0,0,0,0,0
2011-04-12,6840.000000,6850.000000,6810.000000,6830.000000,4862.636230,154,0,0,0,0,0,0,0,0
2011-04-13,6880.000000,6880.000000,6870.000000,6870.000000,4891.114746,2763,0,0,0,0,0,0,0,0
2011-04-14,6850.000000,6920.000000,6850.000000,6920.000000,4926.711914,21,0,0,0,0,0,0,0,0
2011-04-15,6870.000000,6870.000000,6840.000000,6840.000000,4869.756348,230,0,0,0,0,0,0,0,0
2011-04-18,6840.000000,6840.000000,6760.000000,6760.000000,4812.799316,25,0,0,0,0,0,0,0,0
2011-04-19,6680.000000,6740.000000,6680.000000,6730.000000,4791.440918,117,0,0,0,0,0,0,0,0
2011-04-20,6820.000000,6830.000000,6800.000000,6830.000000,4862.636230,377,0,0,0,0,0,0,0,0
2011-04-21,6800.000000,6800.000000,6800.000000,6800.000000,4841.277344,1,0,0,0,0,0,0,0,0
2011-04-22,6750.000000,6750.000000,6750.000000,6750.000000,4805.679688,18,0,0,0,0,0,0,0,0
2011-04-25,6820.000000,6870.000000,6820.000000,6870.000000,4891.114746,23,0,0,0,0,0,0,0,0
2011-04-26,6810.000000,6810.000000,6780.000000,6780.000000,4827.038574,6,0,0,0,0,0,0,0,0
2011-04-27,6823.299805,6823.299805,6823.299805,6823.299805,4857.865723,0,0,0,0,0,0,0,0,0
2011-04-28,6830.000000,6920.000000,6830.000000,6870.000000,4891.114746,126,0,0,0,0,0,0,0,0
2011-05-02,6920.000000,6950.000000,6910.000000,6950.000000,4948.070313,41,0,0,0,0,0,0,0,0
2011-05-06,6960.000000,6960.000000,6960.000000,6960.000000,4955.188965,1,0,0,0,0,0,0,0,0
2011-05-09,6970.000000,6970.000000,6970.000000,6970.000000,4962.309570,1,0,0,0,0,0,0,0,0
2011-05-10,6900.000000,6900.000000,6830.000000,6850.000000,4876.875000,41,0,0,0,0,0,0,0,0
2011-05-11,6900.000000,6910.000000,6860.000000,6880.000000,4898.233887,65,0,0,0,0,0,0,0,0
2011-05-12,6800.000000,6840.000000,6790.000000,6790.000000,4834.158203,629,0,0,0,0,0,0,0,0
2011-05-13,6750.000000,6750.000000,6630.000000,6640.000000,4727.364746,135,0,0,0,0,0,0,0,0
2011-05-16,6570.000000,6590.000000,6510.000000,6510.000000,4634.812012,278,0,0,0,0,0,0,0,0
2011-05-17,6510.000000,6600.000000,6510.000000,6600.000000,4698.887695,101,0,0,0,0,0,0,0,0
2011-05-18,6610.000000,6650.000000,6610.000000,6640.000000,4727.364746,305,0,0,0,0,0,0,0,0
2011-05-19,6710.000000,6710.000000,6640.000000,6640.000000,4727.364746,210,0,0,0,0,0,0,0,0
2011-05-20,6640.000000,6640.000000,6640.000000,6640.000000,4727.364746,5,0,0,0,0,0,0,0,0
2011-05-23,6550.000000,6550.000000,6430.000000,6430.000000,4577.854980,587,0,0,0,0,0,0,0,0
2011-05-24,6390.000000,6460.000000,6390.000000,6460.000000,4599.213867,24,0,0,0,0,0,0,0,0
2011-05-25,6480.000000,6500.000000,6460.000000,6460.000000,4599.213867,57,0,0,0,0,0,0,0,0
2011-05-26,6510.000000,6510.000000,6510.000000,6510.000000,4634.812012,5,0,0,0,0,0,0,0,0
2011-05-27,6500.000000,6580.000000,6500.000000,6580.000000,4684.647461,19,0,0,0,0,0,0,0,0
2011-05-30,6510.000000,6520.000000,6510.000000,6520.000000,4641.930664,9,0,0,0,0,0,0,0,0
2011-05-31,6540.000000,6650.000000,6540.000000,6650.000000,4734.484863,644,0,0,0,0,0,0,0,0
2011-06-01,6690.000000,6690.000000,6620.000000,6680.000000,4755.843750,534,0,0,0,0,0,0,0,0
2011-06-02,6590.000000,6590.000000,6560.000000,6570.000000,4677.528320,10,0,0,0,0,0,0,0,0
2011-06-03,6470.000000,6470.000000,6460.000000,6460.000000,4599.213867,3,0,0,0,0,0,0,0,0
2011-06-06,6410.000000,6430.000000,6360.000000,6370.000000,4535.138672,219,0,0,0,0,0,0,0,0
2011-06-07,6380.000000,6420.000000,6380.000000,6420.000000,4570.735352,319,0,0,0,0,0,0,0,0
2011-06-08,6440.000000,6460.000000,6440.000000,6460.000000,4599.213867,355,0,0,0,0,0,0,0,0
2011-06-09,6400.000000,6400.000000,6360.000000,6360.000000,4528.018555,6,0,0,0,0,0,0,0,0
2011-06-10,6490.000000,6520.000000,6480.000000,6490.000000,4620.571777,9,0,0,0,0,0,0,0,0
2011-06-13,6390.000000,6410.000000,6370.000000,6390.000000,4549.376953,43,0,0,0,0,0,0,0,0
2011-06-14,6390.000000,6480.000000,6390.000000,6480.000000,4613.452637,266,0,0,0,0,0,0,0,0
2011-06-15,6540.000000,6540.000000,6460.000000,6460.000000,4599.213867,354,0,0,0,0,0,0,0,0
2011-06-16,6390.000000,6390.000000,6360.000000,6360.000000,4528.018555,448,0,0,0,0,0,0,0,0
2011-06-17,6380.000000,6380.000000,6240.000000,6250.000000,4449.703613,739,0,0,0,0,0,0,0,0
2011-06-20,6270.000000,6280.000000,6270.000000,6280.000000,4471.062012,4,0,0,0,0,0,0,0,0
2011-06-21,6320.000000,6320.000000,6250.000000,6280.000000,4471.062012,1805,0,0,0,0,0,0,0,0
2011-06-22,6340.000000,6500.000000,6340.000000,6460.000000,4599.213867,562,0,0,0,0,0,0,0,0
2011-06-23,6410.000000,6450.000000,6410.000000,6450.000000,4592.094238,83,0,0,0,0,0,0,0,0
2011-06-24,6440.000000,6490.000000,6430.000000,6490.000000,4620.571777,154,0,0,0,0,0,0,0,0
2011-06-27,6490.000000,6490.000000,6410.000000,6430.000000,4577.854980,210,0,0,0,0,0,0,0,0
2011-06-28,6510.000000,6550.000000,6510.000000,6540.000000,4656.170410,4,0,0,0,0,0,0,0,0
2011-06-29,6610.000000,6650.000000,6610.000000,6650.000000,4734.484863,41,0,0,0,0,0,0,0,0
2011-06-30,6740.000000,6740.000000,6680.000000,6690.000000,4762.962402,68,0,0,0,0,0,0,0,0
2011-07-01,6760.000000,6800.000000,6740.000000,6760.000000,4812.799316,1605,0,0,0,0,0,0,0,0
2011-07-04,6900.000000,6920.000000,6900.000000,6920.000000,4926.711914,4,0,0,0,0,0,0,0,0
2011-07-05,6930.000000,6990.000000,6930.000000,6960.000000,4955.188965,19,0,0,0,0,0,0,0,0
2011-07-06,6940.000000,6940.000000,6940.000000,6940.000000,4940.950684,1,0,0,0,0,0,0,0,0
2011-07-07,6950.000000,6980.000000,6950.000000,6980.000000,4969.428711,352,0,0,0,0,0,0,0,0
2011-07-08,7040.000000,7050.000000,7010.000000,7010.000000,4990.787598,31,0,0,0,0,0,0,0,0
2011-07-11,6900.000000,6930.000000,6880.000000,6880.000000,4898.233887,17,0,0,0,0,0,0,0,0
2011-07-12,6760.000000,6760.000000,6710.000000,6720.000000,4784.321289,79,0,0,0,0,0,0,0,0
2011-07-13,6620.000000,6670.000000,6620.000000,6660.000000,4741.603516,11,0,0,0,0,0,0,0,0
2011-07-14,6640.000000,6640.000000,6590.000000,6590.000000,4691.767578,27,0,0,0,0,0,0,0,0
2011-07-15,6570.000000,6570.000000,6570.000000,6570.000000,4677.528320,1,0,0,0,0,0,0,0,0
2011-07-19,6500.000000,6510.000000,6500.000000,6510.000000,4634.812012,8,1,50000,0,0,0,0,0,0
2011-07-20,6610.000000,6610.000000,6560.000000,6570.000000,4677.528320,100,0,0,0,0,0,0,0,0
2011-07-21,6650.000000,6650.000000,6620.000000,6620.000000,4713.126953,5,0,0,0,0,0,0,0,0
2011-07-22,6710.000000,6800.000000,6710.000000,6800.000000,4841.277344,45,0,0,0,0,0,0,0,0
2011-07-25,6770.000000,6770.000000,6700.000000,6700.000000,4770.082520,25,0,0,0,0,0,0,0,0
2011-07-26,6760.000000,6830.000000,6760.000000,6800.000000,4841.277344,682,0,0,0,0,0,0,0,0
2011-07-27,6700.000000,6700.000000,6700.000000,6700.000000,4770.082520,2,0,0,0,0,0,0,0,0
2011-07-28,6640.000000,6640.000000,6600.000000,6600.000000,4698.887695,96,0,0,0,0,0,0,0,0
2011-07-29,6640.000000,6640.000000,6540.000000,6540.000000,4656.170410,70,0,0,0,0,0,0,0,0
2011-08-01,6700.000000,6710.000000,6690.000000,6710.000000,4777.202148,4,0,0,0,0,0,0,0,0
2011-08-02,6600.000000,6600.000000,6600.000000,6600.000000,4698.887695,1,0,0,0,0,0,0,0,0
2011-08-03,6530.000000,6530.000000,6470.000000,6470.000000,4606.333008,454,0,0,0,0,0,0,0,0
2011-08-04,6520.000000,6570.000000,6480.000000,6570.000000,4677.528320,142,0,0,0,0,0,0,0,0
2011-08-05,6470.000000,6470.000000,6210.000000,6210.000000,4421.225586,128,0,0,0,0,0,0,0,0
2011-08-08,6130.000000,6130.000000,6060.000000,6090.000000,4335.791016,211,0,0,0,0,0,0,0,0
2011-08-09,5960.000000,5970.000000,5750.000000,5970.000000,4250.356934,366,0,0,0,0,0,0,0,0
2011-08-10,6070.000000,6070.000000,5990.000000,5990.000000,4264.596191,86,0,0,0,0,0,0,0,0
2011-08-11,5840.000000,5890.000000,5840.000000,5880.000000,4186.281250,16,0,0,0,0,0,0,0,0
2011-08-12,5970.000000,6020.000000,5830.000000,5860.000000,4172.041992,102,0,0,0,0,0,0,0,0
2011-08-15,5980.000000,5980.000000,5920.000000,5940.000000,4228.998535,5,0,0,0,0,0,0,0,0
2011-08-16,5950.000000,5950.000000,5920.000000,5920.000000,4214.759277,199,0,0,0,0,0,0,0,0
2011-08-17,5890.000000,5970.000000,5890.000000,5970.000000,4250.356934,140,0,0,0,0,0,0,0,0
2011-08-18,5940.000000,5940.000000,5880.000000,5880.000000,4186.281250,60,0,0,0,0,0,0,0,0
2011-08-19,5780.000000,5780.000000,5690.000000,5700.000000,4058.130371,575,0,0,0,0,0,0,0,0
2011-08-22,5653.200195,5653.200195,5653.200195,5653.200195,4024.811035,0,0,0,0,0,0,0,0,0
2011-08-23,5690.000000,5730.000000,5650.000000,5710.000000,4065.249268,243,0,0,0,0,0,0,0,0
2011-08-24,5760.000000,5760.000000,5630.000000,5700.000000,4058.130371,108,0,0,0,0,0,0,0,0
2011-08-25,5710.000000,5800.000000,5710.000000,5800.000000,4129.325195,142,0,0,0,0,0,0,0,0
2011-08-26,5730.000000,5730.000000,5680.000000,5710.000000,4065.249268,152,0,0,0,0,0,0,0,0
2011-08-29,5720.000000,5750.000000,5710.000000,5710.000000,4065.249268,163,0,0,0,0,0,0,0,0
2011-08-30,5780.000000,5850.000000,5780.000000,5800.000000,4129.325195,313,0,0,0,0,0,0,0,0
2011-08-31,5770.000000,5770.000000,5770.000000,5770.000000,4107.966797,99,0,0,0,0,0,0,0,0
2011-09-01,5850.000000,5910.000000,5850.000000,5880.000000,4186.281250,222,0,0,0,0,0,0,0,0
2011-09-02,5790.000000,5800.000000,5730.000000,5750.000000,4093.727539,115,1,65000,0,0,0,0,0,0
2011-09-05,5650.000000,5650.000000,5560.000000,5560.000000,3958.456543,834,0,0,0,0,0,0,0,0
2011-09-06,5510.000000,5510.000000,5370.000000,5380.000000,3830.304443,505,0,0,0,0,0,0,0,0
2011-09-07,5460.000000,5460.000000,5450.000000,5450.000000,3880.141846,321,0,0,0,0,0,0,0,0
2011-09-08,5550.000000,5560.000000,5550.000000,5560.000000,3958.456543,19,0,0,0,0,0,0,0,0
2011-09-09,5440.000000,5470.000000,5430.000000,5430.000000,3865.902100,148,0,0,0,0,0,0,0,0
2011-09-12,5310.000000,5340.000000,5290.000000,5290.000000,3766.229492,521,0,0,0,0,0,0,0,0
2011-09-13,5340.000000,5410.000000,5310.000000,5410.000000,3851.663330,731,0,0,0,0,0,0,0,0
2011-09-14,5310.000000,5340.000000,5300.000000,5310.000000,3780.468018,90,0,0,0,0,0,0,0,0
2011-09-15,5410.000000,5440.000000,5410.000000,5440.000000,3873.021973,107,0,0,0,0,0,0,0,0
2011-09-16,5490.000000,5550.000000,5490.000000,5550.000000,3951.336182,86,0,0,0,0,0,0,0,0
2011-09-20,5480.000000,5480.000000,5370.000000,5370.000000,3823.185547,114,0,0,0,0,0,0,0,0
2011-09-21,5370.000000,5370.000000,5350.000000,5350.000000,3808.946289,53,0,0,0,0,0,0,0,0
2011-09-22,5270.000000,5270.000000,5180.000000,5210.000000,3709.272949,482,1,1820000,1,1820000,0,0,0,0
2011-09-26,5220.000000,5220.000000,5080.000000,5100.000000,3630.958496,241,0,0,0,0,0,0,0,0
2011-09-27,5160.000000,5260.000000,5160.000000,5260.000000,3744.870850,253,0,0,0,0,0,0,0,0
2011-09-28,5340.000000,5460.000000,5340.000000,5460.000000,3887.261475,480,0,0,0,0,0,0,0,0
2011-09-29,5270.000000,5500.000000,5220.000000,5500.000000,3915.739502,1013,0,0,0,0,0,0,0,0
2011-09-30,5570.000000,5580.000000,5480.000000,5500.000000,3915.739502,583,0,0,0,0,0,0,0,0
2011-10-03,5370.000000,5370.000000,5280.000000,5360.000000,3816.066162,218,0,0,0,0,0,0,0,0
2011-10-04,5290.000000,5290.000000,5290.000000,5290.000000,3766.229492,101,0,0,0,0,0,0,0,0
2011-10-05,5330.000000,5330.000000,5200.000000,5200.000000,3702.152832,248,0,0,0,0,0,0,0,0
2011-10-06,5250.000000,5250.000000,5250.000000,5250.000000,3737.751709,10,0,0,0,0,0,0,0,0
2011-10-07,5340.000000,5380.000000,5340.000000,5380.000000,3830.304443,9,0,0,0,0,0,0,0,0
2011-10-11,5450.000000,5470.000000,5430.000000,5470.000000,3894.381348,361,0,0,0,0,0,0,0,0
2011-10-12,5411.500000,5411.500000,5411.500000,5411.500000,3852.731445,0,0,0,0,0,0,0,0,0
2011-10-13,5500.000000,5530.000000,5500.000000,5500.000000,3915.739502,4,0,0,0,0,0,0,0,0
2011-10-14,5460.000000,5460.000000,5460.000000,5460.000000,3887.261475,3,0,0,0,0,0,0,0,0
2011-10-17,5480.000000,5540.000000,5480.000000,5540.000000,3944.216797,369,0,0,0,0,0,0,0,0
2011-10-18,5450.000000,5450.000000,5420.000000,5420.000000,3858.782715,25,0,0,0,0,0,0,0,0
2011-10-19,5450.000000,5450.000000,5420.000000,5420.000000,3858.782715,15,0,0,0,0,0,0,0,0
2011-10-20,5390.000000,5390.000000,5350.000000,5350.000000,3808.946289,80,0,0,0,0,0,0,0,0
2011-10-21,5360.000000,5360.000000,5230.000000,5260.000000,3744.870850,100,0,0,0,0,0,0,0,0
2011-10-24,5310.000000,5310.000000,5310.000000,5310.000000,3780.468018,2,0,0,0,0,0,0,0,0
2011-10-25,5410.000000,5410.000000,5350.000000,5360.000000,3816.066162,3,0,0,0,0,0,0,0,0
2011-10-26,5280.000000,5370.000000,5250.000000,5370.000000,3823.185547,78,0,0,0,0,0,0,0,0
2011-10-27,5380.000000,5650.000000,5380.000000,5650.000000,4022.531494,99,0,0,0,0,0,0,0,0
2011-10-28,5780.000000,5850.000000,5730.000000,5730.000000,4079.488281,187,0,0,0,0,0,0,0,0
2011-10-31,5700.000000,5700.000000,5580.000000,5600.000000,3986.934326,38,0,0,0,0,0,0,0,0
2011-11-01,5470.000000,5470.000000,5460.000000,5460.000000,3887.261475,21,0,0,0,0,0,0,0,0
2011-11-02,5360.000000,5360.000000,5250.000000,5310.000000,3780.468018,156,0,0,0,0,0,0,0,0
2011-11-04,5410.000000,5410.000000,5390.000000,5390.000000,3837.424561,41,0,0,0,0,0,0,0,0
2011-11-07,5370.000000,5420.000000,5360.000000,5420.000000,3858.782715,49,0,0,0,0,0,0,0,0
2011-11-08,5290.000000,5290.000000,5160.000000,5180.000000,3687.914307,322,0,0,0,0,0,0,0,0
2011-11-09,5350.000000,5360.000000,5290.000000,5290.000000,3766.229492,91,0,0,0,0,0,0,0,0
2011-11-10,5120.000000,5140.000000,5080.000000,5120.000000,3645.197021,131,0,0,0,0,0,0,0,0
2011-11-11,5160.000000,5160.000000,5090.000000,5110.000000,3638.077637,232,0,0,0,0,0,0,0,0
2011-11-14,5230.000000,5250.000000,5190.000000,5190.000000,3695.033691,584,0,0,0,0,0,0,0,0
2011-11-15,5200.000000,5200.000000,5200.000000,5200.000000,3702.152832,1,0,0,0,0,0,0,0,0
2011-11-16,5110.000000,5110.000000,5080.000000,5090.000000,3623.838379,593,0,0,0,0,0,0,0,0
2011-11-17,5050.000000,5110.000000,5030.000000,5110.000000,3638.077637,168,0,0,0,0,0,0,0,0
2011-11-18,5050.000000,5050.000000,4980.000000,5000.000000,3559.763428,189,0,0,0,0,0,0,0,0
2011-11-21,4990.000000,4995.000000,4960.000000,4965.000000,3534.845215,308,0,0,0,0,0,0,0,0
2011-11-22,4900.000000,4950.000000,4900.000000,4950.000000,3524.164795,57,0,0,0,0,0,0,0,0
2011-11-24,4910.000000,4910.000000,4830.000000,4830.000000,3438.730957,417,0,0,0,0,0,0,0,0
2011-11-25,4800.000000,4915.000000,4800.000000,4905.000000,3492.127686,45,0,0,0,0,0,0,0,0
2011-11-28,4985.000000,5040.000000,4985.000000,5040.000000,3588.241211,187,0,0,0,0,0,0,0,0
2011-11-29,5090.000000,5140.000000,5080.000000,5140.000000,3659.436523,328,0,0,0,0,0,0,0,0
2011-11-30,5050.000000,5110.000000,5040.000000,5110.000000,3638.077637,229,0,0,0,0,0,0,0,0
2011-12-01,5260.000000,5330.000000,5250.000000,5260.000000,3744.870850,267,0,0,0,0,0,0,0,0
2011-12-02,5300.000000,5300.000000,5280.000000,5280.000000,3759.109863,12,0,0,0,0,0,0,0,0
2011-12-05,5330.000000,5390.000000,5330.000000,5340.000000,3801.827148,1516,0,0,0,0,0,0,0,0
2011-12-06,5300.000000,5300.000000,5180.000000,5190.000000,3695.033691,89,0,0,0,0,0,0,0,0
2011-12-07,5170.000000,5170.000000,5170.000000,5170.000000,3680.794678,1,0,0,0,0,0,0,0,0
2011-12-08,5250.000000,5250.000000,5230.000000,5230.000000,3723.511963,1046,0,0,0,0,0,0,0,0
2011-12-09,5130.000000,5150.000000,5110.000000,5120.000000,3645.197021,60,0,0,0,0,0,0,0,0
2011-12-12,5170.000000,5240.000000,5170.000000,5240.000000,3730.631836,85,0,0,0,0,0,0,0,0
2011-12-13,5181.500000,5181.500000,5181.500000,5181.500000,3688.982666,0,0,0,0,0,0,0,0,0
2011-12-14,5140.000000,5140.000000,5140.000000,5140.000000,3659.436523,40,0,0,0,0,0,0,0,0
2011-12-15,5090.000000,5100.000000,5030.000000,5030.000000,3581.121826,50,0,0,0,0,0,0,0,0
2011-12-16,5130.000000,5130.000000,5010.000000,5010.000000,3566.882813,13,0,0,0,0,0,0,0,0
2011-12-19,4995.000000,4995.000000,4945.000000,4970.000000,3538.404053,538,0,0,0,0,0,0,0,0
2011-12-20,4970.000000,4970.000000,4935.000000,4935.000000,3513.486084,59,0,0,0,0,0,0,0,0
2011-12-21,5030.000000,5030.000000,4980.000000,4980.000000,3545.523926,35,0,0,0,0,0,0,0,0
2011-12-22,4965.000000,4965.000000,4945.000000,4945.000000,3520.605469,154,0,0,0,0,0,0,0,0
2011-12-26,4965.000000,4965.000000,4955.000000,4955.000000,3527.725586,44,0,0,0,0,0,0,0,0
2011-12-27,4945.000000,4945.000000,4945.000000,4945.000000,3520.605469,1,0,0,0,0,0,0,0,0
2011-12-28,4935.000000,4935.000000,4900.000000,4900.000000,3488.567383,5,0,0,0,0,0,0,0,0
2011-12-29,4880.000000,4910.000000,4850.000000,4910.000000,3495.687256,441,0,0,0,0,0,0,0,0
2011-12-30,4910.000000,4910.000000,4900.000000,4910.000000,3495.687256,50,0,0,0,0,0,0,0,0
2012-01-04,5020.000000,5110.000000,5020.000000,5110.000000,3638.077637,405,1,752000,1,752000,0,0,0,0
2012-01-05,5060.000000,5060.000000,5040.000000,5040.000000,3588.241211,6,0,0,0,0,0,0,0,0
2012-01-06,5050.000000,5050.000000,4960.000000,4960.000000,3531.284668,93,0,0,0,0,0,0,0,0
2012-01-10,5070.000000,5090.000000,5020.000000,5020.000000,3574.002441,40,0,0,0,0,0,0,0,0
2012-01-11,5070.000000,5110.000000,5070.000000,5090.000000,3623.838379,538,0,0,0,0,0,0,0,0
2012-01-12,5070.000000,5070.000000,5010.000000,5010.000000,3566.882813,3263,0,0,0,0,0,0,0,0
2012-01-13,5070.000000,5070.000000,5040.000000,5060.000000,3602.479980,743,0,0,0,0,0,0,0,0
2012-01-16,4980.000000,4980.000000,4920.000000,4920.000000,3502.806641,141,0,0,0,0,0,0,0,0
2012-01-17,4955.000000,4970.000000,4945.000000,4970.000000,3538.404053,14,0,0,0,0,0,0,0,0
2012-01-18,4950.000000,5080.000000,4950.000000,5030.000000,3581.121826,778,0,0,0,0,0,0,0,0
2012-01-19,5140.000000,5150.000000,5130.000000,5150.000000,3666.554688,7,0,0,0,0,0,0,0,0
2012-01-20,5250.000000,5370.000000,5250.000000,5360.000000,3816.066162,289,0,0,0,0,0,0,0,0
2012-01-23,5410.000000,5440.000000,5410.000000,5440.000000,3873.021973,82,0,0,0,0,0,0,0,0
2012-01-24,5480.000000,5480.000000,5480.000000,5480.000000,3901.499512,2070,0,0,0,0,0,0,0,0
2012-01-25,5480.000000,5480.000000,5480.000000,5480.000000,3901.499512,1,0,0,0,0,0,0,0,0
2012-01-26,5520.000000,5520.000000,5460.000000,5460.000000,3887.261475,9,0,0,0,0,0,0,0,0
2012-01-27,5440.000000,5440.000000,5380.000000,5380.000000,3830.304443,1526,0,0,0,0,0,0,0,0
2012-01-30,5380.000000,5510.000000,5380.000000,5510.000000,3922.858398,691,0,0,0,0,0,0,0,0
2012-01-31,5430.000000,5470.000000,5430.000000,5470.000000,3894.381348,21,0,0,0,0,0,0,0,0
2012-02-01,5470.000000,5540.000000,5470.000000,5540.000000,3944.216797,31,0,0,0,0,0,0,0,0
2012-02-02,5560.000000,5720.000000,5560.000000,5720.000000,4072.368896,32,0,0,0,0,0,0,0,0
2012-02-03,5640.000000,5670.000000,5640.000000,5670.000000,4036.771484,189,0,0,0,0,0,0,0,0
2012-02-06,5730.000000,5770.000000,5730.000000,5760.000000,4100.847168,359,0,0,0,0,0,0,0,0
2012-02-07,5770.000000,5770.000000,5770.000000,5770.000000,4107.966797,1,0,0,0,0,0,0,0,0
2012-02-08,5800.000000,5880.000000,5800.000000,5880.000000,4186.281250,57,0,0,0,0,0,0,0,0
2012-02-09,5870.000000,5900.000000,5870.000000,5900.000000,4200.520508,3,0,0,0,0,0,0,0,0
2012-02-10,5870.000000,5870.000000,5820.000000,5820.000000,4143.563477,52,0,0,0,0,0,0,0,0
2012-02-13,5820.000000,5840.000000,5820.000000,5840.000000,4157.802246,4,0,0,0,0,0,0,0,0
2012-02-14,5830.000000,5910.000000,5780.000000,5890.000000,4193.400879,113,0,0,0,0,0,0,0,0
2012-02-15,5990.000000,6170.000000,5990.000000,6150.000000,4378.508301,1567,0,0,0,0,0,0,0,0
2012-02-16,6130.000000,6220.000000,6130.000000,6150.000000,4378.508301,26,0,0,0,0,0,0,0,0
2012-02-17,6250.000000,6300.000000,6210.000000,6210.000000,4421.225586,380,0,0,0,0,0,0,0,0
2012-02-20,6330.000000,6380.000000,6310.000000,6340.000000,4513.779297,709,0,0,0,0,0,0,0,0
2012-02-21,6320.000000,6350.000000,6270.000000,6270.000000,4463.942383,216,0,0,0,0,0,0,0,0
2012-02-22,6300.000000,6320.000000,6250.000000,6320.000000,4499.540039,97,0,0,0,0,0,0,0,0
2012-02-23,6370.000000,6490.000000,6370.000000,6490.000000,4620.571777,724,0,0,0,0,0,0,0,0
2012-02-24,6480.000000,6550.000000,6480.000000,6550.000000,4663.289063,152,0,0,0,0,0,0,0,0
2012-02-27,6620.000000,6620.000000,6500.000000,6510.000000,4634.812012,473,0,0,0,0,0,0,0,0
2012-02-28,6390.000000,6590.000000,6390.000000,6590.000000,4691.767578,108,0,0,0,0,0,0,0,0
2012-02-29,6630.000000,6690.000000,6570.000000,6570.000000,4677.528320,110,0,0,0,0,0,0,0,0
2012-03-01,6580.000000,6590.000000,6440.000000,6470.000000,4606.333008,308,0,0,0,0,0,0,0,0
2012-03-02,6510.000000,6560.000000,6500.000000,6540.000000,4656.170410,514,0,0,0,0,0,0,0,0
2012-03-05,6530.000000,6530.000000,6480.000000,6480.000000,4613.452637,13,0,0,0,0,0,0,0,0
2012-03-06,6460.000000,6460.000000,6400.000000,6400.000000,4556.497070,2,0,0,0,0,0,0,0,0
2012-03-07,6260.000000,6300.000000,6250.000000,6280.000000,4471.062012,269,0,0,0,0,0,0,0,0
2012-03-08,6330.000000,6540.000000,6330.000000,6540.000000,4656.170410,27,0,0,0,0,0,0,0,0
2012-03-09,6540.000000,6730.000000,6540.000000,6700.000000,4770.082520,166,0,0,0,0,0,0,0,0
2012-03-12,6900.000000,6900.000000,6700.000000,6720.000000,4784.321289,253,0,0,0,0,0,0,0,0
2012-03-13,6650.000000,6760.000000,6650.000000,6680.000000,4755.843750,56,0,0,0,0,0,0,0,0
2012-03-14,6830.000000,6890.000000,6830.000000,6850.000000,4876.875000,158,0,0,0,0,0,0,0,0
2012-03-15,6920.000000,6960.000000,6860.000000,6940.000000,4940.950684,174,0,0,0,0,0,0,0,0
2012-03-16,6920.000000,6950.000000,6900.000000,6950.000000,4948.070313,96,0,0,0,0,0,0,0,0
2012-03-19,6930.000000,7000.000000,6930.000000,6980.000000,4969.428711,88,0,0,0,0,0,0,0,0
2012-03-21,6940.000000,6960.000000,6810.000000,6810.000000,4848.396484,262,0,0,0,0,0,0,0,0
2012-03-22,6780.000000,6830.000000,6740.000000,6790.000000,4834.158203,133,0,0,0,0,0,0,0,0
2012-03-23,6700.000000,6700.000000,6700.000000,6700.000000,4770.082520,15,0,0,0,0,0,0,0,0
2012-03-26,6670.000000,6670.000000,6550.000000,6550.000000,4663.289063,49,0,0,0,0,0,0,0,0
2012-03-27,6710.000000,6810.000000,6710.000000,6810.000000,4848.396484,145,0,0,0,0,0,0,0,0
2012-03-28,6830.000000,6870.000000,6770.000000,6870.000000,4891.114746,121,0,0,0,0,0,0,0,0
2012-03-29,6750.000000,6750.000000,6750.000000,6750.000000,4805.679688,1,0,0,0,0,0,0,0,0
2012-03-30,6760.000000,6760.000000,6680.000000,6680.000000,4755.843750,107,0,0,0,0,0,0,0,0
2012-04-02,6780.000000,6850.000000,6780.000000,6800.000000,4841.277344,33,0,0,0,0,0,0,0,0
2012-04-03,6840.000000,6840.000000,6760.000000,6760.000000,4812.799316,23,0,0,0,0,0,0,0,0
2012-04-04,6750.000000,6790.000000,6600.000000,6600.000000,4698.887695,70,0,0,0,0,0,0,0,0
2012-04-05,6500.000000,6500.000000,6420.000000,6420.000000,4570.735352,37,0,0,0,0,0,0,0,0
2012-04-06,6420.000000,6480.000000,6400.000000,6480.000000,4613.452637,83,0,0,0,0,0,0,0,0
2012-04-09,6300.000000,6310.000000,6290.000000,6300.000000,4485.301270,17,0,0,0,0,0,0,0,0
2012-04-10,6400.000000,6400.000000,6400.000000,6400.000000,4556.497070,1,0,0,0,0,0,0,0,0
2012-04-11,6170.000000,6210.000000,6150.000000,6150.000000,4378.508301,46,0,0,0,0,0,0,0,0
2012-04-12,6200.000000,6200.000000,6120.000000,6130.000000,4364.269531,38,0,0,0,0,0,0,0,0
2012-04-13,6330.000000,6330.000000,6260.000000,6270.000000,4463.942383,10,0,0,0,0,0,0,0,0
2012-04-16,6190.000000,6190.000000,6150.000000,6150.000000,4378.508301,10,0,0,0,0,0,0,0,0
2012-04-17,6180.000000,6180.000000,6180.000000,6180.000000,4399.867676,1,0,0,0,0,0,0,0,0
2012-04-18,6250.000000,6300.000000,6250.000000,6300.000000,4485.301270,1006,0,0,0,0,0,0,0,0
2012-04-19,6200.000000,6250.000000,6200.000000,6250.000000,4449.703613,22,0,0,0,0,0,0,0,0
2012-04-20,6230.000000,6230.000000,6210.000000,6210.000000,4421.225586,962,0,0,0,0,0,0,0,0
2012-04-23,6220.000000,6220.000000,6210.000000,6210.000000,4421.225586,6,0,0,0,0,0,0,0,0
2012-04-24,6120.000000,6120.000000,6090.000000,6090.000000,4335.791016,83,0,0,0,0,0,0,0,0
2012-04-25,6190.000000,6190.000000,6190.000000,6190.000000,4406.986816,1,0,0,0,0,0,0,0,0
2012-04-26,6230.000000,6230.000000,6230.000000,6230.000000,4435.464355,1,0,0,0,0,0,0,0,0
2012-04-27,6150.000000,6300.000000,6150.000000,6300.000000,4485.301270,14,0,0,0,0,0,0,0,0
2012-05-01,6100.000000,6110.000000,5880.000000,5890.000000,4193.400879,205,0,0,0,0,0,0,0,0
2012-05-02,5950.000000,5950.000000,5950.000000,5950.000000,4236.117676,48,0,0,0,0,0,0,0,0
2012-05-07,5780.000000,5780.000000,5650.000000,5650.000000,4022.531494,69,0,0,0,0,0,0,0,0
2012-05-08,5690.000000,5690.000000,5650.000000,5650.000000,4022.531494,26,0,0,0,0,0,0,0,0
2012-05-09,5620.000000,5620.000000,5540.000000,5540.000000,3944.216797,67,0,0,0,0,0,0,0,0
2012-05-10,5530.000000,5570.000000,5510.000000,5540.000000,3944.216797,170,0,0,0,0,0,0,0,0
2012-05-11,5530.000000,5530.000000,5440.000000,5440.000000,3873.021973,107,0,0,0,0,0,0,0,0
2012-05-14,5440.000000,5490.000000,5440.000000,5490.000000,3908.619385,35,0,0,0,0,0,0,0,0
2012-05-15,5370.000000,5400.000000,5350.000000,5400.000000,3844.543945,105,0,0,0,0,0,0,0,0
2012-05-16,5390.000000,5390.000000,5300.000000,5350.000000,3808.946289,454,0,0,0,0,0,0,0,0
2012-05-17,5300.000000,5470.000000,5280.000000,5470.000000,3894.381348,725,0,0,0,0,0,0,0,0
2012-05-18,5270.000000,5290.000000,5220.000000,5220.000000,3716.392334,49,0,0,0,0,0,0,0,0
2012-05-21,5220.000000,5280.000000,5200.000000,5280.000000,3759.109863,85,0,0,0,0,0,0,0,0
2012-05-22,5340.000000,5340.000000,5310.000000,5320.000000,3787.587402,45,0,0,0,0,0,0,0,0
2012-05-23,5300.000000,5300.000000,5190.000000,5190.000000,3695.033691,379,0,0,0,0,0,0,0,0
2012-05-24,5200.000000,5250.000000,5190.000000,5250.000000,3737.751709,321,0,0,0,0,0,0,0,0
2012-05-25,5190.000000,5190.000000,5190.000000,5190.000000,3695.033691,1,0,0,0,0,0,0,0,0
2012-05-28,5150.000000,5160.000000,5130.000000,5140.000000,3659.436523,130,0,0,0,0,0,0,0,0
2012-05-29,5140.000000,5240.000000,5100.000000,5240.000000,3730.631836,122,0,0,0,0,0,0,0,0
2012-05-30,5210.000000,5210.000000,5140.000000,5140.000000,3659.436523,2,0,0,0,0,0,0,0,0
2012-05-31,5050.000000,5070.000000,5040.000000,5070.000000,3609.600098,257,0,0,0,0,0,0,0,0
2012-06-01,5020.000000,5100.000000,5020.000000,5040.000000,3588.241211,125,0,0,0,0,0,0,0,0
2012-06-04,4940.000000,4940.000000,4870.000000,4870.000000,3467.208496,250,0,0,0,0,0,0,0,0
2012-06-05,4915.000000,5060.000000,4915.000000,5060.000000,3602.479980,56,0,0,0,0,0,0,0,0
2012-06-06,5160.000000,5220.000000,5160.000000,5220.000000,3716.392334,11,0,0,0,0,0,0,0,0
2012-06-07,5320.000000,5350.000000,5320.000000,5330.000000,3794.707764,6,0,0,0,0,0,0,0,0
2012-06-08,5230.000000,5230.000000,5170.000000,5170.000000,3680.794678,5,0,0,0,0,0,0,0,0
2012-06-11,5300.000000,5300.000000,5300.000000,5300.000000,3773.348877,1,0,0,0,0,0,0,0,0
2012-06-12,5180.000000,5230.000000,5160.000000,5200.000000,3702.152832,6,0,0,0,0,0,0,0,0
2012-06-13,5220.000000,5250.000000,5190.000000,5250.000000,3737.751709,662,0,0,0,0,0,0,0,0
2012-06-14,5310.000000,5310.000000,5310.000000,5310.000000,3780.468018,10,0,0,0,0,0,0,0,0
2012-06-15,5340.000000,5360.000000,5340.000000,5360.000000,3816.066162,209,0,0,0,0,0,0,0,0
2012-06-18,5460.000000,5540.000000,5460.000000,5490.000000,3908.619385,606,0,0,0,0,0,0,0,0
2012-06-19,5450.000000,5480.000000,5440.000000,5440.000000,3873.021973,213,0,0,0,0,0,0,0,0
2012-06-20,5570.000000,5610.000000,5560.000000,5610.000000,3994.053955,74,0,0,0,0,0,0,0,0
2012-06-21,5630.000000,5630.000000,5630.000000,5630.000000,4008.292725,202,0,0,0,0,0,0,0,0
2012-06-22,5570.000000,5650.000000,5570.000000,5650.000000,4022.531494,5,0,0,0,0,0,0,0,0
2012-06-25,5650.000000,5650.000000,5640.000000,5640.000000,4015.412598,14,0,0,0,0,0,0,0,0
2012-06-26,5500.000000,5500.000000,5430.000000,5470.000000,3894.381348,48,0,0,0,0,0,0,0,0
2012-06-27,5470.000000,5500.000000,5470.000000,5500.000000,3915.739502,56,0,0,0,0,0,0,0,0
2012-06-28,5650.000000,5700.000000,5650.000000,5700.000000,4058.130371,289,0,0,0,0,0,0,0,0
2012-06-29,5640.000000,5830.000000,5640.000000,5830.000000,4150.683594,32,0,0,0,0,0,0,0,0
2012-07-02,5870.000000,5870.000000,5870.000000,5870.000000,4179.161133,17,0,0,0,0,0,0,0,0
2012-07-03,5920.000000,5930.000000,5910.000000,5910.000000,4207.640625,88,0,0,0,0,0,0,0,0
2012-07-04,5950.000000,5950.000000,5950.000000,5950.000000,4236.117676,40,0,0,0,0,0,0,0,0
2012-07-05,5856.399902,5856.399902,5856.399902,5856.399902,4169.479004,0,0,0,0,0,0,0,0,0
2012-07-06,5840.000000,5850.000000,5820.000000,5850.000000,4164.922852,54,0,0,0,0,0,0,0,0
2012-07-09,5680.000000,5750.000000,5680.000000,5690.000000,4051.010986,81,0,0,0,0,0,0,0,0
2012-07-10,5690.000000,5690.000000,5570.000000,5570.000000,3965.575928,61,0,0,0,0,0,0,0,0
2012-07-11,5420.000000,5460.000000,5420.000000,5450.000000,3880.141846,80,0,0,0,0,0,0,0,0
2012-07-12,5450.000000,5460.000000,5420.000000,5420.000000,3858.782715,32,1,1400000,1,1400000,0,0,0,0
2012-07-13,5310.000000,5320.000000,5310.000000,5320.000000,3787.587402,120,0,0,0,0,0,0,0,0
2012-07-17,5320.000000,5320.000000,5320.000000,5320.000000,3787.587402,14,0,0,0,0,0,0,0,0
2012-07-18,5380.000000,5380.000000,5380.000000,5380.000000,3830.304443,4,0,0,0,0,0,0,0,0
2012-07-19,5400.000000,5400.000000,5390.000000,5390.000000,3837.424561,67,0,0,0,0,0,0,0,0
2012-07-20,5370.000000,5370.000000,5180.000000,5180.000000,3687.914307,88,0,0,0,0,0,0,0,0
2012-07-23,5140.000000,5170.000000,5140.000000,5170.000000,3680.794678,18,0,0,0,0,0,0,0,0
2012-07-24,5080.000000,5080.000000,5080.000000,5080.000000,3616.719727,18,0,0,0,0,0,0,0,0
2012-07-25,5040.000000,5040.000000,5000.000000,5010.000000,3566.882813,58,0,0,0,0,0,0,0,0
2012-07-26,5020.000000,5090.000000,5010.000000,5090.000000,3623.838379,40,0,0,0,0,0,0,0,0
2012-07-27,5230.000000,5230.000000,5200.000000,5200.000000,3702.152832,21,0,0,0,0,0,0,0,0
2012-07-30,5330.000000,5330.000000,5300.000000,5300.000000,3773.348877,8,0,0,0,0,0,0,0,0
2012-07-31,5367.299805,5367.299805,5367.299805,5367.299805,3821.263428,0,0,0,0,0,0,0,0,0
2012-08-01,5300.000000,5300.000000,5240.000000,5260.000000,3744.870850,619,0,0,0,0,0,0,0,0
2012-08-02,5290.000000,5310.000000,5290.000000,5310.000000,3780.468018,42,0,0,0,0,0,0,0,0
2012-08-03,5205.299805,5205.299805,5205.299805,5205.299805,3705.927002,0,0,0,0,0,0,0,0,0
2012-08-06,5340.000000,5340.000000,5330.000000,5330.000000,3794.707764,45,0,0,0,0,0,0,0,0
2012-08-07,5330.000000,5330.000000,5330.000000,5330.000000,3794.707764,60,0,0,0,0,0,0,0,0
2012-08-08,5430.000000,5430.000000,5400.000000,5400.000000,3844.543945,17,0,0,0,0,0,0,0,0
2012-08-09,5360.000000,5360.000000,5360.000000,5360.000000,3816.066162,3,0,0,0,0,0,0,0,0
2012-08-10,5360.000000,5360.000000,5360.000000,5360.000000,3816.066162,9,0,0,0,0,0,0,0,0
2012-08-13,5420.000000,5420.000000,5420.000000,5420.000000,3858.782715,51,0,0,0,0,0,0,0,0
2012-08-14,5460.000000,5460.000000,5450.000000,5450.000000,3880.141846,103,0,0,0,0,0,0,0,0
2012-08-15,5320.000000,5320.000000,5320.000000,5320.000000,3787.587402,38,0,0,0,0,0,0,0,0
2012-08-16,5400.000000,5480.000000,5400.000000,5480.000000,3901.499512,37,0,0,0,0,0,0,0,0
2012-08-17,5570.000000,5610.000000,5560.000000,5610.000000,3994.053955,22,0,0,0,0,0,0,0,0
2012-08-20,5660.000000,5660.000000,5640.000000,5650.000000,4022.531494,565,0,0,0,0,0,0,0,0
2012-08-21,5680.000000,5680.000000,5680.000000,5680.000000,4043.891113,1,0,0,0,0,0,0,0,0
2012-08-22,5640.000000,5640.000000,5560.000000,5560.000000,3958.456543,48,0,0,0,0,0,0,0,0
2012-08-23,5570.000000,5630.000000,5570.000000,5630.000000,4008.292725,93,0,0,0,0,0,0,0,0
2012-08-24,5560.000000,5560.000000,5520.000000,5520.000000,3929.977783,198,0,0,0,0,0,0,0,0
2012-08-27,5530.000000,5530.000000,5480.000000,5480.000000,3901.499512,156,1,86000,0,0,0,0,0,0
2012-08-28,5500.000000,5500.000000,5370.000000,5370.000000,3823.185547,21,0,0,0,0,0,0,0,0
2012-08-29,5410.000000,5450.000000,5410.000000,5430.000000,3865.902100,35,0,0,0,0,0,0,0,0
2012-08-30,5300.000000,5340.000000,5300.000000,5340.000000,3801.827148,23,0,0,0,0,0,0,0,0
2012-08-31,5260.000000,5300.000000,5260.000000,5290.000000,3766.229492,21,0,0,0,0,0,0,0,0
2012-09-03,5280.000000,5280.000000,5280.000000,5280.000000,3759.109863,109,0,0,0,0,0,0,0,0
2012-09-04,5290.000000,5290.000000,5250.000000,5250.000000,3737.751709,22,0,0,0,0,0,0,0,0
2012-09-05,5230.000000,5230.000000,5230.000000,5230.000000,3723.511963,80,0,0,0,0,0,0,0,0
2012-09-06,5230.000000,5230.000000,5230.000000,5230.000000,3723.511963,8,0,0,0,0,0,0,0,0
2012-09-07,5440.000000,5480.000000,5440.000000,5480.000000,3901.499512,110,0,0,0,0,0,0,0,0
2012-09-10,5480.000000,5500.000000,5480.000000,5500.000000,3915.739502,98,0,0,0,0,0,0,0,0
2012-09-11,5500.000000,5500.000000,5500.000000,5500.000000,3915.739502,15,0,0,0,0,0,0,0,0
2012-09-12,5570.000000,5570.000000,5570.000000,5570.000000,3965.575928,5,0,0,0,0,0,0,0,0
2012-09-13,5560.000000,5560.000000,5560.000000,5560.000000,3958.456543,1,0,0,0,0,0,0,0,0
2012-09-14,5730.000000,5880.000000,5730.000000,5880.000000,4186.281250,379,0,0,0,0,0,0,0,0
2012-09-18,5870.000000,5900.000000,5850.000000,5850.000000,4164.922852,671,1,31000,0,0,0,0,0,0
2012-09-19,5890.000000,6000.000000,5890.000000,5970.000000,4250.356934,100,0,0,0,0,0,0,0,0
2012-09-20,5870.000000,5940.000000,5770.000000,5770.000000,4107.966797,71,0,0,0,0,0,0,0,0
2012-09-21,5800.000000,5800.000000,5780.000000,5780.000000,4115.085449,110,0,0,0,0,0,0,0,0
2012-09-24,5740.000000,5740.000000,5720.000000,5720.000000,4072.368896,41,0,0,0,0,0,0,0,0
2012-09-25,5720.000000,5720.000000,5720.000000,5720.000000,4072.368896,60,0,0,0,0,0,0,0,0
2012-09-26,5704.799805,5704.799805,5704.799805,5704.799805,4061.547119,0,0,0,0,0,0,0,0,0
2012-09-27,5690.000000,5690.000000,5670.000000,5670.000000,4036.771484,45,0,0,0,0,0,0,0,0
2012-09-28,5770.000000,5770.000000,5700.000000,5700.000000,4058.130371,20,0,0,0,0,0,0,0,0
2012-10-01,5600.000000,5600.000000,5590.000000,5590.000000,3979.815430,3,1,27400,0,0,0,0,0,0
2012-10-02,5670.000000,5670.000000,5670.000000,5670.000000,4036.771484,10,0,0,0,0,0,0,0,0
2012-10-03,5600.000000,5650.000000,5600.000000,5650.000000,4022.531494,11,0,0,0,0,0,0,0,0
2012-10-04,5670.000000,5750.000000,5670.000000,5740.000000,4086.607666,32,0,0,0,0,0,0,0,0
2012-10-05,5800.000000,5800.000000,5750.000000,5750.000000,4093.727539,20,0,0,0,0,0,0,0,0
2012-10-09,5770.000000,5770.000000,5680.000000,5680.000000,4043.891113,17,0,0,0,0,0,0,0,0
2012-10-10,5580.000000,5630.000000,5580.000000,5620.000000,4001.173340,57,0,0,0,0,0,0,0,0
2012-10-11,5530.000000,5550.000000,5500.000000,5550.000000,3951.336182,21,0,0,0,0,0,0,0,0
2012-10-12,5560.000000,5560.000000,5560.000000,5560.000000,3958.456543,9,0,0,0,0,0,0,0,0
2012-10-15,5620.000000,5620.000000,5620.000000,5620.000000,4001.173340,1,0,0,0,0,0,0,0,0
2012-10-16,5700.000000,5730.000000,5700.000000,5730.000000,4079.488281,15,0,0,0,0,0,0,0,0
2012-10-17,5780.000000,5850.000000,5780.000000,5850.000000,4164.922852,76,0,0,0,0,0,0,0,0
2012-10-18,5920.000000,6010.000000,5920.000000,6010.000000,4278.834961,79,0,0,0,0,0,0,0,0
2012-10-19,6000.000000,6010.000000,5990.000000,6010.000000,4278.834961,32,0,0,0,0,0,0,0,0
2012-10-22,6005.799805,6005.799805,6005.799805,6005.799805,4275.844727,0,0,0,0,0,0,0,0,0
2012-10-23,5950.000000,5950.000000,5900.000000,5900.000000,4200.520508,26,0,0,0,0,0,0,0,0
2012-10-24,5840.000000,5870.000000,5840.000000,5870.000000,4179.161133,53,0,0,0,0,0,0,0,0
2012-10-25,5870.000000,5870.000000,5870.000000,5870.000000,4179.161133,2,0,0,0,0,0,0,0,0
2012-10-26,5950.000000,5950.000000,5870.000000,5870.000000,4179.161133,34,0,0,0,0,0,0,0,0
2012-10-29,5910.000000,5910.000000,5850.000000,5850.000000,4164.922852,36,0,0,0,0,0,0,0,0
2012-10-30,5840.000000,5840.000000,5750.000000,5750.000000,4093.727539,42,0,0,0,0,0,0,0,0
2012-10-31,5810.000000,5850.000000,5810.000000,5850.000000,4164.922852,76,0,0,0,0,0,0,0,0
2012-11-01,5860.000000,5860.000000,5860.000000,5860.000000,4172.041992,15,0,0,0,0,0,0,0,0
2012-11-02,5930.000000,5990.000000,5930.000000,5990.000000,4264.596191,37,0,0,0,0,0,0,0,0
2012-11-05,5950.000000,5950.000000,5950.000000,5950.000000,4236.117676,200,0,0,0,0,0,0,0,0
2012-11-06,5900.000000,5900.000000,5850.000000,5850.000000,4164.922852,19,0,0,0,0,0,0,0,0
2012-11-07,5870.000000,5890.000000,5850.000000,5890.000000,4193.400879,79,0,0,0,0,0,0,0,0
2012-11-08,5800.000000,5800.000000,5800.000000,5800.000000,4129.325195,19,0,0,0,0,0,0,0,0
2012-11-09,5720.000000,5720.000000,5700.000000,5700.000000,4058.130371,64,0,0,0,0,0,0,0,0
2012-11-12,5670.000000,5670.000000,5650.000000,5650.000000,4022.531494,60,0,0,0,0,0,0,0,0
2012-11-13,5650.000000,5650.000000,5600.000000,5600.000000,3986.934326,421,0,0,0,0,0,0,0,0
2012-11-14,5679.700195,5679.700195,5679.700195,5679.700195,4043.677490,0,0,0,0,0,0,0,0,0
2012-11-15,5730.000000,5850.000000,5730.000000,5850.000000,4164.922852,174,0,0,0,0,0,0,0,0
2012-11-16,5920.000000,6060.000000,5920.000000,6050.000000,4307.313477,256,0,0,0,0,0,0,0,0
2012-11-19,6180.000000,6210.000000,6180.000000,6210.000000,4421.225586,419,0,0,0,0,0,0,0,0
2012-11-20,6210.000000,6210.000000,6150.000000,6150.000000,4378.508301,169,0,0,0,0,0,0,0,0
2012-11-21,6230.000000,6230.000000,6140.000000,6170.000000,4392.747070,196,0,0,0,0,0,0,0,0
2012-11-22,6250.000000,6290.000000,6230.000000,6290.000000,4478.182129,169,0,0,0,0,0,0,0,0
2012-11-26,6370.000000,6410.000000,6300.000000,6300.000000,4485.301270,126,0,0,0,0,0,0,0,0
2012-11-27,6290.000000,6350.000000,6290.000000,6350.000000,4520.898926,450,0,0,0,0,0,0,0,0
2012-11-28,6250.000000,6250.000000,6170.000000,6170.000000,4392.747070,81,0,0,0,0,0,0,0,0
2012-11-29,6210.000000,6210.000000,6180.000000,6210.000000,4421.225586,45,0,0,0,0,0,0,0,0
2012-11-30,6230.000000,6250.000000,6230.000000,6250.000000,4449.703613,51,0,0,0,0,0,0,0,0
2012-12-03,6260.000000,6260.000000,6200.000000,6210.000000,4421.225586,60,0,0,0,0,0,0,0,0
2012-12-04,6200.000000,6250.000000,6200.000000,6250.000000,4449.703613,46,0,0,0,0,0,0,0,0
2012-12-05,6250.000000,6250.000000,6250.000000,6250.000000,4449.703613,2,0,0,0,0,0,0,0,0
2012-12-06,6300.000000,6310.000000,6300.000000,6300.000000,4485.301270,39,0,0,0,0,0,0,0,0
2012-12-07,6310.000000,6390.000000,6310.000000,6390.000000,4549.376953,97,0,0,0,0,0,0,0,0
2012-12-10,6430.000000,6430.000000,6290.000000,6300.000000,4485.301270,1386,0,0,0,0,0,0,0,0
2012-12-11,6290.000000,6290.000000,6250.000000,6260.000000,4456.823242,152,0,0,0,0,0,0,0,0
2012-12-12,6300.000000,6300.000000,6290.000000,6290.000000,4478.182129,15,0,0,0,0,0,0,0,0
2012-12-13,6390.000000,6480.000000,6370.000000,6450.000000,4592.094238,103,0,0,0,0,0,0,0,0
2012-12-14,6440.000000,6500.000000,6440.000000,6480.000000,4613.452637,449,0,0,0,0,0,0,0,0
2012-12-17,6580.000000,6620.000000,6570.000000,6610.000000,4706.006348,817,0,0,0,0,0,0,0,0
2012-12-18,6650.000000,6850.000000,6650.000000,6850.000000,4876.875000,211,0,0,0,0,0,0,0,0
2012-12-19,6950.000000,7140.000000,6950.000000,7140.000000,5083.341309,1248,0,0,0,0,0,0,0,0
2012-12-20,7130.000000,7230.000000,7070.000000,7200.000000,5126.058594,473,0,0,0,0,0,0,0,0
2012-12-21,7350.000000,7390.000000,7110.000000,7190.000000,5118.939453,1687,0,0,0,0,0,0,0,0
2012-12-25,7340.000000,7350.000000,7290.000000,7310.000000,5204.373535,296,0,0,0,0,0,0,0,0
2012-12-26,7430.000000,7530.000000,7430.000000,7500.000000,5339.644043,750,0,0,0,0,0,0,0,0
2012-12-27,7620.000000,7690.000000,7560.000000,7640.000000,5439.317871,1998,0,0,0,0,0,0,0,0
2012-12-28,7700.000000,7700.000000,7580.000000,7690.000000,5474.915039,280,0,0,0,0,0,0,0,0
2013-01-04,7860.000000,8060.000000,7860.000000,8010.000000,5702.740234,1385,0,0,0,0,0,0,0,0
2013-01-07,8110.000000,8110.000000,7850.000000,7850.000000,5588.827637,1353,0,0,0,0,0,0,0,0
2013-01-08,7770.000000,7790.000000,7600.000000,7650.000000,5446.437500,1353,0,0,0,0,0,0,0,0
2013-01-09,7500.000000,7770.000000,7500.000000,7720.000000,5496.273926,328,0,0,0,0,0,0,0,0
2013-01-10,7870.000000,7950.000000,7870.000000,7930.000000,5645.783691,82,0,0,0,0,0,0,0,0
2013-01-11,8100.000000,8100.000000,7940.000000,7970.000000,5674.262207,1160,0,0,0,0,0,0,0,0
2013-01-15,8110.000000,8140.000000,8000.000000,8000.000000,5695.620117,2068,0,0,0,0,0,0,0,0
2013-01-16,7970.000000,7970.000000,7770.000000,7770.000000,5531.872559,432,0,0,0,0,0,0,0,0
2013-01-17,7880.000000,7880.000000,7570.000000,7740.000000,5510.513184,1232,0,0,0,0,0,0,0,0
2013-01-18,7890.000000,8050.000000,7890.000000,8010.000000,5702.740234,1417,0,0,0,0,0,0,0,0
2013-01-21,8030.000000,8030.000000,7930.000000,7940.000000,5652.903809,328,0,0,0,0,0,0,0,0
2013-01-22,7910.000000,8050.000000,7800.000000,7880.000000,5610.186523,222,0,0,0,0,0,0,0,0
2013-01-23,7740.000000,7780.000000,7610.000000,7620.000000,5425.078125,565,0,0,0,0,0,0,0,0
2013-01-24,7530.000000,7840.000000,7510.000000,7830.000000,5574.588867,1033,0,0,0,0,0,0,0,0
2013-01-25,7950.000000,8000.000000,7890.000000,7890.000000,5617.304688,72,0,0,0,0,0,0,0,0
2013-01-28,8020.000000,8050.000000,7950.000000,7990.000000,5688.500977,722,0,0,0,0,0,0,0,0
2013-01-29,7900.000000,8150.000000,7900.000000,8060.000000,5738.337891,1588,0,0,0,0,0,0,0,0
2013-01-30,8120.000000,8250.000000,8090.000000,8250.000000,5873.608398,220,0,0,0,0,0,0,0,0
2013-01-31,8210.000000,8300.000000,8200.000000,8300.000000,5909.206055,431,0,0,0,0,0,0,0,0
2013-02-01,8360.000000,8360.000000,8240.000000,8280.000000,5894.967285,883,0,0,0,0,0,0,0,0
2013-02-04,8300.000000,8500.000000,8300.000000,8500.000000,6051.596191,299,0,0,0,0,0,0,0,0
2013-02-05,8330.000000,8380.000000,8250.000000,8250.000000,5873.608398,353,0,0,0,0,0,0,0,0
2013-02-06,8400.000000,8500.000000,8400.000000,8500.000000,6051.596191,236,0,0,0,0,0,0,0,0
2013-02-07,8460.000000,8520.000000,8420.000000,8480.000000,6037.357422,158,0,0,0,0,0,0,0,0
2013-02-08,8400.000000,8500.000000,8360.000000,8370.000000,5959.043457,232,0,0,0,0,0,0,0,0
2013-02-12,8520.000000,8610.000000,8520.000000,8610.000000,6129.912598,213,0,0,0,0,0,0,0,0
2013-02-13,8590.000000,8630.000000,8440.000000,8520.000000,6065.836426,229,0,0,0,0,0,0,0,0
2013-02-14,8560.000000,8560.000000,8400.000000,8400.000000,5980.401855,144,0,0,0,0,0,0,0,0
2013-02-15,8300.000000,8300.000000,8120.000000,8170.000000,5816.652344,532,0,0,0,0,0,0,0,0
2013-02-18,8360.000000,8480.000000,8360.000000,8480.000000,6037.357422,166,0,0,0,0,0,0,0,0
2013-02-19,8440.000000,8530.000000,8440.000000,8470.000000,6030.238281,760,0,0,0,0,0,0,0,0
2013-02-20,8620.000000,8660.000000,8610.000000,8660.000000,6165.508789,429,0,0,0,0,0,0,0,0
2013-02-21,8590.000000,8610.000000,8440.000000,8450.000000,6016.000000,444,0,0,0,0,0,0,0,0
2013-02-22,8320.000000,8410.000000,8240.000000,8410.000000,5987.520508,2222,0,0,0,0,0,0,0,0
2013-02-25,8570.000000,8630.000000,8500.000000,8540.000000,6080.074707,1264,1,14200,0,0,0,0,0,0
2013-02-26,8350.000000,8600.000000,8340.000000,8470.000000,6030.238281,355,0,0,0,0,0,0,0,0
2013-02-27,8460.000000,8460.000000,8210.000000,8240.000000,5866.489258,841,0,0,0,0,0,0,0,0
2013-02-28,8300.000000,8370.000000,8300.000000,8370.000000,5959.043457,92,0,0,0,0,0,0,0,0
2013-03-01,8340.000000,8490.000000,8340.000000,8480.000000,6037.357422,220,0,0,0,0,0,0,0,0
2013-03-04,8630.000000,8760.000000,8600.000000,8700.000000,6193.987793,272,0,0,0,0,0,0,0,0
2013-03-05,8720.000000,8720.000000,8500.000000,8510.000000,6058.716309,362,0,0,0,0,0,0,0,0
2013-03-06,8660.000000,8680.000000,8610.000000,8670.000000,6172.628418,181,0,0,0,0,0,0,0,0
2013-03-07,8750.000000,8800.000000,8660.000000,8660.000000,6165.508789,214,0,0,0,0,0,0,0,0
2013-03-08,8660.000000,8870.000000,8660.000000,8870.000000,6315.018066,352,0,0,0,0,0,0,0,0
2013-03-11,9020.000000,9270.000000,8970.000000,9190.000000,6542.843750,716,0,0,0,0,0,0,0,0
2013-03-12,9290.000000,9330.000000,9100.000000,9100.000000,6478.768066,881,0,0,0,0,0,0,0,0
2013-03-13,9070.000000,9130.000000,9040.000000,9070.000000,6457.411133,327,0,0,0,0,0,0,0,0
2013-03-14,9160.000000,9170.000000,9030.000000,9170.000000,6528.605469,661,0,0,0,0,0,0,0,0
2013-03-15,9190.000000,9230.000000,9150.000000,9230.000000,6571.322266,614,0,0,0,0,0,0,0,0
2013-03-18,9080.000000,9080.000000,8930.000000,8930.000000,6357.736816,2215,0,0,0,0,0,0,0,0
2013-03-19,9020.000000,9070.000000,9000.000000,9030.000000,6428.932129,393,0,0,0,0,0,0,0,0
2013-03-21,9180.000000,9260.000000,9170.000000,9210.000000,6557.083496,1830,0,0,0,0,0,0,0,0
2013-03-22,9150.000000,9150.000000,9050.000000,9060.000000,6450.291016,362,0,0,0,0,0,0,0,0
2013-03-25,9160.000000,9220.000000,9110.000000,9180.000000,6535.725586,310,0,0,0,0,0,0,0,0
2013-03-26,9090.000000,9180.000000,9090.000000,9130.000000,6500.126465,195,0,0,0,0,0,0,0,0
2013-03-27,9240.000000,9250.000000,9180.000000,9210.000000,6557.083496,505,0,0,0,0,0,0,0,0
2013-03-28,9250.000000,9250.000000,9140.000000,9140.000000,6507.246582,53,0,0,0,0,0,0,0,0
2013-03-29,9230.000000,9230.000000,9000.000000,9160.000000,6521.485840,1571,0,0,0,0,0,0,0,0
2013-04-01,9090.000000,9090.000000,8820.000000,8820.000000,6279.421875,903,0,0,0,0,0,0,0,0
2013-04-02,8670.000000,8840.000000,8590.000000,8780.000000,6250.943848,378,0,0,0,0,0,0,0,0
2013-04-03,8880.000000,8880.000000,8770.000000,8830.000000,6286.541016,331,0,0,0,0,0,0,0,0
2013-04-04,8730.000000,9050.000000,8600.000000,9050.000000,6443.170898,501,0,0,0,0,0,0,0,0
2013-04-05,9200.000000,9950.000000,9150.000000,9490.000000,6756.429688,7702,0,0,0,0,0,0,0,0
2013-04-08,10130.000000,10250.000000,9800.000000,10130.000000,7212.079590,3546,0,0,0,0,0,0,0,0
2013-04-09,10430.000000,10430.000000,10000.000000,10050.000000,7155.123047,3092,0,0,0,0,0,0,0,0
2013-04-10,10000.000000,10370.000000,10000.000000,10370.000000,7382.947754,4026,0,0,0,0,0,0,0,0
2013-04-11,10640.000000,10830.000000,10580.000000,10830.000000,7710.446777,4579,0,0,0,0,0,0,0,0
2013-04-12,10830.000000,10920.000000,10720.000000,10910.000000,7767.402832,1590,0,0,0,0,0,0,0,0
2013-04-15,10740.000000,10850.000000,10600.000000,10720.000000,7632.132324,1167,0,0,0,0,0,0,0,0
2013-04-16,10500.000000,10690.000000,10100.000000,10620.000000,7560.936035,1590,0,0,0,0,0,0,0,0
2013-04-17,10850.000000,10940.000000,10700.000000,10800.000000,7689.087891,744,0,0,0,0,0,0,0,0
2013-04-18,10770.000000,11050.000000,10710.000000,10850.000000,7724.685059,1193,0,0,0,0,0,0,0,0
2013-04-19,10830.000000,10850.000000,10700.000000,10800.000000,7689.087891,890,0,0,0,0,0,0,0,0
2013-04-22,11100.000000,11100.000000,10840.000000,10900.000000,7760.283691,2316,0,0,0,0,0,0,0,0
2013-04-23,10900.000000,11060.000000,10800.000000,11060.000000,7874.196289,2409,0,0,0,0,0,0,0,0
2013-04-24,11180.000000,11240.000000,11050.000000,11200.000000,7973.868652,1775,0,0,0,0,0,0,0,0
2013-04-25,11160.000000,11290.000000,11080.000000,11230.000000,7995.229004,1201,0,0,0,0,0,0,0,0
2013-04-26,11270.000000,11270.000000,11100.000000,11150.000000,7938.272461,1499,0,0,0,0,0,0,0,0
2013-04-30,11240.000000,11430.000000,11240.000000,11410.000000,8123.377930,422,0,0,0,0,0,0,0,0
2013-05-01,11410.000000,11410.000000,11190.000000,11200.000000,7973.868652,909,0,0,0,0,0,0,0,0
2013-05-02,11090.000000,11180.000000,11000.000000,11090.000000,7895.553711,767,0,0,0,0,0,0,0,0
2013-05-07,11440.000000,11440.000000,11340.000000,11340.000000,8073.542969,783,0,0,0,0,0,0,0,0
2013-05-08,11470.000000,11700.000000,11470.000000,11530.000000,8208.812500,1404,0,0,0,0,0,0,0,0
2013-05-09,11580.000000,11680.000000,11410.000000,11410.000000,8123.377930,912,0,0,0,0,0,0,0,0
2013-05-10,11750.000000,11890.000000,11650.000000,11870.000000,8450.877930,1620,0,0,0,0,0,0,0,0
2013-05-13,12080.000000,12650.000000,12080.000000,12550.000000,8935.005859,3456,0,0,0,0,0,0,0,0
2013-05-14,12700.000000,12700.000000,12340.000000,12380.000000,8813.973633,1824,0,0,0,0,0,0,0,0
2013-05-15,12630.000000,12730.000000,12300.000000,12370.000000,8806.852539,2510,0,0,0,0,0,0,0,0
2013-05-16,12450.000000,12480.000000,12000.000000,12310.000000,8764.135742,1557,0,0,0,0,0,0,0,0
2013-05-17,12240.000000,12700.000000,12210.000000,12610.000000,8977.723633,1488,0,0,0,0,0,0,0,0
2013-05-20,12910.000000,12910.000000,12720.000000,12800.000000,9112.994141,1623,0,0,0,0,0,0,0,0
2013-05-21,12900.000000,12900.000000,12640.000000,12680.000000,9027.558594,815,0,0,0,0,0,0,0,0
2013-05-22,12740.000000,12790.000000,12680.000000,12720.000000,9056.037109,1430,0,0,0,0,0,0,0,0
2013-05-23,12710.000000,12750.000000,11600.000000,11600.000000,8258.650391,9797,0,0,0,0,0,0,0,0
2013-05-24,12010.000000,12760.000000,11310.000000,12010.000000,8550.550781,3360,0,0,0,0,0,0,0,0
2013-05-27,11250.000000,11400.000000,11000.000000,11120.000000,7916.913086,1063,0,0,0,0,0,0,0,0
2013-05-28,10950.000000,11570.000000,10950.000000,11570.000000,8237.291992,1500,0,0,0,0,0,0,0,0
2013-05-29,11590.000000,11810.000000,11380.000000,11810.000000,8408.161133,201,0,0,0,0,0,0,0,0
2013-05-30,11120.000000,11800.000000,10970.000000,11400.000000,8116.260742,471,0,0,0,0,0,0,0,0
2013-05-31,11140.000000,11450.000000,10830.000000,11230.000000,7995.229004,890,0,0,0,0,0,0,0,0
2013-06-03,10550.000000,10550.000000,10080.000000,10200.000000,7261.916992,1544,0,0,0,0,0,0,0,0
2013-06-04,10050.000000,10800.000000,10050.000000,10740.000000,7646.371094,1347,0,0,0,0,0,0,0,0
2013-06-05,10680.000000,10680.000000,10050.000000,10160.000000,7233.439453,449,0,0,0,0,0,0,0,0
2013-06-06,9880.000000,10230.000000,9880.000000,9930.000000,7069.690430,768,0,0,0,0,0,0,0,0
2013-06-07,9630.000000,10100.000000,9630.000000,9960.000000,7091.047852,1306,0,0,0,0,0,0,0,0
2013-06-10,10630.000000,10680.000000,10360.000000,10440.000000,7432.784668,1190,0,0,0,0,0,0,0,0
2013-06-11,10500.000000,10620.000000,10270.000000,10470.000000,7454.143555,758,0,0,0,0,0,0,0,0
2013-06-12,10020.000000,10360.000000,9980.000000,10360.000000,7375.828613,176,0,0,0,0,0,0,0,0
2013-06-13,9750.000000,9990.000000,9750.000000,9880.000000,7034.090820,251,0,0,0,0,0,0,0,0
2013-06-14,10470.000000,10470.000000,9870.000000,9870.000000,7026.972168,890,0,0,0,0,0,0,0,0
2013-06-17,9800.000000,10020.000000,9800.000000,10020.000000,7133.765625,215,0,0,0,0,0,0,0,0
2013-06-18,10180.000000,10240.000000,10180.000000,10220.000000,7276.155273,60,0,0,0,0,0,0,0,0
2013-06-19,10500.000000,10510.000000,10340.000000,10400.000000,7404.305664,1028,0,0,0,0,0,0,0,0
2013-06-20,10350.000000,10350.000000,10180.000000,10290.000000,7325.991699,4213,0,0,0,0,0,0,0,0
2013-06-21,9690.000000,10290.000000,9690.000000,10290.000000,7325.991699,925,0,0,0,0,0,0,0,0
2013-06-24,10480.000000,10480.000000,10150.000000,10150.000000,7226.319336,173,0,0,0,0,0,0,0,0
2013-06-25,10100.000000,10190.000000,9910.000000,9970.000000,7098.166992,4819,0,0,0,0,0,0,0,0
2013-06-26,10210.000000,10210.000000,9950.000000,9950.000000,7083.928711,75,0,0,0,0,0,0,0,0
2013-06-27,9980.000000,10160.000000,9800.000000,10160.000000,7233.439453,153,0,0,0,0,0,0,0,0
2013-06-28,10340.000000,10750.000000,10340.000000,10750.000000,7653.490234,527,0,0,0,0,0,0,0,0
2013-07-01,10800.000000,10970.000000,10720.000000,10960.000000,7802.999023,304,0,0,0,0,0,0,0,0
2013-07-02,11130.000000,11260.000000,11120.000000,11220.000000,7988.107910,794,0,0,0,0,0,0,0,0
2013-07-03,11290.000000,11350.000000,11240.000000,11350.000000,8080.662598,1131,0,0,0,0,0,0,0,0
2013-07-04,11220.000000,11460.000000,11220.000000,11460.000000,8158.976563,109,0,0,0,0,0,0,0,0
2013-07-05,11510.000000,11660.000000,11500.000000,11550.000000,8223.050781,303,0,0,0,0,0,0,0,0
2013-07-08,11820.000000,11840.000000,11490.000000,11490.000000,8180.334961,910,0,0,0,0,0,0,0,0
2013-07-09,11640.000000,11760.000000,11600.000000,11760.000000,8372.562500,134,0,0,0,0,0,0,0,0
2013-07-10,11590.000000,11740.000000,11590.000000,11650.000000,8294.248047,1341,0,0,0,0,0,0,0,0
2013-07-11,11530.000000,11730.000000,11510.000000,11580.000000,8244.411133,1492,0,0,0,0,0,0,0,0
2013-07-12,11620.000000,11700.000000,11600.000000,11600.000000,8258.650391,261,0,0,0,0,0,0,0,0
2013-07-16,11780.000000,11780.000000,11680.000000,11730.000000,8403.361328,387,0,0,0,0,0,0,0,0
2013-07-17,11620.000000,11750.000000,11620.000000,11750.000000,8417.690430,146,0,0,0,0,0,0,0,0
2013-07-18,11750.000000,11750.000000,11650.000000,11680.000000,8367.541016,556,0,0,0,0,0,0,0,0
2013-07-19,11800.000000,11800.000000,11500.000000,11620.000000,8324.557617,319,0,0,0,0,0,0,0,0
2013-07-22,11620.000000,11660.000000,11520.000000,11600.000000,8310.231445,97,0,0,0,0,0,0,0,0
2013-07-23,11530.000000,11690.000000,11530.000000,11630.000000,8331.722656,409,0,0,0,0,0,0,0,0
2013-07-24,11700.000000,11770.000000,11640.000000,11770.000000,8432.019531,100,0,0,0,0,0,0,0,0
2013-07-25,11770.000000,11770.000000,11350.000000,11350.000000,8131.130859,128,0,0,0,0,0,0,0,0
2013-07-26,11190.000000,11220.000000,10850.000000,10850.000000,7772.930664,374,0,0,0,0,0,0,0,0
2013-07-29,10380.000000,10800.000000,10380.000000,10580.000000,7579.503418,76,1,2000,0,0,0,0,0,0
2013-07-30,10490.000000,10760.000000,10490.000000,10760.000000,7708.454590,25,0,0,0,0,0,0,0,0
2013-07-31,10720.000000,10730.000000,10690.000000,10690.000000,7658.307617,150,0,0,0,0,0,0,0,0
2013-08-01,10590.000000,10800.000000,10590.000000,10800.000000,7737.110840,86,0,0,0,0,0,0,0,0
2013-08-02,11190.000000,11300.000000,11150.000000,11300.000000,8095.310547,249,0,0,0,0,0,0,0,0
2013-08-05,11220.000000,11220.000000,11050.000000,11110.000000,7959.195801,62,0,0,0,0,0,0,0,0
2013-08-06,11050.000000,11120.000000,10930.000000,11120.000000,7966.358398,217,0,0,0,0,0,0,0,0
2013-08-07,10920.000000,10920.000000,10790.000000,10790.000000,7729.947754,33,0,0,0,0,0,0,0,0
2013-08-08,10750.000000,10820.000000,10690.000000,10690.000000,7658.307617,46,0,0,0,0,0,0,0,0
2013-08-09,10650.000000,10800.000000,10580.000000,10580.000000,7579.503418,24,0,0,0,0,0,0,0,0
2013-08-12,10460.000000,10460.000000,10440.000000,10440.000000,7479.208008,111,0,0,0,0,0,0,0,0
2013-08-13,10560.000000,10560.000000,10450.000000,10460.000000,7493.534668,14,0,0,0,0,0,0,0,0
2013-08-14,10730.000000,10730.000000,10630.000000,10630.000000,7615.323242,7,0,0,0,0,0,0,0,0
2013-08-15,10540.000000,10560.000000,10500.000000,10500.000000,7522.191895,102,0,0,0,0,0,0,0,0
2013-08-16,10330.000000,10500.000000,10310.000000,10420.000000,7464.879883,46,0,0,0,0,0,0,0,0
2013-08-19,10420.000000,10420.000000,10380.000000,10420.000000,7464.879883,21,0,0,0,0,0,0,0,0
2013-08-20,10500.000000,10540.000000,10500.000000,10540.000000,7550.848145,60,0,0,0,0,0,0,0,0
2013-08-21,10190.000000,10300.000000,10050.000000,10050.000000,7199.811035,94,0,0,0,0,0,0,0,0
2013-08-22,10170.000000,10170.000000,10170.000000,10170.000000,7285.779785,20,0,0,0,0,0,0,0,0
2013-08-23,10440.000000,10550.000000,10390.000000,10470.000000,7500.700195,153,0,0,0,0,0,0,0,0
2013-08-26,10480.000000,10480.000000,10400.000000,10400.000000,7450.551758,52,0,0,0,0,0,0,0,0
2013-08-27,10380.000000,10380.000000,10260.000000,10260.000000,7350.255371,15,0,0,0,0,0,0,0,0
2013-08-28,10060.000000,10060.000000,9800.000000,9980.000000,7149.664551,415,0,0,0,0,0,0,0,0
2013-08-29,10040.000000,10090.000000,10040.000000,10040.000000,7192.648438,250,0,0,0,0,0,0,0,0
2013-08-30,10170.000000,10180.000000,10060.000000,10060.000000,7206.975586,69,0,0,0,0,0,0,0,0
2013-09-02,10020.000000,10230.000000,10020.000000,10220.000000,7321.600098,60,1,2000,0,0,0,0,0,0
2013-09-03,10330.000000,10540.000000,10330.000000,10530.000000,7543.682617,252,0,0,0,0,0,0,0,0
2013-09-04,10460.000000,10650.000000,10460.000000,10640.000000,7622.486816,117,1,2000,0,0,0,0,0,0
2013-09-05,10750.000000,10750.000000,10620.000000,10710.000000,7672.635742,120,0,0,0,0,0,0,0,0
2013-09-06,10730.000000,10750.000000,10530.000000,10530.000000,7543.682617,63,0,0,0,0,0,0,0,0
2013-09-09,11340.000000,11340.000000,10810.000000,10810.000000,7744.275391,396,0,0,0,0,0,0,0,0
2013-09-10,11010.000000,11180.000000,10970.000000,11170.000000,8002.179199,115,0,0,0,0,0,0,0,0
2013-09-11,11320.000000,11320.000000,11140.000000,11180.000000,8009.342773,306,0,0,0,0,0,0,0,0
2013-09-12,11230.599609,11230.599609,11230.599609,11230.599609,8045.592773,0,0,0,0,0,0,0,0,0
2013-09-13,11160.000000,11260.000000,11160.000000,11160.000000,7995.015137,126,0,0,0,0,0,0,0,0
2013-09-17,11210.000000,11300.000000,11190.000000,11300.000000,8095.310547,85,1,2000,0,0,0,0,0,0
2013-09-18,11270.000000,11380.000000,11270.000000,11340.000000,8123.967285,4149,0,0,0,0,0,0,0,0
2013-09-19,11490.000000,11600.000000,11450.000000,11530.000000,8260.082031,580,0,0,0,0,0,0,0,0
2013-09-20,11690.000000,11690.000000,11560.000000,11560.000000,8281.574219,177,0,0,0,0,0,0,0,0
2013-09-24,11490.000000,11500.000000,11390.000000,11500.000000,8238.591797,108,0,0,0,0,0,0,0,0
2013-09-25,11500.000000,11500.000000,11390.000000,11390.000000,8159.784668,240,0,0,0,0,0,0,0,0
2013-09-26,11430.000000,11610.000000,11100.000000,11610.000000,8317.394531,134,0,0,0,0,0,0,0,0
2013-09-27,11620.000000,11700.000000,11600.000000,11600.000000,8310.231445,568,0,0,0,0,0,0,0,0
2013-09-30,11260.000000,11350.000000,11260.000000,11310.000000,8102.474121,23,0,0,0,0,0,0,0,0
2013-10-01,11300.000000,11330.000000,11300.000000,11330.000000,8116.802734,18,0,0,0,0,0,0,0,0
2013-10-02,11290.000000,11300.000000,11130.000000,11130.000000,7973.524414,41,0,0,0,0,0,0,0,0
2013-10-03,10990.000000,11000.000000,10950.000000,11000.000000,7880.391602,209,0,0,0,0,0,0,0,0
2013-10-04,10770.000000,10770.000000,10760.000000,10760.000000,7708.454590,7,0,0,0,0,0,0,0,0
2013-10-07,10760.000000,10760.000000,10450.000000,10450.000000,7486.371094,80,0,0,0,0,0,0,0,0
2013-10-08,10400.000000,10400.000000,10400.000000,10400.000000,7450.551758,53,0,0,0,0,0,0,0,0
2013-10-09,10810.000000,10820.000000,10810.000000,10820.000000,7751.437988,97,0,0,0,0,0,0,0,0
2013-10-10,10860.000000,10920.000000,10800.000000,10870.000000,7787.257324,2396,0,0,0,0,0,0,0,0
2013-10-11,11240.000000,11270.000000,11130.000000,11170.000000,8002.179199,278,0,0,0,0,0,0,0,0
2013-10-15,11180.000000,11190.000000,11080.000000,11080.000000,7937.703125,93,1,200000,0,0,0,0,0,0
2013-10-16,11090.000000,11190.000000,11090.000000,11190.000000,8016.506348,268,0,0,0,0,0,0,0,0
2013-10-17,11300.000000,11390.000000,11290.000000,11320.000000,8109.638184,351,0,0,0,0,0,0,0,0
2013-10-18,11360.000000,11360.000000,11210.000000,11220.000000,8037.998047,110,0,0,0,0,0,0,0,0
2013-10-21,11220.000000,11250.000000,11190.000000,11210.000000,8030.834473,129,0,0,0,0,0,0,0,0
2013-10-22,11280.000000,11280.000000,11280.000000,11280.000000,8080.983398,10,0,0,0,0,0,0,0,0
2013-10-23,11390.000000,11390.000000,11120.000000,11120.000000,7966.358398,150,0,0,0,0,0,0,0,0
2013-10-24,11080.000000,11170.000000,11040.000000,11170.000000,8002.179199,118,0,0,0,0,0,0,0,0
2013-10-25,10960.000000,10960.000000,10960.000000,10960.000000,7851.733887,8,0,0,0,0,0,0,0,0
2013-10-28,11070.000000,11130.000000,11070.000000,11130.000000,7973.524414,33,0,0,0,0,0,0,0,0
2013-10-29,11200.000000,11270.000000,11110.000000,11110.000000,7959.195801,116,0,0,0,0,0,0,0,0
2013-10-30,11290.000000,11330.000000,11250.000000,11300.000000,8095.310547,567,0,0,0,0,0,0,0,0
2013-10-31,11207.000000,11207.000000,11207.000000,11207.000000,8028.685547,0,0,0,0,0,0,0,0,0
2013-11-01,11100.000000,11100.000000,10910.000000,10920.000000,7823.079102,20,0,0,0,0,0,0,0,0
2013-11-05,11070.000000,11100.000000,11010.000000,11010.000000,7887.555176,415,0,0,0,0,0,0,0,0
2013-11-06,11080.000000,11180.000000,11080.000000,11180.000000,8009.342773,36,0,0,0,0,0,0,0,0
2013-11-07,11200.000000,11200.000000,11200.000000,11200.000000,8023.670898,5,0,0,0,0,0,0,0,0
2013-11-08,10920.000000,10930.000000,10920.000000,10930.000000,7830.243652,56,0,0,0,0,0,0,0,0
2013-11-11,11100.000000,11100.000000,10990.000000,11000.000000,7880.391602,61,0,0,0,0,0,0,0,0
2013-11-12,11200.000000,11300.000000,11200.000000,11300.000000,8095.310547,816,0,0,0,0,0,0,0,0
2013-11-13,11310.000000,11400.000000,11310.000000,11320.000000,8109.638184,33,0,0,0,0,0,0,0,0
2013-11-14,11440.000000,11600.000000,11360.000000,11580.000000,8295.903320,678,0,0,0,0,0,0,0,0
2013-11-15,11710.000000,12060.000000,11710.000000,12000.000000,8596.791016,1337,0,0,0,0,0,0,0,0
2013-11-18,12270.000000,12350.000000,12160.000000,12180.000000,8725.742188,286,0,0,0,0,0,0,0,0
2013-11-19,12170.000000,12180.000000,12060.000000,12180.000000,8725.742188,299,0,0,0,0,0,0,0,0
2013-11-20,12120.000000,12120.000000,12030.000000,12040.000000,8625.447266,157,0,0,0,0,0,0,0,0
2013-11-21,12080.000000,12290.000000,12080.000000,12200.000000,8740.069336,90,0,0,0,0,0,0,0,0
2013-11-22,12400.000000,12530.000000,12320.000000,12360.000000,8854.694336,778,0,0,0,0,0,0,0,0
2013-11-25,12460.000000,12530.000000,12420.000000,12420.000000,8897.676758,229,0,0,0,0,0,0,0,0
2013-11-26,12390.000000,12390.000000,12390.000000,12390.000000,8876.184570,100,0,0,0,0,0,0,0,0
2013-11-27,12300.000000,12370.000000,12300.000000,12300.000000,8811.709961,239,0,0,0,0,0,0,0,0
2013-11-28,12390.000000,12410.000000,12390.000000,12410.000000,8890.513672,72,0,0,0,0,0,0,0,0
2013-11-29,12340.000000,12420.000000,12340.000000,12390.000000,8876.184570,137,0,0,0,0,0,0,0,0
2013-12-02,12330.000000,12450.000000,12330.000000,12400.000000,8883.349609,68,0,0,0,0,0,0,0,0
2013-12-03,12410.000000,12560.000000,12410.000000,12450.000000,8919.170898,95,0,0,0,0,0,0,0,0
2013-12-04,12280.000000,12290.000000,12280.000000,12290.000000,8804.544922,98,0,0,0,0,0,0,0,0
2013-12-05,12050.000000,12100.000000,12000.000000,12010.000000,8603.953125,71,0,0,0,0,0,0,0,0
2013-12-06,11930.000000,12050.000000,11930.000000,12000.000000,8596.791016,161,0,0,0,0,0,0,0,0
2013-12-09,12290.000000,12310.000000,12200.000000,12310.000000,8818.874023,90,0,0,0,0,0,0,0,0
2013-12-10,12340.000000,12360.000000,12210.000000,12260.000000,8783.055664,41,0,0,0,0,0,0,0,0
2013-12-11,12220.000000,12220.000000,12120.000000,12120.000000,8682.757813,142,0,0,0,0,0,0,0,0
2013-12-12,12030.000000,12090.000000,11990.000000,12080.000000,8654.100586,206,0,0,0,0,0,0,0,0
2013-12-13,12100.000000,12190.000000,12060.000000,12180.000000,8725.742188,45,0,0,0,0,0,0,0,0
2013-12-16,11900.000000,11900.000000,11890.000000,11890.000000,8517.987305,11,0,0,0,0,0,0,0,0
2013-12-17,11930.000000,11930.000000,11920.000000,11920.000000,8539.478516,110,0,0,0,0,0,0,0,0
2013-12-18,11840.000000,12010.000000,11840.000000,12010.000000,8603.953125,121,0,0,0,0,0,0,0,0
2013-12-19,12230.000000,12270.000000,12190.000000,12270.000000,8790.218750,432,0,0,0,0,0,0,0,0
2013-12-20,12300.000000,12300.000000,12150.000000,12240.000000,8768.724609,158,0,0,0,0,0,0,0,0
2013-12-24,12310.000000,12380.000000,12290.000000,12290.000000,8804.544922,793,0,0,0,0,0,0,0,0
2013-12-25,12200.000000,12260.000000,12200.000000,12240.000000,8768.724609,321,0,0,0,0,0,0,0,0
2013-12-26,12340.000000,12700.000000,12340.000000,12690.000000,9091.104492,350,0,0,0,0,0,0,0,0
2013-12-27,12740.000000,12760.000000,12700.000000,12730.000000,9119.760742,318,0,0,0,0,0,0,0,0
2013-12-30,12880.000000,12880.000000,12740.000000,12790.000000,9162.746094,382,0,0,0,0,0,0,0,0
2014-01-06,12720.000000,12770.000000,12550.000000,12650.000000,9062.449219,453,0,0,0,0,0,0,0,0
2014-01-07,12510.000000,12590.000000,12500.000000,12510.000000,8962.154297,227,0,0,0,0,0,0,0,0
2014-01-08,12540.000000,12660.000000,12490.000000,12660.000000,9069.614258,53,0,0,0,0,0,0,0,0
2014-01-09,12660.000000,12710.000000,12640.000000,12650.000000,9062.449219,30,0,0,0,0,0,0,0,0
2014-01-10,12510.000000,12620.000000,12510.000000,12620.000000,9040.957031,44,0,0,0,0,0,0,0,0
2014-01-14,12240.000000,12300.000000,12100.000000,12170.000000,8718.577148,343,0,0,0,0,0,0,0,0
2014-01-15,12340.000000,12460.000000,12340.000000,12420.000000,8897.676758,128,0,0,0,0,0,0,0,0
2014-01-16,12550.000000,12550.000000,12500.000000,12500.000000,8954.990234,69,0,0,0,0,0,0,0,0
2014-01-17,12410.000000,12410.000000,12330.000000,12380.000000,8869.022461,77,0,0,0,0,0,0,0,0
2014-01-20,12350.000000,12350.000000,12300.000000,12350.000000,8847.531250,38,0,0,0,0,0,0,0,0
2014-01-21,12360.000000,12390.000000,12360.000000,12390.000000,8876.184570,2,0,0,0,0,0,0,0,0
2014-01-22,12330.000000,12330.000000,12320.000000,12320.000000,8826.038086,9,0,0,0,0,0,0,0,0
2014-01-23,12440.000000,12440.000000,12340.000000,12340.000000,8840.365234,119,0,0,0,0,0,0,0,0
2014-01-24,12130.000000,12130.000000,11940.000000,11940.000000,8553.806641,711,0,0,0,0,0,0,0,0
2014-01-27,11540.000000,11610.000000,11510.000000,11530.000000,8260.082031,589,0,0,0,0,0,0,0,0
2014-01-28,11540.000000,11610.000000,11520.000000,11520.000000,8252.918945,340,0,0,0,0,0,0,0,0
2014-01-29,11700.000000,11880.000000,11700.000000,11880.000000,8510.821289,89,0,0,0,0,0,0,0,0
2014-01-30,11510.000000,11560.000000,11350.000000,11400.000000,8166.951660,311,0,0,0,0,0,0,0,0
2014-01-31,11540.000000,11540.000000,11400.000000,11400.000000,8166.951660,18,0,0,0,0,0,0,0,0
2014-02-03,11140.000000,11170.000000,10940.000000,10960.000000,7851.733887,762,0,0,0,0,0,0,0,0
2014-02-04,10360.000000,10570.000000,10330.000000,10410.000000,7457.714844,794,0,0,0,0,0,0,0,0
2014-02-05,10600.000000,10650.000000,10500.000000,10600.000000,7593.831543,64,0,0,0,0,0,0,0,0
2014-02-06,10700.000000,10700.000000,10700.000000,10700.000000,7665.470703,1,0,0,0,0,0,0,0,0
2014-02-07,10890.000000,10970.000000,10890.000000,10970.000000,7858.898438,184,0,0,0,0,0,0,0,0
2014-02-10,11240.000000,11240.000000,11020.000000,11090.000000,7944.866699,119,1,5900000,1,5900000,1,5900000,0,0
2014-02-12,11280.000000,11280.000000,11220.000000,11240.000000,8052.326660,14,0,0,0,0,0,0,0,0
2014-02-13,11140.000000,11140.000000,11050.000000,11050.000000,7916.210938,5,0,0,0,0,0,0,0,0
2014-02-14,11130.000000,11130.000000,10730.000000,10730.000000,7686.963867,8,1,185000,0,0,0,0,0,0
2014-02-17,10830.000000,10830.000000,10830.000000,10830.000000,7758.604004,1,0,0,0,0,0,0,0,0
2014-02-18,11110.000000,11350.000000,11010.000000,11350.000000,8131.130859,186,0,0,0,0,0,0,0,0
2014-02-19,11340.000000,11340.000000,11340.000000,11340.000000,8123.967285,5,0,0,0,0,0,0,0,0
2014-02-20,11100.000000,11130.000000,10880.000000,10940.000000,7837.408203,28,0,0,0,0,0,0,0,0
2014-02-21,11070.000000,11200.000000,11070.000000,11200.000000,8023.670898,46,0,0,0,0,0,0,0,0
2014-02-24,11230.000000,11330.000000,10990.000000,11060.000000,7923.374512,74,0,0,0,0,0,0,0,0
2014-02-25,11220.000000,11220.000000,11140.000000,11210.000000,8030.834473,3,0,0,0,0,0,0,0,0
2014-02-26,11022.599609,11022.599609,11022.599609,11022.599609,7896.582031,0,0,0,0,0,0,0,0,0
2014-02-27,10990.000000,10990.000000,10880.000000,10880.000000,7794.423828,5,0,0,0,0,0,0,0,0
2014-02-28,10830.000000,10830.000000,10740.000000,10740.000000,7694.126953,8,0,0,0,0,0,0,0,0
2014-03-03,10690.000000,10690.000000,10540.000000,10610.000000,7600.996094,71,0,0,0,0,0,0,0,0
2014-03-04,10550.000000,10830.000000,10550.000000,10760.000000,7708.454590,16,0,0,0,0,0,0,0,0
2014-03-05,10880.000000,10920.000000,10880.000000,10920.000000,7823.079102,11,0,0,0,0,0,0,0,0
2014-03-06,10920.000000,11060.000000,10920.000000,11060.000000,7923.374512,22,0,0,0,0,0,0,0,0
2014-03-07,11200.000000,11200.000000,11180.000000,11180.000000,8009.342773,10,0,0,0,0,0,0,0,0
2014-03-10,11120.000000,11120.000000,11010.000000,11120.000000,7966.358398,12,0,0,0,0,0,0,0,0
2014-03-11,11080.000000,11080.000000,11070.000000,11070.000000,7930.538086,11,0,0,0,0,0,0,0,0
2014-03-12,11000.000000,11000.000000,10900.000000,10900.000000,7808.751465,34,0,0,0,0,0,0,0,0
2014-03-13,10860.000000,10890.000000,10830.000000,10830.000000,7758.604004,33,0,0,0,0,0,0,0,0
2014-03-14,10560.000000,10560.000000,10420.000000,10430.000000,7472.043945,83,0,0,0,0,0,0,0,0
2014-03-17,10420.000000,10420.000000,10250.000000,10300.000000,7378.910156,123,0,0,0,0,0,0,0,0
2014-03-18,10570.000000,10570.000000,10520.000000,10530.000000,7543.682617,5,0,0,0,0,0,0,0,0
2014-03-19,10230.000000,10490.000000,10230.000000,10330.000000,7400.403320,19,0,0,0,0,0,0,0,0
2014-03-20,10260.000000,10260.000000,10210.000000,10210.000000,7314.435547,4,0,0,0,0,0,0,0,0
2014-03-24,10420.000000,10420.000000,10380.000000,10380.000000,7436.223633,193,0,0,0,0,0,0,0,0
2014-03-25,10200.000000,10200.000000,10170.000000,10170.000000,7285.779785,201,0,0,0,0,0,0,0,0
2014-03-26,10320.000000,10320.000000,10320.000000,10320.000000,7393.239258,1,0,0,0,0,0,0,0,0
2014-03-27,10320.000000,10320.000000,10320.000000,10320.000000,7393.239258,1,0,0,0,0,0,0,0,0
2014-03-28,10480.000000,10480.000000,10480.000000,10480.000000,7507.864258,80,0,0,0,0,0,0,0,0
2014-03-31,10710.000000,10880.000000,10670.000000,10810.000000,7744.275391,69,0,0,0,0,0,0,0,0
2014-04-01,10810.000000,10810.000000,10810.000000,10810.000000,7744.275391,3,0,0,0,0,0,0,0,0
2014-04-02,10900.000000,11130.000000,10900.000000,11040.000000,7909.046387,165,0,0,0,0,0,0,0,0
2014-04-03,11080.000000,11150.000000,11080.000000,11150.000000,7987.851563,51,0,0,0,0,0,0,0,0
2014-04-04,11100.000000,11150.000000,11080.000000,11140.000000,7980.686035,37,0,0,0,0,0,0,0,0
2014-04-07,10910.000000,10940.000000,10840.000000,10840.000000,7765.768066,597,0,0,0,0,0,0,0,0
2014-04-08,10720.000000,10720.000000,10490.000000,10490.000000,7515.028320,31,0,0,0,0,0,0,0,0
2014-04-09,10400.000000,10400.000000,10390.000000,10390.000000,7443.387695,3,0,0,0,0,0,0,0,0
2014-04-10,10550.000000,10550.000000,10290.000000,10290.000000,7371.747070,9,0,0,0,0,0,0,0,0
2014-04-11,9990.000000,10150.000000,9990.000000,10090.000000,7228.467285,130,0,0,0,0,0,0,0,0
2014-04-14,10040.000000,10040.000000,10040.000000,10040.000000,7192.648438,10,0,0,0,0,0,0,0,0
2014-04-15,10027.599609,10027.599609,10027.599609,10027.599609,7183.763672,0,0,0,0,0,0,0,0,0
2014-04-16,10290.000000,10290.000000,10220.000000,10240.000000,7335.927246,19,0,0,0,0,0,0,0,0
2014-04-17,10440.000000,10440.000000,10440.000000,10440.000000,7479.208008,5,0,0,0,0,0,0,0,0
2014-04-18,10503.400391,10503.400391,10503.400391,10503.400391,7524.626953,0,0,0,0,0,0,0,0,0
2014-04-21,10700.000000,10760.000000,10520.000000,10520.000000,7536.520020,333,0,0,0,0,0,0,0,0
2014-04-22,10400.000000,10400.000000,10400.000000,10400.000000,7450.551758,21,0,0,0,0,0,0,0,0
2014-04-23,10390.000000,10400.000000,10390.000000,10400.000000,7450.551758,35,0,0,0,0,0,0,0,0
2014-04-24,10418.900391,10418.900391,10418.900391,10418.900391,7464.090820,0,0,0,0,0,0,0,0,0
2014-04-25,10430.000000,10500.000000,10350.000000,10360.000000,7421.894531,31,0,0,0,0,0,0,0,0
2014-04-28,10250.000000,10270.000000,10250.000000,10260.000000,7350.255371,15,0,0,0,0,0,0,0,0
2014-04-30,10230.000000,10230.000000,10150.000000,10150.000000,7271.451172,2,0,0,0,0,0,0,0,0
2014-05-01,10260.000000,10580.000000,10260.000000,10580.000000,7579.503418,14,0,0,0,0,0,0,0,0
2014-05-02,10450.000000,10650.000000,10450.000000,10540.000000,7550.848145,25,0,0,0,0,0,0,0,0
2014-05-07,10350.000000,10350.000000,10310.000000,10310.000000,7386.075684,4,0,0,0,0,0,0,0,0
2014-05-08,10340.000000,10390.000000,10340.000000,10390.000000,7443.387695,6,0,0,0,0,0,0,0,0
2014-05-09,10470.000000,10470.000000,10470.000000,10470.000000,7500.700195,1,0,0,0,0,0,0,0,0
2014-05-12,10470.000000,10470.000000,10470.000000,10470.000000,7500.700195,2,0,0,0,0,0,0,0,0
2014-05-13,10560.000000,10560.000000,10560.000000,10560.000000,7565.175293,1,0,0,0,0,0,0,0,0
2014-05-14,10780.000000,10790.000000,10780.000000,10790.000000,7729.947754,2,0,0,0,0,0,0,0,0
2014-05-15,10600.000000,10600.000000,10600.000000,10600.000000,7593.831543,2,0,0,0,0,0,0,0,0
2014-05-16,10290.000000,10300.000000,10290.000000,10300.000000,7378.910156,11,0,0,0,0,0,0,0,0
2014-05-19,10370.000000,10370.000000,10350.000000,10350.000000,7414.731934,62,0,0,0,0,0,0,0,0
2014-05-20,10420.000000,10420.000000,10420.000000,10420.000000,7464.879883,6,0,0,0,0,0,0,0,0
2014-05-21,10350.000000,10350.000000,10250.000000,10250.000000,7343.093262,510,0,0,0,0,0,0,0,0
2014-05-22,10570.000000,10690.000000,10570.000000,10690.000000,7658.307617,4,0,0,0,0,0,0,0,0
2014-05-23,10660.000000,10740.000000,10660.000000,10690.000000,7658.307617,102,0,0,0,0,0,0,0,0
2014-05-26,10820.000000,10850.000000,10800.000000,10850.000000,7772.930664,19,0,0,0,0,0,0,0,0
2014-05-27,10860.000000,11000.000000,10860.000000,10970.000000,7858.898438,88,0,0,0,0,0,0,0,0
2014-05-28,10960.000000,10960.000000,10960.000000,10960.000000,7851.733887,116,0,0,0,0,0,0,0,0
2014-05-29,10910.000000,11020.000000,10910.000000,11020.000000,7894.718750,21,0,0,0,0,0,0,0,0
2014-05-30,11020.000000,11020.000000,11020.000000,11020.000000,7894.718750,1,0,0,0,0,0,0,0,0
2014-06-02,11080.000000,11090.000000,11060.000000,11080.000000,7937.703125,244,0,0,0,0,0,0,0,0
2014-06-03,11310.000000,12040.000000,11140.000000,11140.000000,7980.686035,1642,0,0,0,0,0,0,0,0
2014-06-04,11180.000000,11300.000000,11180.000000,11260.000000,8066.654785,157,0,0,0,0,0,0,0,0
2014-06-05,11430.000000,11430.000000,11320.000000,11320.000000,8109.638184,40,0,0,0,0,0,0,0,0
2014-06-06,11310.000000,11400.000000,11310.000000,11400.000000,8166.951660,11,0,0,0,0,0,0,0,0
2014-06-09,11420.000000,11420.000000,11400.000000,11410.000000,8174.114258,44,0,0,0,0,0,0,0,0
2014-06-10,11260.000000,11260.000000,11260.000000,11260.000000,8066.654785,9,0,0,0,0,0,0,0,0
2014-06-11,11340.000000,11350.000000,11340.000000,11350.000000,8131.130859,14,0,0,0,0,0,0,0,0
2014-06-12,11340.000000,11340.000000,11340.000000,11340.000000,8123.967285,30,0,0,0,0,0,0,0,0
2014-06-13,11390.000000,11430.000000,11390.000000,11400.000000,8166.951660,105,0,0,0,0,0,0,0,0
2014-06-16,11400.000000,11410.000000,11350.000000,11350.000000,8131.130859,66,0,0,0,0,0,0,0,0
2014-06-17,11360.000000,11360.000000,11360.000000,11360.000000,8138.294922,1,0,0,0,0,0,0,0,0
2014-06-18,11440.000000,11440.000000,11440.000000,11440.000000,8195.606445,1,0,0,0,0,0,0,0,0
2014-06-19,11580.000000,11730.000000,11580.000000,11730.000000,8403.361328,49,0,0,0,0,0,0,0,0
2014-06-20,11700.000000,11730.000000,11700.000000,11730.000000,8403.361328,104,0,0,0,0,0,0,0,0
2014-06-23,11720.000000,11720.000000,11600.000000,11610.000000,8317.394531,92,0,0,0,0,0,0,0,0
2014-06-24,11718.900391,11718.900391,11718.900391,11718.900391,8395.411133,0,0,0,0,0,0,0,0,0
2014-06-25,11700.000000,11700.000000,11700.000000,11700.000000,8381.870117,3,0,0,0,0,0,0,0,0
2014-06-26,11570.000000,11630.000000,11570.000000,11600.000000,8310.231445,18,0,0,0,0,0,0,0,0
2014-06-27,11550.000000,11550.000000,11420.000000,11420.000000,8181.278809,23,0,0,0,0,0,0,0,0
2014-06-30,11550.000000,11550.000000,11380.000000,11540.000000,8267.248047,202,0,0,0,0,0,0,0,0
2014-07-01,11600.000000,11620.000000,11600.000000,11620.000000,8324.557617,131,0,0,0,0,0,0,0,0
2014-07-02,11690.000000,11700.000000,11690.000000,11700.000000,8381.870117,230,0,0,0,0,0,0,0,0
2014-07-03,11675.700195,11675.700195,11675.700195,11675.700195,8364.461914,0,0,0,0,0,0,0,0,0
2014-07-04,11400.000000,11800.000000,11400.000000,11650.000000,8346.049805,28,0,0,0,0,0,0,0,0
2014-07-07,11580.000000,11700.000000,11580.000000,11590.000000,8303.067383,90,1,156000,0,0,0,0,0,0
2014-07-08,11560.000000,11560.000000,11400.000000,11470.000000,8217.097656,7,0,0,0,0,0,0,0,0
2014-07-09,11310.000000,11320.000000,11280.000000,11300.000000,8095.310547,118,0,0,0,0,0,0,0,0
2014-07-10,11290.000000,11290.000000,11200.000000,11200.000000,8023.670898,42,0,0,0,0,0,0,0,0
2014-07-11,10670.000000,10710.000000,10570.000000,10660.000000,7636.815430,586,0,0,0,0,0,0,0,0
2014-07-14,10600.000000,10600.000000,10600.000000,10600.000000,7593.831543,7,0,0,0,0,0,0,0,0
2014-07-15,10720.000000,10810.000000,10720.000000,10810.000000,8033.008789,46,0,0,0,0,0,0,0,0
2014-07-16,10900.000000,10900.000000,10810.000000,10810.000000,8033.008789,85,0,0,0,0,0,0,0,0
2014-07-17,10810.000000,10810.000000,10750.000000,10750.000000,7988.422363,31,0,0,0,0,0,0,0,0
2014-07-18,10580.000000,10610.000000,10480.000000,10560.000000,7847.231445,76,0,0,0,0,0,0,0,0
2014-07-22,10600.000000,10600.000000,10600.000000,10600.000000,7876.956543,32,0,0,0,0,0,0,0,0
2014-07-23,10620.000000,10690.000000,10590.000000,10590.000000,7869.524414,49,0,0,0,0,0,0,0,0
2014-07-24,10590.000000,10600.000000,10590.000000,10590.000000,7869.524414,12,0,0,0,0,0,0,0,0
2014-07-25,10600.000000,10650.000000,10600.000000,10650.000000,7914.111816,21,0,0,0,0,0,0,0,0
2014-07-28,10760.000000,10760.000000,10760.000000,10760.000000,7995.851563,3,0,0,0,0,0,0,0,0
2014-07-29,10760.000000,10760.000000,10650.000000,10730.000000,7973.560059,345,0,0,0,0,0,0,0,0
2014-07-30,10721.700195,10721.700195,10721.700195,10721.700195,7967.393066,0,0,0,0,0,0,0,0,0
2014-07-31,10770.000000,10920.000000,10770.000000,10820.000000,8040.440430,56,0,0,0,0,0,0,0,0
2014-08-01,10580.000000,10710.000000,10580.000000,10710.000000,7958.697266,70,0,0,0,0,0,0,0,0
2014-08-04,10580.000000,10620.000000,10580.000000,10620.000000,7891.816895,33,0,0,0,0,0,0,0,0
2014-08-05,10580.000000,10590.000000,10450.000000,10450.000000,7765.489746,247,0,0,0,0,0,0,0,0
2014-08-06,10420.000000,10420.000000,10250.000000,10250.000000,7616.869141,154,0,0,0,0,0,0,0,0
2014-08-07,10220.000000,10340.000000,10180.000000,10340.000000,7683.747070,453,0,0,0,0,0,0,0,0
2014-08-08,10250.000000,10250.000000,10010.000000,10070.000000,7483.106445,151,0,0,0,0,0,0,0,0
2014-08-11,10350.000000,10350.000000,10310.000000,10310.000000,7661.454102,81,1,200000,0,0,0,0,0,0
2014-08-12,10340.000000,10400.000000,10340.000000,10370.000000,7706.041016,76,0,0,0,0,0,0,0,0
2014-08-13,10390.000000,10390.000000,10360.000000,10360.000000,7698.609375,618,0,0,0,0,0,0,0,0
2014-08-14,10420.000000,10490.000000,10420.000000,10490.000000,7795.213867,18,0,0,0,0,0,0,0,0
2014-08-15,10490.000000,10490.000000,10490.000000,10490.000000,7795.213867,2,0,0,0,0,0,0,0,0
2014-08-18,10490.000000,10490.000000,10480.000000,10480.000000,7787.784180,2,0,0,0,0,0,0,0,0
2014-08-19,10490.000000,10500.000000,10440.000000,10440.000000,7758.057617,13,0,0,0,0,0,0,0,0
2014-08-20,10340.000000,10340.000000,10340.000000,10340.000000,7683.747070,100,1,38000,0,0,0,0,0,0
2014-08-21,10460.000000,10670.000000,10460.000000,10660.000000,7921.542969,71,0,0,0,0,0,0,0,0
2014-08-22,10750.000000,10750.000000,10700.000000,10700.000000,7951.267090,24,0,0,0,0,0,0,0,0
2014-08-25,10750.000000,10750.000000,10750.000000,10750.000000,7988.422363,9,0,0,0,0,0,0,0,0
2014-08-26,10750.000000,10750.000000,10660.000000,10660.000000,7921.542969,6,0,0,0,0,0,0,0,0
2014-08-27,10694.200195,10694.200195,10694.200195,10694.200195,7946.955078,0,0,0,0,0,0,0,0,0
2014-08-28,10550.000000,10570.000000,10550.000000,10570.000000,7854.663574,38,0,0,0,0,0,0,0,0
2014-08-29,10530.000000,10650.000000,10530.000000,10650.000000,7914.111816,3,0,0,0,0,0,0,0,0
2014-09-01,10510.000000,10510.000000,10510.000000,10510.000000,7810.076172,10,0,0,0,0,0,0,0,0
2014-09-02,10620.000000,10620.000000,10620.000000,10620.000000,7891.816895,1,0,0,0,0,0,0,0,0
2014-09-03,10810.000000,10900.000000,10810.000000,10870.000000,8077.594727,252,0,0,0,0,0,0,0,0
2014-09-04,10890.000000,10890.000000,10790.000000,10790.000000,8018.146484,208,0,0,0,0,0,0,0,0
2014-09-05,10830.000000,10830.000000,10830.000000,10830.000000,8047.871582,20,0,0,0,0,0,0,0,0
2014-09-08,10874.799805,10874.799805,10874.799805,10874.799805,8081.162109,0,0,0,0,0,0,0,0,0
2014-09-09,10900.000000,10900.000000,10890.000000,10890.000000,8092.456055,28,0,0,0,0,0,0,0,0
2014-09-10,10850.000000,10920.000000,10850.000000,10920.000000,8114.750977,37,0,0,0,0,0,0,0,0
2014-09-11,10950.000000,11020.000000,10950.000000,11000.000000,8174.199707,557,0,0,0,0,0,0,0,0
2014-09-12,10940.000000,10940.000000,10910.000000,10910.000000,8107.319824,11,0,0,0,0,0,0,0,0
2014-09-16,11040.000000,11040.000000,10880.000000,10880.000000,8085.026855,6,0,0,0,0,0,0,0,0
2014-09-17,10850.000000,10850.000000,10760.000000,10760.000000,7995.851563,64,0,0,0,0,0,0,0,0
2014-09-18,10980.000000,10980.000000,10900.000000,10910.000000,8107.319824,70,0,0,0,0,0,0,0,0
2014-09-19,11000.000000,11070.000000,10950.000000,11040.000000,8203.922852,67,0,0,0,0,0,0,0,0
2014-09-22,11130.000000,11160.000000,11010.000000,11010.000000,8181.630371,45,0,0,0,0,0,0,0,0
2014-09-24,11000.000000,11000.000000,10850.000000,10850.000000,8062.732910,64,0,0,0,0,0,0,0,0
2014-09-25,10970.000000,11030.000000,10970.000000,11030.000000,8196.493164,36,0,0,0,0,0,0,0,0
2014-09-26,11050.000000,11050.000000,10980.000000,10980.000000,8159.337402,62,0,0,0,0,0,0,0,0
2014-09-29,11090.000000,11100.000000,11090.000000,11100.000000,8248.509766,25,0,0,0,0,0,0,0,0
2014-09-30,10960.000000,10960.000000,10860.000000,10900.000000,8099.890137,30,0,0,0,0,0,0,0,0
2014-10-01,10940.000000,10940.000000,10850.000000,10850.000000,8062.732910,11,0,0,0,0,0,0,0,0
2014-10-02,10650.000000,10650.000000,10500.000000,10500.000000,7802.645020,218,0,0,0,0,0,0,0,0
2014-10-03,10440.000000,10450.000000,10410.000000,10410.000000,7735.764648,50,0,0,0,0,0,0,0,0
2014-10-06,10500.000000,10540.000000,10500.000000,10540.000000,7832.369629,62,1,100000,0,0,0,0,0,0
2014-10-07,10580.000000,10600.000000,10560.000000,10600.000000,7876.956543,15,0,0,0,0,0,0,0,0
2014-10-08,10350.000000,10390.000000,9910.000000,10390.000000,7720.903320,69,0,0,0,0,0,0,0,0
2014-10-09,10350.000000,10350.000000,10300.000000,10300.000000,7654.021484,52,0,0,0,0,0,0,0,0
2014-10-10,10110.000000,10130.000000,10100.000000,10130.000000,7527.693848,16,0,0,0,0,0,0,0,0
2014-10-14,9930.000000,9980.000000,9890.000000,9950.000000,7393.936035,278,1,100000,0,0,0,0,0,0
2014-10-15,9930.000000,9930.000000,9900.000000,9900.000000,7356.778320,508,0,0,0,0,0,0,0,0
2014-10-16,9760.000000,9760.000000,9590.000000,9700.000000,7208.157715,1349,0,0,0,0,0,0,0,0
2014-10-17,9700.000000,9700.000000,9590.000000,9600.000000,7133.847656,12,0,0,0,0,0,0,0,0
2014-10-20,9800.000000,9940.000000,9800.000000,9940.000000,7386.502930,151,0,0,0,0,0,0,0,0
2014-10-21,9960.000000,9960.000000,9740.000000,9740.000000,7237.881836,55,0,0,0,0,0,0,0,0
2014-10-22,9971.099609,9971.099609,9971.099609,9971.099609,7409.615234,0,0,0,0,0,0,0,0,0
2014-10-23,9800.000000,9910.000000,9800.000000,9910.000000,7364.211914,11,0,0,0,0,0,0,0,0
2014-10-24,10000.000000,10000.000000,9920.000000,9920.000000,7371.641602,51,0,0,0,0,0,0,0,0
2014-10-27,9980.000000,10000.000000,9980.000000,10000.000000,7431.090820,55,0,0,0,0,0,0,0,0
2014-10-28,10030.000000,10030.000000,10000.000000,10000.000000,7431.090820,38,0,0,0,0,0,0,0,0
2014-10-29,10200.000000,10240.000000,10190.000000,10210.000000,7587.143066,48,0,0,0,0,0,0,0,0
2014-10-30,10320.000000,10320.000000,10290.000000,10290.000000,7646.591797,13,0,0,0,0,0,0,0,0
2014-10-31,10500.000000,11200.000000,10450.000000,11180.000000,8307.958984,184,0,0,0,0,0,0,0,0
2014-11-04,12560.000000,12560.000000,11740.000000,11800.000000,8768.686523,4107,0,0,0,0,0,0,0,0
2014-11-05,11750.000000,11780.000000,11580.000000,11690.000000,8686.945313,541,0,0,0,0,0,0,0,0
2014-11-06,11730.000000,11750.000000,11600.000000,11620.000000,8634.926758,563,0,0,0,0,0,0,0,0
2014-11-07,11620.000000,11620.000000,11480.000000,11500.000000,8545.753906,497,0,0,0,0,0,0,0,0
2014-11-10,11360.000000,11480.000000,11360.000000,11470.000000,8523.460938,109,0,0,0,0,0,0,0,0
2014-11-11,11510.000000,11630.000000,11470.000000,11610.000000,8627.496094,267,0,0,0,0,0,0,0,0
2014-11-12,11680.000000,11800.000000,11590.000000,11590.000000,8612.635742,264,0,0,0,0,0,0,0,0
2014-11-13,11610.000000,11740.000000,11570.000000,11730.000000,8716.668945,781,0,0,0,0,0,0,0,0
2014-11-14,11870.000000,11880.000000,11810.000000,11840.000000,8798.410156,121,0,0,0,0,0,0,0,0
2014-11-17,11860.000000,11860.000000,11490.000000,11500.000000,8545.753906,148,0,0,0,0,0,0,0,0
2014-11-18,11600.000000,11740.000000,11600.000000,11650.000000,8657.220703,709,0,0,0,0,0,0,0,0
2014-11-19,11750.000000,11820.000000,11750.000000,11810.000000,8776.118164,50,0,0,0,0,0,0,0,0
2014-11-20,11900.000000,11900.000000,11630.000000,11740.000000,8724.099609,73,0,0,0,0,0,0,0,0
2014-11-21,11700.000000,11700.000000,11700.000000,11700.000000,8694.375977,11,0,0,0,0,0,0,0,0
2014-11-25,11830.000000,11890.000000,11800.000000,11800.000000,8768.686523,62,1,2000,0,0,0,0,0,0
2014-11-26,11780.000000,11780.000000,11780.000000,11780.000000,8753.823242,23,0,0,0,0,0,0,0,0
2014-11-27,11700.000000,11730.000000,11700.000000,11730.000000,8716.668945,2,0,0,0,0,0,0,0,0
2014-11-28,11810.000000,11820.000000,11800.000000,11820.000000,8783.550781,51,0,0,0,0,0,0,0,0
2014-12-01,11850.000000,11950.000000,11850.000000,11940.000000,8872.721680,53,0,0,0,0,0,0,0,0
2014-12-02,11950.000000,12020.000000,11940.000000,12020.000000,8932.170898,201,0,0,0,0,0,0,0,0
2014-12-03,12100.000000,12220.000000,12100.000000,12160.000000,9036.206055,87,0,0,0,0,0,0,0,0
2014-12-04,12300.000000,12300.000000,12220.000000,12250.000000,9103.085938,28,0,0,0,0,0,0,0,0
2014-12-05,12300.000000,12380.000000,12290.000000,12370.000000,9192.258789,66,0,0,0,0,0,0,0,0
2014-12-08,12450.000000,12450.000000,12320.000000,12320.000000,9155.104492,31,0,0,0,0,0,0,0,0
2014-12-09,12300.000000,12300.000000,12090.000000,12090.000000,8984.189453,85,0,0,0,0,0,0,0,0
2014-12-10,12090.000000,12090.000000,11800.000000,11850.000000,8805.841797,92,0,0,0,0,0,0,0,0
2014-12-11,11510.000000,11880.000000,11500.000000,11880.000000,8828.135742,126,0,0,0,0,0,0,0,0
2014-12-12,11770.000000,12000.000000,11770.000000,11870.000000,8820.704102,31,0,0,0,0,0,0,0,0
2014-12-15,11700.000000,11740.000000,11530.000000,11530.000000,8568.045898,39,0,0,0,0,0,0,0,0
2014-12-16,11370.000000,11490.000000,11370.000000,11400.000000,8471.443359,80,0,0,0,0,0,0,0,0
2014-12-17,11380.000000,11560.000000,11350.000000,11560.000000,8590.340820,45,0,0,0,0,0,0,0,0
2014-12-18,11740.000000,11740.000000,11550.000000,11550.000000,8582.909180,57,0,0,0,0,0,0,0,0
2014-12-19,11800.000000,11900.000000,11800.000000,11900.000000,8842.998047,117,0,0,0,0,0,0,0,0
2014-12-22,11950.000000,12060.000000,11950.000000,11950.000000,8880.153320,76,0,0,0,0,0,0,0,0
2014-12-24,12200.000000,12200.000000,12000.000000,12000.000000,8917.309570,488,0,0,0,0,0,0,0,0
2014-12-25,12180.000000,12180.000000,11940.000000,11940.000000,8872.721680,45,0,0,0,0,0,0,0,0
2014-12-26,11970.000000,12020.000000,11970.000000,12020.000000,8932.170898,30,0,0,0,0,0,0,0,0
2014-12-29,12100.000000,12100.000000,12000.000000,12000.000000,8917.309570,163,0,0,0,0,0,0,0,0
2014-12-30,12000.000000,12000.000000,11900.000000,11980.000000,8902.446289,27,0,0,0,0,0,0,0,0
2015-01-05,11900.000000,11900.000000,11710.000000,11850.000000,8805.841797,111,0,0,0,0,0,0,0,0
2015-01-06,11630.000000,11630.000000,11400.000000,11400.000000,8471.443359,150,0,0,0,0,0,0,0,0
2015-01-07,11230.000000,11420.000000,11230.000000,11350.000000,8434.287109,19,0,0,0,0,0,0,0,0
2015-01-08,11400.000000,11430.000000,11370.000000,11430.000000,8493.736328,18,0,0,0,0,0,0,0,0
2015-01-09,11480.000000,11480.000000,11420.000000,11420.000000,8486.305664,14,0,0,0,0,0,0,0,0
2015-01-13,11340.000000,11340.000000,11080.000000,11080.000000,8233.648438,58,0,0,0,0,0,0,0,0
2015-01-14,11170.000000,11170.000000,10980.000000,11040.000000,8203.922852,68,0,0,0,0,0,0,0,0
2015-01-15,10980.000000,11000.000000,10980.000000,11000.000000,8174.199707,18,0,0,0,0,0,0,0,0
2015-01-16,10870.000000,10870.000000,10710.000000,10820.000000,8040.440430,357,0,0,0,0,0,0,0,0
2015-01-19,11050.000000,11050.000000,11000.000000,11000.000000,8174.199707,48,0,0,0,0,0,0,0,0
2015-01-20,11100.000000,11150.000000,11100.000000,11150.000000,8285.666016,2,0,0,0,0,0,0,0,0
2015-01-21,11040.000000,11040.000000,10900.000000,10950.000000,8137.043457,23,0,0,0,0,0,0,0,0
2015-01-22,10870.000000,10900.000000,10870.000000,10900.000000,8099.890137,90,0,0,0,0,0,0,0,0
2015-01-23,11100.000000,11310.000000,11100.000000,11310.000000,8404.563477,83,0,0,0,0,0,0,0,0
2015-01-26,11170.000000,11170.000000,11100.000000,11110.000000,8255.942383,130,0,0,0,0,0,0,0,0
2015-01-27,11300.000000,11350.000000,11300.000000,11340.000000,8426.857422,26,0,0,0,0,0,0,0,0
2015-01-28,11410.000000,11420.000000,11410.000000,11420.000000,8486.305664,3,0,0,0,0,0,0,0,0
2015-01-29,11370.000000,11430.000000,11300.000000,11300.000000,8397.130859,109,0,0,0,0,0,0,0,0
2015-01-30,11360.000000,11360.000000,11360.000000,11360.000000,8441.719727,20,0,0,0,0,0,0,0,0
2015-02-02,11240.000000,11240.000000,11170.000000,11170.000000,8300.528320,13,0,0,0,0,0,0,0,0
2015-02-03,11150.000000,11150.000000,11080.000000,11080.000000,8233.648438,23,0,0,0,0,0,0,0,0
2015-02-04,11310.000000,11330.000000,11310.000000,11330.000000,8419.424805,94,0,0,0,0,0,0,0,0
2015-02-05,11430.000000,11430.000000,11410.000000,11410.000000,8478.874023,21,0,0,0,0,0,0,0,0
2015-02-06,11480.000000,11480.000000,11480.000000,11480.000000,8530.891602,4,0,0,0,0,0,0,0,0
2015-02-09,11610.000000,11640.000000,11490.000000,11490.000000,8538.323242,139,0,0,0,0,0,0,0,0
2015-02-10,11550.000000,11670.000000,11550.000000,11670.000000,8672.083008,34,0,0,0,0,0,0,0,0
2015-02-12,11860.000000,11920.000000,11860.000000,11890.000000,8835.566406,435,0,0,0,0,0,0,0,0
2015-02-13,11930.000000,12070.000000,11930.000000,12070.000000,8969.326172,143,0,0,0,0,0,0,0,0
2015-02-16,12070.000000,12300.000000,12070.000000,12290.000000,9132.809570,247,0,0,0,0,0,0,0,0
2015-02-17,12300.000000,12320.000000,12260.000000,12300.000000,9140.240234,141,0,0,0,0,0,0,0,0
2015-02-18,12340.000000,12400.000000,12310.000000,12400.000000,9214.551758,467,0,0,0,0,0,0,0,0
2015-02-19,12450.000000,12480.000000,12410.000000,12480.000000,9274.000000,126,0,0,0,0,0,0,0,0
2015-02-20,12520.000000,12630.000000,12490.000000,12520.000000,9303.724609,381,0,0,0,0,0,0,0,0
2015-02-23,12610.000000,12650.000000,12350.000000,12350.000000,9177.396484,368,0,0,0,0,0,0,0,0
2015-02-24,12450.000000,12510.000000,12350.000000,12510.000000,9296.294922,196,0,0,0,0,0,0,0,0
2015-02-25,12400.000000,12550.000000,12400.000000,12490.000000,9281.431641,23,0,0,0,0,0,0,0,0
2015-02-26,12500.000000,12650.000000,12500.000000,12650.000000,9400.328125,52,0,0,0,0,0,0,0,0
2015-02-27,12760.000000,12930.000000,12740.000000,12770.000000,9489.501953,700,0,0,0,0,0,0,0,0
2015-03-02,12820.000000,12860.000000,12710.000000,12860.000000,9556.382813,276,0,0,0,0,0,0,0,0
2015-03-03,12780.000000,12800.000000,12710.000000,12710.000000,9444.915039,365,0,0,0,0,0,0,0,0
2015-03-04,12720.000000,12720.000000,12510.000000,12570.000000,9340.880859,110,0,0,0,0,0,0,0,0
2015-03-05,12610.000000,12650.000000,12530.000000,12560.000000,9333.449219,17,0,0,0,0,0,0,0,0
2015-03-06,12780.000000,12830.000000,12760.000000,12800.000000,9511.795898,69,0,0,0,0,0,0,0,0
2015-03-09,12810.000000,12880.000000,12810.000000,12860.000000,9556.382813,23,0,0,0,0,0,0,0,0
2015-03-10,12800.000000,12800.000000,12700.000000,12780.000000,9496.934570,24,0,0,0,0,0,0,0,0
2015-03-11,12700.000000,12820.000000,12700.000000,12740.000000,9467.208984,133,0,0,0,0,0,0,0,0
2015-03-12,12750.000000,13050.000000,12750.000000,13000.000000,9660.416992,227,0,0,0,0,0,0,0,0
2015-03-13,13120.000000,13170.000000,13120.000000,13170.000000,9786.746094,21,0,0,0,0,0,0,0,0
2015-03-16,13170.000000,13270.000000,13150.000000,13160.000000,9779.313477,125,0,0,0,0,0,0,0,0
2015-03-17,13310.000000,13310.000000,13160.000000,13210.000000,9816.469727,146,0,0,0,0,0,0,0,0
2015-03-18,13400.000000,13410.000000,13280.000000,13370.000000,9935.367188,60,0,0,0,0,0,0,0,0
2015-03-19,13460.000000,13460.000000,13120.000000,13210.000000,9816.469727,53,0,0,0,0,0,0,0,0
2015-03-20,13300.000000,13300.000000,13120.000000,13240.000000,9838.764648,51,0,0,0,0,0,0,0,0
2015-03-23,13300.000000,13450.000000,13300.000000,13350.000000,9920.505859,738,0,0,0,0,0,0,0,0
2015-03-24,13400.000000,13400.000000,13180.000000,13180.000000,9794.176758,229,0,0,0,0,0,0,0,0
2015-03-25,13300.000000,13410.000000,13200.000000,13270.000000,9861.057617,155,0,0,0,0,0,0,0,0
2015-03-26,13250.000000,13250.000000,13090.000000,13090.000000,9727.297852,86,0,0,0,0,0,0,0,0
2015-03-27,13300.000000,13400.000000,13100.000000,13100.000000,9734.727539,184,0,0,0,0,0,0,0,0
2015-03-30,13230.000000,13230.000000,13080.000000,13080.000000,9719.865234,25,0,0,0,0,0,0,0,0
2015-03-31,13380.000000,13400.000000,13330.000000,13330.000000,9905.642578,15,0,0,0,0,0,0,0,0
2015-04-01,13200.000000,13200.000000,13020.000000,13020.000000,9675.280273,55,0,0,0,0,0,0,0,0
2015-04-02,13300.000000,13440.000000,13300.000000,13300.000000,9883.350586,82,0,0,0,0,0,0,0,0
2015-04-03,13400.000000,13450.000000,13320.000000,13380.000000,9942.799805,185,0,0,0,0,0,0,0,0
2015-04-06,13380.000000,13380.000000,13350.000000,13350.000000,9920.505859,13,0,0,0,0,0,0,0,0
2015-04-07,13450.000000,13730.000000,13450.000000,13600.000000,10106.282227,85,0,0,0,0,0,0,0,0
2015-04-08,13600.000000,13670.000000,13560.000000,13560.000000,10076.559570,1041,0,0,0,0,0,0,0,0
2015-04-09,13560.000000,13710.000000,13540.000000,13570.000000,10083.989258,55,0,0,0,0,0,0,0,0
2015-04-10,13590.000000,13770.000000,13490.000000,13740.000000,10210.318359,154,0,0,0,0,0,0,0,0
2015-04-13,13720.000000,13720.000000,13440.000000,13440.000000,9987.385742,192,0,0,0,0,0,0,0,0
2015-04-14,13600.000000,13650.000000,13580.000000,13620.000000,10121.143555,111,0,0,0,0,0,0,0,0
2015-04-15,13600.000000,13640.000000,13600.000000,13640.000000,10136.006836,5,0,0,0,0,0,0,0,0
2015-04-16,13600.000000,13790.000000,13600.000000,13650.000000,10143.438477,36,0,0,0,0,0,0,0,0
2015-04-17,13720.000000,13810.000000,13720.000000,13740.000000,10210.318359,86,0,0,0,0,0,0,0,0
2015-04-20,13620.000000,13660.000000,13560.000000,13660.000000,10150.870117,119,0,0,0,0,0,0,0,0
2015-04-21,13700.000000,13850.000000,13700.000000,13850.000000,10292.059570,25,0,0,0,0,0,0,0,0
2015-04-22,14130.000000,14290.000000,14130.000000,14240.000000,10581.873047,219,0,0,0,0,0,0,0,0
2015-04-23,14500.000000,14500.000000,14330.000000,14330.000000,10648.752930,200,0,0,0,0,0,0,0,0
2015-04-24,14450.000000,14450.000000,14300.000000,14380.000000,10685.907227,80,0,0,0,0,0,0,0,0
2015-04-27,14380.000000,14380.000000,14200.000000,14300.000000,10626.458984,67,0,0,0,0,0,0,0,0
2015-04-28,14280.000000,14470.000000,14280.000000,14300.000000,10626.458984,42,0,0,0,0,0,0,0,0
2015-04-30,14390.000000,14390.000000,13880.000000,13880.000000,10314.354492,277,0,0,0,0,0,0,0,0
2015-05-01,13900.000000,14060.000000,13750.000000,13910.000000,10336.646484,55,0,0,0,0,0,0,0,0
2015-05-07,13900.000000,14070.000000,13900.000000,14070.000000,10455.543945,27,0,0,0,0,0,0,0,0
2015-05-08,14010.000000,14280.000000,14010.000000,14280.000000,10611.596680,3,0,0,0,0,0,0,0,0
2015-05-11,14170.000000,14470.000000,14170.000000,14420.000000,10715.631836,111,0,0,0,0,0,0,0,0
2015-05-12,14310.000000,14310.000000,14120.000000,14300.000000,10626.458984,284,1,23200,0,0,0,0,0,0
2015-05-13,14300.000000,14300.000000,14110.000000,14170.000000,10529.854492,90,0,0,0,0,0,0,0,0
2015-05-14,14200.000000,14200.000000,14140.000000,14140.000000,10507.561523,17,0,0,0,0,0,0,0,0
2015-05-15,14140.000000,14140.000000,14100.000000,14100.000000,10477.837891,17,0,0,0,0,0,0,0,0
2015-05-18,14200.000000,14550.000000,14200.000000,14550.000000,10812.236328,139,0,0,0,0,0,0,0,0
2015-05-19,14690.000000,14690.000000,14670.000000,14690.000000,10916.271484,26,0,0,0,0,0,0,0,0
2015-05-20,14830.000000,14840.000000,14700.000000,14700.000000,10923.703125,151,0,0,0,0,0,0,0,0
2015-05-21,14800.000000,14840.000000,14800.000000,14840.000000,11027.739258,12,0,0,0,0,0,0,0,0
2015-05-22,14850.000000,14850.000000,14610.000000,14800.000000,10998.012695,23,0,0,0,0,0,0,0,0
2015-05-25,14650.000000,14820.000000,14650.000000,14820.000000,11012.875977,220,0,0,0,0,0,0,0,0
2015-05-26,14810.000000,14850.000000,14810.000000,14850.000000,11035.168945,95,0,0,0,0,0,0,0,0
2015-05-27,14800.000000,14800.000000,14700.000000,14700.000000,10923.703125,21,0,0,0,0,0,0,0,0
2015-05-28,14850.000000,15230.000000,14850.000000,15000.000000,11146.634766,306,0,0,0,0,0,0,0,0
2015-05-29,15110.000000,15110.000000,14980.000000,15010.000000,11154.065430,59,0,0,0,0,0,0,0,0
2015-06-01,15010.000000,15050.000000,14860.000000,15050.000000,11183.791016,47,0,0,0,0,0,0,0,0
2015-06-02,15050.000000,15160.000000,14970.000000,15030.000000,11168.927734,56,0,0,0,0,0,0,0,0
2015-06-03,15000.000000,15040.000000,14990.000000,14990.000000,11139.205078,17,0,0,0,0,0,0,0,0
2015-06-04,15100.000000,15470.000000,15100.000000,15350.000000,11406.723633,326,0,0,0,0,0,0,0,0
2015-06-05,15200.000000,15200.000000,15050.000000,15050.000000,11183.791016,388,0,0,0,0,0,0,0,0
2015-06-08,15190.000000,15190.000000,15100.000000,15100.000000,11220.946289,141,0,0,0,0,0,0,0,0
2015-06-09,15030.000000,15030.000000,14760.000000,14800.000000,10998.012695,536,0,0,0,0,0,0,0,0
2015-06-10,14700.000000,14750.000000,14660.000000,14660.000000,10893.979492,107,0,0,0,0,0,0,0,0
2015-06-11,14800.000000,14890.000000,14800.000000,14890.000000,11064.893555,21,0,0,0,0,0,0,0,0
2015-06-12,14860.000000,14870.000000,14620.000000,14870.000000,11050.032227,153,0,0,0,0,0,0,0,0
2015-06-15,14800.000000,14800.000000,14670.000000,14670.000000,10901.409180,12,0,0,0,0,0,0,0,0
2015-06-16,14970.000000,14970.000000,14760.000000,14840.000000,11027.739258,89,0,0,0,0,0,0,0,0
2015-06-17,14930.000000,14930.000000,14740.000000,14870.000000,11050.032227,98,0,0,0,0,0,0,0,0
2015-06-18,14750.000000,14750.000000,14500.000000,14500.000000,10775.081055,392,0,0,0,0,0,0,0,0
2015-06-19,14540.000000,14660.000000,14500.000000,14660.000000,10893.979492,37,0,0,0,0,0,0,0,0
2015-06-22,14600.000000,14800.000000,14600.000000,14800.000000,10998.012695,22,0,0,0,0,0,0,0,0
2015-06-23,14810.000000,15200.000000,14810.000000,15150.000000,11258.101563,132,0,0,0,0,0,0,0,0
2015-06-24,15150.000000,15390.000000,15150.000000,15300.000000,11369.569336,77,0,0,0,0,0,0,0,0
2015-06-25,15200.000000,15250.000000,15070.000000,15250.000000,11332.412109,99,0,0,0,0,0,0,0,0
2015-06-26,15110.000000,15250.000000,15100.000000,15250.000000,11332.412109,22,0,0,0,0,0,0,0,0
2015-06-29,14600.000000,15070.000000,14600.000000,14950.000000,11109.480469,67,0,0,0,0,0,0,0,0
2015-06-30,14940.000000,14940.000000,14730.000000,14810.000000,11005.445313,69,0,0,0,0,0,0,0,0
2015-07-01,15000.000000,15000.000000,15000.000000,15000.000000,11146.634766,2,0,0,0,0,0,0,0,0
2015-07-02,15280.000000,15400.000000,15260.000000,15390.000000,11436.447266,46,0,0,0,0,0,0,0,0
2015-07-03,15250.000000,15370.000000,15200.000000,15370.000000,11421.584961,86,0,0,0,0,0,0,0,0
2015-07-06,15180.000000,15180.000000,14890.000000,14890.000000,11064.893555,131,0,0,0,0,0,0,0,0
2015-07-07,15230.000000,15270.000000,15100.000000,15100.000000,11220.946289,65,0,0,0,0,0,0,0,0
2015-07-08,15100.000000,15100.000000,14300.000000,14300.000000,10626.458984,96,0,0,0,0,0,0,0,0
2015-07-09,13850.000000,14460.000000,13850.000000,14450.000000,10737.927734,84,0,0,0,0,0,0,0,0
2015-07-10,14340.000000,14600.000000,14320.000000,14570.000000,10827.098633,311,0,0,0,0,0,0,0,0
2015-07-13,14330.000000,14330.000000,14030.000000,14160.000000,10522.423828,221,0,0,0,0,0,0,0,0
2015-07-14,14420.000000,14540.000000,14360.000000,14510.000000,10782.512695,203,0,0,0,0,0,0,0,0
2015-07-15,14600.000000,14600.000000,14290.000000,14450.000000,11278.943359,340,0,0,0,0,0,0,0,0
2015-07-16,14500.000000,14590.000000,14440.000000,14510.000000,11325.775391,47,1,207000,1,207000,0,0,0,0
2015-07-17,14670.000000,14680.000000,14670.000000,14680.000000,11458.467773,113,0,0,0,0,0,0,0,0
2015-07-21,14850.000000,14880.000000,14800.000000,14810.000000,11559.939453,74,0,0,0,0,0,0,0,0
2015-07-22,14560.000000,14710.000000,14560.000000,14640.000000,11427.246094,34,0,0,0,0,0,0,0,0
2015-07-23,14660.000000,14700.000000,14550.000000,14700.000000,11474.079102,174,0,0,0,0,0,0,0,0
2015-07-24,14580.000000,14580.000000,14500.000000,14500.000000,11317.968750,32,0,0,0,0,0,0,0,0
2015-07-27,14500.000000,14520.000000,14250.000000,14250.000000,11122.831055,26,0,0,0,0,0,0,0,0
2015-07-28,14300.000000,14400.000000,14210.000000,14340.000000,11193.081055,160,0,0,0,0,0,0,0,0
2015-07-29,14450.000000,14450.000000,14250.000000,14250.000000,11122.831055,31,0,0,0,0,0,0,0,0
2015-07-30,14560.000000,14660.000000,14520.000000,14570.000000,11372.607422,70,0,0,0,0,0,0,0,0
2015-07-31,14610.000000,14860.000000,14600.000000,14670.000000,11450.662109,176,0,0,0,0,0,0,0,0
2015-08-03,14600.000000,14600.000000,14390.000000,14460.000000,11286.746094,70,0,0,0,0,0,0,0,0
2015-08-04,14450.000000,14600.000000,14450.000000,14480.000000,11302.357422,137,0,0,0,0,0,0,0,0
2015-08-05,14500.000000,14510.000000,14500.000000,14510.000000,11325.775391,112,0,0,0,0,0,0,0,0
2015-08-06,14600.000000,14880.000000,14600.000000,14760.000000,11520.912109,55,0,0,0,0,0,0,0,0
2015-08-07,14580.000000,14850.000000,14550.000000,14850.000000,11591.161133,506,0,0,0,0,0,0,0,0
2015-08-10,14890.000000,14890.000000,14890.000000,14890.000000,11622.382813,40,0,0,0,0,0,0,0,0
2015-08-11,15000.000000,15090.000000,14860.000000,14860.000000,11598.966797,106,0,0,0,0,0,0,0,0
2015-08-12,14810.000000,14880.000000,14650.000000,14670.000000,11450.662109,362,0,0,0,0,0,0,0,0
2015-08-13,14700.000000,14700.000000,14600.000000,14650.000000,11435.050781,45,0,0,0,0,0,0,0,0
2015-08-14,14686.400391,14686.400391,14686.400391,14686.400391,11463.463867,0,0,0,0,0,0,0,0,0
2015-08-17,14710.000000,14950.000000,14710.000000,14740.000000,11505.301758,21,0,0,0,0,0,0,0,0
2015-08-18,14750.000000,14890.000000,14720.000000,14860.000000,11598.966797,317,0,0,0,0,0,0,0,0
2015-08-19,14710.000000,14710.000000,14550.000000,14590.000000,11388.218750,309,0,0,0,0,0,0,0,0
2015-08-20,14570.000000,14570.000000,14190.000000,14190.000000,11075.998047,270,0,0,0,0,0,0,0,0
2015-08-21,13910.000000,13910.000000,13410.000000,13410.000000,10467.169922,195,0,0,0,0,0,0,0,0
2015-08-24,12970.000000,13050.000000,12600.000000,12610.000000,9842.730469,546,0,0,0,0,0,0,0,0
2015-08-25,12110.000000,12870.000000,11970.000000,12490.000000,9749.064453,316,0,0,0,0,0,0,0,0
2015-08-26,12400.000000,12860.000000,12400.000000,12860.000000,10037.868164,264,0,0,0,0,0,0,0,0
2015-08-27,13160.000000,13240.000000,13020.000000,13190.000000,10295.449219,150,0,0,0,0,0,0,0,0
2015-08-28,13890.000000,13890.000000,13330.000000,13500.000000,10537.419922,73,0,0,0,0,0,0,0,0
2015-08-31,13490.000000,13490.000000,13190.000000,13300.000000,10381.309570,70,0,0,0,0,0,0,0,0
2015-09-01,13260.000000,13260.000000,12890.000000,12890.000000,10061.284180,52,0,0,0,0,0,0,0,0
2015-09-02,12290.000000,12740.000000,12290.000000,12590.000000,9827.120117,188,0,0,0,0,0,0,0,0
2015-09-03,12930.000000,13010.000000,12800.000000,12800.000000,9991.035156,53,0,0,0,0,0,0,0,0
2015-09-04,12700.000000,12700.000000,12500.000000,12500.000000,9756.870117,6,0,0,0,0,0,0,0,0
2015-09-07,12490.000000,12490.000000,12200.000000,12420.000000,9694.425781,56,0,0,0,0,0,0,0,0
2015-09-08,12260.000000,12260.000000,12070.000000,12070.000000,9421.233398,224,0,0,0,0,0,0,0,0
2015-09-09,12300.000000,12910.000000,12300.000000,12910.000000,10076.895508,147,1,1400000,1,1400000,0,0,0,0
2015-09-10,12600.000000,12700.000000,12500.000000,12700.000000,9912.979492,8,0,0,0,0,0,0,0,0
2015-09-11,12700.000000,12790.000000,12700.000000,12790.000000,9983.228516,2,0,0,0,0,0,0,0,0
2015-09-14,12790.000000,12790.000000,12480.000000,12530.000000,9780.286133,39,0,0,0,0,0,0,0,0
2015-09-15,12600.000000,12770.000000,12570.000000,12570.000000,9811.508789,6,0,0,0,0,0,0,0,0
2015-09-16,12500.000000,12510.000000,12420.000000,12420.000000,9694.425781,14,0,0,0,0,0,0,0,0
2015-09-17,12600.000000,12600.000000,12480.000000,12480.000000,9741.257813,7,0,0,0,0,0,0,0,0
2015-09-18,12500.000000,12500.000000,12160.000000,12160.000000,9491.483398,12,0,0,0,0,0,0,0,0
2015-09-24,12160.000000,12160.000000,11990.000000,12020.000000,9382.206055,128,0,0,0,0,0,0,0,0
2015-09-25,12040.000000,12200.000000,11980.000000,12200.000000,9522.704102,261,0,0,0,0,0,0,0,0
2015-09-28,12200.000000,12200.000000,12100.000000,12110.000000,9452.456055,268,0,0,0,0,0,0,0,0
2015-09-29,12120.000000,12120.000000,11590.000000,11590.000000,9046.571289,166,0,0,0,0,0,0,0,0
2015-09-30,11640.000000,12090.000000,11640.000000,12070.000000,9421.233398,9,0,0,0,0,0,0,0,0
2015-10-01,12060.000000,12360.000000,11950.000000,12350.000000,9639.787109,33,0,0,0,0,0,0,0,0
2015-10-02,12200.000000,12310.000000,12200.000000,12310.000000,9608.564453,5,0,0,0,0,0,0,0,0
2015-10-05,12310.000000,12510.000000,12310.000000,12470.000000,9733.453125,7,0,0,0,0,0,0,0,0
2015-10-06,12600.000000,12710.000000,12600.000000,12620.000000,9850.535156,5,0,0,0,0,0,0,0,0
2015-10-07,12620.000000,12800.000000,12620.000000,12800.000000,9991.035156,86,0,0,0,0,0,0,0,0
2015-10-08,12870.000000,12870.000000,12870.000000,12870.000000,10045.671875,5,0,0,0,0,0,0,0,0
2015-10-09,12900.000000,13110.000000,12900.000000,13010.000000,10154.951172,70,0,0,0,0,0,0,0,0
2015-10-13,12950.000000,12950.000000,12900.000000,12900.000000,10069.090820,21,0,0,0,0,0,0,0,0
2015-10-14,12700.000000,12700.000000,12530.000000,12530.000000,9780.286133,3,0,0,0,0,0,0,0,0
2015-10-15,12620.000000,12680.000000,12620.000000,12680.000000,9897.369141,203,0,0,0,0,0,0,0,0
2015-10-16,12850.000000,13080.000000,12850.000000,12960.000000,10115.921875,18,0,0,0,0,0,0,0,0
2015-10-19,13090.000000,13090.000000,13010.000000,13020.000000,10162.755859,13,0,0,0,0,0,0,0,0
2015-10-20,12840.000000,13050.000000,12840.000000,13050.000000,10186.170898,39,0,0,0,0,0,0,0,0
2015-10-21,13000.000000,13210.000000,13000.000000,13210.000000,10311.059570,69,0,0,0,0,0,0,0,0
2015-10-22,13210.000000,13210.000000,13210.000000,13210.000000,10311.059570,1,0,0,0,0,0,0,0,0
2015-10-23,13450.000000,13670.000000,13450.000000,13480.000000,10521.807617,224,0,0,0,0,0,0,0,0
2015-10-26,13650.000000,13800.000000,13650.000000,13650.000000,10654.501953,19,0,0,0,0,0,0,0,0
2015-10-27,13670.000000,13670.000000,13500.000000,13500.000000,10537.419922,69,0,0,0,0,0,0,0,0
2015-10-28,13430.000000,13430.000000,13270.000000,13300.000000,10381.309570,60,0,0,0,0,0,0,0,0
2015-10-29,13500.000000,13500.000000,13300.000000,13300.000000,10381.309570,5,0,0,0,0,0,0,0,0
2015-10-30,13380.000000,13410.000000,13190.000000,13410.000000,10467.169922,63,0,0,0,0,0,0,0,0
2015-11-02,13230.000000,13230.000000,13160.000000,13160.000000,10272.031250,8,0,0,0,0,0,0,0,0
2015-11-04,13420.000000,13570.000000,13380.000000,13380.000000,10443.753906,8,0,0,0,0,0,0,0,0
2015-11-05,13420.000000,13510.000000,13420.000000,13510.000000,10545.223633,17,0,0,0,0,0,0,0,0
2015-11-06,13530.000000,13600.000000,13460.000000,13460.000000,10506.196289,21,0,0,0,0,0,0,0,0
2015-11-09,13680.000000,14000.000000,13680.000000,13930.000000,10873.056641,164,0,0,0,0,0,0,0,0
2015-11-10,13920.000000,13930.000000,13800.000000,13910.000000,10857.444336,107,0,0,0,0,0,0,0,0
2015-11-11,13940.000000,13960.000000,13940.000000,13940.000000,10880.861328,53,0,0,0,0,0,0,0,0
2015-11-12,14000.000000,14010.000000,13850.000000,13860.000000,10818.416992,236,0,0,0,0,0,0,0,0
2015-11-13,13860.000000,13880.000000,13700.000000,13880.000000,10834.029297,59,0,0,0,0,0,0,0,0
2015-11-16,13150.000000,13710.000000,13150.000000,13600.000000,10615.473633,117,0,0,0,0,0,0,0,0
2015-11-17,13800.000000,13800.000000,13640.000000,13640.000000,10646.696289,174,0,0,0,0,0,0,0,0
2015-11-18,13650.000000,13870.000000,13610.000000,13610.000000,10623.280273,74,0,0,0,0,0,0,0,0
2015-11-19,13730.000000,13850.000000,13730.000000,13830.000000,10795.000977,20,0,0,0,0,0,0,0,0
2015-11-20,13700.000000,13700.000000,13600.000000,13600.000000,10615.473633,10,0,0,0,0,0,0,0,0
2015-11-24,13676.900391,13676.900391,13676.900391,13676.900391,10675.499023,0,0,0,0,0,0,0,0,0
2015-11-25,13510.000000,13510.000000,13480.000000,13480.000000,10521.807617,42,0,0,0,0,0,0,0,0
2015-11-26,13572.799805,13572.799805,13572.799805,13572.799805,10594.243164,0,0,0,0,0,0,0,0,0
2015-11-27,13550.000000,13550.000000,13550.000000,13550.000000,10576.446289,3,0,0,0,0,0,0,0,0
2015-11-30,13500.000000,13500.000000,13200.000000,13200.000000,10303.254883,237,0,0,0,0,0,0,0,0
2015-12-01,13300.000000,13300.000000,13300.000000,13300.000000,10381.309570,5,0,0,0,0,0,0,0,0
2015-12-02,13400.000000,13510.000000,13370.000000,13400.000000,10459.364258,115,0,0,0,0,0,0,0,0
2015-12-03,13466.200195,13466.200195,13466.200195,13466.200195,10511.036133,0,0,0,0,0,0,0,0,0
2015-12-04,13250.000000,13250.000000,13180.000000,13220.000000,10318.865234,111,0,0,0,0,0,0,0,0
2015-12-07,13230.000000,13360.000000,13230.000000,13360.000000,10428.143555,8,0,0,0,0,0,0,0,0
2015-12-08,13220.000000,13220.000000,13190.000000,13190.000000,10295.449219,17,0,0,0,0,0,0,0,0
2015-12-09,13070.000000,13080.000000,13010.000000,13080.000000,10209.587891,115,0,0,0,0,0,0,0,0
2015-12-10,12930.000000,12990.000000,12900.000000,12960.000000,10115.921875,21,0,0,0,0,0,0,0,0
2015-12-11,12970.000000,12980.000000,12970.000000,12980.000000,10131.532227,4,0,0,0,0,0,0,0,0
2015-12-14,12630.000000,12720.000000,12460.000000,12720.000000,9928.591797,37,0,0,0,0,0,0,0,0
2015-12-15,12800.000000,12800.000000,12740.000000,12740.000000,9944.201172,2,0,0,0,0,0,0,0,0
2015-12-16,12800.000000,12980.000000,12800.000000,12810.000000,9998.840820,14,0,0,0,0,0,0,0,0
2015-12-17,13030.000000,13110.000000,13030.000000,13110.000000,10233.005859,4,0,0,0,0,0,0,0,0
2015-12-18,13070.000000,13210.000000,12850.000000,12910.000000,10076.895508,56,0,0,0,0,0,0,0,0
2015-12-21,12860.000000,12860.000000,12670.000000,12670.000000,9889.563477,17,0,0,0,0,0,0,0,0
2015-12-22,12762.400391,12762.400391,12762.400391,12762.400391,9961.687500,0,0,0,0,0,0,0,0,0
2015-12-24,13000.000000,13000.000000,12990.000000,12990.000000,10139.339844,25,0,0,0,0,0,0,0,0
2015-12-25,12880.000000,12880.000000,12880.000000,12880.000000,10053.479492,26,0,0,0,0,0,0,0,0
2015-12-28,12875.299805,12875.299805,12875.299805,12875.299805,10049.810547,0,0,0,0,0,0,0,0,0
2015-12-29,13000.000000,13050.000000,13000.000000,13050.000000,10186.170898,3,0,0,0,0,0,0,0,0
2015-12-30,12930.000000,13170.000000,12930.000000,13170.000000,10279.837891,10,0,0,0,0,0,0,0,0
2016-01-04,13090.000000,13090.000000,12790.000000,12790.000000,9983.228516,23,0,0,0,0,0,0,0,0
2016-01-05,12510.000000,12780.000000,12510.000000,12780.000000,9975.424805,4,0,0,0,0,0,0,0,0
2016-01-06,12780.000000,12780.000000,12470.000000,12470.000000,9733.453125,13,0,0,0,0,0,0,0,0
2016-01-07,12500.000000,12500.000000,12200.000000,12220.000000,9538.316406,33,0,0,0,0,0,0,0,0
2016-01-08,12220.000000,12240.000000,12150.000000,12150.000000,9483.678711,9,0,0,0,0,0,0,0,0
2016-01-12,12090.000000,12090.000000,11480.000000,11660.000000,9101.207031,74,0,0,0,0,0,0,0,0
2016-01-13,11870.000000,11980.000000,11870.000000,11980.000000,9350.984375,13,0,0,0,0,0,0,0,0
2016-01-14,11890.000000,11890.000000,11240.000000,11450.000000,8937.291016,72,0,0,0,0,0,0,0,0
2016-01-15,11700.000000,11700.000000,11500.000000,11500.000000,8976.320313,29,0,0,0,0,0,0,0,0
2016-01-18,11340.000000,11450.000000,11250.000000,11450.000000,8937.291016,178,0,0,0,0,0,0,0,0
2016-01-19,11450.000000,11450.000000,11140.000000,11250.000000,8781.183594,49,0,0,0,0,0,0,0,0
2016-01-20,11150.000000,11150.000000,10850.000000,10860.000000,8476.767578,18,0,0,0,0,0,0,0,0
2016-01-21,10870.000000,10970.000000,10720.000000,10720.000000,8367.492188,56,0,0,0,0,0,0,0,0
2016-01-22,10740.000000,11090.000000,10740.000000,11080.000000,8648.489258,16,0,0,0,0,0,0,0,0
2016-01-25,11260.000000,11390.000000,11250.000000,11390.000000,8890.458008,233,0,0,0,0,0,0,0,0
2016-01-26,11124.700195,11124.700195,11124.700195,11124.700195,8683.378906,0,0,0,0,0,0,0,0,0
2016-01-27,11400.000000,11500.000000,11400.000000,11500.000000,8976.320313,2,0,0,0,0,0,0,0,0
2016-01-28,11640.000000,11640.000000,11640.000000,11640.000000,9085.596680,15,0,0,0,0,0,0,0,0
2016-01-29,11500.000000,11800.000000,11240.000000,11700.000000,9132.430664,39,0,0,0,0,0,0,0,0
2016-02-01,12000.000000,12150.000000,11870.000000,12150.000000,9483.678711,47,0,0,0,0,0,0,0,0
2016-02-02,11870.000000,12200.000000,11840.000000,11840.000000,9241.706055,1279,0,0,0,0,0,0,0,0
2016-02-03,11840.000000,11840.000000,11260.000000,11490.000000,8968.514648,173,0,0,0,0,0,0,0,0
2016-02-04,11380.000000,11380.000000,11180.000000,11180.000000,8726.543945,8,0,0,0,0,0,0,0,0
2016-02-05,11160.000000,11160.000000,10660.000000,10660.000000,8320.659180,46,0,0,0,0,0,0,0,0
2016-02-08,10500.000000,10700.000000,10500.000000,10700.000000,8351.880859,62,0,0,0,0,0,0,0,0
2016-02-09,10350.000000,10350.000000,10050.000000,10200.000000,7961.605957,94,0,0,0,0,0,0,0,0
2016-02-10,10190.000000,10190.000000,9650.000000,9650.000000,7532.302734,277,0,0,0,0,0,0,0,0
2016-02-12,9650.000000,9650.000000,9060.000000,9130.000000,7126.417480,115,0,0,0,0,0,0,0,0
2016-02-15,9390.000000,10010.000000,9390.000000,10010.000000,7813.300293,258,0,0,0,0,0,0,0,0
2016-02-16,9970.000000,10480.000000,9970.000000,10270.000000,8016.245117,220,0,0,0,0,0,0,0,0
2016-02-17,10270.000000,10450.000000,9970.000000,10020.000000,7821.107910,116,0,0,0,0,0,0,0,0
2016-02-18,10600.000000,10600.000000,10340.000000,10340.000000,8070.882324,2,0,0,0,0,0,0,0,0
2016-02-19,10310.000000,10310.000000,10140.000000,10210.000000,7969.411133,121,0,0,0,0,0,0,0,0
2016-02-22,10160.000000,10250.000000,10110.000000,10230.000000,7985.022949,49,0,0,0,0,0,0,0,0
2016-02-23,10270.000000,10280.000000,10270.000000,10280.000000,8024.049805,3,0,0,0,0,0,0,0,0
2016-02-24,10070.000000,10100.000000,10030.000000,10100.000000,7883.550781,8,0,0,0,0,0,0,0,0
2016-02-25,10140.000000,10640.000000,10140.000000,10400.000000,8117.714844,92,0,0,0,0,0,0,0,0
2016-02-26,10500.000000,10620.000000,10500.000000,10620.000000,8289.435547,3,0,0,0,0,0,0,0,0
2016-02-29,10760.000000,10800.000000,10450.000000,10450.000000,8156.743652,110,0,0,0,0,0,0,0,0
2016-03-01,10490.000000,10490.000000,10490.000000,10490.000000,8187.965332,6,0,0,0,0,0,0,0,0
2016-03-02,10630.000000,10850.000000,10630.000000,10850.000000,8468.962891,123,0,0,0,0,0,0,0,0
2016-03-03,10780.000000,11220.000000,10780.000000,11220.000000,8757.765625,198,0,0,0,0,0,0,0,0
2016-03-04,11060.000000,11260.000000,11060.000000,11110.000000,8671.907227,20,0,0,0,0,0,0,0,0
2016-03-07,11120.000000,11150.000000,10910.000000,10910.000000,8515.795898,27,0,0,0,0,0,0,0,0
2016-03-08,10800.000000,10900.000000,10800.000000,10900.000000,8507.992188,2,0,0,0,0,0,0,0,0
2016-03-09,10800.000000,10800.000000,10670.000000,10670.000000,8328.463867,2,0,0,0,0,0,0,0,0
2016-03-10,10787.900391,10787.900391,10787.900391,10787.900391,8420.491211,0,0,0,0,0,0,0,0,0
2016-03-11,10770.000000,10990.000000,10760.000000,10980.000000,8570.434570,13,0,0,0,0,0,0,0,0
2016-03-14,11060.000000,11100.000000,11050.000000,11100.000000,8664.099609,6,0,0,0,0,0,0,0,0
2016-03-15,11240.000000,11240.000000,11240.000000,11240.000000,8773.377930,1,0,0,0,0,0,0,0,0
2016-03-16,11070.000000,11070.000000,10920.000000,10920.000000,8523.601563,16,0,0,0,0,0,0,0,0
2016-03-17,11000.000000,11000.000000,10810.000000,10810.000000,8437.741211,15,0,0,0,0,0,0,0,0
2016-03-18,10700.000000,10700.000000,10700.000000,10700.000000,8351.880859,1,0,0,0,0,0,0,0,0
2016-03-22,10840.000000,11010.000000,10780.000000,10890.000000,8500.183594,151,0,0,0,0,0,0,0,0
2016-03-23,10840.000000,10840.000000,10840.000000,10840.000000,8461.157227,1,0,0,0,0,0,0,0,0
2016-03-24,10700.000000,10700.000000,10700.000000,10700.000000,8351.880859,1,0,0,0,0,0,0,0,0
2016-03-25,10780.000000,10800.000000,10780.000000,10800.000000,8429.934570,3,0,0,0,0,0,0,0,0
2016-03-28,10730.000000,10760.000000,10730.000000,10760.000000,8398.711914,11,0,0,0,0,0,0,0,0
2016-03-29,11047.400391,11047.400391,11047.400391,11047.400391,8623.041992,0,0,0,0,0,0,0,0,0
2016-03-30,10833.599609,10833.599609,10833.599609,10833.599609,8456.161133,0,0,0,0,0,0,0,0,0
2016-03-31,10820.000000,10820.000000,10810.000000,10810.000000,8437.741211,3,0,0,0,0,0,0,0,0
2016-04-01,10760.000000,10760.000000,10700.000000,10700.000000,8351.880859,2,0,0,0,0,0,0,0,0
2016-04-04,10490.000000,10490.000000,10430.000000,10440.000000,8148.937012,7,0,0,0,0,0,0,0,0
2016-04-05,10300.000000,10300.000000,10090.000000,10090.000000,7875.745117,4,0,0,0,0,0,0,0,0
2016-04-06,10100.000000,10150.000000,10100.000000,10150.000000,7922.577637,25,0,0,0,0,0,0,0,0
2016-04-07,10020.000000,10020.000000,10020.000000,10020.000000,7821.107910,2,0,0,0,0,0,0,0,0
2016-04-08,9880.000000,9980.000000,9870.000000,9980.000000,7789.885254,3,0,0,0,0,0,0,0,0
2016-04-11,10130.000000,10130.000000,9960.000000,9960.000000,7774.274414,33,0,0,0,0,0,0,0,0
2016-04-12,10206.599609,10206.599609,10206.599609,10206.599609,7966.756348,0,0,0,0,0,0,0,0,0
2016-04-13,10200.000000,10500.000000,10200.000000,10500.000000,8195.770508,10,0,0,0,0,0,0,0,0
2016-04-14,10630.000000,10810.000000,10630.000000,10810.000000,8437.741211,12,1,38000000,1,38000000,1,38000000,1,38000000
2016-04-15,10640.000000,10900.000000,10640.000000,10900.000000,8507.992188,13,0,0,0,0,0,0,0,0
2016-04-18,10410.000000,10470.000000,10410.000000,10410.000000,8125.520508,8,1,20000000,1,20000000,1,20000000,1,20000000
2016-04-19,10780.000000,10780.000000,10740.000000,10780.000000,8414.324219,59,0,0,0,0,0,0,0,0
2016-04-20,10780.000000,10780.000000,10640.000000,10640.000000,8305.046875,20,0,0,0,0,0,0,0,0
2016-04-21,10810.000000,10810.000000,10810.000000,10810.000000,8437.741211,11,0,0,0,0,0,0,0,0
2016-04-22,11000.000000,11420.000000,11000.000000,11420.000000,8913.876953,46,0,0,0,0,0,0,0,0
2016-04-25,11200.000000,11450.000000,11200.000000,11360.000000,8867.043945,31,0,0,0,0,0,0,0,0
2016-04-26,10930.000000,11030.000000,10930.000000,11030.000000,8609.461914,3,0,0,0,0,0,0,0,0
2016-04-27,11100.000000,11200.000000,11100.000000,11200.000000,8742.155273,5,0,0,0,0,0,0,0,0
2016-04-28,11200.000000,11200.000000,10540.000000,10540.000000,8226.993164,162,0,0,0,0,0,0,0,0
2016-05-02,10290.000000,10290.000000,10070.000000,10070.000000,7860.132813,12,0,0,0,0,0,0,0,0
2016-05-06,10230.000000,10230.000000,10000.000000,10050.000000,7844.522949,24,0,0,0,0,0,0,0,0
2016-05-09,10190.000000,10190.000000,10170.000000,10170.000000,7938.188965,2,0,0,0,0,0,0,0,0
2016-05-10,10180.000000,10280.000000,10150.000000,10280.000000,8024.049805,13,0,0,0,0,0,0,0,0
2016-05-11,10360.000000,10380.000000,10170.000000,10380.000000,8102.104492,31,0,0,0,0,0,0,0,0
2016-05-12,10200.000000,10200.000000,10200.000000,10200.000000,7961.605957,1,0,0,0,0,0,0,0,0
2016-05-13,10160.000000,10180.000000,10120.000000,10180.000000,7945.994629,33,0,0,0,0,0,0,0,0
2016-05-16,10130.000000,10130.000000,10100.000000,10110.000000,7891.355469,36,0,0,0,0,0,0,0,0
2016-05-17,10010.000000,10010.000000,10010.000000,10010.000000,7813.300293,10,0,0,0,0,0,0,0,0
2016-05-18,10040.000000,10200.000000,10040.000000,10200.000000,7961.605957,2,0,0,0,0,0,0,0,0
2016-05-19,10298.500000,10298.500000,10298.500000,10298.500000,8038.488281,0,0,0,0,0,0,0,0,0
2016-05-20,10410.000000,10410.000000,10410.000000,10410.000000,8125.520508,5,0,0,0,0,0,0,0,0
2016-05-23,10300.000000,10300.000000,10210.000000,10240.000000,7992.827148,13,0,0,0,0,0,0,0,0
2016-05-24,10390.000000,10390.000000,10390.000000,10390.000000,8109.910645,1,0,0,0,0,0,0,0,0
2016-05-25,10360.000000,10450.000000,10360.000000,10450.000000,8156.743652,34,0,0,0,0,0,0,0,0
2016-05-26,10500.000000,10500.000000,10470.000000,10470.000000,8172.354004,7,0,0,0,0,0,0,0,0
2016-05-27,10480.000000,10480.000000,10480.000000,10480.000000,8180.161133,10,0,0,0,0,0,0,0,0
2016-05-30,10550.000000,10550.000000,10420.000000,10420.000000,8133.327637,23,0,0,0,0,0,0,0,0
2016-05-31,10500.000000,10600.000000,10500.000000,10600.000000,8273.826172,4,0,0,0,0,0,0,0,0
2016-06-01,10680.000000,10680.000000,10580.000000,10580.000000,8258.213867,39,0,0,0,0,0,0,0,0
2016-06-02,10300.000000,10300.000000,10230.000000,10230.000000,7985.022949,97,0,0,0,0,0,0,0,0
2016-06-03,10270.000000,10270.000000,10180.000000,10180.000000,7945.994629,4,0,0,0,0,0,0,0,0
2016-06-06,10100.000000,10100.000000,9910.000000,9910.000000,7735.247559,139,0,0,0,0,0,0,0,0
2016-06-07,10180.000000,10180.000000,10100.000000,10100.000000,7883.550781,2,0,0,0,0,0,0,0,0
2016-06-08,10150.000000,10150.000000,9940.000000,9940.000000,7758.661621,49,0,0,0,0,0,0,0,0
2016-06-09,9940.000000,9980.000000,9890.000000,9890.000000,7719.634766,28,0,0,0,0,0,0,0,0
2016-06-10,9840.000000,9840.000000,9740.000000,9740.000000,7602.552734,88,0,0,0,0,0,0,0,0
2016-06-13,9700.000000,9700.000000,9370.000000,9370.000000,7313.748535,276,0,0,0,0,0,0,0,0
2016-06-14,9460.000000,9460.000000,9220.000000,9270.000000,7235.694824,40,0,0,0,0,0,0,0,0
2016-06-15,9389.500000,9389.500000,9389.500000,9389.500000,7328.969727,0,0,0,0,0,0,0,0,0
2016-06-16,9280.000000,9280.000000,9100.000000,9100.000000,7103.000000,69,0,0,0,0,0,0,0,0
2016-06-17,9400.000000,9400.000000,9200.000000,9200.000000,7181.056152,23,0,0,0,0,0,0,0,0
2016-06-20,9270.000000,9570.000000,9270.000000,9410.000000,7344.971191,87,0,0,0,0,0,0,0,0
2016-06-21,9390.000000,9420.000000,9280.000000,9420.000000,7352.776855,19,0,0,0,0,0,0,0,0
2016-06-22,9570.000000,9570.000000,9570.000000,9570.000000,7469.859863,11,0,0,0,0,0,0,0,0
2016-06-23,9560.000000,9670.000000,9490.000000,9670.000000,7547.913086,22,0,0,0,0,0,0,0,0
2016-06-24,9790.000000,9790.000000,8720.000000,8720.000000,6806.393066,299,0,0,0,0,0,0,0,0
2016-06-27,8940.000000,8940.000000,8500.000000,8500.000000,6634.670898,65,0,0,0,0,0,0,0,0
2016-06-28,8650.000000,8650.000000,8300.000000,8490.000000,6626.866211,84,0,0,0,0,0,0,0,0
2016-06-29,8790.000000,8790.000000,8730.000000,8730.000000,6814.197754,23,0,0,0,0,0,0,0,0
2016-06-30,8850.000000,9020.000000,8850.000000,8880.000000,6931.279785,17,0,0,0,0,0,0,0,0
2016-07-01,9030.000000,9030.000000,8840.000000,8880.000000,6931.279785,240,0,0,0,0,0,0,0,0
2016-07-04,9000.000000,9000.000000,8900.000000,8970.000000,7001.529297,158,0,0,0,0,0,0,0,0
2016-07-05,9000.000000,9000.000000,8710.000000,8840.000000,6900.059570,147,0,0,0,0,0,0,0,0
2016-07-06,8860.000000,8860.000000,8510.000000,8560.000000,6681.503906,526,0,0,0,0,0,0,0,0
2016-07-07,8690.000000,8700.000000,8530.000000,8540.000000,6665.893555,21,0,0,0,0,0,0,0,0
2016-07-08,8580.000000,8580.000000,8400.000000,8400.000000,6556.616211,413,0,0,0,0,0,0,0,0
2016-07-11,8670.000000,8800.000000,8670.000000,8800.000000,6868.836426,622,0,0,0,0,0,0,0,0
2016-07-12,9250.000000,9430.000000,9250.000000,9320.000000,7274.722168,580,0,0,0,0,0,0,0,0
2016-07-13,9250.000000,9350.000000,9140.000000,9140.000000,7134.223145,712,0,0,0,0,0,0,0,0
2016-07-14,9120.000000,9210.000000,9080.000000,9180.000000,7165.445801,375,0,0,0,0,0,0,0,0
2016-07-15,9230.000000,9640.000000,9230.000000,9640.000000,7705.811035,160,0,0,0,0,0,0,0,0
2016-07-19,9650.000000,9650.000000,9520.000000,9550.000000,7633.868164,11,0,0,0,0,0,0,0,0
2016-07-20,9550.000000,9550.000000,9500.000000,9500.000000,7593.901367,89,0,0,0,0,0,0,0,0
2016-07-21,9630.000000,9800.000000,9630.000000,9760.000000,7801.733398,590,0,0,0,0,0,0,0,0
2016-07-22,9739.400391,9739.400391,9739.400391,9739.400391,7785.267090,0,0,0,0,0,0,0,0,0
2016-07-25,9804.400391,9804.400391,9804.400391,9804.400391,7837.227051,0,0,0,0,0,0,0,0,0
2016-07-26,9450.000000,9480.000000,9450.000000,9480.000000,7577.914063,42,0,0,0,0,0,0,0,0
2016-07-27,9760.000000,9810.000000,9700.000000,9700.000000,7753.772461,251,0,0,0,0,0,0,0,0
2016-07-28,9800.000000,9800.000000,9540.000000,9540.000000,7625.875977,2,0,0,0,0,0,0,0,0
2016-07-29,9780.000000,10080.000000,9710.000000,10080.000000,8057.529297,548,0,0,0,0,0,0,0,0
2016-08-01,10000.000000,10000.000000,9870.000000,9870.000000,7889.663574,22,0,0,0,0,0,0,0,0
2016-08-02,9710.000000,9730.000000,9660.000000,9660.000000,7721.797852,5,0,0,0,0,0,0,0,0
2016-08-03,9380.000000,9470.000000,9370.000000,9400.000000,7513.965332,24,0,0,0,0,0,0,0,0
2016-08-04,9490.000000,9490.000000,9490.000000,9490.000000,7585.907715,16,0,0,0,0,0,0,0,0
2016-08-05,9669.700195,9669.700195,9669.700195,9669.700195,7729.551270,0,0,0,0,0,0,0,0,0
2016-08-08,9950.000000,10000.000000,9950.000000,9990.000000,7985.585938,7,0,0,0,0,0,0,0,0
2016-08-09,10136.799805,10136.799805,10136.799805,10136.799805,8102.931641,0,0,0,0,0,0,0,0,0
2016-08-10,9986.799805,9986.799805,9986.799805,9986.799805,7983.028320,0,0,0,0,0,0,0,0,0
2016-08-12,10000.000000,10100.000000,9960.000000,10100.000000,8073.516113,115,0,0,0,0,0,0,0,0
2016-08-15,10130.000000,10130.000000,9950.000000,9950.000000,7953.612793,2,0,0,0,0,0,0,0,0
2016-08-16,10030.000000,10030.000000,9750.000000,9750.000000,7793.741211,15,0,0,0,0,0,0,0,0
2016-08-17,9900.000000,9980.000000,9900.000000,9980.000000,7977.593262,107,0,0,0,0,0,0,0,0
2016-08-18,9900.299805,9900.299805,9900.299805,9900.299805,7913.884766,0,0,0,0,0,0,0,0,0
2016-08-19,10010.000000,10030.000000,10010.000000,10030.000000,8017.560059,2,0,0,0,0,0,0,0,0
2016-08-22,9980.000000,10000.000000,9980.000000,10000.000000,7993.580566,2,1,100000,0,0,0,0,0,0
2016-08-23,9900.000000,9900.000000,9900.000000,9900.000000,7913.643555,5,0,0,0,0,0,0,0,0
2016-08-24,9750.000000,9940.000000,9750.000000,9940.000000,7945.618164,11,0,0,0,0,0,0,0,0
2016-08-25,9951.700195,9951.700195,9951.700195,9951.700195,7954.971191,0,0,0,0,0,0,0,0,0
2016-08-26,9940.000000,9940.000000,9770.000000,9830.000000,7857.689453,24,0,0,0,0,0,0,0,0
2016-08-29,9940.000000,9940.000000,9940.000000,9940.000000,7945.618164,100,0,0,0,0,0,0,0,0
2016-08-30,10129.200195,10129.200195,10129.200195,10129.200195,8096.857422,0,0,0,0,0,0,0,0,0
2016-08-31,10180.000000,10290.000000,10180.000000,10240.000000,8185.425293,36,0,0,0,0,0,0,0,0
2016-09-01,10230.000000,10260.000000,10230.000000,10260.000000,8201.414063,11,0,0,0,0,0,0,0,0
2016-09-02,10310.000000,10460.000000,10310.000000,10460.000000,8361.284180,106,0,0,0,0,0,0,0,0
2016-09-05,10480.000000,10670.000000,10470.000000,10470.000000,8369.278320,39,0,0,0,0,0,0,0,0
2016-09-06,10470.000000,10550.000000,10470.000000,10550.000000,8433.227539,108,0,0,0,0,0,0,0,0
2016-09-07,10396.099609,10396.099609,10396.099609,10396.099609,8310.205078,0,0,0,0,0,0,0,0,0
2016-09-08,10250.000000,10280.000000,10250.000000,10250.000000,8193.420898,31,0,0,0,0,0,0,0,0
2016-09-09,10320.000000,10320.000000,10320.000000,10320.000000,8249.374023,1,0,0,0,0,0,0,0,0
2016-09-12,10181.900391,10181.900391,10181.900391,10181.900391,8138.982910,0,0,0,0,0,0,0,0,0
2016-09-13,10110.000000,10110.000000,10110.000000,10110.000000,8081.509277,1,0,0,0,0,0,0,0,0
2016-09-14,10090.000000,10100.000000,10090.000000,10100.000000,8073.516113,18,0,0,0,0,0,0,0,0
2016-09-15,10060.000000,10060.000000,9940.000000,9940.000000,7945.618164,3,0,0,0,0,0,0,0,0
2016-09-16,10110.500000,10110.500000,10110.500000,10110.500000,8081.909180,0,0,0,0,0,0,0,0,0
2016-09-20,9950.000000,9980.000000,9950.000000,9980.000000,7977.593262,2,0,0,0,0,0,0,0,0
2016-09-21,10380.000000,10470.000000,10380.000000,10470.000000,8369.278320,16,0,0,0,0,0,0,0,0
2016-09-23,10330.000000,10330.000000,10270.000000,10320.000000,8249.374023,102,0,0,0,0,0,0,0,0
2016-09-26,10390.000000,10390.000000,10180.000000,10180.000000,8137.463867,32,0,0,0,0,0,0,0,0
2016-09-27,10050.000000,10050.000000,9900.000000,9910.000000,7921.639160,14,0,0,0,0,0,0,0,0
2016-09-28,10100.000000,10100.000000,10100.000000,10100.000000,8073.516113,1,0,0,0,0,0,0,0,0
2016-09-29,10114.500000,10114.500000,10114.500000,10114.500000,8085.107422,0,0,0,0,0,0,0,0,0
2016-09-30,9960.000000,9960.000000,9800.000000,9800.000000,7833.708008,84,0,0,0,0,0,0,0,0
2016-10-03,10000.000000,10000.000000,9920.000000,9920.000000,7929.630859,28,0,0,0,0,0,0,0,0
2016-10-04,9890.000000,10010.000000,9890.000000,9910.000000,7921.639160,561,0,0,0,0,0,0,0,0
2016-10-05,10090.000000,10120.000000,10090.000000,10120.000000,8089.502441,25,0,0,0,0,0,0,0,0
2016-10-06,10200.000000,10400.000000,10200.000000,10400.000000,8313.322266,530,0,0,0,0,0,0,0,0
2016-10-07,10330.000000,10330.000000,10230.000000,10260.000000,8201.414063,96,0,0,0,0,0,0,0,0
2016-10-11,10390.000000,10390.000000,10350.000000,10350.000000,8273.355469,96,0,0,0,0,0,0,0,0
2016-10-12,10180.400391,10180.400391,10180.400391,10180.400391,8137.783691,0,0,0,0,0,0,0,0,0
2016-10-13,10100.000000,10200.000000,10100.000000,10200.000000,8153.452637,8,0,0,0,0,0,0,0,0
2016-10-14,10100.000000,10100.000000,10100.000000,10100.000000,8073.516113,1,0,0,0,0,0,0,0,0
2016-10-17,10200.000000,10310.000000,10200.000000,10240.000000,8185.425293,36,0,0,0,0,0,0,0,0
2016-10-18,10331.200195,10331.200195,10331.200195,10331.200195,8258.328125,0,0,0,0,0,0,0,0,0
2016-10-19,10210.000000,10210.000000,10210.000000,10210.000000,8161.444824,4,0,0,0,0,0,0,0,0
2016-10-20,10440.000000,10440.000000,10440.000000,10440.000000,8345.297852,5,0,0,0,0,0,0,0,0
2016-10-21,10500.000000,10500.000000,10370.000000,10370.000000,8289.342773,8,1,100000,0,0,0,0,0,0
2016-10-24,10367.700195,10367.700195,10367.700195,10367.700195,8287.503906,0,0,0,0,0,0,0,0,0
2016-10-25,10473.500000,10473.500000,10473.500000,10473.500000,8372.076172,0,0,0,0,0,0,0,0,0
2016-10-26,10430.000000,10430.000000,10380.000000,10380.000000,8297.335938,2,0,0,0,0,0,0,0,0
2016-10-27,10594.099609,10594.099609,10594.099609,10594.099609,8468.477539,0,0,0,0,0,0,0,0,0
2016-10-28,10650.000000,10800.000000,10650.000000,10800.000000,8633.066406,15,0,0,0,0,0,0,0,0
2016-10-31,10700.000000,10890.000000,10700.000000,10890.000000,8705.008789,155,0,0,0,0,0,0,0,0
2016-11-01,10890.000000,11050.000000,10820.000000,11000.000000,8792.938477,44,0,0,0,0,0,0,0,0
2016-11-02,10880.000000,10880.000000,10600.000000,10690.000000,8545.136719,53,0,0,0,0,0,0,0,0
2016-11-04,10670.000000,10670.000000,10390.000000,10430.000000,8337.303711,121,0,0,0,0,0,0,0,0
2016-11-07,10810.000000,10810.000000,10550.000000,10550.000000,8433.227539,35,0,0,0,0,0,0,0,0
2016-11-08,10530.000000,10530.000000,10530.000000,10530.000000,8417.238281,5,0,0,0,0,0,0,0,0
2016-11-09,9940.000000,9940.000000,9910.000000,9910.000000,7921.639160,9,0,0,0,0,0,0,0,0
2016-11-10,10820.000000,11050.000000,10820.000000,11000.000000,8792.938477,124,0,0,0,0,0,0,0,0
2016-11-11,10940.000000,11450.000000,10940.000000,11290.000000,9024.751953,161,0,0,0,0,0,0,0,0
2016-11-14,11370.000000,11640.000000,11370.000000,11620.000000,9288.539063,169,0,0,0,0,0,0,0,0
2016-11-15,11620.000000,11680.000000,11620.000000,11680.000000,9336.500977,323,0,0,0,0,0,0,0,0
2016-11-16,11960.000000,11960.000000,11840.000000,11900.000000,9512.360352,190,0,0,0,0,0,0,0,0
2016-11-17,11820.000000,11820.000000,11660.000000,11710.000000,9360.482422,65,0,0,0,0,0,0,0,0
2016-11-18,11900.000000,11900.000000,11800.000000,11800.000000,9432.424805,151,0,0,0,0,0,0,0,0
2016-11-21,11980.000000,12000.000000,11930.000000,12000.000000,9592.296875,173,0,0,0,0,0,0,0,0
2016-11-22,11940.000000,12030.000000,11940.000000,12030.000000,9616.277344,17,0,0,0,0,0,0,0,0
2016-11-24,12040.000000,12250.000000,12040.000000,12250.000000,9792.135742,113,0,0,0,0,0,0,0,0
2016-11-25,12250.000000,12330.000000,12240.000000,12240.000000,9784.141602,3126,0,0,0,0,0,0,0,0
2016-11-28,12120.000000,12220.000000,11590.000000,12220.000000,9768.155273,96,0,0,0,0,0,0,0,0
2016-11-29,12221.400391,12221.400391,12221.400391,12221.400391,9769.274414,0,0,0,0,0,0,0,0,0
2016-11-30,12120.000000,12170.000000,12090.000000,12170.000000,9728.186523,36,0,0,0,0,0,0,0,0
2016-12-01,12320.000000,12500.000000,12320.000000,12500.000000,9991.974609,93,0,0,0,0,0,0,0,0
2016-12-02,12500.000000,12720.000000,12500.000000,12630.000000,10095.891602,93,0,0,0,0,0,0,0,0
2016-12-05,12730.000000,12730.000000,12510.000000,12580.000000,10055.923828,253,0,0,0,0,0,0,0,0
2016-12-06,12770.000000,12810.000000,12680.000000,12800.000000,10231.782227,62,0,0,0,0,0,0,0,0
2016-12-07,12720.000000,12930.000000,12720.000000,12860.000000,10279.745117,246,0,0,0,0,0,0,0,0
2016-12-08,12960.000000,13250.000000,12960.000000,13200.000000,10551.526367,413,0,0,0,0,0,0,0,0
2016-12-09,13210.000000,13500.000000,13210.000000,13370.000000,10687.415039,278,0,0,0,0,0,0,0,0
2016-12-12,13500.000000,13690.000000,13230.000000,13440.000000,10743.372070,565,0,0,0,0,0,0,0,0
2016-12-13,13220.000000,13300.000000,13220.000000,13300.000000,10631.461914,167,0,0,0,0,0,0,0,0
2016-12-14,13240.000000,13390.000000,13240.000000,13300.000000,10631.461914,38,0,0,0,0,0,0,0,0
2016-12-15,13540.000000,13540.000000,13290.000000,13500.000000,10791.333008,30,0,0,0,0,0,0,0,0
2016-12-16,13300.000000,13370.000000,13290.000000,13300.000000,10631.461914,35,0,0,0,0,0,0,0,0
2016-12-19,13240.000000,13260.000000,13070.000000,13140.000000,10503.564453,137,0,0,0,0,0,0,0,0
2016-12-20,13120.000000,13120.000000,13040.000000,13040.000000,10423.627930,10,0,0,0,0,0,0,0,0
2016-12-21,13100.000000,13200.000000,13060.000000,13060.000000,10439.615234,8,0,0,0,0,0,0,0,0
2016-12-22,13000.000000,13010.000000,12860.000000,12860.000000,10279.745117,39,0,0,0,0,0,0,0,0
2016-12-26,13010.000000,13010.000000,12810.000000,12950.000000,10351.686523,10,0,0,0,0,0,0,0,0
2016-12-27,12820.000000,12950.000000,12820.000000,12830.000000,10255.763672,6,0,0,0,0,0,0,0,0
2016-12-28,12960.000000,12960.000000,12840.000000,12840.000000,10263.757813,119,0,0,0,0,0,0,0,0
2016-12-29,12810.000000,12810.000000,12660.000000,12670.000000,10127.866211,88,0,0,0,0,0,0,0,0
2016-12-30,12600.000000,12600.000000,12600.000000,12600.000000,10071.910156,1600,0,0,0,0,0,0,0,0
2017-01-04,12920.000000,13120.000000,12920.000000,13060.000000,10439.615234,23,0,0,0,0,0,0,0,0
2017-01-05,13100.000000,13100.000000,13100.000000,13100.000000,10471.588867,6,0,0,0,0,0,0,0,0
2017-01-06,13100.000000,13100.000000,12960.000000,12960.000000,10359.678711,12,0,0,0,0,0,0,0,0
2017-01-10,12910.000000,12910.000000,12850.000000,12850.000000,10271.750000,38,0,0,0,0,0,0,0,0
2017-01-11,12800.000000,12810.000000,12800.000000,12810.000000,10239.775391,8,0,0,0,0,0,0,0,0
2017-01-12,12700.000000,12760.000000,12650.000000,12700.000000,10151.846680,656,0,0,0,0,0,0,0,0
2017-01-13,12680.000000,12880.000000,12680.000000,12880.000000,10295.731445,16,0,0,0,0,0,0,0,0
2017-01-16,12880.000000,12880.000000,12880.000000,12880.000000,10295.731445,10,0,0,0,0,0,0,0,0
2017-01-17,12610.000000,12650.000000,12530.000000,12650.000000,10111.877930,23,0,0,0,0,0,0,0,0
2017-01-18,12510.000000,12510.000000,12360.000000,12510.000000,9999.969727,52,0,0,0,0,0,0,0,0
2017-01-19,12800.000000,12890.000000,12800.000000,12800.000000,10231.782227,12,0,0,0,0,0,0,0,0
2017-01-20,12880.000000,12950.000000,12880.000000,12950.000000,10351.686523,53,0,0,0,0,0,0,0,0
2017-01-23,12740.599609,12740.599609,12740.599609,12740.599609,10184.299805,0,0,0,0,0,0,0,0,0
2017-01-24,12620.000000,12620.000000,12460.000000,12580.000000,10055.923828,8,0,0,0,0,0,0,0,0
2017-01-25,12590.000000,12650.000000,12590.000000,12650.000000,10111.877930,32,0,0,0,0,0,0,0,0
2017-01-26,12860.000000,13030.000000,12860.000000,12980.000000,10375.666016,70,0,0,0,0,0,0,0,0
2017-01-27,13180.000000,13180.000000,13130.000000,13130.000000,10495.571289,13,0,0,0,0,0,0,0,0
2017-01-30,12850.000000,12990.000000,12850.000000,12990.000000,10383.660156,34,0,0,0,0,0,0,0,0
2017-01-31,12750.000000,12950.000000,12750.000000,12950.000000,10351.686523,41,0,0,0,0,0,0,0,0
2017-02-01,12690.000000,12850.000000,12690.000000,12850.000000,10271.750000,4,0,0,0,0,0,0,0,0
2017-02-02,12823.299805,12823.299805,12823.299805,12823.299805,10250.408203,0,0,0,0,0,0,0,0,0
2017-02-03,12800.000000,12800.000000,12800.000000,12800.000000,10231.782227,8,0,0,0,0,0,0,0,0
2017-02-06,12980.000000,12980.000000,12980.000000,12980.000000,10375.666016,30,0,0,0,0,0,0,0,0
2017-02-07,12854.400391,12854.400391,12854.400391,12854.400391,10275.267578,0,0,0,0,0,0,0,0,0
2017-02-08,12930.000000,12930.000000,12930.000000,12930.000000,10335.698242,3,0,0,0,0,0,0,0,0
2017-02-09,12920.000000,12920.000000,12760.000000,12760.000000,10199.808594,2,0,0,0,0,0,0,0,0
2017-02-10,13180.900391,13180.900391,13180.900391,13180.900391,10536.258789,0,0,0,0,0,0,0,0,0
2017-02-13,13240.000000,13290.000000,13130.000000,13240.000000,10583.500977,48,0,0,0,0,0,0,0,0
2017-02-14,13070.000000,13260.000000,13070.000000,13130.000000,10495.571289,101,0,0,0,0,0,0,0,0
2017-02-15,13300.000000,13380.000000,13300.000000,13340.000000,10663.436523,73,0,0,0,0,0,0,0,0
2017-02-16,13420.000000,13500.000000,13340.000000,13500.000000,10791.333008,69,0,0,0,0,0,0,0,0
2017-02-17,13300.000000,13380.000000,13270.000000,13380.000000,10695.410156,14,0,0,0,0,0,0,0,0
2017-02-20,13150.000000,13310.000000,13150.000000,13310.000000,10639.454102,3,0,0,0,0,0,0,0,0
2017-02-21,13500.000000,13540.000000,13420.000000,13540.000000,10823.307617,38,0,0,0,0,0,0,0,0
2017-02-22,13470.000000,13550.000000,13470.000000,13550.000000,10831.301758,35,0,0,0,0,0,0,0,0
2017-02-23,13320.000000,13350.000000,13320.000000,13350.000000,10671.429688,26,0,0,0,0,0,0,0,0
2017-02-24,13300.000000,13350.000000,13300.000000,13320.000000,10647.448242,9,0,0,0,0,0,0,0,0
2017-02-27,13170.000000,13170.000000,12970.000000,12970.000000,10367.673828,5,0,0,0,0,0,0,0,0
2017-02-28,13210.000000,13210.000000,13210.000000,13210.000000,10559.518555,1,0,0,0,0,0,0,0,0
2017-03-01,13270.700195,13270.700195,13270.700195,13270.700195,10608.040039,0,0,0,0,0,0,0,0,0
2017-03-02,13400.000000,13500.000000,13400.000000,13500.000000,10791.333008,25,0,0,0,0,0,0,0,0
2017-03-03,13500.000000,13500.000000,13500.000000,13500.000000,10791.333008,1,0,0,0,0,0,0,0,0
2017-03-06,13230.000000,13230.000000,13230.000000,13230.000000,10575.505859,1,0,0,0,0,0,0,0,0
2017-03-07,13323.700195,13323.700195,13323.700195,13323.700195,10650.406250,0,0,0,0,0,0,0,0,0
2017-03-08,13283.900391,13283.900391,13283.900391,13283.900391,10618.590820,0,0,0,0,0,0,0,0,0
2017-03-09,13310.000000,13310.000000,13310.000000,13310.000000,10639.454102,10,0,0,0,0,0,0,0,0
2017-03-10,13510.000000,13510.000000,13420.000000,13460.000000,10759.358398,41,0,0,0,0,0,0,0,0
2017-03-13,13670.000000,13670.000000,13640.000000,13640.000000,10903.243164,15,0,0,0,0,0,0,0,0
2017-03-14,13570.000000,13570.000000,13510.000000,13530.000000,10815.313477,54,0,0,0,0,0,0,0,0
2017-03-15,13570.000000,13570.000000,13570.000000,13570.000000,10847.288086,1,0,0,0,0,0,0,0,0
2017-03-16,13576.900391,13576.900391,13576.900391,13576.900391,10852.803711,0,0,0,0,0,0,0,0,0
2017-03-17,13590.000000,13590.000000,13590.000000,13590.000000,10863.275391,1,0,0,0,0,0,0,0,0
2017-03-21,13349.500000,13349.500000,13349.500000,13349.500000,10671.029297,0,0,0,0,0,0,0,0,0
2017-03-22,12990.000000,13020.000000,12910.000000,12910.000000,10319.711914,119,0,0,0,0,0,0,0,0
2017-03-23,12840.000000,12870.000000,12800.000000,12870.000000,10287.736328,6,0,0,0,0,0,0,0,0
2017-03-24,12850.000000,13060.000000,12850.000000,13060.000000,10439.615234,102,0,0,0,0,0,0,0,0
2017-03-27,12682.900391,12682.900391,12682.900391,12682.900391,10138.177734,0,0,0,0,0,0,0,0,0
2017-03-28,12880.000000,12880.000000,12880.000000,12880.000000,10295.731445,3,0,0,0,0,0,0,0,0
2017-03-29,12970.000000,12970.000000,12970.000000,12970.000000,10367.673828,20,0,0,0,0,0,0,0,0
2017-03-30,12860.000000,12860.000000,12800.000000,12800.000000,10231.782227,25,0,0,0,0,0,0,0,0
2017-03-31,12790.000000,12790.000000,12700.000000,12700.000000,10151.846680,21,0,0,0,0,0,0,0,0
2017-04-03,12500.000000,12540.000000,12500.000000,12520.000000,10007.961914,68,0,0,0,0,0,0,0,0
2017-04-04,12540.000000,12540.000000,12440.000000,12440.000000,9944.013672,161,0,0,0,0,0,0,0,0
2017-04-05,12300.000000,12300.000000,12300.000000,12300.000000,9832.103516,23,0,0,0,0,0,0,0,0
2017-04-06,12250.000000,12250.000000,12060.000000,12060.000000,9640.256836,151,0,0,0,0,0,0,0,0
2017-04-07,12210.000000,12370.000000,12210.000000,12370.000000,9888.057617,104,0,0,0,0,0,0,0,0
2017-04-10,12250.000000,12370.000000,12250.000000,12370.000000,9888.057617,6,0,0,0,0,0,0,0,0
2017-04-11,12280.000000,12280.000000,12270.000000,12270.000000,9808.122070,31,0,0,0,0,0,0,0,0
2017-04-12,12250.000000,12290.000000,12250.000000,12290.000000,9824.109375,500,0,0,0,0,0,0,0,0
2017-04-13,12070.000000,12070.000000,12070.000000,12070.000000,9648.250977,10,0,0,0,0,0,0,0,0
2017-04-14,12010.000000,12100.000000,12010.000000,12080.000000,9656.244141,11,0,0,0,0,0,0,0,0
2017-04-17,12000.000000,12000.000000,12000.000000,12000.000000,9592.296875,4,0,0,0,0,0,0,0,0
2017-04-18,12218.900391,12218.900391,12218.900391,12218.900391,9767.276367,0,0,0,0,0,0,0,0,0
2017-04-19,12140.000000,12250.000000,12140.000000,12250.000000,9792.135742,3,0,0,0,0,0,0,0,0
2017-04-20,12242.799805,12242.799805,12242.799805,12242.799805,9786.379883,0,0,0,0,0,0,0,0,0
2017-04-21,12310.000000,12330.000000,12290.000000,12290.000000,9824.109375,302,0,0,0,0,0,0,0,0
2017-04-24,12360.000000,12360.000000,12360.000000,12360.000000,9880.065430,1,0,0,0,0,0,0,0,0
2017-04-25,12540.000000,12600.000000,12540.000000,12600.000000,10071.910156,2,0,0,0,0,0,0,0,0
2017-04-26,12710.000000,12850.000000,12700.000000,12760.000000,10199.808594,79,0,0,0,0,0,0,0,0
2017-04-27,12740.000000,12800.000000,12740.000000,12800.000000,10231.782227,3,0,0,0,0,0,0,0,0
2017-04-28,12820.000000,12820.000000,12530.000000,12530.000000,10015.956055,12,0,0,0,0,0,0,0,0
2017-05-01,12550.000000,12650.000000,12550.000000,12620.000000,10087.897461,32,0,0,0,0,0,0,0,0
2017-05-02,12660.000000,12840.000000,12660.000000,12730.000000,10175.827148,56,0,0,0,0,0,0,0,0
2017-05-08,13000.000000,13100.000000,13000.000000,13090.000000,10463.596680,108,0,0,0,0,0,0,0,0
2017-05-09,13100.000000,13150.000000,13090.000000,13150.000000,10511.557617,58,0,0,0,0,0,0,0,0
2017-05-10,13050.000000,13060.000000,13050.000000,13060.000000,10439.615234,2,0,0,0,0,0,0,0,0
2017-05-11,13100.000000,13100.000000,13040.000000,13050.000000,10431.622070,8,0,0,0,0,0,0,0,0
2017-05-12,13100.000000,13100.000000,13100.000000,13100.000000,10471.588867,1,0,0,0,0,0,0,0,0
2017-05-15,13010.000000,13010.000000,13000.000000,13000.000000,10391.653320,59,0,0,0,0,0,0,0,0
2017-05-16,12970.000000,12970.000000,12970.000000,12970.000000,10367.673828,7,0,0,0,0,0,0,0,0
2017-05-17,12850.000000,12870.000000,12850.000000,12870.000000,10287.736328,16,0,0,0,0,0,0,0,0
2017-05-18,12500.000000,12500.000000,12450.000000,12450.000000,9952.007813,20,0,0,0,0,0,0,0,0
2017-05-19,12640.000000,12700.000000,12640.000000,12700.000000,10151.846680,3,0,0,0,0,0,0,0,0
2017-05-22,12880.000000,12880.000000,12870.000000,12870.000000,10287.736328,12,0,0,0,0,0,0,0,0
2017-05-23,12870.000000,12870.000000,12870.000000,12870.000000,10287.736328,21,0,0,0,0,0,0,0,0
2017-05-24,12890.000000,12960.000000,12890.000000,12960.000000,10359.678711,12,0,0,0,0,0,0,0,0
2017-05-25,12950.000000,12950.000000,12950.000000,12950.000000,10351.686523,11,0,0,0,0,0,0,0,0
2017-05-26,12910.000000,12910.000000,12770.000000,12770.000000,10207.800781,19,0,0,0,0,0,0,0,0
2017-05-29,12813.099609,12813.099609,12813.099609,12813.099609,10242.253906,0,0,0,0,0,0,0,0,0
2017-05-30,12800.000000,12800.000000,12800.000000,12800.000000,10231.782227,1,0,0,0,0,0,0,0,0
2017-05-31,12780.000000,12780.000000,12780.000000,12780.000000,10215.795898,5,0,0,0,0,0,0,0,0
2017-06-01,12700.000000,12890.000000,12700.000000,12860.000000,10279.745117,40,0,0,0,0,0,0,0,0
2017-06-02,12960.000000,13350.000000,12960.000000,13350.000000,10671.429688,97,0,0,0,0,0,0,0,0
2017-06-05,13200.000000,13200.000000,13200.000000,13200.000000,10551.526367,19,0,0,0,0,0,0,0,0
2017-06-06,13110.000000,13110.000000,13100.000000,13100.000000,10471.588867,9,0,0,0,0,0,0,0,0
2017-06-07,13020.000000,13020.000000,13020.000000,13020.000000,10407.640625,1,0,0,0,0,0,0,0,0
2017-06-08,13200.000000,13200.000000,13200.000000,13200.000000,10551.526367,1,0,0,0,0,0,0,0,0
2017-06-09,13120.000000,13250.000000,13060.000000,13060.000000,10439.615234,13,0,0,0,0,0,0,0,0
2017-06-12,13270.500000,13270.500000,13270.500000,13270.500000,10607.880859,0,0,0,0,0,0,0,0,0
2017-06-13,13150.000000,13150.000000,13150.000000,13150.000000,10511.557617,1,0,0,0,0,0,0,0,0
2017-06-14,13269.400391,13269.400391,13269.400391,13269.400391,10607.000000,0,0,0,0,0,0,0,0,0
2017-06-15,13050.000000,13050.000000,13050.000000,13050.000000,10431.622070,3,0,0,0,0,0,0,0,0
2017-06-16,13242.099609,13242.099609,13242.099609,13242.099609,10585.178711,0,0,0,0,0,0,0,0,0
2017-06-19,13241.400391,13241.400391,13241.400391,13241.400391,10584.619141,0,0,0,0,0,0,0,0,0
2017-06-20,13300.000000,13470.000000,13300.000000,13310.000000,10639.454102,142,0,0,0,0,0,0,0,0
2017-06-21,13160.000000,13160.000000,13070.000000,13070.000000,10447.609375,46,0,0,0,0,0,0,0,0
2017-06-22,13030.000000,13030.000000,13030.000000,13030.000000,10415.635742,1,0,0,0,0,0,0,0,0
2017-06-23,13110.000000,13140.000000,13110.000000,13140.000000,10503.564453,11,0,0,0,0,0,0,0,0
2017-06-26,12960.000000,13060.000000,12960.000000,13060.000000,10439.615234,2,0,0,0,0,0,0,0,0
2017-06-27,12980.000000,13040.000000,12980.000000,13040.000000,10423.627930,59,0,0,0,0,0,0,0,0
2017-06-28,13060.000000,13060.000000,13060.000000,13060.000000,10439.615234,1,0,0,0,0,0,0,0,0
2017-06-29,13266.900391,13266.900391,13266.900391,13266.900391,10605.002930,0,0,0,0,0,0,0,0,0
2017-06-30,13160.000000,13160.000000,13160.000000,13160.000000,10519.550781,1,0,0,0,0,0,0,0,0
2017-07-03,13220.000000,13220.000000,13220.000000,13220.000000,10567.512695,1,0,0,0,0,0,0,0,0
2017-07-04,13280.000000,13400.000000,13180.000000,13180.000000,10535.538086,134,0,0,0,0,0,0,0,0
2017-07-05,13190.000000,13210.000000,13190.000000,13210.000000,10559.518555,8,0,0,0,0,0,0,0,0
2017-07-06,13240.000000,13240.000000,13240.000000,13240.000000,10583.500977,19,1,700000,1,700000,0,0,0,0
2017-07-07,13360.000000,13360.000000,13360.000000,13360.000000,10679.424805,1,0,0,0,0,0,0,0,0
2017-07-10,13350.000000,13350.000000,13350.000000,13350.000000,10671.429688,1,0,0,0,0,0,0,0,0
2017-07-11,13350.000000,13410.000000,13350.000000,13400.000000,10711.396484,88,0,0,0,0,0,0,0,0
2017-07-12,13140.000000,13140.000000,13060.000000,13060.000000,10439.615234,4,0,0,0,0,0,0,0,0
2017-07-13,13000.000000,13000.000000,12940.000000,12940.000000,10343.692383,9,0,0,0,0,0,0,0,0
2017-07-14,12840.000000,12840.000000,12840.000000,12840.000000,10263.757813,1,0,0,0,0,0,0,0,0
2017-07-17,null,null,null,null,null,null,0,0,0,0,0,0,0,0
2017-07-18,12840.000000,12840.000000,12830.000000,12830.000000,10512.013672,2,0,0,0,0,0,0,0,0
2017-07-19,12863.400391,12863.400391,12863.400391,12863.400391,10539.379883,0,0,0,0,0,0,0,0,0
2017-07-20,12960.599609,12960.599609,12960.599609,12960.599609,10619.017578,0,0,0,0,0,0,0,0,0
2017-07-21,12902.700195,12902.700195,12902.700195,12902.700195,10571.579102,0,0,0,0,0,0,0,0,0
2017-07-24,12730.000000,12730.000000,12730.000000,12730.000000,10430.080078,2,0,0,0,0,0,0,0,0
2017-07-25,12771.299805,12771.299805,12771.299805,12771.299805,10463.917969,0,0,0,0,0,0,0,0,0
2017-07-26,12817.799805,12817.799805,12817.799805,12817.799805,10502.018555,0,0,0,0,0,0,0,0,0
2017-07-27,12700.000000,12820.000000,12700.000000,12710.000000,10413.692383,49,0,0,0,0,0,0,0,0
2017-07-28,12730.000000,12730.000000,12730.000000,12730.000000,10430.080078,5,0,0,0,0,0,0,0,0
2017-07-31,12710.000000,12710.000000,12710.000000,12710.000000,10413.692383,2,0,0,0,0,0,0,0,0
2017-08-01,12730.000000,12730.000000,12730.000000,12730.000000,10430.080078,2,0,0,0,0,0,0,0,0
2017-08-02,12860.000000,12860.000000,12860.000000,12860.000000,10536.593750,0,0,0,0,0,0,0,0,0
2017-08-03,12780.000000,12780.000000,12780.000000,12780.000000,10471.046875,2,0,0,0,0,0,0,0,0
2017-08-04,12850.000000,12850.000000,12850.000000,12850.000000,10528.400391,1,0,0,0,0,0,0,0,0
2017-08-07,12980.000000,12980.000000,12800.000000,12800.000000,10487.434570,7,1,2000,0,0,0,0,0,0
2017-08-08,12740.000000,12740.000000,12730.000000,12730.000000,10430.080078,205,0,0,0,0,0,0,0,0
2017-08-09,12720.000000,12720.000000,12690.000000,12690.000000,10397.308594,5,0,0,0,0,0,0,0,0
2017-08-10,12630.000000,12630.000000,12630.000000,12630.000000,10348.147461,1,0,0,0,0,0,0,0,0
2017-08-11,12630.000000,12630.000000,12630.000000,12630.000000,10348.147461,0,0,0,0,0,0,0,0,0
2017-08-14,12510.000000,12510.000000,12210.000000,12360.000000,10126.928711,56,0,0,0,0,0,0,0,0
2017-08-15,12360.000000,12360.000000,12360.000000,12360.000000,10126.928711,0,0,0,0,0,0,0,0,0
2017-08-16,12490.000000,12490.000000,12490.000000,12490.000000,10233.441406,1,0,0,0,0,0,0,0,0
2017-08-17,12470.000000,12470.000000,12470.000000,12470.000000,10217.055664,1,0,0,0,0,0,0,0,0
2017-08-18,12330.000000,12330.000000,12330.000000,12330.000000,10102.348633,9,0,0,0,0,0,0,0,0
2017-08-21,12230.000000,12230.000000,12230.000000,12230.000000,10020.416016,3,0,0,0,0,0,0,0,0
2017-08-22,12200.000000,12200.000000,12200.000000,12200.000000,9995.835938,1,0,0,0,0,0,0,0,0
2017-08-23,12200.000000,12200.000000,12200.000000,12200.000000,9995.835938,0,0,0,0,0,0,0,0,0
2017-08-24,12160.000000,12170.000000,12120.000000,12120.000000,9930.290039,23,0,0,0,0,0,0,0,0
2017-08-25,12160.000000,12160.000000,12030.000000,12030.000000,9856.549805,11,0,0,0,0,0,0,0,0
2017-08-28,12010.000000,12030.000000,12000.000000,12000.000000,9831.969727,18,0,0,0,0,0,0,0,0
2017-08-29,12000.000000,12000.000000,12000.000000,12000.000000,9831.969727,10,0,0,0,0,0,0,0,0
2017-08-30,12000.000000,12000.000000,12000.000000,12000.000000,9831.969727,0,0,0,0,0,0,0,0,0
2017-08-31,12000.000000,12000.000000,12000.000000,12000.000000,9831.969727,0,0,0,0,0,0,0,0,0
2017-09-01,12000.000000,12000.000000,12000.000000,12000.000000,9831.969727,0,0,0,0,0,0,0,0,0
2017-09-04,11940.000000,11940.000000,11940.000000,11940.000000,9782.809570,10,0,0,0,0,0,0,0,0
2017-09-05,11940.000000,11940.000000,11940.000000,11940.000000,9782.809570,0,0,0,0,0,0,0,0,0
2017-09-06,11800.000000,11800.000000,11800.000000,11800.000000,9668.102539,4,0,0,0,0,0,0,0,0
2017-09-07,11800.000000,11800.000000,11800.000000,11800.000000,9668.102539,0,0,0,0,0,0,0,0,0
2017-09-08,11740.000000,11740.000000,11680.000000,11680.000000,9569.783203,8,0,0,0,0,0,0,0,0
2017-09-11,11820.000000,11870.000000,11820.000000,11840.000000,9700.875977,22,0,0,0,0,0,0,0,0
2017-09-12,11950.000000,12030.000000,11950.000000,12030.000000,9856.549805,11,0,0,0,0,0,0,0,0
2017-09-13,12160.000000,12160.000000,12160.000000,12160.000000,9963.062500,1,0,0,0,0,0,0,0,0
2017-09-14,12160.000000,12160.000000,12160.000000,12160.000000,9963.062500,0,0,0,0,0,0,0,0,0
2017-09-15,12260.000000,12260.000000,12260.000000,12260.000000,10044.996094,20,0,0,0,0,0,0,0,0
2017-09-18,12260.000000,12260.000000,12260.000000,12260.000000,10044.996094,0,1,500000,1,500000,0,0,0,0
2017-09-19,12150.000000,12610.000000,12150.000000,12460.000000,10208.861328,89,0,0,0,0,0,0,0,0
2017-09-20,12460.000000,12460.000000,12460.000000,12460.000000,10208.861328,0,0,0,0,0,0,0,0,0
2017-09-21,12520.000000,12820.000000,12520.000000,12690.000000,10397.308594,46,0,0,0,0,0,0,0,0
2017-09-22,12690.000000,12690.000000,12690.000000,12690.000000,10397.308594,0,0,0,0,0,0,0,0,0
2017-09-25,12690.000000,12690.000000,12690.000000,12690.000000,10397.308594,0,0,0,0,0,0,0,0,0
2017-09-26,12670.000000,12670.000000,12670.000000,12670.000000,10380.920898,5,0,0,0,0,0,0,0,0
2017-09-27,12670.000000,12670.000000,12670.000000,12670.000000,10380.920898,0,0,0,0,0,0,0,0,0
2017-09-28,12730.000000,12750.000000,12730.000000,12750.000000,10446.466797,6,0,0,0,0,0,0,0,0
2017-09-29,12730.000000,12730.000000,12730.000000,12730.000000,10430.080078,2,0,0,0,0,0,0,0,0
2017-10-02,12880.000000,12890.000000,12740.000000,12740.000000,10438.274414,122,0,0,0,0,0,0,0,0
2017-10-03,12910.000000,12910.000000,12800.000000,12800.000000,10487.434570,32,0,0,0,0,0,0,0,0
2017-10-04,13000.000000,13020.000000,12860.000000,12860.000000,10536.593750,25,0,0,0,0,0,0,0,0
2017-10-05,12770.000000,12930.000000,12770.000000,12930.000000,10593.946289,94,0,0,0,0,0,0,0,0
2017-10-06,12920.000000,13070.000000,12920.000000,12920.000000,10585.753906,44,0,0,0,0,0,0,0,0
2017-10-09,12920.000000,12920.000000,12920.000000,12920.000000,10585.753906,0,0,0,0,0,0,0,0,0
2017-10-10,12820.000000,12820.000000,12780.000000,12780.000000,10471.046875,12,0,0,0,0,0,0,0,0
2017-10-11,12780.000000,12780.000000,12780.000000,12780.000000,10471.046875,0,0,0,0,0,0,0,0,0
2017-10-12,12870.000000,12880.000000,12870.000000,12880.000000,10552.980469,6,0,0,0,0,0,0,0,0
2017-10-13,12820.000000,12970.000000,12820.000000,12930.000000,10593.946289,6,0,0,0,0,0,0,0,0
2017-10-16,12980.000000,13200.000000,12980.000000,13170.000000,10790.586914,61,0,0,0,0,0,0,0,0
2017-10-17,13170.000000,13170.000000,13170.000000,13170.000000,10790.586914,0,0,0,0,0,0,0,0,0
2017-10-18,13170.000000,13170.000000,13170.000000,13170.000000,10790.586914,0,0,0,0,0,0,0,0,0
2017-10-19,13150.000000,13250.000000,13150.000000,13210.000000,10823.360352,38,0,0,0,0,0,0,0,0
2017-10-20,13210.000000,13210.000000,13210.000000,13210.000000,10823.360352,0,0,0,0,0,0,0,0,0
2017-10-23,13410.000000,13510.000000,13360.000000,13360.000000,10946.259766,74,1,1000000,1,1000000,0,0,0,0
2017-10-24,13360.000000,13360.000000,13360.000000,13360.000000,10946.259766,0,0,0,0,0,0,0,0,0
2017-10-25,13520.000000,13590.000000,13520.000000,13520.000000,11077.352539,140,0,0,0,0,0,0,0,0
2017-10-26,13520.000000,13520.000000,13520.000000,13520.000000,11077.352539,0,0,0,0,0,0,0,0,0
2017-10-27,13670.000000,13670.000000,13670.000000,13670.000000,11200.251953,3,0,0,0,0,0,0,0,0
2017-10-30,13670.000000,13670.000000,13670.000000,13670.000000,11200.251953,0,0,0,0,0,0,0,0,0
2017-10-31,13670.000000,13670.000000,13670.000000,13670.000000,11200.251953,0,0,0,0,0,0,0,0,0
2017-11-01,13650.000000,13680.000000,13480.000000,13530.000000,11085.544922,144,0,0,0,0,0,0,0,0
2017-11-02,13670.000000,13700.000000,13650.000000,13700.000000,11224.831055,6,0,0,0,0,0,0,0,0
2017-11-03,13700.000000,13700.000000,13700.000000,13700.000000,11224.831055,0,0,0,0,0,0,0,0,0
2017-11-06,13700.000000,13700.000000,13700.000000,13700.000000,11224.831055,0,0,0,0,0,0,0,0,0
2017-11-07,13690.000000,13690.000000,13520.000000,13640.000000,11175.670898,14,0,0,0,0,0,0,0,0
2017-11-08,13640.000000,13640.000000,13640.000000,13640.000000,11175.670898,0,0,0,0,0,0,0,0,0
2017-11-09,13580.000000,13580.000000,13430.000000,13430.000000,11003.612305,11,0,0,0,0,0,0,0,0
2017-11-10,13430.000000,13430.000000,13430.000000,13430.000000,11003.612305,0,0,0,0,0,0,0,0,0
2017-11-13,13420.000000,13470.000000,13390.000000,13390.000000,10970.838867,53,0,0,0,0,0,0,0,0
2017-11-14,13260.000000,13260.000000,13260.000000,13260.000000,10864.326172,20,0,0,0,0,0,0,0,0
2017-11-15,13230.000000,13230.000000,13050.000000,13050.000000,10692.265625,118,0,0,0,0,0,0,0,0
2017-11-16,13260.000000,13260.000000,13260.000000,13260.000000,10864.326172,1,0,0,0,0,0,0,0,0
2017-11-17,13120.000000,13120.000000,13120.000000,13120.000000,10749.620117,1,0,0,0,0,0,0,0,0
2017-11-20,13060.000000,13100.000000,13060.000000,13100.000000,10733.233398,3,0,0,0,0,0,0,0,0
2017-11-21,13100.000000,13100.000000,13100.000000,13100.000000,10733.233398,0,0,0,0,0,0,0,0,0
2017-11-22,13120.000000,13120.000000,13120.000000,13120.000000,10749.620117,2,0,0,0,0,0,0,0,0
2017-11-23,13120.000000,13120.000000,13120.000000,13120.000000,10749.620117,0,0,0,0,0,0,0,0,0
2017-11-24,13120.000000,13120.000000,13120.000000,13120.000000,10749.620117,0,0,0,0,0,0,0,0,0
2017-11-27,13120.000000,13120.000000,13120.000000,13120.000000,10749.620117,0,0,0,0,0,0,0,0,0
2017-11-28,13390.000000,13390.000000,13390.000000,13390.000000,10970.838867,1,0,0,0,0,0,0,0,0
2017-11-29,13390.000000,13390.000000,13390.000000,13390.000000,10970.838867,0,0,0,0,0,0,0,0,0
2017-11-30,13520.000000,13730.000000,13520.000000,13730.000000,11249.411133,118,0,0,0,0,0,0,0,0
2017-12-01,13730.000000,13730.000000,13730.000000,13730.000000,11249.411133,0,0,0,0,0,0,0,0,0
2017-12-04,13640.000000,13650.000000,13640.000000,13650.000000,11183.864258,3,0,0,0,0,0,0,0,0
2017-12-05,13650.000000,13650.000000,13650.000000,13650.000000,11183.864258,0,0,0,0,0,0,0,0,0
2017-12-06,13570.000000,13570.000000,13500.000000,13500.000000,11060.965820,2,0,0,0,0,0,0,0,0
2017-12-07,13580.000000,13740.000000,13580.000000,13740.000000,11257.604492,6,0,0,0,0,0,0,0,0
2017-12-08,13740.000000,13740.000000,13740.000000,13740.000000,11257.604492,0,0,0,0,0,0,0,0,0
2017-12-11,13870.000000,13880.000000,13870.000000,13880.000000,11372.310547,25,0,0,0,0,0,0,0,0
2017-12-12,13920.000000,14000.000000,13920.000000,14000.000000,11470.630859,74,0,0,0,0,0,0,0,0
2017-12-13,13920.000000,13920.000000,13730.000000,13730.000000,11249.411133,11,0,0,0,0,0,0,0,0
2017-12-14,13730.000000,13730.000000,13730.000000,13730.000000,11249.411133,0,0,0,0,0,0,0,0,0
2017-12-15,13700.000000,13760.000000,13700.000000,13760.000000,11273.992188,11,0,0,0,0,0,0,0,0
2017-12-18,13890.000000,14040.000000,13890.000000,13890.000000,11380.505859,40,0,0,0,0,0,0,0,0
2017-12-19,13890.000000,13890.000000,13890.000000,13890.000000,11380.505859,0,0,0,0,0,0,0,0,0
2017-12-20,13980.000000,13980.000000,13980.000000,13980.000000,11454.243164,15,0,0,0,0,0,0,0,0
2017-12-21,13980.000000,13980.000000,13980.000000,13980.000000,11454.243164,0,0,0,0,0,0,0,0,0
2017-12-22,13980.000000,13980.000000,13980.000000,13980.000000,11454.243164,0,0,0,0,0,0,0,0,0
2017-12-25,13880.000000,13900.000000,13880.000000,13900.000000,11388.698242,24,0,0,0,0,0,0,0,0
2017-12-26,13900.000000,13900.000000,13900.000000,13900.000000,11388.698242,0,0,0,0,0,0,0,0,0
2017-12-27,13890.000000,14090.000000,13890.000000,14090.000000,11544.370117,12,0,0,0,0,0,0,0,0
2017-12-28,14020.000000,14030.000000,13860.000000,13860.000000,11355.924805,21,0,0,0,0,0,0,0,0
2017-12-29,13830.000000,13830.000000,13810.000000,13810.000000,11314.958008,3,0,0,0,0,0,0,0,0
2018-01-01,13810.000000,13810.000000,13810.000000,13810.000000,11314.958008,0,0,0,0,0,0,0,0,0
2018-01-02,13810.000000,13810.000000,13810.000000,13810.000000,11314.958008,0,0,0,0,0,0,0,0,0
2018-01-03,13810.000000,13810.000000,13810.000000,13810.000000,11314.958008,0,0,0,0,0,0,0,0,0
2018-01-04,13810.000000,13810.000000,13810.000000,13810.000000,11314.958008,0,0,0,0,0,0,0,0,0
2018-01-05,14320.000000,14400.000000,14320.000000,14400.000000,11798.362305,129,0,0,0,0,0,0,0,0
2018-01-08,14400.000000,14400.000000,14400.000000,14400.000000,11798.362305,0,0,0,0,0,0,0,0,0
2018-01-09,14550.000000,14680.000000,14510.000000,14620.000000,11978.616211,29,0,0,0,0,0,0,0,0
2018-01-10,14640.000000,14640.000000,14620.000000,14620.000000,11978.616211,3,0,0,0,0,0,0,0,0
2018-01-11,14620.000000,14620.000000,14620.000000,14620.000000,11978.616211,0,0,0,0,0,0,0,0,0
2018-01-12,14620.000000,14620.000000,14620.000000,14620.000000,11978.616211,0,0,0,0,0,0,0,0,0
2018-01-15,14880.000000,14880.000000,14690.000000,14700.000000,12044.162109,49,0,0,0,0,0,0,0,0
2018-01-16,14700.000000,14700.000000,14700.000000,14700.000000,12044.162109,0,0,0,0,0,0,0,0,0
2018-01-17,14610.000000,14710.000000,14610.000000,14700.000000,12044.162109,41,0,0,0,0,0,0,0,0
2018-01-18,14780.000000,14960.000000,14710.000000,14710.000000,12052.354492,115,0,0,0,0,0,0,0,0
2018-01-19,14710.000000,14710.000000,14710.000000,14710.000000,12052.354492,0,0,0,0,0,0,0,0,0
2018-01-22,14710.000000,14710.000000,14710.000000,14710.000000,12052.354492,0,0,0,0,0,0,0,0,0
2018-01-23,14970.000000,15040.000000,14970.000000,15040.000000,12322.734375,172,0,0,0,0,0,0,0,0
2018-01-24,14990.000000,15030.000000,14880.000000,14880.000000,12191.643555,38,0,0,0,0,0,0,0,0
2018-01-25,14860.000000,14860.000000,14800.000000,14800.000000,12126.094727,4,0,0,0,0,0,0,0,0
2018-01-26,14800.000000,14800.000000,14800.000000,14800.000000,12126.094727,0,0,0,0,0,0,0,0,0
2018-01-29,14660.000000,14660.000000,14490.000000,14490.000000,11872.103516,8,0,0,0,0,0,0,0,0
2018-01-30,14490.000000,14490.000000,14490.000000,14490.000000,11872.103516,0,0,0,0,0,0,0,0,0
2018-01-31,14430.000000,14430.000000,14350.000000,14350.000000,11757.396484,160,0,0,0,0,0,0,0,0
2018-02-01,14350.000000,14350.000000,14350.000000,14350.000000,11757.396484,0,0,0,0,0,0,0,0,0
2018-02-02,14350.000000,14350.000000,14350.000000,14350.000000,11757.396484,0,0,0,0,0,0,0,0,0
2018-02-05,14350.000000,14350.000000,14350.000000,14350.000000,11757.396484,0,0,0,0,0,0,0,0,0
2018-02-06,13460.000000,13980.000000,13460.000000,13980.000000,11454.243164,24,0,0,0,0,0,0,0,0
2018-02-07,13700.000000,13700.000000,13700.000000,13700.000000,11224.831055,1,0,0,0,0,0,0,0,0
2018-02-08,13700.000000,13700.000000,13700.000000,13700.000000,11224.831055,0,0,0,0,0,0,0,0,0
2018-02-09,13310.000000,13350.000000,13100.000000,13110.000000,10741.426758,46,0,0,0,0,0,0,0,0
2018-02-12,13110.000000,13110.000000,13110.000000,13110.000000,10741.426758,0,0,0,0,0,0,0,0,0
2018-02-13,13120.000000,13120.000000,12980.000000,12980.000000,10634.913086,161,0,0,0,0,0,0,0,0
2018-02-14,12980.000000,12980.000000,12980.000000,12980.000000,10634.913086,0,0,0,0,0,0,0,0,0
2018-02-15,13370.000000,13370.000000,13330.000000,13370.000000,10954.452148,7,0,0,0,0,0,0,0,0
2018-02-16,13370.000000,13370.000000,13370.000000,13370.000000,10954.452148,0,0,0,0,0,0,0,0,0
2018-02-19,13370.000000,13370.000000,13370.000000,13370.000000,10954.452148,0,0,0,0,0,0,0,0,0
2018-02-20,13370.000000,13370.000000,13370.000000,13370.000000,10954.452148,0,0,0,0,0,0,0,0,0
2018-02-21,13230.000000,13230.000000,13220.000000,13220.000000,10831.552734,2,0,0,0,0,0,0,0,0
2018-02-22,13220.000000,13220.000000,13220.000000,13220.000000,10831.552734,0,0,0,0,0,0,0,0,0
2018-02-23,13460.000000,13460.000000,13460.000000,13460.000000,11028.192383,1,0,0,0,0,0,0,0,0
2018-02-26,13380.000000,13550.000000,13380.000000,13550.000000,11101.931641,116,0,0,0,0,0,0,0,0
2018-02-27,13550.000000,13550.000000,13550.000000,13550.000000,11101.931641,0,0,0,0,0,0,0,0,0
2018-02-28,13300.000000,13300.000000,13260.000000,13260.000000,10864.326172,12,0,0,0,0,0,0,0,0
2018-03-01,13020.000000,13020.000000,12850.000000,12850.000000,10528.400391,170,0,0,0,0,0,0,0,0
2018-03-02,12850.000000,12850.000000,12850.000000,12850.000000,10528.400391,0,0,0,0,0,0,0,0,0
2018-03-05,12850.000000,12850.000000,12850.000000,12850.000000,10528.400391,11,0,0,0,0,0,0,0,0
2018-03-06,12850.000000,12850.000000,12850.000000,12850.000000,10528.400391,0,0,0,0,0,0,0,0,0
2018-03-07,12850.000000,12850.000000,12850.000000,12850.000000,10528.400391,0,0,0,0,0,0,0,0,0
2018-03-08,12850.000000,12850.000000,12850.000000,12850.000000,10528.400391,0,0,0,0,0,0,0,0,0
2018-03-09,12850.000000,12850.000000,12850.000000,12850.000000,10528.400391,0,0,0,0,0,0,0,0,0
2018-03-12,12850.000000,12850.000000,12850.000000,12850.000000,10528.400391,0,0,0,0,0,0,0,0,0
2018-03-13,12850.000000,12850.000000,12850.000000,12850.000000,10528.400391,0,0,0,0,0,0,0,0,0
2018-03-14,12850.000000,12850.000000,12850.000000,12850.000000,10528.400391,0,0,0,0,0,0,0,0,0
2018-03-15,12850.000000,12850.000000,12850.000000,12850.000000,10528.400391,0,0,0,0,0,0,0,0,0
2018-03-16,12850.000000,12850.000000,12850.000000,12850.000000,10528.400391,0,0,0,0,0,0,0,0,0
2018-03-19,13100.000000,13100.000000,13100.000000,13100.000000,10733.233398,30,0,0,0,0,0,0,0,0
2018-03-20,13100.000000,13100.000000,13100.000000,13100.000000,10733.233398,0,0,0,0,0,0,0,0,0
2018-03-21,13100.000000,13100.000000,13100.000000,13100.000000,10733.233398,0,0,0,0,0,0,0,0,0
2018-03-22,13100.000000,13100.000000,13100.000000,13100.000000,10733.233398,0,0,0,0,0,0,0,0,0
2018-03-23,12940.000000,12940.000000,12730.000000,12730.000000,10430.080078,68,0,0,0,0,0,0,0,0
2018-03-26,12730.000000,12730.000000,12730.000000,12730.000000,10430.080078,0,0,0,0,0,0,0,0,0
2018-03-27,12730.000000,12730.000000,12730.000000,12730.000000,10430.080078,0,0,0,0,0,0,0,0,0
2018-03-28,12730.000000,12730.000000,12730.000000,12730.000000,10430.080078,0,0,0,0,0,0,0,0,0
2018-03-29,13140.000000,13220.000000,13070.000000,13220.000000,10831.552734,19,0,0,0,0,0,0,0,0
2018-03-30,13240.000000,13240.000000,13100.000000,13240.000000,10847.939453,81,0,0,0,0,0,0,0,0
2018-04-02,13240.000000,13240.000000,13240.000000,13240.000000,10847.939453,0,0,0,0,0,0,0,0,0
2018-04-03,13240.000000,13240.000000,13240.000000,13240.000000,10847.939453,0,0,0,0,0,0,0,0,0
2018-04-04,13240.000000,13240.000000,13240.000000,13240.000000,10847.939453,0,0,0,0,0,0,0,0,0
2018-04-05,13240.000000,13240.000000,13240.000000,13240.000000,10847.939453,0,0,0,0,0,0,0,0,0
2018-04-06,13240.000000,13240.000000,13240.000000,13240.000000,10847.939453,10,0,0,0,0,0,0,0,0
2018-04-09,13240.000000,13240.000000,13240.000000,13240.000000,10847.939453,0,0,0,0,0,0,0,0,0
2018-04-10,13240.000000,13240.000000,13240.000000,13240.000000,10847.939453,0,0,0,0,0,0,0,0,0
2018-04-11,13240.000000,13240.000000,13240.000000,13240.000000,10847.939453,0,0,0,0,0,0,0,0,0
2018-04-12,13240.000000,13240.000000,13240.000000,13240.000000,10847.939453,0,0,0,0,0,0,0,0,0
2018-04-13,13560.000000,13560.000000,13480.000000,13480.000000,11044.579102,6,0,0,0,0,0,0,0,0
2018-04-16,13480.000000,13480.000000,13480.000000,13480.000000,11044.579102,0,0,0,0,0,0,0,0,0
2018-04-17,13480.000000,13480.000000,13480.000000,13480.000000,11044.579102,0,0,0,0,0,0,0,0,0
2018-04-18,13480.000000,13480.000000,13480.000000,13480.000000,11044.579102,0,0,0,0,0,0,0,0,0
2018-04-19,13480.000000,13480.000000,13480.000000,13480.000000,11044.579102,0,0,0,0,0,0,0,0,0
2018-04-20,13580.000000,13690.000000,13580.000000,13690.000000,11216.637695,103,0,0,0,0,0,0,0,0
2018-04-23,13690.000000,13690.000000,13690.000000,13690.000000,11216.637695,0,0,0,0,0,0,0,0,0
2018-04-24,13690.000000,13690.000000,13690.000000,13690.000000,11216.637695,0,0,0,0,0,0,0,0,0
2018-04-25,13690.000000,13690.000000,13690.000000,13690.000000,11216.637695,0,0,0,0,0,0,0,0,0
2018-04-26,14050.000000,14080.000000,14050.000000,14080.000000,11536.177734,8,0,0,0,0,0,0,0,0
2018-04-27,14150.000000,14150.000000,14020.000000,14040.000000,11503.403320,12,0,0,0,0,0,0,0,0
2018-04-30,14040.000000,14040.000000,14040.000000,14040.000000,11503.403320,0,0,0,0,0,0,0,0,0
2018-05-01,14040.000000,14040.000000,14040.000000,14040.000000,11503.403320,0,0,0,0,0,0,0,0,0
2018-05-02,14040.000000,14040.000000,14040.000000,14040.000000,11503.403320,0,0,0,0,0,0,0,0,0
2018-05-03,14040.000000,14040.000000,14040.000000,14040.000000,11503.403320,0,0,0,0,0,0,0,0,0
2018-05-04,14040.000000,14040.000000,14040.000000,14040.000000,11503.403320,0,0,0,0,0,0,0,0,0
2018-05-07,14040.000000,14040.000000,14040.000000,14040.000000,11503.403320,0,0,0,0,0,0,0,0,0
2018-05-08,14040.000000,14040.000000,14040.000000,14040.000000,11503.403320,0,0,0,0,0,0,0,0,0
2018-05-09,14040.000000,14040.000000,14040.000000,14040.000000,11503.403320,0,0,0,0,0,0,0,0,0
2018-05-10,14040.000000,14040.000000,14040.000000,14040.000000,11503.403320,0,0,0,0,0,0,0,0,0
2018-05-11,14040.000000,14040.000000,14040.000000,14040.000000,11503.403320,0,0,0,0,0,0,0,0,0
2018-05-14,14040.000000,14040.000000,14040.000000,14040.000000,11503.403320,0,0,0,0,0,0,0,0,0
2018-05-15,14040.000000,14040.000000,14040.000000,14040.000000,11503.403320,0,0,0,0,0,0,0,0,0
2018-05-16,14260.000000,14260.000000,14260.000000,14260.000000,11683.657227,2,0,0,0,0,0,0,0,0
2018-05-17,14260.000000,14260.000000,14260.000000,14260.000000,11683.657227,0,0,0,0,0,0,0,0,0
2018-05-18,14390.000000,14510.000000,14380.000000,14510.000000,11888.488281,109,0,0,0,0,0,0,0,0
2018-05-21,14510.000000,14510.000000,14510.000000,14510.000000,11888.488281,0,0,0,0,0,0,0,0,0
2018-05-22,14510.000000,14510.000000,14510.000000,14510.000000,11888.488281,0,0,0,0,0,0,0,0,0
2018-05-23,14110.000000,14110.000000,14110.000000,14110.000000,11560.756836,1,0,0,0,0,0,0,0,0
2018-05-24,13860.000000,14040.000000,13860.000000,14040.000000,11503.403320,16,0,0,0,0,0,0,0,0
2018-05-25,14040.000000,14040.000000,14040.000000,14040.000000,11503.403320,0,0,0,0,0,0,0,0,0
2018-05-28,14040.000000,14040.000000,14040.000000,14040.000000,11503.403320,0,0,0,0,0,0,0,0,0
2018-05-29,13740.000000,13740.000000,13740.000000,13740.000000,11257.604492,27,0,0,0,0,0,0,0,0
2018-05-30,13600.000000,13600.000000,13600.000000,13600.000000,11142.898438,1,0,0,0,0,0,0,0,0
2018-05-31,13600.000000,13600.000000,13600.000000,13600.000000,11142.898438,0,0,0,0,0,0,0,0,0
2018-06-01,13600.000000,13600.000000,13600.000000,13600.000000,11142.898438,0,0,0,0,0,0,0,0,0
2018-06-04,13600.000000,13600.000000,13600.000000,13600.000000,11142.898438,0,0,0,0,0,0,0,0,0
2018-06-05,13600.000000,13600.000000,13600.000000,13600.000000,11142.898438,0,0,0,0,0,0,0,0,0
2018-06-06,13600.000000,13600.000000,13600.000000,13600.000000,11142.898438,0,0,0,0,0,0,0,0,0
2018-06-07,13950.000000,13950.000000,13950.000000,13950.000000,11429.665039,1,0,0,0,0,0,0,0,0
2018-06-08,13950.000000,13950.000000,13950.000000,13950.000000,11429.665039,0,0,0,0,0,0,0,0,0
2018-06-11,13950.000000,13950.000000,13950.000000,13950.000000,11429.665039,0,0,0,0,0,0,0,0,0
2018-06-12,13950.000000,13950.000000,13950.000000,13950.000000,11429.665039,0,0,0,0,0,0,0,0,0
2018-06-13,13950.000000,13950.000000,13950.000000,13950.000000,11429.665039,0,0,0,0,0,0,0,0,0
2018-06-14,14040.000000,14040.000000,13850.000000,13850.000000,11347.731445,3,0,0,0,0,0,0,0,0
2018-06-15,13860.000000,13890.000000,13860.000000,13890.000000,11380.505859,6,0,0,0,0,0,0,0,0
2018-06-18,13890.000000,13890.000000,13890.000000,13890.000000,11380.505859,0,1,3250000,1,3250000,1,3250000,0,0
2018-06-19,13890.000000,13890.000000,13890.000000,13890.000000,11380.505859,0,0,0,0,0,0,0,0,0
2018-06-20,13890.000000,13890.000000,13890.000000,13890.000000,11380.505859,0,0,0,0,0,0,0,0,0
2018-06-21,13890.000000,13890.000000,13890.000000,13890.000000,11380.505859,0,0,0,0,0,0,0,0,0
2018-06-22,13890.000000,13890.000000,13890.000000,13890.000000,11380.505859,0,0,0,0,0,0,0,0,0
2018-06-25,13890.000000,13890.000000,13890.000000,13890.000000,11380.505859,0,0,0,0,0,0,0,0,0
2018-06-26,13890.000000,13890.000000,13890.000000,13890.000000,11380.505859,0,0,0,0,0,0,0,0,0
2018-06-27,13890.000000,13890.000000,13890.000000,13890.000000,11380.505859,0,0,0,0,0,0,0,0,0
2018-06-28,13890.000000,13890.000000,13890.000000,13890.000000,11380.505859,0,0,0,0,0,0,0,0,0
2018-06-29,13380.000000,13380.000000,13270.000000,13320.000000,10913.487305,1682,1,9500000,1,9500000,1,9500000,1,9500000
2018-07-02,13370.000000,13370.000000,13180.000000,13180.000000,10798.778320,49,0,0,0,0,0,0,0,0
2018-07-03,13180.000000,13180.000000,13180.000000,13180.000000,10798.778320,0,0,0,0,0,0,0,0,0
2018-07-04,13120.000000,13200.000000,13120.000000,13190.000000,10806.973633,279,0,0,0,0,0,0,0,0
2018-07-05,13190.000000,13190.000000,13190.000000,13190.000000,10806.973633,0,0,0,0,0,0,0,0,0
2018-07-06,13130.000000,13150.000000,13130.000000,13140.000000,10766.006836,35,0,0,0,0,0,0,0,0
2018-07-09,13140.000000,13140.000000,13140.000000,13140.000000,10766.006836,0,0,0,0,0,0,0,0,0
2018-07-10,13410.000000,13460.000000,13370.000000,13370.000000,10954.452148,187,0,0,0,0,0,0,0,0
2018-07-11,12870.000000,12870.000000,12630.000000,12680.000000,10389.113281,13,0,0,0,0,0,0,0,0
2018-07-12,12680.000000,12680.000000,12680.000000,12680.000000,10389.113281,0,0,0,0,0,0,0,0,0
2018-07-13,12680.000000,12680.000000,12680.000000,12680.000000,10389.113281,0,0,0,0,0,0,0,0,0
2018-07-16,12680.000000,12680.000000,12680.000000,12680.000000,10792.558594,0,0,0,0,0,0,0,0,0
2018-07-17,12680.000000,12680.000000,12680.000000,12680.000000,10792.558594,0,0,0,0,0,0,0,0,0
2018-07-18,13050.000000,13100.000000,12970.000000,12970.000000,11039.390625,118,0,0,0,0,0,0,0,0
2018-07-19,12970.000000,12970.000000,12970.000000,12970.000000,11039.390625,0,0,0,0,0,0,0,0,0
2018-07-20,12970.000000,12970.000000,12970.000000,12970.000000,11039.390625,0,0,0,0,0,0,0,0,0
2018-07-23,12970.000000,12970.000000,12970.000000,12970.000000,11039.390625,0,0,0,0,0,0,0,0,0
2018-07-24,12970.000000,12970.000000,12970.000000,12970.000000,11039.390625,0,0,0,0,0,0,0,0,0
2018-07-25,12970.000000,12970.000000,12970.000000,12970.000000,11039.390625,0,0,0,0,0,0,0,0,0
2018-07-26,13230.000000,13260.000000,13220.000000,13250.000000,11277.712891,8,0,0,0,0,0,0,0,0
2018-07-27,13300.000000,13300.000000,13250.000000,13250.000000,11277.712891,8,0,0,0,0,0,0,0,0
2018-07-30,13250.000000,13250.000000,13250.000000,13250.000000,11277.712891,0,0,0,0,0,0,0,0,0
2018-07-31,13250.000000,13250.000000,13250.000000,13250.000000,11277.712891,0,0,0,0,0,0,0,0,0
2018-08-01,13000.000000,13160.000000,13000.000000,13160.000000,11201.109375,31,0,0,0,0,0,0,0,0
2018-08-02,13160.000000,13160.000000,13160.000000,13160.000000,11201.109375,0,0,0,0,0,0,0,0,0
2018-08-03,13160.000000,13160.000000,13160.000000,13160.000000,11201.109375,0,0,0,0,0,0,0,0,0
2018-08-06,13160.000000,13160.000000,13160.000000,13160.000000,11201.109375,0,0,0,0,0,0,0,0,0
2018-08-07,12960.000000,12960.000000,12960.000000,12960.000000,11030.878906,2,0,0,0,0,0,0,0,0
2018-08-08,12960.000000,12960.000000,12960.000000,12960.000000,11030.878906,0,0,0,0,0,0,0,0,0
2018-08-09,12960.000000,12960.000000,12960.000000,12960.000000,11030.878906,0,0,0,0,0,0,0,0,0
2018-08-10,12960.000000,12960.000000,12960.000000,12960.000000,11030.878906,0,0,0,0,0,0,0,0,0
2018-08-13,12960.000000,12960.000000,12960.000000,12960.000000,11030.878906,0,0,0,0,0,0,0,0,0
2018-08-14,12960.000000,12960.000000,12960.000000,12960.000000,11030.878906,0,0,0,0,0,0,0,0,0
2018-08-15,12630.000000,12630.000000,12560.000000,12560.000000,10690.421875,5,0,0,0,0,0,0,0,0
2018-08-16,12560.000000,12630.000000,12530.000000,12630.000000,10750.000000,6,0,0,0,0,0,0,0,0
2018-08-17,12630.000000,12630.000000,12630.000000,12630.000000,10750.000000,0,0,0,0,0,0,0,0,0
2018-08-20,12630.000000,12630.000000,12630.000000,12630.000000,10750.000000,0,0,0,0,0,0,0,0,0
2018-08-21,12630.000000,12630.000000,12630.000000,12630.000000,10750.000000,0,0,0,0,0,0,0,0,0
2018-08-22,12630.000000,12630.000000,12630.000000,12630.000000,10750.000000,0,0,0,0,0,0,0,0,0
2018-08-23,12630.000000,12630.000000,12630.000000,12630.000000,10750.000000,0,0,0,0,0,0,0,0,0
2018-08-24,12890.000000,12890.000000,12890.000000,12890.000000,10971.299805,1,0,0,0,0,0,0,0,0
2018-08-27,12890.000000,12890.000000,12890.000000,12890.000000,10971.299805,0,0,0,0,0,0,0,0,0
2018-08-28,12890.000000,12890.000000,12890.000000,12890.000000,10971.299805,0,0,0,0,0,0,0,0,0
2018-08-29,12890.000000,12890.000000,12890.000000,12890.000000,10971.299805,0,0,0,0,0,0,0,0,0
2018-08-30,12890.000000,12890.000000,12890.000000,12890.000000,10971.299805,0,0,0,0,0,0,0,0,0
2018-08-31,13010.000000,13050.000000,13000.000000,13050.000000,11107.482422,38,0,0,0,0,0,0,0,0
2018-09-03,12900.000000,12900.000000,12900.000000,12900.000000,10979.811523,100,0,0,0,0,0,0,0,0
2018-09-04,12900.000000,12900.000000,12900.000000,12900.000000,10979.811523,0,1,12500000,1,12500000,1,12500000,1,12500000
2018-09-05,12900.000000,12900.000000,12900.000000,12900.000000,10979.811523,0,0,0,0,0,0,0,0,0
2018-09-06,12620.000000,12620.000000,12550.000000,12550.000000,10681.909180,106,1,1250000,1,1250000,0,0,0,0
2018-09-07,12550.000000,12550.000000,12550.000000,12550.000000,10681.909180,0,0,0,0,0,0,0,0,0
2018-09-10,12510.000000,12640.000000,12510.000000,12640.000000,10758.512695,84,0,0,0,0,0,0,0,0
2018-09-11,12650.000000,12650.000000,12650.000000,12650.000000,10767.023438,10,0,0,0,0,0,0,0,0
2018-09-12,12650.000000,12650.000000,12650.000000,12650.000000,10767.023438,0,0,0,0,0,0,0,0,0
2018-09-13,12730.000000,12730.000000,12650.000000,12650.000000,10767.023438,29,0,0,0,0,0,0,0,0
2018-09-14,12810.000000,12810.000000,12810.000000,12810.000000,10903.207031,30,0,0,0,0,0,0,0,0
2018-09-17,12810.000000,12810.000000,12810.000000,12810.000000,10903.207031,0,0,0,0,0,0,0,0,0
2018-09-18,13000.000000,13200.000000,13000.000000,13200.000000,11235.155273,2,0,0,0,0,0,0,0,0
2018-09-19,13200.000000,13200.000000,13200.000000,13200.000000,11235.155273,0,0,0,0,0,0,0,0,0
2018-09-20,13500.000000,13650.000000,13500.000000,13640.000000,11609.660156,207,0,0,0,0,0,0,0,0
2018-09-21,13770.000000,13900.000000,13540.000000,13590.000000,11567.102539,2153,0,0,0,0,0,0,0,0
2018-09-24,13590.000000,13590.000000,13590.000000,13590.000000,11567.102539,0,0,0,0,0,0,0,0,0
2018-09-25,13780.000000,14020.000000,13750.000000,14020.000000,11933.097656,13177,0,0,0,0,0,0,0,0
2018-09-26,13980.000000,14060.000000,13980.000000,14060.000000,11967.142578,10,0,0,0,0,0,0,0,0
2018-09-27,14110.000000,14110.000000,13910.000000,13910.000000,11839.469727,5,0,0,0,0,0,0,0,0
2018-09-28,14000.000000,14000.000000,14000.000000,14000.000000,11916.074219,7,1,4500000,1,4500000,1,4500000,0,0
2018-10-01,14000.000000,14000.000000,14000.000000,14000.000000,11916.074219,0,0,0,0,0,0,0,0,0
2018-10-02,14000.000000,14000.000000,14000.000000,14000.000000,11916.074219,0,0,0,0,0,0,0,0,0
2018-10-03,14000.000000,14000.000000,14000.000000,14000.000000,11916.074219,0,0,0,0,0,0,0,0,0
2018-10-04,13980.000000,13980.000000,13980.000000,13980.000000,11899.050781,3,0,0,0,0,0,0,0,0
2018-10-05,13980.000000,14130.000000,13980.000000,14130.000000,12026.722656,109,0,0,0,0,0,0,0,0
2018-10-08,14130.000000,14130.000000,14130.000000,14130.000000,12026.722656,0,0,0,0,0,0,0,0,0
2018-10-09,13840.000000,13840.000000,13840.000000,13840.000000,11779.890625,200,0,0,0,0,0,0,0,0
2018-10-10,13840.000000,13840.000000,13840.000000,13840.000000,11779.890625,0,0,0,0,0,0,0,0,0
2018-10-11,13560.000000,13740.000000,13560.000000,13630.000000,11601.149414,54,0,0,0,0,0,0,0,0
2018-10-12,13680.000000,13680.000000,13460.000000,13460.000000,11456.454102,35,0,0,0,0,0,0,0,0
2018-10-15,13460.000000,13460.000000,13460.000000,13460.000000,11456.454102,0,0,0,0,0,0,0,0,0
2018-10-16,13330.000000,13430.000000,13330.000000,13430.000000,11430.918945,4,0,0,0,0,0,0,0,0
2018-10-17,13430.000000,13430.000000,13430.000000,13430.000000,11430.918945,0,0,0,0,0,0,0,0,0
2018-10-18,13430.000000,13430.000000,13430.000000,13430.000000,11430.918945,0,0,0,0,0,0,0,0,0
2018-10-19,13430.000000,13430.000000,13430.000000,13430.000000,11430.918945,0,0,0,0,0,0,0,0,0
2018-10-22,13580.000000,13660.000000,13580.000000,13660.000000,11626.683594,5,0,0,0,0,0,0,0,0
2018-10-23,13690.000000,13690.000000,13300.000000,13300.000000,11320.270508,2,0,0,0,0,0,0,0,0
2018-10-24,13300.000000,13300.000000,13300.000000,13300.000000,11320.270508,0,0,0,0,0,0,0,0,0
2018-10-25,13300.000000,13300.000000,13300.000000,13300.000000,11320.270508,0,0,0,0,0,0,0,0,0
2018-10-26,13300.000000,13300.000000,13300.000000,13300.000000,11320.270508,0,0,0,0,0,0,0,0,0
2018-10-29,13300.000000,13300.000000,13300.000000,13300.000000,11320.270508,0,0,0,0,0,0,0,0,0
2018-10-30,13300.000000,13300.000000,13300.000000,13300.000000,11320.270508,0,0,0,0,0,0,0,0,0
2018-10-31,13300.000000,13300.000000,13300.000000,13300.000000,11320.270508,0,0,0,0,0,0,0,0,0
2018-11-01,13300.000000,13300.000000,13300.000000,13300.000000,11320.270508,0,0,0,0,0,0,0,0,0
2018-11-02,13340.000000,13400.000000,13280.000000,13400.000000,11405.384766,37,0,0,0,0,0,0,0,0
2018-11-05,13400.000000,13400.000000,13400.000000,13400.000000,11405.384766,0,0,0,0,0,0,0,0,0
2018-11-06,13500.000000,13540.000000,13500.000000,13540.000000,11524.546875,5,0,0,0,0,0,0,0,0
2018-11-07,13540.000000,13540.000000,13540.000000,13540.000000,11524.546875,0,0,0,0,0,0,0,0,0
2018-11-08,13540.000000,13540.000000,13540.000000,13540.000000,11524.546875,0,0,0,0,0,0,0,0,0
2018-11-09,13540.000000,13540.000000,13540.000000,13540.000000,11524.546875,0,0,0,0,0,0,0,0,0
2018-11-12,13540.000000,13540.000000,13540.000000,13540.000000,11524.546875,0,0,0,0,0,0,0,0,0
2018-11-13,13540.000000,13540.000000,13540.000000,13540.000000,11524.546875,0,0,0,0,0,0,0,0,0
2018-11-14,12930.000000,12930.000000,12910.000000,12910.000000,10988.323242,7,0,0,0,0,0,0,0,0
2018-11-15,12910.000000,12910.000000,12910.000000,12910.000000,10988.323242,0,0,0,0,0,0,0,0,0
2018-11-16,12910.000000,12910.000000,12910.000000,12910.000000,10988.323242,0,0,0,0,0,0,0,0,0
2018-11-19,12910.000000,12910.000000,12910.000000,12910.000000,10988.323242,0,0,0,0,0,0,0,0,0
2018-11-20,12920.000000,12930.000000,12810.000000,12930.000000,11005.344727,14,0,0,0,0,0,0,0,0
2018-11-21,12750.000000,12750.000000,12750.000000,12750.000000,10852.138672,6,0,0,0,0,0,0,0,0
2018-11-22,12750.000000,12750.000000,12750.000000,12750.000000,10852.138672,0,0,0,0,0,0,0,0,0
2018-11-23,12750.000000,12750.000000,12750.000000,12750.000000,10852.138672,0,0,0,0,0,0,0,0,0
2018-11-26,12750.000000,12750.000000,12750.000000,12750.000000,10852.138672,0,0,0,0,0,0,0,0,0
2018-11-27,12750.000000,12750.000000,12750.000000,12750.000000,10852.138672,0,0,0,0,0,0,0,0,0
2018-11-28,13010.000000,13010.000000,13010.000000,13010.000000,11073.438477,1,0,0,0,0,0,0,0,0
2018-11-29,13010.000000,13010.000000,13010.000000,13010.000000,11073.438477,0,0,0,0,0,0,0,0,0
2018-11-30,13030.000000,13050.000000,13020.000000,13020.000000,11081.948242,24,0,0,0,0,0,0,0,0
2018-12-03,13200.000000,13200.000000,13000.000000,13000.000000,11064.925781,9,0,0,0,0,0,0,0,0
2018-12-04,13000.000000,13000.000000,13000.000000,13000.000000,11064.925781,0,0,0,0,0,0,0,0,0
2018-12-05,12780.000000,12780.000000,12610.000000,12630.000000,10750.000000,5,0,0,0,0,0,0,0,0
2018-12-06,12490.000000,12490.000000,12490.000000,12490.000000,10630.839844,3,0,0,0,0,0,0,0,0
2018-12-07,12490.000000,12490.000000,12490.000000,12490.000000,10630.839844,0,0,0,0,0,0,0,0,0
2018-12-10,12330.000000,12330.000000,12100.000000,12110.000000,10307.403320,6,0,0,0,0,0,0,0,0
2018-12-11,12110.000000,12110.000000,12110.000000,12110.000000,10307.403320,0,0,0,0,0,0,0,0,0
2018-12-12,12360.000000,12370.000000,12360.000000,12370.000000,10528.702148,82,0,0,0,0,0,0,0,0
2018-12-13,12350.000000,12350.000000,12240.000000,12240.000000,10418.052734,2,0,0,0,0,0,0,0,0
2018-12-14,12240.000000,12240.000000,12240.000000,12240.000000,10418.052734,0,0,0,0,0,0,0,0,0
2018-12-17,12190.000000,12250.000000,12190.000000,12190.000000,10375.495117,27,0,0,0,0,0,0,0,0
2018-12-18,12000.000000,12000.000000,11880.000000,11920.000000,10145.685547,10,0,0,0,0,0,0,0,0
2018-12-19,11950.000000,11950.000000,11770.000000,11770.000000,10018.013672,25,0,0,0,0,0,0,0,0
2018-12-20,11770.000000,11770.000000,11770.000000,11770.000000,10018.013672,0,0,0,0,0,0,0,0,0
2018-12-21,11520.000000,11520.000000,11290.000000,11320.000000,9634.997070,41,0,0,0,0,0,0,0,0
2018-12-24,11320.000000,11320.000000,11320.000000,11320.000000,9634.997070,0,0,0,0,0,0,0,0,0
2018-12-25,11320.000000,11320.000000,11320.000000,11320.000000,9634.997070,0,0,0,0,0,0,0,0,0
2018-12-26,10980.000000,11070.000000,10810.000000,10810.000000,9200.912109,730,0,0,0,0,0,0,0,0
2018-12-27,11330.000000,11440.000000,11330.000000,11440.000000,9737.134766,227,0,0,0,0,0,0,0,0
2018-12-28,11440.000000,11440.000000,11440.000000,11440.000000,9737.134766,0,0,0,0,0,0,0,0,0
2018-12-31,11440.000000,11440.000000,11440.000000,11440.000000,9737.134766,0,0,0,0,0,0,0,0,0
2019-01-04,11440.000000,11440.000000,11440.000000,11440.000000,9737.134766,0,0,0,0,0,0,0,0,0
2019-01-07,11660.000000,11660.000000,11660.000000,11660.000000,9924.386719,1,0,0,0,0,0,0,0,0
2019-01-08,11800.000000,11800.000000,11800.000000,11800.000000,10043.546875,1,0,0,0,0,0,0,0,0
2019-01-09,11560.000000,11560.000000,11520.000000,11520.000000,9805.227539,2,0,0,0,0,0,0,0,0
2019-01-10,11520.000000,11520.000000,11520.000000,11520.000000,9805.227539,0,0,0,0,0,0,0,0,0
2019-01-11,11580.000000,11650.000000,11580.000000,11620.000000,9890.341797,188,0,0,0,0,0,0,0,0
2019-01-15,11710.000000,11710.000000,11710.000000,11710.000000,9966.945313,1,0,0,0,0,0,0,0,0
2019-01-16,11970.000000,11970.000000,11970.000000,11970.000000,10188.243164,8,0,0,0,0,0,0,0,0
2019-01-17,11970.000000,11970.000000,11970.000000,11970.000000,10188.243164,0,0,0,0,0,0,0,0,0
2019-01-18,11970.000000,11970.000000,11970.000000,11970.000000,10188.243164,0,0,0,0,0,0,0,0,0
2019-01-21,11970.000000,11970.000000,11970.000000,11970.000000,10188.243164,0,0,0,0,0,0,0,0,0
2019-01-22,11970.000000,11970.000000,11970.000000,11970.000000,10188.243164,0,0,0,0,0,0,0,0,0
2019-01-23,11970.000000,11970.000000,11970.000000,11970.000000,10188.243164,0,0,0,0,0,0,0,0,0
2019-01-24,12040.000000,12040.000000,12040.000000,12040.000000,10247.824219,4,0,0,0,0,0,0,0,0
2019-01-25,12040.000000,12040.000000,12040.000000,12040.000000,10247.824219,0,0,0,0,0,0,0,0,0
2019-01-28,12040.000000,12040.000000,12040.000000,12040.000000,10247.824219,0,0,0,0,0,0,0,0,0
2019-01-29,11710.000000,11710.000000,11710.000000,11710.000000,9966.945313,1,0,0,0,0,0,0,0,0
2019-01-30,11710.000000,11710.000000,11710.000000,11710.000000,9966.945313,0,0,0,0,0,0,0,0,0
2019-01-31,11810.000000,11810.000000,11810.000000,11810.000000,10052.060547,432,0,0,0,0,0,0,0,0
2019-02-01,11820.000000,11820.000000,11690.000000,11690.000000,9949.921875,5,0,0,0,0,0,0,0,0
2019-02-04,11820.000000,11920.000000,11820.000000,11880.000000,10111.640625,430,0,0,0,0,0,0,0,0
2019-02-05,11900.000000,11900.000000,11900.000000,11900.000000,10128.663086,1,0,0,0,0,0,0,0,0
2019-02-06,11870.000000,11870.000000,11750.000000,11750.000000,10000.991211,430,0,0,0,0,0,0,0,0
2019-02-07,11750.000000,11750.000000,11750.000000,11750.000000,10000.991211,0,0,0,0,0,0,0,0,0
2019-02-08,11530.000000,11530.000000,11500.000000,11500.000000,9788.203125,433,0,0,0,0,0,0,0,0
2019-02-12,11500.000000,11500.000000,11500.000000,11500.000000,9788.203125,0,0,0,0,0,0,0,0,0
2019-02-13,11910.000000,11910.000000,11910.000000,11910.000000,10137.175781,20,0,0,0,0,0,0,0,0
2019-02-14,11910.000000,11910.000000,11910.000000,11910.000000,10137.175781,0,0,0,0,0,0,0,0,0
2019-02-15,11760.000000,11760.000000,11740.000000,11740.000000,9992.478516,38,0,0,0,0,0,0,0,0
2019-02-18,11980.000000,12100.000000,11980.000000,12100.000000,10298.892578,6,0,0,0,0,0,0,0,0
2019-02-19,12100.000000,12170.000000,12100.000000,12170.000000,10358.472656,3,0,0,0,0,0,0,0,0
2019-02-20,12070.000000,12070.000000,12040.000000,12040.000000,10247.824219,2,0,0,0,0,0,0,0,0
2019-02-21,12100.000000,12100.000000,11980.000000,11980.000000,10196.753906,2,0,0,0,0,0,0,0,0
2019-02-22,11980.000000,11980.000000,11980.000000,11980.000000,10196.753906,0,0,0,0,0,0,0,0,0
2019-02-25,11980.000000,11980.000000,11980.000000,11980.000000,10196.753906,0,0,0,0,0,0,0,0,0
2019-02-26,12050.000000,12060.000000,11970.000000,11970.000000,10188.243164,846,0,0,0,0,0,0,0,0
2019-02-27,11970.000000,11970.000000,11970.000000,11970.000000,10188.243164,0,0,0,0,0,0,0,0,0
2019-02-28,11910.000000,12030.000000,11910.000000,12030.000000,10239.312500,9,0,0,0,0,0,0,0,0
2019-03-01,12030.000000,12030.000000,12030.000000,12030.000000,10239.312500,0,0,0,0,0,0,0,0,0
2019-03-04,12000.000000,12040.000000,12000.000000,12040.000000,10247.824219,200,0,0,0,0,0,0,0,0
2019-03-05,12000.000000,12000.000000,12000.000000,12000.000000,10213.778320,1,0,0,0,0,0,0,0,0
2019-03-06,12000.000000,12000.000000,12000.000000,12000.000000,10213.778320,0,0,0,0,0,0,0,0,0
2019-03-07,11860.000000,11860.000000,11780.000000,11820.000000,10060.571289,818,0,0,0,0,0,0,0,0
2019-03-08,11800.000000,11800.000000,11610.000000,11630.000000,9898.852539,50,0,0,0,0,0,0,0,0
2019-03-11,11610.000000,11680.000000,11610.000000,11670.000000,9932.899414,30,0,0,0,0,0,0,0,0
2019-03-12,11700.000000,11700.000000,11440.000000,11440.000000,9737.134766,174,0,0,0,0,0,0,0,0
2019-03-13,11440.000000,11440.000000,11440.000000,11440.000000,9737.134766,0,0,0,0,0,0,0,0,0
2019-03-14,11560.000000,11560.000000,11500.000000,11500.000000,9788.203125,26,0,0,0,0,0,0,0,0
2019-03-15,11550.000000,11610.000000,11550.000000,11610.000000,9881.829102,4,0,0,0,0,0,0,0,0
2019-03-18,11770.000000,11800.000000,11770.000000,11780.000000,10026.525391,4,0,0,0,0,0,0,0,0
2019-03-19,11810.000000,11810.000000,11760.000000,11770.000000,10018.013672,4,0,0,0,0,0,0,0,0
2019-03-20,11810.000000,11810.000000,11750.000000,11750.000000,10000.991211,7,0,0,0,0,0,0,0,0
2019-03-22,11800.000000,11810.000000,11750.000000,11810.000000,10052.060547,10,0,0,0,0,0,0,0,0
2019-03-25,11800.000000,11800.000000,11720.000000,11780.000000,10026.525391,39,0,0,0,0,0,0,0,0
2019-03-26,11910.000000,11910.000000,11910.000000,11910.000000,10137.175781,1,0,0,0,0,0,0,0,0
2019-03-27,11910.000000,11910.000000,11910.000000,11910.000000,10137.175781,1,0,0,0,0,0,0,0,0
2019-03-28,11910.000000,11910.000000,11910.000000,11910.000000,10137.175781,0,0,0,0,0,0,0,0,0
2019-03-29,11820.000000,11820.000000,11810.000000,11810.000000,10052.060547,47,0,0,0,0,0,0,0,0
2019-04-01,11810.000000,11810.000000,11810.000000,11810.000000,10052.060547,0,0,0,0,0,0,0,0,0
2019-04-02,12010.000000,12030.000000,12010.000000,12030.000000,10239.312500,8,0,0,0,0,0,0,0,0
2019-04-03,12160.000000,12160.000000,12140.000000,12140.000000,10332.939453,2,0,0,0,0,0,0,0,0
2019-04-04,12070.000000,12140.000000,12070.000000,12140.000000,10332.939453,7,0,0,0,0,0,0,0,0
2019-04-05,12070.000000,12140.000000,12070.000000,12110.000000,10307.403320,8,0,0,0,0,0,0,0,0
2019-04-08,12100.000000,12100.000000,11970.000000,11970.000000,10188.243164,3,0,0,0,0,0,0,0,0
2019-04-09,11940.000000,11940.000000,11820.000000,11820.000000,10060.571289,105,0,0,0,0,0,0,0,0
2019-04-10,11920.000000,11920.000000,11920.000000,11920.000000,10145.685547,1,0,0,0,0,0,0,0,0
2019-04-11,11970.000000,11970.000000,11970.000000,11970.000000,10188.243164,1,0,0,0,0,0,0,0,0
2019-04-12,11970.000000,11970.000000,11970.000000,11970.000000,10188.243164,1,0,0,0,0,0,0,0,0
2019-04-15,12030.000000,12210.000000,12030.000000,12210.000000,10392.518555,6,0,0,0,0,0,0,0,0
2019-04-16,12160.000000,12160.000000,12120.000000,12120.000000,10315.916992,106,0,0,0,0,0,0,0,0
2019-04-17,12240.000000,12300.000000,12240.000000,12300.000000,10469.121094,106,0,0,0,0,0,0,0,0
2019-04-18,12230.000000,12230.000000,12230.000000,12230.000000,10409.541992,1,0,0,0,0,0,0,0,0
2019-04-19,12100.000000,12100.000000,12040.000000,12040.000000,10247.824219,42,0,0,0,0,0,0,0,0
2019-04-22,12000.000000,12030.000000,12000.000000,12000.000000,10213.778320,35,0,0,0,0,0,0,0,0
2019-04-23,12000.000000,12040.000000,12000.000000,12020.000000,10230.800781,10,0,0,0,0,0,0,0,0
2019-04-24,12000.000000,12000.000000,11880.000000,11880.000000,10111.640625,289,0,0,0,0,0,0,0,0
2019-04-25,11920.000000,11980.000000,11870.000000,11980.000000,10196.753906,526,0,0,0,0,0,0,0,0
2019-04-26,11810.000000,11840.000000,11810.000000,11840.000000,10077.593750,505,0,0,0,0,0,0,0,0
2019-05-07,11900.000000,11910.000000,11840.000000,11840.000000,10077.593750,114,0,0,0,0,0,0,0,0
2019-05-08,11740.000000,11740.000000,11670.000000,11670.000000,9932.899414,206,0,0,0,0,0,0,0,0
2019-05-09,11610.000000,11610.000000,11610.000000,11610.000000,9881.829102,4,0,0,0,0,0,0,0,0
2019-05-10,11640.000000,11640.000000,11580.000000,11580.000000,9856.295898,207,0,0,0,0,0,0,0,0
2019-05-13,11620.000000,11620.000000,11440.000000,11460.000000,9754.158203,173,0,0,0,0,0,0,0,0
2019-05-14,11460.000000,11460.000000,11240.000000,11350.000000,9660.531250,405,0,0,0,0,0,0,0,0
2019-05-15,11350.000000,11350.000000,11350.000000,11350.000000,9660.531250,0,0,0,0,0,0,0,0,0
2019-05-16,11500.000000,11600.000000,11500.000000,11600.000000,9873.319336,11,0,0,0,0,0,0,0,0
2019-05-17,11500.000000,11600.000000,11500.000000,11600.000000,9873.319336,11,0,0,0,0,0,0,0,0
2019-05-20,11620.000000,11640.000000,11460.000000,11460.000000,9754.158203,13,0,0,0,0,0,0,0,0
2019-05-21,11460.000000,11460.000000,11460.000000,11460.000000,9754.158203,0,0,0,0,0,0,0,0,0
2019-05-22,11570.000000,11570.000000,11570.000000,11570.000000,9847.784180,1,0,0,0,0,0,0,0,0
2019-05-23,11570.000000,11570.000000,11570.000000,11570.000000,9847.784180,0,0,0,0,0,0,0,0,0
2019-05-24,11460.000000,11460.000000,11460.000000,11460.000000,9754.158203,1,0,0,0,0,0,0,0,0
2019-05-27,11580.000000,11810.000000,11580.000000,11810.000000,10052.060547,47,0,0,0,0,0,0,0,0
2019-05-28,11580.000000,11600.000000,11570.000000,11600.000000,9873.319336,45,0,0,0,0,0,0,0,0
2019-05-29,11460.000000,11510.000000,11400.000000,11510.000000,9796.713867,348,0,0,0,0,0,0,0,0
2019-05-30,11510.000000,11510.000000,11510.000000,11510.000000,9796.713867,0,0,0,0,0,0,0,0,0
2019-05-31,11550.000000,11550.000000,11550.000000,11550.000000,9830.761719,5,0,0,0,0,0,0,0,0
2019-06-03,11360.000000,11360.000000,11220.000000,11220.000000,9549.881836,360,0,0,0,0,0,0,0,0
2019-06-04,11250.000000,11250.000000,11250.000000,11250.000000,9575.416992,1,0,0,0,0,0,0,0,0
2019-06-05,11300.000000,11530.000000,11300.000000,11530.000000,9813.737305,8,0,0,0,0,0,0,0,0
2019-06-06,11450.000000,11530.000000,11380.000000,11380.000000,9686.065430,4,0,0,0,0,0,0,0,0
2019-06-07,11530.000000,11530.000000,11500.000000,11500.000000,9788.203125,11,0,0,0,0,0,0,0,0
2019-06-10,11500.000000,11500.000000,11500.000000,11500.000000,9788.203125,0,0,0,0,0,0,0,0,0
2019-06-11,11720.000000,11790.000000,11720.000000,11790.000000,10035.037109,2,0,0,0,0,0,0,0,0
2019-06-12,11790.000000,11790.000000,11790.000000,11790.000000,10035.037109,0,0,0,0,0,0,0,0,0
2019-06-13,11580.000000,11600.000000,11580.000000,11600.000000,9873.319336,44,0,0,0,0,0,0,0,0
2019-06-14,11600.000000,11600.000000,11600.000000,11600.000000,9873.319336,0,0,0,0,0,0,0,0,0
2019-06-17,11600.000000,11690.000000,11600.000000,11690.000000,9949.921875,16,0,0,0,0,0,0,0,0
2019-06-18,11640.000000,11640.000000,11590.000000,11590.000000,9864.806641,2,0,0,0,0,0,0,0,0
2019-06-19,11700.000000,11770.000000,11690.000000,11700.000000,9958.433594,704,0,0,0,0,0,0,0,0
2019-06-20,11780.000000,11780.000000,11730.000000,11750.000000,10000.991211,677,0,0,0,0,0,0,0,0
2019-06-21,11740.000000,11740.000000,11710.000000,11710.000000,9966.945313,165,0,0,0,0,0,0,0,0
2019-06-24,11660.000000,11660.000000,11640.000000,11640.000000,9907.363281,24,0,0,0,0,0,0,0,0
2019-06-25,11660.000000,11660.000000,11600.000000,11600.000000,9873.319336,16,0,0,0,0,0,0,0,0
2019-06-26,11560.000000,11560.000000,11490.000000,11490.000000,9779.693359,5,0,0,0,0,0,0,0,0
2019-06-27,11570.000000,11590.000000,11570.000000,11590.000000,9864.806641,71,0,0,0,0,0,0,0,0
2019-06-28,11690.000000,11690.000000,11670.000000,11670.000000,9932.899414,2,0,0,0,0,0,0,0,0
2019-07-01,11780.000000,11890.000000,11780.000000,11890.000000,10120.151367,101,0,0,0,0,0,0,0,0
2019-07-02,11970.000000,11980.000000,11940.000000,11940.000000,10162.708984,99,0,0,0,0,0,0,0,0
2019-07-03,11990.000000,11990.000000,11850.000000,11850.000000,10086.105469,184,0,0,0,0,0,0,0,0
2019-07-04,11960.000000,11990.000000,11920.000000,11990.000000,10205.265625,179,0,0,0,0,0,0,0,0
2019-07-05,12010.000000,12030.000000,12010.000000,12030.000000,10239.312500,6,0,0,0,0,0,0,0,0
2019-07-08,12040.000000,12040.000000,11980.000000,11980.000000,10196.753906,39,0,0,0,0,0,0,0,0
2019-07-09,11990.000000,12070.000000,11990.000000,12030.000000,10239.312500,669,0,0,0,0,0,0,0,0
2019-07-10,11370.000000,11430.000000,11370.000000,11390.000000,9694.577148,723,0,0,0,0,0,0,0,0
2019-07-11,11390.000000,11410.000000,11370.000000,11400.000000,9703.088867,423,0,0,0,0,0,0,0,0
2019-07-12,11420.000000,11500.000000,11370.000000,11370.000000,9677.554688,401,0,0,0,0,0,0,0,0
2019-07-16,11380.000000,11400.000000,11380.000000,11380.000000,10208.618164,437,0,0,0,0,0,0,0,0
2019-07-17,11350.000000,11450.000000,11350.000000,11370.000000,10199.647461,907,0,0,0,0,0,0,0,0
2019-07-18,11240.000000,11240.000000,11190.000000,11190.000000,10038.174805,93,0,0,0,0,0,0,0,0
2019-07-19,11280.000000,11400.000000,11260.000000,11390.000000,10217.587891,226,0,0,0,0,0,0,0,0
2019-07-22,11360.000000,11360.000000,11340.000000,11340.000000,10172.735352,55,0,0,0,0,0,0,0,0
2019-07-23,11340.000000,11340.000000,11340.000000,11340.000000,10172.735352,0,0,0,0,0,0,0,0,0
2019-07-24,11350.000000,11350.000000,11350.000000,11350.000000,10181.706055,3,0,0,0,0,0,0,0,0
2019-07-25,11350.000000,11350.000000,11350.000000,11350.000000,10181.706055,0,0,0,0,0,0,0,0,0
2019-07-26,11320.000000,11320.000000,11320.000000,11320.000000,10154.793945,26,0,0,0,0,0,0,0,0
2019-07-29,11370.000000,11370.000000,11280.000000,11280.000000,10118.910156,185,0,0,0,0,0,0,0,0
2019-07-30,11240.000000,11320.000000,11240.000000,11260.000000,10100.970703,35,0,0,0,0,0,0,0,0
2019-07-31,11260.000000,11260.000000,11200.000000,11200.000000,10047.145508,3,0,0,0,0,0,0,0,0
2019-08-01,11220.000000,11380.000000,11220.000000,11320.000000,10154.793945,225,0,0,0,0,0,0,0,0
2019-08-02,11300.000000,11300.000000,11090.000000,11090.000000,9948.468750,298,0,0,0,0,0,0,0,0
2019-08-05,11120.000000,11120.000000,10830.000000,10860.000000,9742.142578,310,0,0,0,0,0,0,0,0
2019-08-06,10740.000000,10830.000000,10590.000000,10830.000000,9715.231445,17,0,0,0,0,0,0,0,0
2019-08-07,10850.000000,10850.000000,10840.000000,10850.000000,9733.172852,13,0,0,0,0,0,0,0,0
2019-08-08,10760.000000,10800.000000,10740.000000,10750.000000,9643.464844,60,0,0,0,0,0,0,0,0
2019-08-09,10750.000000,10770.000000,10740.000000,10740.000000,9634.495117,104,0,0,0,0,0,0,0,0
2019-08-13,10740.000000,10740.000000,10580.000000,10610.000000,9517.876953,111,0,0,0,0,0,0,0,0
2019-08-14,10720.000000,10720.000000,10690.000000,10690.000000,9589.641602,114,0,0,0,0,0,0,0,0
2019-08-15,10540.000000,10570.000000,10500.000000,10570.000000,9481.995117,10,0,0,0,0,0,0,0,0
2019-08-16,10590.000000,10600.000000,10570.000000,10570.000000,9481.995117,79,0,0,0,0,0,0,0,0
2019-08-19,10580.000000,10670.000000,10580.000000,10670.000000,9571.700195,71,0,0,0,0,0,0,0,0
2019-08-20,10700.000000,10700.000000,10680.000000,10690.000000,9589.641602,46,0,0,0,0,0,0,0,0
2019-08-21,10660.000000,10660.000000,10640.000000,10640.000000,9544.788086,11,0,0,0,0,0,0,0,0
2019-08-22,10700.000000,10700.000000,10660.000000,10660.000000,9562.729492,28,0,0,0,0,0,0,0,0
2019-08-23,10780.000000,10780.000000,10780.000000,10780.000000,9670.377930,2,0,0,0,0,0,0,0,0
2019-08-26,10490.000000,10510.000000,10450.000000,10510.000000,9428.169922,490,0,0,0,0,0,0,0,0
2019-08-27,10700.000000,10720.000000,10600.000000,10600.000000,9508.906250,264,1,100000,0,0,0,0,0,0
2019-08-28,10610.000000,10670.000000,10610.000000,10670.000000,9571.700195,38,0,0,0,0,0,0,0,0
2019-08-29,10630.000000,10630.000000,10630.000000,10630.000000,9535.817383,17,0,0,0,0,0,0,0,0
2019-08-30,10780.000000,10860.000000,10780.000000,10860.000000,9742.142578,3,0,0,0,0,0,0,0,0
2019-09-02,10860.000000,10860.000000,10860.000000,10860.000000,9742.142578,0,0,0,0,0,0,0,0,0
2019-09-03,10910.000000,10910.000000,10910.000000,10910.000000,9786.996094,1,0,0,0,0,0,0,0,0
2019-09-04,10910.000000,10910.000000,10910.000000,10910.000000,9786.996094,0,0,0,0,0,0,0,0,0
2019-09-05,11000.000000,11020.000000,11000.000000,11020.000000,9885.672852,7,1,10000,0,0,0,0,0,0
2019-09-06,11150.000000,11150.000000,11110.000000,11110.000000,9966.410156,12,0,0,0,0,0,0,0,0
2019-09-09,11190.000000,11230.000000,11180.000000,11230.000000,10074.058594,61,0,0,0,0,0,0,0,0
2019-09-10,11250.000000,11510.000000,11250.000000,11510.000000,10325.236328,901,0,0,0,0,0,0,0,0
2019-09-11,11510.000000,11800.000000,11510.000000,11760.000000,10549.502930,347,0,0,0,0,0,0,0,0
2019-09-12,11890.000000,11890.000000,11790.000000,11860.000000,10639.208984,91,0,0,0,0,0,0,0,0
2019-09-13,11860.000000,11860.000000,11860.000000,11860.000000,10639.208984,2,0,0,0,0,0,0,0,0
2019-09-17,11850.000000,11960.000000,11850.000000,11960.000000,10728.916992,316,0,0,0,0,0,0,0,0
2019-09-18,11910.000000,11910.000000,11760.000000,11760.000000,10549.502930,60,0,0,0,0,0,0,0,0
2019-09-19,11900.000000,11940.000000,11900.000000,11900.000000,10675.092773,11,0,0,0,0,0,0,0,0
2019-09-20,11940.000000,11940.000000,11880.000000,11880.000000,10657.150391,26,0,0,0,0,0,0,0,0
2019-09-24,11850.000000,11980.000000,11850.000000,11890.000000,10666.122070,30,0,0,0,0,0,0,0,0
2019-09-25,11820.000000,11830.000000,11810.000000,11830.000000,10612.297852,27,0,0,0,0,0,0,0,0
2019-09-26,11930.000000,11930.000000,11880.000000,11890.000000,10666.122070,32,0,0,0,0,0,0,0,0
2019-09-27,11840.000000,11840.000000,11740.000000,11740.000000,10531.560547,363,0,0,0,0,0,0,0,0
2019-09-30,11840.000000,11840.000000,11740.000000,11740.000000,10531.560547,18,0,0,0,0,0,0,0,0
2019-10-01,11650.000000,11850.000000,11650.000000,11850.000000,10630.239258,51,0,0,0,0,0,0,0,0
2019-10-02,11850.000000,11850.000000,11850.000000,11850.000000,10630.239258,0,0,0,0,0,0,0,0,0
2019-10-03,11580.000000,11580.000000,11500.000000,11520.000000,10334.207031,40,0,0,0,0,0,0,0,0
2019-10-04,11520.000000,11520.000000,11520.000000,11520.000000,10334.207031,0,0,0,0,0,0,0,0,0
2019-10-07,11570.000000,11570.000000,11540.000000,11540.000000,10352.149414,10,0,0,0,0,0,0,0,0
2019-10-08,11540.000000,11540.000000,11540.000000,11540.000000,10352.149414,0,1,9100000,1,9100000,1,9100000,0,0
2019-10-09,11460.000000,11460.000000,11460.000000,11460.000000,10280.383789,10,0,0,0,0,0,0,0,0
2019-10-10,11400.000000,11460.000000,11400.000000,11460.000000,10280.383789,6,0,0,0,0,0,0,0,0
2019-10-11,11560.000000,11560.000000,11560.000000,11560.000000,10370.089844,1,0,0,0,0,0,0,0,0
2019-10-15,11650.000000,11780.000000,11650.000000,11780.000000,10567.444336,4,1,17000000,1,17000000,1,17000000,1,17000000
2019-10-16,11880.000000,11880.000000,11790.000000,11790.000000,10576.416016,25,0,0,0,0,0,0,0,0
2019-10-17,11800.000000,11800.000000,11730.000000,11730.000000,10522.590820,4,0,0,0,0,0,0,0,0
2019-10-18,11800.000000,11800.000000,11710.000000,11710.000000,10504.650391,20,0,0,0,0,0,0,0,0
2019-10-21,11770.000000,11840.000000,11770.000000,11840.000000,10621.268555,36,0,0,0,0,0,0,0,0
2019-10-23,11840.000000,12000.000000,11840.000000,12000.000000,10764.798828,115,0,0,0,0,0,0,0,0
2019-10-24,11970.000000,12070.000000,11870.000000,11870.000000,10648.180664,208,0,0,0,0,0,0,0,0
2019-10-25,11920.000000,11920.000000,11920.000000,11920.000000,10693.034180,2,0,0,0,0,0,0,0,0
2019-10-28,11910.000000,11910.000000,11910.000000,11910.000000,10684.063477,2,0,0,0,0,0,0,0,0
2019-10-29,11990.000000,12100.000000,11990.000000,12100.000000,10854.505859,48,0,0,0,0,0,0,0,0
2019-10-30,12030.000000,12110.000000,12030.000000,12110.000000,10863.476563,326,0,0,0,0,0,0,0,0
2019-10-31,12090.000000,12110.000000,12090.000000,12110.000000,10863.476563,2,0,0,0,0,0,0,0,0
2019-11-01,12110.000000,12110.000000,12110.000000,12110.000000,10863.476563,0,0,0,0,0,0,0,0,0
2019-11-05,12200.000000,12250.000000,12200.000000,12240.000000,10980.095703,117,0,0,0,0,0,0,0,0
2019-11-06,12240.000000,12240.000000,12240.000000,12240.000000,10980.095703,0,0,0,0,0,0,0,0,0
2019-11-07,12370.000000,12510.000000,12370.000000,12440.000000,11159.507813,16,0,0,0,0,0,0,0,0
2019-11-08,12370.000000,12510.000000,12370.000000,12440.000000,11159.507813,16,0,0,0,0,0,0,0,0
2019-11-11,12510.000000,12510.000000,12510.000000,12510.000000,11222.303711,3,0,0,0,0,0,0,0,0
2019-11-12,12510.000000,12510.000000,12510.000000,12510.000000,11222.303711,3,0,0,0,0,0,0,0,0
2019-11-13,12400.000000,12400.000000,12300.000000,12300.000000,11033.917969,13,0,0,0,0,0,0,0,0
2019-11-14,12400.000000,12400.000000,12300.000000,12300.000000,11033.917969,13,0,0,0,0,0,0,0,0
2019-11-15,12290.000000,12420.000000,12290.000000,12410.000000,11132.595703,117,0,0,0,0,0,0,0,0
2019-11-18,12370.000000,12370.000000,12270.000000,12330.000000,11060.831055,72,0,0,0,0,0,0,0,0
2019-11-19,12370.000000,12370.000000,12270.000000,12330.000000,11060.831055,72,0,0,0,0,0,0,0,0
2019-11-20,12330.000000,12330.000000,12330.000000,12330.000000,11060.831055,0,0,0,0,0,0,0,0,0
2019-11-21,12420.000000,12460.000000,12400.000000,12460.000000,11177.449219,27,0,0,0,0,0,0,0,0
2019-11-22,12420.000000,12460.000000,12400.000000,12460.000000,11177.449219,27,0,0,0,0,0,0,0,0
2019-11-25,12580.000000,12640.000000,12580.000000,12600.000000,11303.038086,13,0,0,0,0,0,0,0,0
2019-11-26,12580.000000,12640.000000,12580.000000,12600.000000,11303.038086,13,0,0,0,0,0,0,0,0
2019-11-27,12570.000000,12570.000000,12500.000000,12500.000000,11213.332031,261,0,0,0,0,0,0,0,0
2019-11-28,12500.000000,12500.000000,12500.000000,12500.000000,11213.332031,0,0,0,0,0,0,0,0,0
2019-11-29,12560.000000,12560.000000,12560.000000,12560.000000,11267.156250,1,0,0,0,0,0,0,0,0
2019-12-02,12460.000000,12500.000000,12460.000000,12500.000000,11213.332031,16,0,0,0,0,0,0,0,0
2019-12-03,12460.000000,12500.000000,12460.000000,12500.000000,11213.332031,16,0,0,0,0,0,0,0,0
2019-12-04,12500.000000,12500.000000,12500.000000,12500.000000,11213.332031,0,0,0,0,0,0,0,0,0
2019-12-05,12500.000000,12500.000000,12500.000000,12500.000000,11213.332031,0,0,0,0,0,0,0,0,0
2019-12-06,12500.000000,12500.000000,12500.000000,12500.000000,11213.332031,0,0,0,0,0,0,0,0,0
2019-12-09,12700.000000,12810.000000,12700.000000,12810.000000,11491.423828,24,0,0,0,0,0,0,0,0
2019-12-10,12800.000000,12800.000000,12800.000000,12800.000000,11482.453125,6,0,0,0,0,0,0,0,0
2019-12-11,12800.000000,12800.000000,12800.000000,12800.000000,11482.453125,6,0,0,0,0,0,0,0,0
2019-12-12,12800.000000,13000.000000,12800.000000,12960.000000,11625.982422,96,0,0,0,0,0,0,0,0
2019-12-13,12800.000000,13000.000000,12800.000000,12960.000000,11625.982422,96,0,0,0,0,0,0,0,0
2019-12-16,12940.000000,12940.000000,12940.000000,12940.000000,11608.041992,1,0,0,0,0,0,0,0,0
2019-12-17,13000.000000,13000.000000,13000.000000,13000.000000,11661.865234,18,0,0,0,0,0,0,0,0
2019-12-18,12900.000000,12900.000000,12900.000000,12900.000000,11572.160156,1,0,0,0,0,0,0,0,0
2019-12-19,12900.000000,12900.000000,12900.000000,12900.000000,11572.160156,1,0,0,0,0,0,0,0,0
2019-12-20,12900.000000,12900.000000,12900.000000,12900.000000,11572.160156,31,0,0,0,0,0,0,0,0
2019-12-23,12870.000000,12870.000000,12790.000000,12790.000000,11473.482422,3,0,0,0,0,0,0,0,0
2019-12-24,12740.000000,12740.000000,12740.000000,12740.000000,11428.627930,1,0,0,0,0,0,0,0,0
2019-12-25,12740.000000,12740.000000,12740.000000,12740.000000,11428.627930,1,0,0,0,0,0,0,0,0
2019-12-26,12850.000000,12860.000000,12850.000000,12860.000000,11536.276367,3,0,0,0,0,0,0,0,0
2019-12-27,12850.000000,12860.000000,12850.000000,12860.000000,11536.276367,3,0,0,0,0,0,0,0,0
2019-12-30,12790.000000,12810.000000,12780.000000,12810.000000,11491.423828,44,0,0,0,0,0,0,0,0
2020-01-06,12560.000000,12560.000000,12560.000000,12560.000000,11267.156250,10,0,0,0,0,0,0,0,0
2020-01-07,12580.000000,12620.000000,12580.000000,12620.000000,11320.980469,11,0,0,0,0,0,0,0,0
2020-01-08,12580.000000,12620.000000,12580.000000,12620.000000,11320.980469,11,0,0,0,0,0,0,0,0
2020-01-09,12810.000000,12810.000000,12810.000000,12810.000000,11491.423828,2,0,0,0,0,0,0,0,0
2020-01-10,12810.000000,12810.000000,12810.000000,12810.000000,11491.423828,2,0,0,0,0,0,0,0,0
2020-01-14,12900.000000,12900.000000,12850.000000,12860.000000,11536.276367,11,0,0,0,0,0,0,0,0
2020-01-15,12860.000000,12860.000000,12860.000000,12860.000000,11536.276367,0,0,0,0,0,0,0,0,0
2020-01-16,12800.000000,12830.000000,12790.000000,12830.000000,11509.363281,9,0,0,0,0,0,0,0,0
2020-01-17,12800.000000,12830.000000,12790.000000,12830.000000,11509.363281,9,0,0,0,0,0,0,0,0
2020-01-20,12830.000000,12840.000000,12830.000000,12840.000000,11518.334961,12,0,0,0,0,0,0,0,0
2020-01-21,12810.000000,12810.000000,12810.000000,12810.000000,11491.423828,3,0,0,0,0,0,0,0,0
2020-01-22,12810.000000,12810.000000,12810.000000,12810.000000,11491.423828,3,0,0,0,0,0,0,0,0
2020-01-23,12700.000000,12700.000000,12700.000000,12700.000000,11392.746094,1,0,0,0,0,0,0,0,0
2020-01-24,12700.000000,12700.000000,12700.000000,12700.000000,11392.746094,1,0,0,0,0,0,0,0,0
2020-01-27,12540.000000,12540.000000,12540.000000,12540.000000,11249.214844,3,0,0,0,0,0,0,0,0
2020-01-28,12540.000000,12540.000000,12540.000000,12540.000000,11249.214844,3,0,0,0,0,0,0,0,0
2020-01-29,12540.000000,12540.000000,12540.000000,12540.000000,11249.214844,0,0,0,0,0,0,0,0,0
2020-01-30,12700.000000,12700.000000,12700.000000,12700.000000,11392.746094,1,0,0,0,0,0,0,0,0
2020-01-31,12700.000000,12700.000000,12700.000000,12700.000000,11392.746094,1,0,0,0,0,0,0,0,0
2020-02-03,12440.000000,12480.000000,12400.000000,12470.000000,11186.420898,286,0,0,0,0,0,0,0,0
2020-02-04,12700.000000,12700.000000,12700.000000,12700.000000,11392.746094,1,0,0,0,0,0,0,0,0
2020-02-05,12700.000000,12700.000000,12700.000000,12700.000000,11392.746094,1,0,0,0,0,0,0,0,0
2020-02-06,12900.000000,13060.000000,12900.000000,13040.000000,11697.748047,45,0,0,0,0,0,0,0,0
2020-02-07,13040.000000,13040.000000,13040.000000,13040.000000,11697.748047,0,0,0,0,0,0,0,0,0
2020-02-10,13040.000000,13040.000000,13040.000000,13040.000000,11697.748047,0,0,0,0,0,0,0,0,0
2020-02-12,12910.000000,12910.000000,12840.000000,12890.000000,11563.188477,139,0,0,0,0,0,0,0,0
2020-02-13,12770.000000,12770.000000,12770.000000,12770.000000,11455.540039,5,0,0,0,0,0,0,0,0
2020-02-14,12770.000000,12770.000000,12770.000000,12770.000000,11455.540039,5,0,0,0,0,0,0,0,0
2020-02-17,12810.000000,12810.000000,12700.000000,12700.000000,11392.746094,122,0,0,0,0,0,0,0,0
2020-02-18,12660.000000,12680.000000,12600.000000,12600.000000,11303.038086,370,0,0,0,0,0,0,0,0
2020-02-19,12600.000000,12600.000000,12600.000000,12600.000000,11303.038086,0,0,0,0,0,0,0,0,0
2020-02-20,12790.000000,12790.000000,12750.000000,12750.000000,11437.598633,5,0,0,0,0,0,0,0,0
2020-02-21,12790.000000,12790.000000,12750.000000,12750.000000,11437.598633,5,0,0,0,0,0,0,0,0
2020-02-25,12500.000000,12500.000000,12250.000000,12330.000000,11060.831055,8,0,0,0,0,0,0,0,0
2020-02-26,12320.000000,12320.000000,12170.000000,12170.000000,10917.299805,3,0,0,0,0,0,0,0,0
2020-02-27,12110.000000,12110.000000,11870.000000,11870.000000,10648.180664,23,0,0,0,0,0,0,0,0
2020-02-28,11700.000000,11700.000000,11450.000000,11460.000000,10280.383789,14,0,0,0,0,0,0,0,0
2020-03-02,11340.000000,11550.000000,11230.000000,11470.000000,10289.353516,36,0,0,0,0,0,0,0,0
2020-03-03,11560.000000,11560.000000,11280.000000,11280.000000,10118.910156,7,0,0,0,0,0,0,0,0
2020-03-04,11270.000000,11270.000000,11160.000000,11200.000000,10047.145508,12,0,0,0,0,0,0,0,0
2020-03-05,11270.000000,11270.000000,11180.000000,11190.000000,10038.174805,80,0,0,0,0,0,0,0,0
2020-03-06,11040.000000,11040.000000,10730.000000,10730.000000,9625.523438,41,0,0,0,0,0,0,0,0
2020-03-09,10490.000000,10490.000000,9920.000000,9970.000000,8943.752930,357,0,0,0,0,0,0,0,0
2020-03-10,9970.000000,10200.000000,9800.000000,10190.000000,9141.107422,68,0,0,0,0,0,0,0,0
2020-03-11,10300.000000,10330.000000,10000.000000,10000.000000,8970.666016,17,0,0,0,0,0,0,0,0
2020-03-12,9810.000000,9810.000000,9450.000000,9510.000000,8531.103516,562,0,0,0,0,0,0,0,0
2020-03-13,9050.000000,9350.000000,8590.000000,9350.000000,8387.572266,155,0,0,0,0,0,0,0,0
2020-03-16,9050.000000,9250.000000,9050.000000,9080.000000,8145.363770,84,0,0,0,0,0,0,0,0
2020-03-17,8920.000000,9040.000000,8630.000000,8800.000000,7894.186035,119,0,0,0,0,0,0,0,0
2020-03-18,9080.000000,9250.000000,8800.000000,8800.000000,7894.186035,89,0,0,0,0,0,0,0,0
2020-03-19,8830.000000,9130.000000,8830.000000,8980.000000,8055.657227,25,0,0,0,0,0,0,0,0
2020-03-23,8910.000000,9100.000000,8720.000000,9100.000000,8163.305176,64,0,0,0,0,0,0,0,0
2020-03-24,9250.000000,9390.000000,9250.000000,9340.000000,8378.601563,265,0,0,0,0,0,0,0,0
2020-03-25,9490.000000,10220.000000,9300.000000,10020.000000,8988.607422,71,0,0,0,0,0,0,0,0
2020-03-26,9910.000000,10110.000000,9900.000000,10110.000000,9069.342773,8,0,0,0,0,0,0,0,0
2020-03-27,10200.000000,10440.000000,10200.000000,10330.000000,9266.697266,135,0,0,0,0,0,0,0,0
2020-03-30,10100.000000,10300.000000,10060.000000,10300.000000,9239.785156,58,0,0,0,0,0,0,0,0
2020-03-31,10290.000000,10300.000000,10240.000000,10240.000000,9185.962891,70,0,0,0,0,0,0,0,0
2020-04-01,10240.000000,10240.000000,9900.000000,9900.000000,8880.958984,10,0,0,0,0,0,0,0,0
2020-04-02,9620.000000,9820.000000,9520.000000,9520.000000,8540.074219,86,0,0,0,0,0,0,0,0
2020-04-03,10100.000000,10100.000000,9590.000000,9730.000000,8728.458984,4,0,0,0,0,0,0,0,0
2020-04-06,9680.000000,10210.000000,9680.000000,10210.000000,9159.049805,33,0,0,0,0,0,0,0,0
2020-04-07,10300.000000,10400.000000,9910.000000,9910.000000,8889.929688,53,0,0,0,0,0,0,0,0
2020-04-08,10230.000000,10310.000000,10230.000000,10300.000000,9239.785156,6,0,0,0,0,0,0,0,0
2020-04-09,10300.000000,10300.000000,10080.000000,10160.000000,9114.196289,8,0,0,0,0,0,0,0,0
2020-04-10,10300.000000,10300.000000,10300.000000,10300.000000,9239.785156,1,0,0,0,0,0,0,0,0
2020-04-13,10370.000000,10430.000000,10310.000000,10310.000000,9248.755859,86,0,0,0,0,0,0,0,0
2020-04-14,10280.000000,10280.000000,10280.000000,10280.000000,9221.845703,4,0,0,0,0,0,0,0,0
2020-04-15,10320.000000,10320.000000,10290.000000,10290.000000,9230.815430,5,0,0,0,0,0,0,0,0
2020-04-16,10100.000000,10100.000000,9900.000000,10100.000000,9060.373047,134,0,0,0,0,0,0,0,0
2020-04-17,10100.000000,10100.000000,10100.000000,10100.000000,9060.373047,0,0,0,0,0,0,0,0,0
2020-04-20,9950.000000,9950.000000,9950.000000,9950.000000,8925.813477,10,0,0,0,0,0,0,0,0
2020-04-21,10100.000000,10100.000000,9900.000000,9900.000000,8880.958984,9,0,0,0,0,0,0,0,0
2020-04-22,9710.000000,9710.000000,9710.000000,9710.000000,8710.517578,3,0,0,0,0,0,0,0,0
2020-04-23,9710.000000,9710.000000,9710.000000,9710.000000,8710.517578,0,0,0,0,0,0,0,0,0
2020-04-24,9970.000000,9970.000000,9950.000000,9950.000000,8925.813477,5,0,0,0,0,0,0,0,0
2020-04-27,10100.000000,10200.000000,9930.000000,10100.000000,9060.373047,165,0,0,0,0,0,0,0,0
2020-04-28,10180.000000,10180.000000,10180.000000,10180.000000,9132.137695,1,0,0,0,0,0,0,0,0
2020-04-30,10420.000000,10600.000000,10420.000000,10600.000000,9508.906250,42,0,0,0,0,0,0,0,0
2020-05-01,10190.000000,10190.000000,10050.000000,10050.000000,9015.518555,28,0,0,0,0,0,0,0,0
2020-05-07,9890.000000,9890.000000,9820.000000,9820.000000,8809.194336,12,0,0,0,0,0,0,0,0
2020-05-08,9850.000000,9940.000000,9850.000000,9940.000000,8916.841797,5,0,0,0,0,0,0,0,0
2020-05-11,10100.000000,10100.000000,10100.000000,10100.000000,9060.373047,1,0,0,0,0,0,0,0,0
2020-05-12,10160.000000,10180.000000,10110.000000,10110.000000,9069.342773,8,0,0,0,0,0,0,0,0
2020-05-13,10010.000000,10010.000000,9970.000000,9980.000000,8952.724609,5,0,0,0,0,0,0,0,0
2020-05-14,9960.000000,9960.000000,9800.000000,9800.000000,8791.251953,19,0,0,0,0,0,0,0,0
2020-05-15,9910.000000,9910.000000,9800.000000,9820.000000,8809.194336,9,0,0,0,0,0,0,0,0
2020-05-18,9820.000000,9820.000000,9820.000000,9820.000000,8809.194336,0,0,0,0,0,0,0,0,0
2020-05-19,9900.000000,10030.000000,9900.000000,10030.000000,8997.577148,13,0,0,0,0,0,0,0,0
2020-05-20,10050.000000,10120.000000,10050.000000,10120.000000,9078.314453,7,0,0,0,0,0,0,0,0
2020-05-21,10120.000000,10120.000000,10120.000000,10120.000000,9078.314453,0,0,0,0,0,0,0,0,0
2020-05-22,10120.000000,10120.000000,10120.000000,10120.000000,9078.314453,2,0,0,0,0,0,0,0,0
2020-05-25,10120.000000,10120.000000,10120.000000,10120.000000,9078.314453,3,0,0,0,0,0,0,0,0
2020-05-26,10190.000000,10410.000000,10190.000000,10400.000000,9329.492188,24,0,0,0,0,0,0,0,0
2020-05-27,10460.000000,10870.000000,10460.000000,10870.000000,9751.113281,128,0,0,0,0,0,0,0,0
2020-05-28,10940.000000,11080.000000,10870.000000,10980.000000,9849.791016,219,0,0,0,0,0,0,0,0
2020-05-29,10780.000000,10920.000000,10780.000000,10840.000000,9724.202148,14,0,0,0,0,0,0,0,0
2020-06-01,10890.000000,10920.000000,10810.000000,10830.000000,9715.231445,87,0,0,0,0,0,0,0,0
2020-06-02,10890.000000,11080.000000,10890.000000,11050.000000,9912.585938,10,0,0,0,0,0,0,0,0
2020-06-03,11180.000000,11180.000000,11060.000000,11060.000000,9921.555664,23,0,0,0,0,0,0,0,0
2020-06-04,11180.000000,11200.000000,11050.000000,11050.000000,9912.585938,147,0,0,0,0,0,0,0,0
2020-06-05,11150.000000,11280.000000,11150.000000,11280.000000,10118.910156,6,0,0,0,0,0,0,0,0
2020-06-08,12180.000000,12180.000000,11490.000000,11490.000000,10307.294922,53,0,0,0,0,0,0,0,0
2020-06-09,11690.000000,11700.000000,11630.000000,11680.000000,10477.738281,35,0,0,0,0,0,0,0,0
2020-06-10,11580.000000,11580.000000,11580.000000,11580.000000,10388.031250,10,0,0,0,0,0,0,0,0
2020-06-11,11580.000000,11580.000000,11150.000000,11150.000000,10002.292969,22,0,0,0,0,0,0,0,0
2020-06-12,10740.000000,11080.000000,10670.000000,10990.000000,9858.762695,281,0,0,0,0,0,0,0,0
2020-06-15,10910.000000,10910.000000,10720.000000,10720.000000,9616.553711,17,0,0,0,0,0,0,0,0
2020-06-16,11020.000000,11140.000000,10990.000000,11140.000000,9993.321289,54,0,0,0,0,0,0,0,0
2020-06-17,11000.000000,11040.000000,10990.000000,11040.000000,9903.615234,49,0,0,0,0,0,0,0,0
2020-06-18,10970.000000,10970.000000,10820.000000,10930.000000,9804.938477,15,0,0,0,0,0,0,0,0
2020-06-19,10890.000000,10900.000000,10860.000000,10860.000000,9742.142578,4,0,0,0,0,0,0,0,0
2020-06-22,10860.000000,10940.000000,10860.000000,10910.000000,9786.996094,9,0,0,0,0,0,0,0,0
2020-06-23,10900.000000,10900.000000,10850.000000,10850.000000,9733.172852,21,0,0,0,0,0,0,0,0
2020-06-24,10930.000000,10930.000000,10880.000000,10880.000000,9760.083984,113,0,0,0,0,0,0,0,0
2020-06-25,10820.000000,10820.000000,10700.000000,10700.000000,9598.613281,2,0,0,0,0,0,0,0,0
2020-06-26,10780.000000,10910.000000,10780.000000,10910.000000,9786.996094,43,0,0,0,0,0,0,0,0
2020-06-29,10720.000000,10720.000000,10650.000000,10650.000000,9553.758789,10,1,5800000,1,5800000,1,5800000,0,0
2020-06-30,10860.000000,10860.000000,10860.000000,10860.000000,9742.142578,3,0,0,0,0,0,0,0,0
2020-07-01,10710.000000,10710.000000,10530.000000,10530.000000,9446.111328,177,0,0,0,0,0,0,0,0
2020-07-02,10680.000000,10680.000000,10640.000000,10640.000000,9544.788086,2,0,0,0,0,0,0,0,0
2020-07-03,10720.000000,10720.000000,10650.000000,10650.000000,9553.758789,168,0,0,0,0,0,0,0,0
2020-07-06,10700.000000,10930.000000,10700.000000,10890.000000,9769.054688,15,0,0,0,0,0,0,0,0
2020-07-07,10950.000000,10950.000000,10840.000000,10840.000000,9724.202148,22,0,0,0,0,0,0,0,0
2020-07-08,10810.000000,10810.000000,10800.000000,10800.000000,9688.319336,14,0,0,0,0,0,0,0,0
2020-07-09,10800.000000,10800.000000,10800.000000,10800.000000,9688.319336,80,0,0,0,0,0,0,0,0
2020-07-10,10700.000000,10700.000000,10520.000000,10520.000000,9437.139648,36,0,0,0,0,0,0,0,0
2020-07-13,10710.000000,10750.000000,10700.000000,10720.000000,9616.553711,77,0,0,0,0,0,0,0,0
2020-07-14,10290.000000,10370.000000,10290.000000,10320.000000,9257.726563,118,0,0,0,0,0,0,0,0
2020-07-15,10380.000000,10380.000000,10380.000000,10380.000000,9687.993164,2,0,0,0,0,0,0,0,0
2020-07-16,10500.000000,10520.000000,10500.000000,10520.000000,9818.659180,11,0,0,0,0,0,0,0,0
2020-07-17,10510.000000,10510.000000,10400.000000,10400.000000,9706.659180,14,0,0,0,0,0,0,0,0
2020-07-20,10420.000000,10420.000000,10340.000000,10340.000000,9650.659180,41,0,0,0,0,0,0,0,0
2020-07-21,10340.000000,10340.000000,10280.000000,10310.000000,9622.660156,44,0,0,0,0,0,0,0,0
2020-07-22,10310.000000,10310.000000,10310.000000,10310.000000,9622.660156,0,0,0,0,0,0,0,0,0
2020-07-27,10220.000000,10220.000000,10220.000000,10220.000000,9538.660156,1004,0,0,0,0,0,0,0,0
2020-07-28,10220.000000,10220.000000,10220.000000,10220.000000,9538.660156,0,0,0,0,0,0,0,0,0
2020-07-29,10180.000000,10180.000000,10080.000000,10080.000000,9407.993164,299,0,0,0,0,0,0,0,0
2020-07-30,10130.000000,10130.000000,10090.000000,10090.000000,9417.326172,14,0,0,0,0,0,0,0,0
2020-07-31,9990.000000,9990.000000,9800.000000,9800.000000,9146.660156,183,0,0,0,0,0,0,0,0
2020-08-03,9800.000000,9910.000000,9800.000000,9910.000000,9249.327148,47,0,0,0,0,0,0,0,0
2020-08-04,10050.000000,10140.000000,10050.000000,10140.000000,9463.994141,16,0,0,0,0,0,0,0,0
2020-08-05,10170.000000,10180.000000,10150.000000,10180.000000,9501.327148,79,0,0,0,0,0,0,0,0
2020-08-06,10180.000000,10340.000000,10180.000000,10270.000000,9585.327148,51,0,0,0,0,0,0,0,0
2020-08-07,10350.000000,10350.000000,10150.000000,10230.000000,9547.993164,96,0,0,0,0,0,0,0,0
2020-08-11,10360.000000,10560.000000,10360.000000,10530.000000,9827.993164,699,0,0,0,0,0,0,0,0
2020-08-12,11080.000000,11500.000000,10700.000000,10720.000000,10005.327148,273,0,0,0,0,0,0,0,0
2020-08-13,10420.000000,10810.000000,10420.000000,10780.000000,10061.327148,177,0,0,0,0,0,0,0,0
2020-08-14,10950.000000,10950.000000,10760.000000,10780.000000,10061.327148,1208,0,0,0,0,0,0,0,0
2020-08-17,10710.000000,10780.000000,10710.000000,10710.000000,9995.993164,39,0,0,0,0,0,0,0,0
2020-08-18,10670.000000,10690.000000,10640.000000,10690.000000,9977.326172,294,0,0,0,0,0,0,0,0
2020-08-19,10610.000000,10780.000000,10610.000000,10780.000000,10061.327148,1601,0,0,0,0,0,0,0,0
2020-08-20,10790.000000,10800.000000,10690.000000,10690.000000,9977.326172,291,0,0,0,0,0,0,0,0
2020-08-21,10840.000000,10840.000000,10800.000000,10800.000000,10079.993164,7,0,0,0,0,0,0,0,0
2020-08-24,10690.000000,10690.000000,10690.000000,10690.000000,9977.326172,11,0,0,0,0,0,0,0,0
2020-08-25,10920.000000,10970.000000,10770.000000,10870.000000,10145.326172,20,0,0,0,0,0,0,0,0
2020-08-26,10860.000000,10950.000000,10860.000000,10950.000000,10219.992188,30,0,0,0,0,0,0,0,0
2020-08-27,10880.000000,10880.000000,10720.000000,10720.000000,10005.327148,581,0,0,0,0,0,0,0,0
2020-08-28,11020.000000,11170.000000,10870.000000,10920.000000,10191.994141,714,0,0,0,0,0,0,0,0
2020-08-31,11030.000000,11140.000000,10960.000000,10960.000000,10229.325195,795,0,0,0,0,0,0,0,0
2020-09-01,11040.000000,11040.000000,10830.000000,10920.000000,10191.994141,189,0,0,0,0,0,0,0,0
2020-09-02,11020.000000,11020.000000,10870.000000,10910.000000,10182.660156,78,0,0,0,0,0,0,0,0
2020-09-03,11030.000000,11070.000000,10990.000000,10990.000000,10257.326172,243,0,0,0,0,0,0,0,0
2020-09-04,10930.000000,11040.000000,10930.000000,11040.000000,10303.993164,35,0,0,0,0,0,0,0,0
2020-09-07,11050.000000,11060.000000,11040.000000,11060.000000,10322.659180,200,0,0,0,0,0,0,0,0
2020-09-08,11110.000000,11110.000000,10990.000000,11020.000000,10285.326172,213,0,0,0,0,0,0,0,0
2020-09-09,10830.000000,10900.000000,10830.000000,10900.000000,10173.327148,299,0,0,0,0,0,0,0,0
2020-09-10,10990.000000,11110.000000,10990.000000,11100.000000,10359.992188,82,0,0,0,0,0,0,0,0
2020-09-11,11230.000000,11230.000000,11110.000000,11200.000000,10453.326172,445,0,0,0,0,0,0,0,0
2020-09-14,11300.000000,11390.000000,11300.000000,11310.000000,10555.992188,27,0,0,0,0,0,0,0,0
2020-09-15,11520.000000,11520.000000,11210.000000,11260.000000,10509.326172,255,0,0,0,0,0,0,0,0
2020-09-16,11170.000000,11220.000000,11150.000000,11150.000000,10406.660156,11,0,0,0,0,0,0,0,0
2020-09-17,11120.000000,11120.000000,11100.000000,11100.000000,10359.992188,4,0,0,0,0,0,0,0,0
2020-09-18,11100.000000,11100.000000,11010.000000,11010.000000,10275.993164,59,0,0,0,0,0,0,0,0
2020-09-23,10940.000000,10940.000000,10900.000000,10940.000000,10210.660156,10,0,0,0,0,0,0,0,0
2020-09-24,10850.000000,10900.000000,10700.000000,10900.000000,10173.327148,30,0,0,0,0,0,0,0,0
2020-09-25,10840.000000,10850.000000,10780.000000,10810.000000,10089.326172,192,0,0,0,0,0,0,0,0
2020-09-28,10920.000000,11040.000000,10920.000000,11040.000000,10303.993164,36,0,0,0,0,0,0,0,0
2020-09-29,11100.000000,11130.000000,11100.000000,11110.000000,10369.326172,26,0,0,0,0,0,0,0,0
2020-09-30,10950.000000,10950.000000,10730.000000,10730.000000,10014.659180,321,0,0,0,0,0,0,0,0
2020-10-02,10760.000000,10760.000000,10620.000000,10650.000000,9939.992188,793,0,0,0,0,0,0,0,0
2020-10-05,10870.000000,10970.000000,10870.000000,10890.000000,10163.993164,19,0,0,0,0,0,0,0,0
2020-10-06,11060.000000,11060.000000,11060.000000,11060.000000,10322.659180,3,0,0,0,0,0,0,0,0
2020-10-07,10930.000000,10950.000000,10930.000000,10950.000000,10219.992188,13,0,0,0,0,0,0,0,0
2020-10-08,11100.000000,11200.000000,11100.000000,11150.000000,10406.660156,55,0,0,0,0,0,0,0,0
2020-10-09,11070.000000,11070.000000,11030.000000,11030.000000,10294.660156,10,0,0,0,0,0,0,0,0
2020-10-12,10980.000000,11000.000000,10980.000000,10980.000000,10247.992188,12,0,0,0,0,0,0,0,0
2020-10-13,11070.000000,11160.000000,11050.000000,11160.000000,10415.993164,11,0,0,0,0,0,0,0,0
2020-10-14,11160.000000,11160.000000,11160.000000,11160.000000,10415.993164,0,0,0,0,0,0,0,0,0
2020-10-15,11160.000000,11160.000000,11160.000000,11160.000000,10415.993164,0,0,0,0,0,0,0,0,0
2020-10-16,10960.000000,10960.000000,10960.000000,10960.000000,10229.325195,2,0,0,0,0,0,0,0,0
2020-10-19,10960.000000,10960.000000,10960.000000,10960.000000,10229.325195,0,0,0,0,0,0,0,0,0
2020-10-20,10960.000000,10960.000000,10960.000000,10960.000000,10229.325195,0,0,0,0,0,0,0,0,0
2020-10-21,10960.000000,10960.000000,10960.000000,10960.000000,10229.325195,0,0,0,0,0,0,0,0,0
2020-10-22,11040.000000,11040.000000,11040.000000,11040.000000,10303.993164,5,0,0,0,0,0,0,0,0
2020-10-23,11090.000000,11200.000000,11090.000000,11140.000000,10397.326172,13,0,0,0,0,0,0,0,0
2020-10-26,10980.000000,11140.000000,10980.000000,11140.000000,10397.326172,5,0,0,0,0,0,0,0,0
2020-10-27,11090.000000,11090.000000,10950.000000,10950.000000,10219.992188,9,0,0,0,0,0,0,0,0
2020-10-28,10900.000000,10900.000000,10820.000000,10820.000000,10098.660156,366,0,0,0,0,0,0,0,0
2020-10-29,10700.000000,10700.000000,10700.000000,10700.000000,9986.660156,5,0,0,0,0,0,0,0,0
2020-10-30,10730.000000,10730.000000,10580.000000,10580.000000,9874.660156,27,0,0,0,0,0,0,0,0
2020-11-02,10500.000000,10780.000000,10500.000000,10780.000000,10061.327148,14,0,0,0,0,0,0,0,0
2020-11-04,11020.000000,11300.000000,11020.000000,11080.000000,10341.326172,10,0,0,0,0,0,0,0,0
2020-11-05,10890.000000,10890.000000,10850.000000,10850.000000,10126.659180,3,0,0,0,0,0,0,0,0
2020-11-06,10860.000000,10980.000000,10860.000000,10980.000000,10247.992188,6,0,0,0,0,0,0,0,0
2020-11-09,11000.000000,11150.000000,11000.000000,11010.000000,10275.993164,40,0,0,0,0,0,0,0,0
2020-11-10,11310.000000,11720.000000,11310.000000,11720.000000,10938.658203,296,0,0,0,0,0,0,0,0
2020-11-11,11960.000000,12140.000000,11880.000000,12020.000000,11218.659180,260,0,0,0,0,0,0,0,0
2020-11-12,11750.000000,11750.000000,11590.000000,11700.000000,10919.992188,74,0,0,0,0,0,0,0,0
2020-11-13,11710.000000,11710.000000,11330.000000,11330.000000,10574.659180,395,0,0,0,0,0,0,0,0
2020-11-16,11560.000000,11740.000000,11380.000000,11670.000000,10891.993164,79,0,0,0,0,0,0,0,0
2020-11-17,11920.000000,11920.000000,11790.000000,11920.000000,11125.326172,98,0,0,0,0,0,0,0,0
2020-11-18,11870.000000,11870.000000,11700.000000,11800.000000,11013.326172,48,0,0,0,0,0,0,0,0
2020-11-19,11730.000000,11810.000000,11730.000000,11810.000000,11022.660156,12,0,0,0,0,0,0,0,0
2020-11-20,11900.000000,11900.000000,11590.000000,11690.000000,10910.659180,444,0,0,0,0,0,0,0,0
2020-11-24,11970.000000,12180.000000,11970.000000,11970.000000,11171.992188,60,0,0,0,0,0,0,0,0
2020-11-25,11970.000000,12210.000000,11970.000000,12070.000000,11265.325195,160,0,0,0,0,0,0,0,0
2020-11-26,11900.000000,11900.000000,11860.000000,11890.000000,11097.326172,234,0,0,0,0,0,0,0,0
2020-11-27,11910.000000,12060.000000,11910.000000,11970.000000,11171.992188,345,0,0,0,0,0,0,0,0
2020-11-30,11900.000000,11900.000000,11700.000000,11700.000000,10919.992188,218,0,0,0,0,0,0,0,0
2020-12-01,11790.000000,11820.000000,11790.000000,11820.000000,11031.993164,12,0,0,0,0,0,0,0,0
2020-12-02,11970.000000,12060.000000,11970.000000,12060.000000,11255.992188,6,0,0,0,0,0,0,0,0
2020-12-03,12060.000000,12060.000000,12060.000000,12060.000000,11255.992188,0,0,0,0,0,0,0,0,0
2020-12-04,11940.000000,12020.000000,11940.000000,12000.000000,11199.992188,5,0,0,0,0,0,0,0,0
2020-12-07,12070.000000,12070.000000,11880.000000,11880.000000,11087.992188,198,0,0,0,0,0,0,0,0
2020-12-08,11880.000000,11880.000000,11810.000000,11810.000000,11022.660156,62,0,0,0,0,0,0,0,0
2020-12-09,11870.000000,11900.000000,11820.000000,11900.000000,11106.659180,152,0,0,0,0,0,0,0,0
2020-12-10,11930.000000,11930.000000,11810.000000,11810.000000,11022.660156,151,0,0,0,0,0,0,0,0
2020-12-11,11800.000000,11810.000000,11770.000000,11810.000000,11022.660156,318,0,0,0,0,0,0,0,0
2020-12-14,11900.000000,11990.000000,11900.000000,11930.000000,11134.660156,70,0,0,0,0,0,0,0,0
2020-12-15,11790.000000,11790.000000,11690.000000,11700.000000,10919.992188,24,0,0,0,0,0,0,0,0
2020-12-16,11840.000000,11840.000000,11740.000000,11740.000000,10957.325195,20,1,200000,0,0,0,0,0,0
2020-12-17,11770.000000,11840.000000,11760.000000,11800.000000,11013.326172,23,0,0,0,0,0,0,0,0
2020-12-18,11800.000000,11800.000000,11800.000000,11800.000000,11013.326172,1,0,0,0,0,0,0,0,0
2020-12-21,11830.000000,11830.000000,11630.000000,11650.000000,10873.326172,126,0,0,0,0,0,0,0,0
2020-12-22,11640.000000,11670.000000,11500.000000,11500.000000,10733.326172,98,0,0,0,0,0,0,0,0
2020-12-23,11520.000000,11530.000000,11480.000000,11480.000000,10714.660156,30,0,0,0,0,0,0,0,0
2020-12-24,11550.000000,11580.000000,11550.000000,11560.000000,10789.326172,17,0,0,0,0,0,0,0,0
2020-12-25,11640.000000,11640.000000,11610.000000,11620.000000,10845.326172,43,0,0,0,0,0,0,0,0
2020-12-28,11650.000000,11740.000000,11610.000000,11740.000000,10957.325195,70,0,0,0,0,0,0,0,0
2020-12-29,11750.000000,11900.000000,11750.000000,11900.000000,11106.659180,38,0,0,0,0,0,0,0,0
2020-12-30,11870.000000,11910.000000,11870.000000,11870.000000,11078.659180,113,0,0,0,0,0,0,0,0
2021-01-04,11720.000000,11740.000000,11640.000000,11700.000000,10919.992188,9,0,0,0,0,0,0,0,0
2021-01-05,11640.000000,11760.000000,11640.000000,11710.000000,10929.326172,89,0,0,0,0,0,0,0,0
2021-01-06,11720.000000,12000.000000,11720.000000,12000.000000,11199.992188,24,0,0,0,0,0,0,0,0
2021-01-07,12280.000000,12510.000000,12250.000000,12420.000000,11591.991211,57,1,2000000,1,2000000,0,0,0,0
2021-01-08,12420.000000,12630.000000,12420.000000,12610.000000,11769.325195,32,0,0,0,0,0,0,0,0
2021-01-12,12800.000000,12800.000000,12560.000000,12630.000000,11787.991211,742,0,0,0,0,0,0,0,0
2021-01-13,12620.000000,12750.000000,12580.000000,12720.000000,11871.991211,87,0,0,0,0,0,0,0,0
2021-01-14,12690.000000,12820.000000,12690.000000,12800.000000,11946.659180,213,0,0,0,0,0,0,0,0
2021-01-15,12700.000000,12730.000000,12580.000000,12580.000000,11741.325195,347,0,0,0,0,0,0,0,0
2021-01-18,12510.000000,12520.000000,12410.000000,12430.000000,11601.325195,180,0,0,0,0,0,0,0,0
2021-01-19,12580.000000,12580.000000,12500.000000,12500.000000,11666.658203,97,0,0,0,0,0,0,0,0
2021-01-20,12550.000000,12550.000000,12370.000000,12410.000000,11582.659180,415,0,0,0,0,0,0,0,0
2021-01-21,12450.000000,12510.000000,12440.000000,12440.000000,11610.658203,629,0,0,0,0,0,0,0,0
2021-01-22,12340.000000,12340.000000,12250.000000,12250.000000,11433.326172,453,0,0,0,0,0,0,0,0
2021-01-25,12270.000000,12280.000000,12240.000000,12240.000000,11423.993164,306,0,0,0,0,0,0,0,0
2021-01-26,12210.000000,12260.000000,12180.000000,12180.000000,11367.992188,61,0,0,0,0,0,0,0,0
2021-01-27,12260.000000,12260.000000,12180.000000,12180.000000,11367.992188,104,0,0,0,0,0,0,0,0
2021-01-28,11890.000000,12070.000000,11840.000000,12070.000000,11265.325195,125,0,0,0,0,0,0,0,0
2021-01-29,12100.000000,12100.000000,11850.000000,11850.000000,11059.992188,19,0,0,0,0,0,0,0,0
2021-02-01,11960.000000,11980.000000,11920.000000,11950.000000,11153.326172,12,0,0,0,0,0,0,0,0
2021-02-02,11910.000000,12000.000000,11910.000000,11960.000000,11162.659180,90,0,0,0,0,0,0,0,0
2021-02-03,12110.000000,12260.000000,12110.000000,12230.000000,11414.659180,545,0,0,0,0,0,0,0,0
2021-02-04,12330.000000,12490.000000,12330.000000,12360.000000,11535.992188,617,0,0,0,0,0,0,0,0
2021-02-05,12530.000000,12660.000000,12500.000000,12660.000000,11815.992188,176,0,0,0,0,0,0,0,0
2021-02-08,12710.000000,12900.000000,12710.000000,12870.000000,12011.991211,273,0,0,0,0,0,0,0,0
2021-02-09,12900.000000,12900.000000,12690.000000,12720.000000,11871.991211,335,0,0,0,0,0,0,0,0
2021-02-10,12500.000000,12960.000000,12500.000000,12910.000000,12049.325195,300,0,0,0,0,0,0,0,0
2021-02-12,13000.000000,13000.000000,12860.000000,12900.000000,12039.992188,81,0,0,0,0,0,0,0,0
2021-02-15,12980.000000,13120.000000,12920.000000,12920.000000,12058.659180,237,1,7700000,1,7700000,1,7700000,0,0
2021-02-16,13050.000000,13110.000000,13010.000000,13090.000000,12217.325195,119,0,0,0,0,0,0,0,0
2021-02-17,13120.000000,13200.000000,13100.000000,13180.000000,12301.324219,139,0,0,0,0,0,0,0,0
2021-02-18,13010.000000,13090.000000,12840.000000,12840.000000,11983.992188,477,0,0,0,0,0,0,0,0
2021-02-19,12800.000000,12800.000000,12680.000000,12720.000000,11871.991211,141,0,0,0,0,0,0,0,0
2021-02-22,12860.000000,12910.000000,12790.000000,12790.000000,11937.325195,138,0,0,0,0,0,0,0,0
2021-02-24,12790.000000,12810.000000,12660.000000,12660.000000,11815.992188,184,0,0,0,0,0,0,0,0
2021-02-25,12920.000000,12920.000000,12830.000000,12870.000000,12011.991211,74,0,0,0,0,0,0,0,0
2021-02-26,12700.000000,12700.000000,12500.000000,12500.000000,11666.658203,126,0,0,0,0,0,0,0,0
2021-03-01,12650.000000,12700.000000,12560.000000,12650.000000,11806.658203,22,0,0,0,0,0,0,0,0
2021-03-02,12870.000000,12870.000000,12650.000000,12650.000000,11806.658203,24,0,0,0,0,0,0,0,0
2021-03-03,12700.000000,12710.000000,12700.000000,12710.000000,11862.658203,3,0,0,0,0,0,0,0,0
2021-03-04,12720.000000,12850.000000,12680.000000,12780.000000,11927.992188,62,0,0,0,0,0,0,0,0
2021-03-05,12800.000000,13000.000000,12620.000000,12780.000000,11927.992188,611,0,0,0,0,0,0,0,0
2021-03-08,12980.000000,13130.000000,12910.000000,13020.000000,12151.991211,350,0,0,0,0,0,0,0,0
2021-03-09,13190.000000,13290.000000,13150.000000,13290.000000,12403.991211,330,0,0,0,0,0,0,0,0
2021-03-10,13180.000000,13240.000000,13120.000000,13120.000000,12245.325195,239,0,0,0,0,0,0,0,0
2021-03-11,13000.000000,13200.000000,13000.000000,13170.000000,12291.991211,101,0,0,0,0,0,0,0,0
2021-03-12,13100.000000,13160.000000,12990.000000,13160.000000,12282.658203,511,0,0,0,0,0,0,0,0
2021-03-15,13220.000000,13370.000000,13220.000000,13370.000000,12478.657227,147,0,0,0,0,0,0,0,0
2021-03-16,13370.000000,13370.000000,13260.000000,13280.000000,12394.658203,36,0,0,0,0,0,0,0,0
2021-03-17,13210.000000,13350.000000,13210.000000,13350.000000,12459.991211,37,0,0,0,0,0,0,0,0
2021-03-18,13500.000000,13750.000000,13500.000000,13730.000000,12814.658203,264,0,0,0,0,0,0,0,0
2021-03-19,13700.000000,13910.000000,13700.000000,13890.000000,12963.992188,1481,0,0,0,0,0,0,0,0
2021-03-22,13900.000000,13900.000000,13560.000000,13700.000000,12786.657227,662,1,550000,1,550000,0,0,0,0
2021-03-23,13750.000000,13750.000000,13510.000000,13590.000000,12683.991211,596,0,0,0,0,0,0,0,0
2021-03-24,13360.000000,13400.000000,13170.000000,13230.000000,12347.992188,670,0,0,0,0,0,0,0,0
2021-03-25,13360.000000,13580.000000,13360.000000,13580.000000,12674.659180,51,0,0,0,0,0,0,0,0
2021-03-26,13700.000000,13750.000000,13640.000000,13700.000000,12786.657227,194,0,0,0,0,0,0,0,0
2021-03-29,13700.000000,13700.000000,13330.000000,13350.000000,12459.991211,659,0,0,0,0,0,0,0,0
2021-03-30,13320.000000,13580.000000,13160.000000,13360.000000,12469.325195,205,0,0,0,0,0,0,0,0
2021-03-31,13230.000000,13370.000000,13230.000000,13240.000000,12357.325195,761,0,0,0,0,0,0,0,0
2021-04-01,13460.000000,13500.000000,13330.000000,13390.000000,12497.324219,350,0,0,0,0,0,0,0,0
2021-04-02,13370.000000,13410.000000,13280.000000,13280.000000,12394.658203,143,0,0,0,0,0,0,0,0
2021-04-05,13330.000000,13510.000000,13310.000000,13510.000000,12609.324219,285,0,0,0,0,0,0,0,0
2021-04-06,13520.000000,13520.000000,13250.000000,13350.000000,12459.991211,531,0,0,0,0,0,0,0,0
2021-04-07,13310.000000,13380.000000,13300.000000,13300.000000,12413.325195,27,0,0,0,0,0,0,0,0
2021-04-08,13350.000000,13350.000000,13200.000000,13210.000000,12329.325195,46,0,0,0,0,0,0,0,0
2021-04-09,13160.000000,13320.000000,13150.000000,13320.000000,12431.991211,24,0,0,0,0,0,0,0,0
2021-04-12,13340.000000,13340.000000,13240.000000,13290.000000,12403.991211,43,0,0,0,0,0,0,0,0
2021-04-13,13260.000000,13400.000000,13260.000000,13400.000000,12506.658203,13,0,0,0,0,0,0,0,0
2021-04-14,13290.000000,13290.000000,13200.000000,13230.000000,12347.992188,155,0,0,0,0,0,0,0,0
2021-04-15,13300.000000,13350.000000,13300.000000,13330.000000,12441.324219,42,0,0,0,0,0,0,0,0
2021-04-16,13340.000000,13410.000000,13340.000000,13410.000000,12515.991211,12,0,0,0,0,0,0,0,0
2021-04-19,13420.000000,13420.000000,13250.000000,13250.000000,12366.659180,155,0,0,0,0,0,0,0,0
2021-04-20,13200.000000,13200.000000,13050.000000,13050.000000,12179.991211,374,0,0,0,0,0,0,0,0
2021-04-21,12830.000000,12850.000000,12780.000000,12810.000000,11955.992188,476,0,0,0,0,0,0,0,0
2021-04-22,12900.000000,12950.000000,12850.000000,12950.000000,12086.658203,12,0,0,0,0,0,0,0,0
2021-04-23,12960.000000,12970.000000,12860.000000,12970.000000,12105.325195,201,0,0,0,0,0,0,0,0
2021-04-26,12970.000000,13000.000000,12910.000000,12910.000000,12049.325195,159,0,0,0,0,0,0,0,0
2021-04-27,12910.000000,12960.000000,12890.000000,12960.000000,12095.991211,13,0,0,0,0,0,0,0,0
2021-04-28,12970.000000,13110.000000,12970.000000,13100.000000,12226.658203,384,0,0,0,0,0,0,0,0
2021-04-30,13180.000000,13180.000000,12950.000000,13010.000000,12142.659180,327,0,0,0,0,0,0,0,0
2021-05-06,13290.000000,13330.000000,13180.000000,13180.000000,12301.324219,48,0,0,0,0,0,0,0,0
2021-05-07,13340.000000,13410.000000,13320.000000,13350.000000,12459.991211,329,0,0,0,0,0,0,0,0
2021-05-10,13380.000000,13450.000000,13380.000000,13440.000000,12543.992188,86,0,0,0,0,0,0,0,0
2021-05-11,13350.000000,13350.000000,13090.000000,13090.000000,12217.325195,212,0,0,0,0,0,0,0,0
2021-05-12,13060.000000,13200.000000,12890.000000,13200.000000,12319.991211,441,0,0,0,0,0,0,0,0
2021-05-13,13000.000000,13150.000000,13000.000000,13150.000000,12273.325195,8,0,0,0,0,0,0,0,0
2021-05-14,13160.000000,13400.000000,13160.000000,13360.000000,12469.325195,35,0,0,0,0,0,0,0,0
2021-05-17,13550.000000,13550.000000,13270.000000,13270.000000,12385.325195,690,0,0,0,0,0,0,0,0
2021-05-18,13380.000000,13660.000000,13380.000000,13630.000000,12721.324219,65,0,0,0,0,0,0,0,0
2021-05-19,13530.000000,13670.000000,13530.000000,13610.000000,12702.657227,117,0,0,0,0,0,0,0,0
2021-05-20,13610.000000,13660.000000,13560.000000,13560.000000,12655.992188,258,0,0,0,0,0,0,0,0
2021-05-21,13560.000000,13560.000000,13480.000000,13480.000000,12581.324219,54,0,0,0,0,0,0,0,0
2021-05-24,13530.000000,13670.000000,13530.000000,13660.000000,12749.324219,60,0,0,0,0,0,0,0,0
2021-05-25,13670.000000,13680.000000,13620.000000,13680.000000,12767.991211,19,0,0,0,0,0,0,0,0
2021-05-26,13570.000000,13570.000000,13520.000000,13520.000000,12618.658203,9,0,0,0,0,0,0,0,0
2021-05-27,13480.000000,13540.000000,13330.000000,13540.000000,12637.325195,152,0,0,0,0,0,0,0,0
2021-05-28,13540.000000,13690.000000,13540.000000,13640.000000,12730.657227,95,0,0,0,0,0,0,0,0
2021-05-31,13640.000000,13640.000000,13470.000000,13470.000000,12571.991211,93,0,0,0,0,0,0,0,0
2021-06-01,13440.000000,13620.000000,13440.000000,13490.000000,12590.657227,424,0,0,0,0,0,0,0,0
2021-06-02,13590.000000,13790.000000,13590.000000,13750.000000,12833.325195,275,0,0,0,0,0,0,0,0
2021-06-03,13760.000000,13800.000000,13720.000000,13800.000000,12879.990234,132,0,0,0,0,0,0,0,0
2021-06-04,13840.000000,13840.000000,13740.000000,13800.000000,12879.990234,25,0,0,0,0,0,0,0,0
2021-06-07,13800.000000,13800.000000,13690.000000,13730.000000,12814.658203,109,0,0,0,0,0,0,0,0
2021-06-08,13720.000000,13810.000000,13720.000000,13730.000000,12814.658203,21,0,0,0,0,0,0,0,0
2021-06-09,13700.000000,13700.000000,13520.000000,13530.000000,12627.991211,73,0,0,0,0,0,0,0,0
2021-06-10,13500.000000,13500.000000,13450.000000,13450.000000,12553.325195,69,0,0,0,0,0,0,0,0
2021-06-11,13400.000000,13400.000000,13300.000000,13340.000000,12450.658203,309,0,0,0,0,0,0,0,0
2021-06-14,13500.000000,13500.000000,13400.000000,13400.000000,12506.658203,114,0,0,0,0,0,0,0,0
2021-06-15,13400.000000,13400.000000,13360.000000,13360.000000,12469.325195,257,0,0,0,0,0,0,0,0
2021-06-16,13390.000000,13530.000000,13390.000000,13430.000000,12534.658203,126,0,0,0,0,0,0,0,0
2021-06-17,13500.000000,13620.000000,13490.000000,13540.000000,12637.325195,226,0,0,0,0,0,0,0,0
2021-06-18,13330.000000,13330.000000,13150.000000,13150.000000,12273.325195,343,0,0,0,0,0,0,0,0
2021-06-21,12880.000000,12910.000000,12750.000000,12760.000000,11909.325195,1286,0,0,0,0,0,0,0,0
2021-06-22,13060.000000,13220.000000,13040.000000,13220.000000,12338.658203,416,0,0,0,0,0,0,0,0
2021-06-23,13200.000000,13200.000000,13080.000000,13080.000000,12207.991211,103,0,0,0,0,0,0,0,0
2021-06-24,13090.000000,13090.000000,12990.000000,13010.000000,12142.659180,147,0,0,0,0,0,0,0,0
2021-06-25,13160.000000,13160.000000,13060.000000,13060.000000,12189.324219,21,0,0,0,0,0,0,0,0
2021-06-28,13200.000000,13210.000000,13170.000000,13170.000000,12291.991211,33,0,0,0,0,0,0,0,0
2021-06-29,13020.000000,13020.000000,12940.000000,12960.000000,12095.991211,279,0,0,0,0,0,0,0,0
2021-06-30,13070.000000,13070.000000,13030.000000,13050.000000,12179.991211,188,0,0,0,0,0,0,0,0
2021-07-01,12990.000000,13110.000000,12990.000000,13060.000000,12189.324219,112,0,0,0,0,0,0,0,0
2021-07-02,13060.000000,13180.000000,13060.000000,13180.000000,12301.324219,99,0,0,0,0,0,0,0,0
2021-07-05,13060.000000,13060.000000,13030.000000,13030.000000,12161.325195,227,1,250000,1,250000,0,0,0,0
2021-07-06,13090.000000,13140.000000,13090.000000,13140.000000,12263.992188,43,0,0,0,0,0,0,0,0
2021-07-07,12870.000000,12910.000000,12820.000000,12820.000000,11965.325195,215,0,0,0,0,0,0,0,0
2021-07-08,12820.000000,12830.000000,12740.000000,12770.000000,11918.658203,379,0,0,0,0,0,0,0,0
2021-07-09,12640.000000,12750.000000,12520.000000,12710.000000,11862.658203,175,0,0,0,0,0,0,0,0
2021-07-12,13010.000000,13030.000000,12930.000000,13000.000000,12133.325195,82,0,0,0,0,0,0,0,0
2021-07-13,13100.000000,13230.000000,13100.000000,13200.000000,12319.991211,303,0,0,0,0,0,0,0,0
2021-07-14,12730.000000,12830.000000,12730.000000,12770.000000,11918.658203,259,0,0,0,0,0,0,0,0
2021-07-15,12750.000000,12750.000000,12590.000000,12590.000000,12203.636719,97,0,0,0,0,0,0,0,0
2021-07-16,12560.000000,12680.000000,12560.000000,12680.000000,12290.874023,47,0,0,0,0,0,0,0,0
2021-07-19,12550.000000,12550.000000,12480.000000,12480.000000,12097.011719,235,0,0,0,0,0,0,0,0
2021-07-20,12460.000000,12460.000000,12310.000000,12400.000000,12019.466797,69,0,0,0,0,0,0,0,0
2021-07-21,12560.000000,12670.000000,12530.000000,12620.000000,12232.715820,26,0,0,0,0,0,0,0,0
2021-07-26,12700.000000,12720.000000,12610.000000,12610.000000,12223.022461,223,0,0,0,0,0,0,0,0
2021-07-27,12700.000000,12790.000000,12700.000000,12750.000000,12358.725586,234,0,0,0,0,0,0,0,0
2021-07-28,12710.000000,12790.000000,12660.000000,12660.000000,12271.488281,116,0,0,0,0,0,0,0,0
2021-07-29,12720.000000,12770.000000,12550.000000,12680.000000,12290.874023,35,0,0,0,0,0,0,0,0
2021-07-30,12700.000000,12700.000000,12600.000000,12600.000000,12213.329102,17,0,0,0,0,0,0,0,0
2021-08-02,12600.000000,12850.000000,12600.000000,12850.000000,12455.657227,169,0,0,0,0,0,0,0,0
2021-08-03,12700.000000,12700.000000,12640.000000,12640.000000,12252.101563,214,0,0,0,0,0,0,0,0
2021-08-04,12710.000000,12730.000000,12710.000000,12730.000000,12339.339844,5,0,0,0,0,0,0,0,0
2021-08-05,12740.000000,12810.000000,12740.000000,12800.000000,12407.192383,27,0,0,0,0,0,0,0,0
2021-08-06,12800.000000,12880.000000,12800.000000,12850.000000,12455.657227,149,0,0,0,0,0,0,0,0
2021-08-10,12860.000000,13060.000000,12860.000000,12960.000000,12562.282227,192,0,0,0,0,0,0,0,0
2021-08-11,12970.000000,13180.000000,12970.000000,13170.000000,12765.837891,191,1,100000,0,0,0,0,0,0
2021-08-12,13200.000000,13300.000000,13200.000000,13240.000000,12833.689453,322,0,0,0,0,0,0,0,0
2021-08-13,13180.000000,13210.000000,13150.000000,13150.000000,12746.451172,37,0,0,0,0,0,0,0,0
2021-08-16,13140.000000,13140.000000,12830.000000,12830.000000,12436.271484,220,0,0,0,0,0,0,0,0
2021-08-17,13130.000000,13130.000000,12920.000000,12920.000000,12523.508789,18,0,0,0,0,0,0,0,0
2021-08-18,12920.000000,12920.000000,12920.000000,12920.000000,12523.508789,0,0,0,0,0,0,0,0,0
2021-08-19,12870.000000,12870.000000,12720.000000,12720.000000,12329.646484,260,0,0,0,0,0,0,0,0
2021-08-20,12720.000000,12720.000000,12670.000000,12710.000000,12319.953125,56,0,0,0,0,0,0,0,0
2021-08-23,13010.000000,13010.000000,12850.000000,12850.000000,12455.657227,233,0,0,0,0,0,0,0,0
2021-08-24,12920.000000,12920.000000,12910.000000,12920.000000,12523.508789,5,0,0,0,0,0,0,0,0
2021-08-25,13040.000000,13070.000000,13000.000000,13000.000000,12601.054688,13,0,0,0,0,0,0,0,0
2021-08-26,12990.000000,13000.000000,12980.000000,12980.000000,12581.667969,6,0,0,0,0,0,0,0,0
2021-08-27,13030.000000,13030.000000,13020.000000,13020.000000,12620.440430,2,0,0,0,0,0,0,0,0
2021-08-30,13060.000000,13120.000000,13040.000000,13050.000000,12649.519531,35,0,0,0,0,0,0,0,0
2021-08-31,13130.000000,13130.000000,12960.000000,12960.000000,12562.282227,6,0,0,0,0,0,0,0,0
2021-09-01,13050.000000,13230.000000,13050.000000,13230.000000,12823.996094,83,0,0,0,0,0,0,0,0
2021-09-02,13240.000000,13310.000000,13000.000000,13300.000000,12891.847656,81,0,0,0,0,0,0,0,0
2021-09-03,13330.000000,13570.000000,13330.000000,13570.000000,13153.562500,216,0,0,0,0,0,0,0,0
2021-09-06,13660.000000,13780.000000,13660.000000,13780.000000,13357.117188,29,0,0,0,0,0,0,0,0
2021-09-07,13800.000000,13960.000000,13790.000000,13880.000000,13454.048828,248,0,0,0,0,0,0,0,0
2021-09-08,13810.000000,13930.000000,13810.000000,13930.000000,13502.513672,26,0,0,0,0,0,0,0,0
2021-09-09,13830.000000,13880.000000,13750.000000,13800.000000,13376.502930,56,0,0,0,0,0,0,0,0
2021-09-10,13950.000000,13970.000000,13950.000000,13970.000000,13541.286133,23,0,0,0,0,0,0,0,0
2021-09-13,13990.000000,14050.000000,13990.000000,14030.000000,13599.445313,182,0,0,0,0,0,0,0,0
2021-09-14,14180.000000,14460.000000,14180.000000,14440.000000,13996.863281,451,0,0,0,0,0,0,0,0
2021-09-15,14310.000000,14310.000000,14210.000000,14210.000000,13773.920898,93,0,0,0,0,0,0,0,0
2021-09-16,14250.000000,14260.000000,14150.000000,14190.000000,13754.535156,14,0,0,0,0,0,0,0,0
2021-09-17,14280.000000,14280.000000,14160.000000,14160.000000,13725.456055,11,0,0,0,0,0,0,0,0
2021-09-21,13860.000000,14040.000000,13830.000000,13970.000000,13541.286133,658,0,0,0,0,0,0,0,0
2021-09-22,13920.000000,13970.000000,13830.000000,13870.000000,13444.355469,40,0,0,0,0,0,0,0,0
2021-09-24,14170.000000,14250.000000,14160.000000,14200.000000,13764.228516,124,0,0,0,0,0,0,0,0
2021-09-27,14370.000000,14430.000000,14350.000000,14350.000000,13909.625977,327,0,0,0,0,0,0,0,0
2021-09-28,14370.000000,14400.000000,14280.000000,14390.000000,13948.397461,179,0,0,0,0,0,0,0,0
2021-09-29,14300.000000,14310.000000,14140.000000,14180.000000,13744.842773,228,0,0,0,0,0,0,0,0
2021-09-30,14260.000000,14290.000000,14100.000000,14100.000000,13667.296875,52,0,0,0,0,0,0,0,0
2021-10-01,13950.000000,14110.000000,13810.000000,13840.000000,13415.276367,432,0,0,0,0,0,0,0,0
2021-10-04,14060.000000,14060.000000,13970.000000,13970.000000,13541.286133,225,0,0,0,0,0,0,0,0
2021-10-05,14110.000000,14110.000000,13880.000000,13880.000000,13454.048828,244,0,0,0,0,0,0,0,0
2021-10-06,14140.000000,14140.000000,13880.000000,14040.000000,13609.137695,238,0,0,0,0,0,0,0,0
2021-10-07,14120.000000,14150.000000,14120.000000,14130.000000,13696.376953,11,0,0,0,0,0,0,0,0
2021-10-08,14160.000000,14200.000000,14140.000000,14190.000000,13754.535156,101,0,0,0,0,0,0,0,0
2021-10-11,14250.000000,14390.000000,14250.000000,14370.000000,13929.011719,46,0,0,0,0,0,0,0,0
2021-10-12,14370.000000,14380.000000,14290.000000,14310.000000,13870.852539,51,0,0,0,0,0,0,0,0
2021-10-13,14300.000000,14300.000000,14170.000000,14210.000000,13773.920898,32,0,0,0,0,0,0,0,0
2021-10-14,14080.000000,14080.000000,13960.000000,14050.000000,13618.832031,40,0,0,0,0,0,0,0,0
2021-10-15,14130.000000,14240.000000,14130.000000,14240.000000,13803.000977,48,0,0,0,0,0,0,0,0
2021-10-18,14380.000000,14380.000000,14290.000000,14310.000000,13870.852539,36,0,0,0,0,0,0,0,0
2021-10-19,14200.000000,14270.000000,14150.000000,14270.000000,13832.080078,94,0,0,0,0,0,0,0,0
2021-10-20,14340.000000,14470.000000,14320.000000,14320.000000,13880.545898,207,0,0,0,0,0,0,0,0
2021-10-21,14300.000000,14300.000000,14170.000000,14170.000000,13735.148438,22,0,0,0,0,0,0,0,0
2021-10-22,14130.000000,14200.000000,14090.000000,14130.000000,13696.376953,43,0,0,0,0,0,0,0,0
2021-10-25,14050.000000,14170.000000,14050.000000,14060.000000,13628.524414,28,0,0,0,0,0,0,0,0
2021-10-26,14160.000000,14250.000000,14160.000000,14200.000000,13764.228516,36,0,0,0,0,0,0,0,0
2021-10-27,14220.000000,14280.000000,14170.000000,14170.000000,13735.148438,378,0,0,0,0,0,0,0,0
2021-10-28,14110.000000,14110.000000,13940.000000,14080.000000,13647.911133,158,0,0,0,0,0,0,0,0
2021-10-29,14010.000000,14060.000000,13940.000000,14030.000000,13599.445313,20,0,0,0,0,0,0,0,0
2021-11-01,14170.000000,14220.000000,14170.000000,14220.000000,13783.615234,131,0,0,0,0,0,0,0,0
2021-11-02,14220.000000,14220.000000,13980.000000,13980.000000,13550.980469,1242,0,0,0,0,0,0,0,0
2021-11-04,14030.000000,14070.000000,14010.000000,14070.000000,13638.217773,264,0,0,0,0,0,0,0,0
2021-11-05,13990.000000,13990.000000,13930.000000,13930.000000,13502.513672,117,0,0,0,0,0,0,0,0
2021-11-08,14030.000000,14030.000000,14020.000000,14020.000000,13589.751953,23,0,0,0,0,0,0,0,0
2021-11-09,14040.000000,14040.000000,13880.000000,13880.000000,13454.048828,104,0,0,0,0,0,0,0,0
2021-11-10,13880.000000,13880.000000,13730.000000,13730.000000,13308.651367,370,0,0,0,0,0,0,0,0
2021-11-11,13890.000000,13900.000000,13890.000000,13890.000000,13463.742188,9,0,0,0,0,0,0,0,0
2021-11-12,13840.000000,14020.000000,13840.000000,14010.000000,13580.059570,275,0,0,0,0,0,0,0,0
2021-11-15,13960.000000,13960.000000,13850.000000,13880.000000,13454.048828,209,0,0,0,0,0,0,0,0
2021-11-16,13980.000000,14010.000000,13900.000000,13900.000000,13473.434570,272,0,0,0,0,0,0,0,0
2021-11-17,13850.000000,13850.000000,13750.000000,13750.000000,13328.038086,652,0,0,0,0,0,0,0,0
2021-11-18,13680.000000,13780.000000,13670.000000,13770.000000,13347.423828,163,0,0,0,0,0,0,0,0
2021-11-19,13670.000000,13800.000000,13580.000000,13580.000000,13163.254883,108,0,0,0,0,0,0,0,0
2021-11-22,13600.000000,13800.000000,13600.000000,13800.000000,13376.502930,232,0,0,0,0,0,0,0,0
2021-11-24,13930.000000,14050.000000,13770.000000,13820.000000,13395.889648,64,0,0,0,0,0,0,0,0
2021-11-25,13890.000000,13910.000000,13890.000000,13910.000000,13483.127930,8,0,0,0,0,0,0,0,0
2021-11-26,13830.000000,13830.000000,13600.000000,13620.000000,13202.027344,182,0,0,0,0,0,0,0,0
2021-11-29,13550.000000,13550.000000,13275.000000,13285.000000,12877.308594,393,0,0,0,0,0,0,0,0
2021-11-30,13585.000000,13585.000000,13195.000000,13195.000000,12790.070313,19,0,0,0,0,0,0,0,0
2021-12-01,13195.000000,13195.000000,13195.000000,13195.000000,12790.070313,30,0,0,0,0,0,0,0,0
2021-12-02,13265.000000,13265.000000,13220.000000,13265.000000,12857.921875,103,0,0,0,0,0,0,0,0
2021-12-03,13390.000000,13465.000000,13385.000000,13465.000000,13051.784180,94,0,0,0,0,0,0,0,0
2021-12-06,13590.000000,13590.000000,13455.000000,13475.000000,13061.476563,238,0,0,0,0,0,0,0,0
2021-12-07,13600.000000,13725.000000,13600.000000,13725.000000,13303.805664,67,0,0,0,0,0,0,0,0
2021-12-08,13795.000000,13950.000000,13795.000000,13820.000000,13395.889648,58,0,0,0,0,0,0,0,0
2021-12-09,13770.000000,13770.000000,13770.000000,13770.000000,13347.423828,6,0,0,0,0,0,0,0,0
2021-12-10,13770.000000,13835.000000,13710.000000,13715.000000,13294.111328,129,0,0,0,0,0,0,0,0
2021-12-13,13895.000000,13975.000000,13895.000000,13895.000000,13468.588867,72,0,0,0,0,0,0,0,0
2021-12-14,13905.000000,13920.000000,13905.000000,13920.000000,13492.821289,3,0,0,0,0,0,0,0,0
2021-12-15,13715.000000,14120.000000,13715.000000,14050.000000,13618.832031,89,0,0,0,0,0,0,0,0
2021-12-16,14350.000000,14350.000000,14105.000000,14120.000000,13686.683594,281,0,0,0,0,0,0,0,0
2021-12-17,14120.000000,14120.000000,13920.000000,13960.000000,13531.593750,580,0,0,0,0,0,0,0,0
2021-12-20,13805.000000,13805.000000,13585.000000,13585.000000,13168.101563,125,0,0,0,0,0,0,0,0
2021-12-21,13810.000000,13810.000000,13740.000000,13745.000000,13323.191406,27,0,0,0,0,0,0,0,0
2021-12-22,13745.000000,13745.000000,13745.000000,13745.000000,13323.191406,0,0,0,0,0,0,0,0,0
2021-12-23,13915.000000,13940.000000,13860.000000,13910.000000,13483.127930,31,0,0,0,0,0,0,0,0
2021-12-24,13850.000000,13850.000000,13850.000000,13850.000000,13424.969727,2,0,0,0,0,0,0,0,0
2021-12-27,13850.000000,13875.000000,13850.000000,13860.000000,13434.662109,76,0,0,0,0,0,0,0,0
2021-12-28,13945.000000,14065.000000,13945.000000,14005.000000,13575.212891,122,0,0,0,0,0,0,0,0
2021-12-29,14005.000000,14045.000000,13975.000000,13975.000000,13546.132813,28,0,0,0,0,0,0,0,0
2021-12-30,14015.000000,14015.000000,13950.000000,14010.000000,13580.059570,193,0,0,0,0,0,0,0,0
2022-01-04,14080.000000,14290.000000,14080.000000,14285.000000,13846.620117,18,0,0,0,0,0,0,0,0
2022-01-05,14205.000000,14700.000000,14205.000000,14700.000000,14248.884766,207,0,0,0,0,0,0,0,0
2022-01-06,14515.000000,14735.000000,14515.000000,14640.000000,14190.725586,136,0,0,0,0,0,0,0,0
2022-01-07,14650.000000,14795.000000,14645.000000,14700.000000,14248.884766,86,0,0,0,0,0,0,0,0
2022-01-11,14820.000000,15150.000000,14775.000000,15035.000000,14573.603516,316,0,0,0,0,0,0,0,0
2022-01-12,15040.000000,15110.000000,14955.000000,15110.000000,14646.301758,201,0,0,0,0,0,0,0,0
2022-01-13,15105.000000,15350.000000,15105.000000,15245.000000,14777.159180,89,0,0,0,0,0,0,0,0
2022-01-14,15445.000000,15600.000000,15015.000000,15500.000000,15024.333984,654,0,0,0,0,0,0,0,0
2022-01-17,15500.000000,15500.000000,15000.000000,15000.000000,14539.677734,475,0,0,0,0,0,0,0,0
2022-01-18,15005.000000,15300.000000,15005.000000,15060.000000,14597.836914,396,0,0,0,0,0,0,0,0
2022-01-19,14920.000000,14950.000000,14780.000000,14940.000000,14481.519531,142,0,0,0,0,0,0,0,0
2022-01-20,14640.000000,14760.000000,14600.000000,14680.000000,14229.498047,128,0,0,0,0,0,0,0,0
2022-01-21,14500.000000,14960.000000,14500.000000,14960.000000,14500.906250,51,0,0,0,0,0,0,0,0
2022-01-24,14590.000000,14720.000000,14505.000000,14675.000000,14224.651367,74,0,0,0,0,0,0,0,0
2022-01-25,14555.000000,14555.000000,14280.000000,14280.000000,13841.773438,46,0,0,0,0,0,0,0,0
2022-01-26,14445.000000,14490.000000,14425.000000,14490.000000,14045.329102,12,0,0,0,0,0,0,0,0
2022-01-27,14530.000000,14700.000000,14350.000000,14355.000000,13914.471680,54,0,0,0,0,0,0,0,0
2022-01-28,14505.000000,14670.000000,14505.000000,14605.000000,14156.799805,197,0,0,0,0,0,0,0,0
2022-01-31,14655.000000,14655.000000,14410.000000,14555.000000,14108.333984,161,0,0,0,0,0,0,0,0
2022-02-01,14555.000000,14555.000000,14405.000000,14405.000000,13962.937500,20,0,0,0,0,0,0,0,0
2022-02-02,14555.000000,14745.000000,14555.000000,14745.000000,14292.503906,88,0,0,0,0,0,0,0,0
2022-02-03,14815.000000,14815.000000,14775.000000,14775.000000,14321.583008,27,0,0,0,0,0,0,0,0
2022-02-04,14835.000000,14995.000000,14835.000000,14995.000000,14534.831055,145,0,0,0,0,0,0,0,0
2022-02-07,15010.000000,15245.000000,14940.000000,15245.000000,14777.159180,136,0,0,0,0,0,0,0,0
2022-02-08,15275.000000,15275.000000,15150.000000,15205.000000,14738.386719,56,0,0,0,0,0,0,0,0
2022-02-09,15400.000000,15400.000000,15150.000000,15160.000000,14694.767578,111,0,0,0,0,0,0,0,0
2022-02-10,15225.000000,15270.000000,15065.000000,15135.000000,14670.535156,177,0,0,0,0,0,0,0,0
2022-02-14,14935.000000,15070.000000,14915.000000,14990.000000,14529.984375,710,0,0,0,0,0,0,0,0
2022-02-15,15245.000000,15245.000000,14670.000000,14690.000000,14239.191406,664,0,0,0,0,0,0,0,0
2022-02-16,14690.000000,15030.000000,14690.000000,15025.000000,14563.911133,215,0,0,0,0,0,0,0,0
2022-02-17,15050.000000,15150.000000,14815.000000,15150.000000,14685.074219,452,0,0,0,0,0,0,0,0
2022-02-18,14900.000000,14900.000000,14750.000000,14875.000000,14418.514648,175,0,0,0,0,0,0,0,0
2022-02-21,14760.000000,14810.000000,14620.000000,14710.000000,14258.577148,417,0,0,0,0,0,0,0,0
2022-02-22,14560.000000,14565.000000,14400.000000,14450.000000,14006.556641,688,0,0,0,0,0,0,0,0
2022-02-24,14365.000000,14460.000000,14155.000000,14290.000000,13851.466797,292,0,0,0,0,0,0,0,0
2022-02-25,14035.000000,14050.000000,13875.000000,14000.000000,13570.366211,508,0,0,0,0,0,0,0,0
2022-02-28,13945.000000,14145.000000,13945.000000,14145.000000,13710.916016,473,0,0,0,0,0,0,0,0
2022-03-01,14230.000000,14230.000000,14030.000000,14030.000000,13599.445313,157,0,0,0,0,0,0,0,0
2022-03-02,13890.000000,13890.000000,13630.000000,13650.000000,13231.107422,61,0,0,0,0,0,0,0,0
2022-03-03,13950.000000,14010.000000,13885.000000,13970.000000,13541.286133,35,0,0,0,0,0,0,0,0
2022-03-04,13975.000000,13975.000000,13720.000000,13745.000000,13323.191406,55,0,0,0,0,0,0,0,0
2022-03-07,13500.000000,13500.000000,13225.000000,13300.000000,12891.847656,594,0,0,0,0,0,0,0,0
2022-03-08,13130.000000,13140.000000,12955.000000,12960.000000,12562.282227,130,0,0,0,0,0,0,0,0
2022-03-09,12960.000000,13245.000000,12960.000000,13050.000000,12649.519531,60,0,0,0,0,0,0,0,0
2022-03-10,13550.000000,13715.000000,13550.000000,13620.000000,13202.027344,66,0,0,0,0,0,0,0,0
2022-03-11,13530.000000,13625.000000,13530.000000,13625.000000,13206.874023,80,0,0,0,0,0,0,0,0
2022-03-14,13845.000000,14000.000000,13840.000000,13990.000000,13560.672852,368,0,0,0,0,0,0,0,0
2022-03-15,14170.000000,14245.000000,14090.000000,14220.000000,13783.615234,104,0,0,0,0,0,0,0,0
2022-03-16,14270.000000,14375.000000,14235.000000,14360.000000,13919.318359,87,1,8800000,1,8800000,1,8800000,0,0
2022-03-17,14555.000000,14555.000000,14340.000000,14500.000000,14055.021484,457,0,0,0,0,0,0,0,0
2022-03-18,14525.000000,14600.000000,14455.000000,14600.000000,14151.953125,123,0,0,0,0,0,0,0,0
2022-03-22,14740.000000,15170.000000,14740.000000,15120.000000,14655.995117,427,0,0,0,0,0,0,0,0
2022-03-23,15220.000000,15400.000000,15220.000000,15380.000000,14908.016602,341,0,0,0,0,0,0,0,0
2022-03-24,15055.000000,15320.000000,15000.000000,15320.000000,14849.857422,32,0,0,0,0,0,0,0,0
2022-03-25,15420.000000,15450.000000,15100.000000,15125.000000,14660.841797,174,0,0,0,0,0,0,0,0
2022-03-28,15125.000000,15315.000000,15125.000000,15315.000000,14845.011719,81,0,0,0,0,0,0,0,0
2022-03-29,15285.000000,15300.000000,15265.000000,15300.000000,14830.471680,87,0,0,0,0,0,0,0,0
2022-03-30,15370.000000,15370.000000,15170.000000,15275.000000,14806.238281,260,0,0,0,0,0,0,0,0
2022-03-31,15190.000000,15190.000000,14985.000000,14985.000000,14525.138672,135,0,0,0,0,0,0,0,0
2022-04-01,14810.000000,15135.000000,14810.000000,15105.000000,14641.455078,85,0,0,0,0,0,0,0,0
2022-04-04,15045.000000,15045.000000,14970.000000,14980.000000,14520.291016,39,0,0,0,0,0,0,0,0
2022-04-05,14855.000000,14855.000000,14650.000000,14650.000000,14200.417969,374,0,0,0,0,0,0,0,0
2022-04-06,14670.000000,14685.000000,14510.000000,14550.000000,14103.487305,82,0,0,0,0,0,0,0,0
2022-04-07,14280.000000,14415.000000,14170.000000,14320.000000,13880.545898,127,0,0,0,0,0,0,0,0
2022-04-08,14300.000000,14360.000000,14250.000000,14290.000000,13851.466797,38,0,0,0,0,0,0,0,0
2022-04-11,14335.000000,14465.000000,14335.000000,14465.000000,14021.095703,201,0,0,0,0,0,0,0,0
2022-04-12,14550.000000,14605.000000,14465.000000,14495.000000,14050.174805,75,0,0,0,0,0,0,0,0
2022-04-13,14560.000000,14560.000000,14245.000000,14355.000000,13914.471680,261,0,0,0,0,0,0,0,0
2022-04-14,14300.000000,14500.000000,14300.000000,14500.000000,14055.021484,981,0,0,0,0,0,0,0,0
2022-04-15,14500.000000,14600.000000,14495.000000,14600.000000,14151.953125,168,0,0,0,0,0,0,0,0
2022-04-18,14600.000000,14765.000000,14470.000000,14580.000000,14132.566406,134,0,0,0,0,0,0,0,0
2022-04-19,14730.000000,14730.000000,14600.000000,14695.000000,14244.037109,91,0,0,0,0,0,0,0,0
2022-04-20,14765.000000,14765.000000,14650.000000,14690.000000,14239.191406,52,0,0,0,0,0,0,0,0
2022-04-21,14705.000000,14730.000000,14655.000000,14730.000000,14277.963867,30,0,0,0,0,0,0,0,0
2022-04-22,14700.000000,14755.000000,14625.000000,14710.000000,14258.577148,101,0,0,0,0,0,0,0,0
2022-04-25,14760.000000,14760.000000,14405.000000,14485.000000,14040.482422,68,0,0,0,0,0,0,0,0
2022-04-26,14480.000000,14505.000000,14440.000000,14440.000000,13996.863281,114,0,0,0,0,0,0,0,0
2022-04-27,14185.000000,14285.000000,14180.000000,14255.000000,13817.540039,57,0,0,0,0,0,0,0,0
2022-04-28,14270.000000,14650.000000,14270.000000,14595.000000,14147.106445,98,0,0,0,0,0,0,0,0
2022-05-02,14760.000000,14760.000000,14480.000000,14760.000000,14307.042969,162,0,0,0,0,0,0,0,0
2022-05-06,14715.000000,14850.000000,14715.000000,14810.000000,14355.508789,172,0,0,0,0,0,0,0,0
2022-05-09,15000.000000,15000.000000,14625.000000,14690.000000,14239.191406,106,0,0,0,0,0,0,0,0
2022-05-10,14710.000000,14710.000000,14320.000000,14525.000000,14079.254883,190,0,0,0,0,0,0,0,0
2022-05-11,14380.000000,14500.000000,14135.000000,14150.000000,13715.762695,359,0,0,0,0,0,0,0,0
2022-05-12,14170.000000,14180.000000,14150.000000,14150.000000,13715.762695,3,0,0,0,0,0,0,0,0
2022-05-13,14200.000000,14305.000000,14200.000000,14300.000000,13861.159180,169,0,0,0,0,0,0,0,0
2022-05-16,14400.000000,14400.000000,14095.000000,14095.000000,13662.451172,22,0,0,0,0,0,0,0,0
2022-05-17,14130.000000,14225.000000,14130.000000,14175.000000,13739.996094,5,0,0,0,0,0,0,0,0
2022-05-18,14160.000000,14160.000000,14130.000000,14160.000000,13725.456055,8,0,0,0,0,0,0,0,0
2022-05-19,13860.000000,14000.000000,13860.000000,13985.000000,13555.826172,23,0,0,0,0,0,0,0,0
2022-05-20,13965.000000,14160.000000,13965.000000,14105.000000,13672.143555,1462,0,0,0,0,0,0,0,0
2022-05-23,14405.000000,14705.000000,14335.000000,14700.000000,14248.884766,94,0,0,0,0,0,0,0,0
2022-05-24,14775.000000,14795.000000,14560.000000,14560.000000,14113.180664,82,0,0,0,0,0,0,0,0
2022-05-25,14480.000000,14535.000000,14475.000000,14535.000000,14088.948242,5,0,0,0,0,0,0,0,0
2022-05-26,14600.000000,14680.000000,14575.000000,14575.000000,14127.720703,175,0,0,0,0,0,0,0,0
2022-05-27,14655.000000,14950.000000,14655.000000,14950.000000,14491.211914,206,0,0,0,0,0,0,0,0
2022-05-30,14960.000000,15030.000000,14890.000000,15020.000000,14559.063477,50,0,0,0,0,0,0,0,0
2022-05-31,14970.000000,15100.000000,14970.000000,14995.000000,14534.831055,33,0,0,0,0,0,0,0,0
2022-06-01,15160.000000,15340.000000,15160.000000,15275.000000,14806.238281,52,0,0,0,0,0,0,0,0
2022-06-02,15285.000000,15380.000000,15285.000000,15380.000000,14908.016602,43,0,0,0,0,0,0,0,0
2022-06-03,15450.000000,15450.000000,15125.000000,15155.000000,14689.920898,27,0,0,0,0,0,0,0,0
2022-06-06,15075.000000,15250.000000,15075.000000,15250.000000,14782.005859,130,0,0,0,0,0,0,0,0
2022-06-07,15360.000000,15375.000000,15290.000000,15310.000000,14840.165039,23,0,0,0,0,0,0,0,0
2022-06-08,15305.000000,15355.000000,15215.000000,15305.000000,14835.317383,30,0,0,0,0,0,0,0,0
2022-06-09,15235.000000,15345.000000,15235.000000,15320.000000,14849.857422,118,0,0,0,0,0,0,0,0
2022-06-10,15150.000000,15215.000000,15105.000000,15105.000000,14641.455078,222,0,0,0,0,0,0,0,0
2022-06-13,14960.000000,14985.000000,14855.000000,14985.000000,14525.138672,71,0,0,0,0,0,0,0,0
2022-06-14,14905.000000,15160.000000,14905.000000,14945.000000,14486.366211,305,0,0,0,0,0,0,0,0
2022-06-15,14945.000000,15005.000000,14920.000000,14940.000000,14481.519531,78,0,0,0,0,0,0,0,0
2022-06-16,15010.000000,15195.000000,15000.000000,15020.000000,14559.063477,240,0,0,0,0,0,0,0,0
2022-06-17,14730.000000,14775.000000,14690.000000,14775.000000,14321.583008,1347,0,0,0,0,0,0,0,0
2022-06-20,14720.000000,14720.000000,14550.000000,14560.000000,14113.180664,103,0,0,0,0,0,0,0,0
2022-06-21,14860.000000,15055.000000,14855.000000,15055.000000,14592.990234,132,0,0,0,0,0,0,0,0
2022-06-22,15190.000000,15300.000000,15010.000000,15300.000000,14830.471680,33,0,0,0,0,0,0,0,0
2022-06-23,15105.000000,15145.000000,15015.000000,15140.000000,14675.381836,110,0,0,0,0,0,0,0,0
2022-06-24,15055.000000,15055.000000,14895.000000,15015.000000,14554.217773,48,0,0,0,0,0,0,0,0
2022-06-27,15240.000000,15240.000000,15145.000000,15155.000000,14689.920898,69,0,0,0,0,0,0,0,0
2022-06-28,15225.000000,15400.000000,15225.000000,15360.000000,14888.629883,300,0,0,0,0,0,0,0,0
2022-06-29,15410.000000,15440.000000,15200.000000,15275.000000,14806.238281,54,0,0,0,0,0,0,0,0
2022-06-30,15000.000000,15055.000000,14995.000000,15020.000000,14559.063477,111,0,0,0,0,0,0,0,0
2022-07-01,15140.000000,15150.000000,14880.000000,14880.000000,14423.360352,48,0,0,0,0,0,0,0,0
2022-07-04,15075.000000,15075.000000,14945.000000,15045.000000,14583.296875,17,0,0,0,0,0,0,0,0
2022-07-05,15195.000000,15300.000000,15195.000000,15300.000000,14830.471680,33,0,0,0,0,0,0,0,0
2022-07-06,15295.000000,15295.000000,14800.000000,14835.000000,14379.741211,86,0,0,0,0,0,0,0,0
2022-07-07,15070.000000,15070.000000,14840.000000,15000.000000,14539.677734,73,0,0,0,0,0,0,0,0
2022-07-08,15115.000000,15145.000000,15060.000000,15060.000000,14597.836914,40,0,0,0,0,0,0,0,0
2022-07-11,15285.000000,15385.000000,15285.000000,15380.000000,14908.016602,144,0,0,0,0,0,0,0,0
2022-07-12,15380.000000,15380.000000,15210.000000,15210.000000,14743.233398,68,0,0,0,0,0,0,0,0
2022-07-13,15230.000000,15230.000000,15125.000000,15145.000000,14680.228516,123,0,0,0,0,0,0,0,0
2022-07-14,14740.000000,14775.000000,14635.000000,14755.000000,14302.196289,227,0,0,0,0,0,0,0,0
2022-07-15,14660.000000,14660.000000,14395.000000,14460.000000,14344.854492,84,0,0,0,0,0,0,0,0
2022-07-19,14540.000000,14610.000000,14465.000000,14580.000000,14463.898438,50,0,0,0,0,0,0,0,0
2022-07-20,14865.000000,14865.000000,14730.000000,14820.000000,14701.987305,140,0,0,0,0,0,0,0,0
2022-07-21,14795.000000,14820.000000,14735.000000,14820.000000,14701.987305,95,0,0,0,0,0,0,0,0
2022-07-22,14720.000000,14765.000000,14710.000000,14760.000000,14642.464844,47,0,0,0,0,0,0,0,0
2022-07-25,14710.000000,14775.000000,14705.000000,14775.000000,14657.345703,68,0,0,0,0,0,0,0,0
2022-07-26,15075.000000,15075.000000,14855.000000,14880.000000,14761.509766,73,0,0,0,0,0,0,0,0
2022-07-27,14905.000000,14905.000000,14860.000000,14860.000000,14741.668945,72,0,0,0,0,0,0,0,0
2022-07-28,14860.000000,14860.000000,14720.000000,14775.000000,14657.345703,27,0,0,0,0,0,0,0,0
2022-07-29,14795.000000,14805.000000,14795.000000,14805.000000,14687.106445,61,0,0,0,0,0,0,0,0
2022-08-01,14765.000000,14905.000000,14745.000000,14905.000000,14786.310547,59,0,0,0,0,0,0,0,0
2022-08-02,14740.000000,14760.000000,14550.000000,14625.000000,14508.540039,46,1,141000,0,0,0,0,0,0
2022-08-03,14645.000000,14725.000000,14645.000000,14725.000000,14607.744141,10,0,0,0,0,0,0,0,0
2022-08-04,14620.000000,14620.000000,14455.000000,14485.000000,14369.655273,44,0,0,0,0,0,0,0,0
2022-08-05,14440.000000,14585.000000,14440.000000,14530.000000,14414.296875,46,0,0,0,0,0,0,0,0
2022-08-08,14340.000000,14445.000000,14230.000000,14310.000000,14196.048828,239,0,0,0,0,0,0,0,0
2022-08-09,14360.000000,14395.000000,14255.000000,14360.000000,14245.650391,50,0,0,0,0,0,0,0,0
2022-08-10,14345.000000,14345.000000,14245.000000,14285.000000,14171.248047,12,0,0,0,0,0,0,0,0
2022-08-12,14490.000000,14600.000000,14490.000000,14520.000000,14404.375977,40,0,0,0,0,0,0,0,0
2022-08-15,14520.000000,14615.000000,14500.000000,14615.000000,14498.620117,93,0,0,0,0,0,0,0,0
2022-08-16,14505.000000,14545.000000,14505.000000,14530.000000,14414.296875,31,0,0,0,0,0,0,0,0
2022-08-17,14550.000000,14800.000000,14550.000000,14775.000000,14657.345703,143,0,0,0,0,0,0,0,0
2022-08-18,14805.000000,14845.000000,14780.000000,14780.000000,14662.305664,231,0,0,0,0,0,0,0,0
2022-08-19,14780.000000,14780.000000,14725.000000,14725.000000,14607.744141,5,0,0,0,0,0,0,0,0
2022-08-22,14695.000000,14800.000000,14680.000000,14780.000000,14662.305664,73,0,0,0,0,0,0,0,0
2022-08-23,14675.000000,14700.000000,14635.000000,14700.000000,14582.943359,25,0,0,0,0,0,0,0,0
2022-08-24,14720.000000,14725.000000,14665.000000,14715.000000,14597.823242,5,0,0,0,0,0,0,0,0
2022-08-25,14750.000000,14855.000000,14750.000000,14805.000000,14687.106445,37,0,0,0,0,0,0,0,0
2022-08-26,14840.000000,14840.000000,14800.000000,14800.000000,14682.146484,14,0,0,0,0,0,0,0,0
2022-08-29,14515.000000,14650.000000,14510.000000,14595.000000,14478.779297,175,0,0,0,0,0,0,0,0
2022-08-30,14700.000000,14710.000000,14665.000000,14665.000000,14548.221680,11,0,0,0,0,0,0,0,0
2022-08-31,14700.000000,14785.000000,14640.000000,14775.000000,14657.345703,42,0,0,0,0,0,0,0,0
2022-09-01,14600.000000,14600.000000,14560.000000,14580.000000,14463.898438,6,0,0,0,0,0,0,0,0
2022-09-02,14555.000000,14600.000000,14555.000000,14600.000000,14483.739258,15,0,0,0,0,0,0,0,0
2022-09-05,14555.000000,14600.000000,14555.000000,14600.000000,14483.739258,13,0,0,0,0,0,0,0,0
2022-09-06,14525.000000,14525.000000,14510.000000,14510.000000,14394.456055,66,0,0,0,0,0,0,0,0
2022-09-07,14600.000000,14665.000000,14585.000000,14585.000000,14468.858398,8,0,0,0,0,0,0,0,0
2022-09-08,14745.000000,14745.000000,14720.000000,14720.000000,14602.784180,12,0,0,0,0,0,0,0,0
2022-09-09,14860.000000,14870.000000,14805.000000,14860.000000,14741.668945,9,0,0,0,0,0,0,0,0
2022-09-12,14875.000000,14880.000000,14870.000000,14870.000000,14751.588867,5,0,0,0,0,0,0,0,0
2022-09-13,14905.000000,14905.000000,14795.000000,14850.000000,14731.749023,12,0,0,0,0,0,0,0,0
2022-09-14,14675.000000,14750.000000,14660.000000,14700.000000,14582.943359,26,0,0,0,0,0,0,0,0
2022-09-15,14750.000000,14795.000000,14660.000000,14795.000000,14677.186523,55,0,0,0,0,0,0,0,0
2022-09-16,14775.000000,14870.000000,14775.000000,14870.000000,14751.588867,94,0,0,0,0,0,0,0,0
2022-09-20,14900.000000,14970.000000,14870.000000,14920.000000,14801.191406,139,1,2000000,1,2000000,0,0,0,0
2022-09-21,14900.000000,14925.000000,14890.000000,14910.000000,14791.270508,21,0,0,0,0,0,0,0,0
2022-09-22,14610.000000,14815.000000,14610.000000,14815.000000,14697.027344,58,0,0,0,0,0,0,0,0
2022-09-26,14590.000000,14590.000000,14280.000000,14285.000000,14171.248047,166,1,752000,1,752000,0,0,0,0
2022-09-27,14320.000000,14415.000000,14320.000000,14335.000000,14220.849609,4,0,0,0,0,0,0,0,0
2022-09-28,14280.000000,14280.000000,13970.000000,14025.000000,13913.318359,708,0,0,0,0,0,0,0,0
2022-09-29,14300.000000,14425.000000,14255.000000,14415.000000,14300.212891,174,0,0,0,0,0,0,0,0
2022-09-30,14485.000000,14485.000000,14235.000000,14235.000000,14121.645508,55,0,0,0,0,0,0,0,0
2022-10-03,14250.000000,14250.000000,14235.000000,14235.000000,14121.645508,6,0,0,0,0,0,0,0,0
2022-10-04,14565.000000,14710.000000,14565.000000,14710.000000,14592.863281,30,0,0,0,0,0,0,0,0
2022-10-05,14810.000000,14825.000000,14525.000000,14775.000000,14657.345703,18,0,0,0,0,0,0,0,0
2022-10-06,14825.000000,14870.000000,14820.000000,14830.000000,14711.908203,91,0,0,0,0,0,0,0,0
2022-10-07,14530.000000,14635.000000,14530.000000,14635.000000,14518.460938,12,0,0,0,0,0,0,0,0
2022-10-11,14520.000000,14635.000000,14445.000000,14475.000000,14359.734375,14,0,0,0,0,0,0,0,0
2022-10-12,14595.000000,14595.000000,14440.000000,14440.000000,14325.013672,10,0,0,0,0,0,0,0,0
2022-10-13,14310.000000,14480.000000,14215.000000,14230.000000,14116.685547,85,0,0,0,0,0,0,0,0
2022-10-14,14530.000000,14650.000000,14530.000000,14650.000000,14533.340820,125,0,0,0,0,0,0,0,0
2022-10-17,14485.000000,14485.000000,14430.000000,14450.000000,14334.933594,34,0,0,0,0,0,0,0,0
2022-10-18,14650.000000,14650.000000,14565.000000,14620.000000,14503.580078,157,0,0,0,0,0,0,0,0
2022-10-19,14590.000000,14650.000000,14590.000000,14635.000000,14518.460938,137,0,0,0,0,0,0,0,0
2022-10-20,14650.000000,14650.000000,14650.000000,14650.000000,14533.340820,1,0,0,0,0,0,0,0,0
2022-10-21,14505.000000,14510.000000,14490.000000,14490.000000,14374.615234,20,0,0,0,0,0,0,0,0
2022-10-24,14650.000000,14700.000000,14650.000000,14700.000000,14582.943359,4,0,0,0,0,0,0,0,0
2022-10-25,14675.000000,14690.000000,14605.000000,14690.000000,14573.022461,9,0,0,0,0,0,0,0,0
2022-10-26,14800.000000,14830.000000,14800.000000,14800.000000,14682.146484,120,0,0,0,0,0,0,0,0
2022-10-27,14655.000000,14655.000000,14610.000000,14610.000000,14493.660156,4,0,0,0,0,0,0,0,0
2022-10-28,14675.000000,14700.000000,14600.000000,14600.000000,14483.739258,36,0,0,0,0,0,0,0,0
2022-10-31,14760.000000,14835.000000,14760.000000,14835.000000,14716.868164,20,0,0,0,0,0,0,0,0
2022-11-01,14880.000000,14880.000000,14845.000000,14880.000000,14761.509766,13,0,0,0,0,0,0,0,0
2022-11-02,14965.000000,14970.000000,14925.000000,14925.000000,14806.151367,14,0,0,0,0,0,0,0,0
2022-11-04,14820.000000,14820.000000,14700.000000,14700.000000,14582.943359,10,0,0,0,0,0,0,0,0
2022-11-07,14910.000000,14910.000000,14830.000000,14830.000000,14711.908203,15,0,0,0,0,0,0,0,0
2022-11-08,15010.000000,15010.000000,15010.000000,15010.000000,14890.474609,20,0,0,0,0,0,0,0,0
2022-11-09,14960.000000,14960.000000,14905.000000,14905.000000,14786.310547,15,0,0,0,0,0,0,0,0
2022-11-10,14920.000000,14920.000000,14920.000000,14920.000000,14801.191406,1,0,0,0,0,0,0,0,0
2022-11-11,15100.000000,15165.000000,15020.000000,15165.000000,15044.240234,212,0,0,0,0,0,0,0,0
2022-11-14,15050.000000,15065.000000,15050.000000,15065.000000,14945.036133,18,0,0,0,0,0,0,0,0
2022-11-15,15050.000000,15050.000000,14990.000000,15035.000000,14915.275391,79,0,0,0,0,0,0,0,0
2022-11-16,14800.000000,14805.000000,14665.000000,14675.000000,14558.141602,32,0,0,0,0,0,0,0,0
2022-11-17,14575.000000,14745.000000,14575.000000,14735.000000,14617.664063,18,0,0,0,0,0,0,0,0
2022-11-18,14810.000000,14935.000000,14810.000000,14930.000000,14811.111328,20,0,0,0,0,0,0,0,0
2022-11-21,14930.000000,14930.000000,14665.000000,14870.000000,14751.588867,109,0,0,0,0,0,0,0,0
2022-11-22,14885.000000,15110.000000,14885.000000,15095.000000,14974.797852,22,0,0,0,0,0,0,0,0
2022-11-24,15200.000000,15410.000000,15200.000000,15410.000000,15287.289063,313,0,0,0,0,0,0,0,0
2022-11-25,15400.000000,15505.000000,15400.000000,15485.000000,15361.692383,133,0,0,0,0,0,0,0,0
2022-11-28,15545.000000,15600.000000,15350.000000,15400.000000,15277.369141,57,0,0,0,0,0,0,0,0
2022-11-29,15330.000000,15420.000000,15290.000000,15415.000000,15292.249023,64,0,0,0,0,0,0,0,0
2022-11-30,15470.000000,15470.000000,15335.000000,15370.000000,15247.607422,30,0,0,0,0,0,0,0,0
2022-12-01,15295.000000,15295.000000,15160.000000,15160.000000,15039.280273,58,0,0,0,0,0,0,0,0
2022-12-02,15160.000000,15160.000000,14800.000000,14920.000000,14801.191406,96,0,0,0,0,0,0,0,0
2022-12-05,14865.000000,14865.000000,14715.000000,14770.000000,14652.385742,5,0,0,0,0,0,0,0,0
2022-12-06,14900.000000,14955.000000,14900.000000,14930.000000,14811.111328,11,0,0,0,0,0,0,0,0
2022-12-07,14865.000000,15030.000000,14865.000000,15030.000000,14910.315430,110,0,0,0,0,0,0,0,0
2022-12-08,14810.000000,14810.000000,14810.000000,14810.000000,14692.067383,10,0,0,0,0,0,0,0,0
2022-12-09,14855.000000,15050.000000,14855.000000,15040.000000,14920.235352,118,0,0,0,0,0,0,0,0
2022-12-12,15025.000000,15045.000000,15025.000000,15045.000000,14925.195313,3,0,0,0,0,0,0,0,0
2022-12-13,15085.000000,15240.000000,15085.000000,15235.000000,15113.682617,220,0,0,0,0,0,0,0,0
2022-12-14,15200.000000,15245.000000,15200.000000,15215.000000,15093.841797,18,0,0,0,0,0,0,0,0
2022-12-15,15170.000000,15240.000000,15170.000000,15215.000000,15093.841797,50,0,0,0,0,0,0,0,0
2022-12-16,15070.000000,15165.000000,15070.000000,15135.000000,15014.479492,13,0,0,0,0,0,0,0,0
2022-12-19,15135.000000,15135.000000,15135.000000,15135.000000,15014.479492,0,0,0,0,0,0,0,0,0
2022-12-20,15060.000000,15395.000000,15060.000000,15395.000000,15272.408203,223,0,0,0,0,0,0,0,0
2022-12-21,15505.000000,15565.000000,15345.000000,15345.000000,15222.806641,386,0,0,0,0,0,0,0,0
2022-12-22,15365.000000,15400.000000,15200.000000,15400.000000,15277.369141,250,0,0,0,0,0,0,0,0
2022-12-23,15380.000000,15590.000000,15340.000000,15590.000000,15465.855469,169,0,0,0,0,0,0,0,0
2022-12-26,15595.000000,15600.000000,15435.000000,15520.000000,15396.413086,83,0,0,0,0,0,0,0,0
2022-12-27,15600.000000,15800.000000,15540.000000,15620.000000,15495.617188,215,0,0,0,0,0,0,0,0
2022-12-28,15655.000000,15705.000000,15625.000000,15695.000000,15570.019531,76,0,0,0,0,0,0,0,0
2022-12-29,15620.000000,15620.000000,15425.000000,15475.000000,15351.771484,101,0,0,0,0,0,0,0,0
2022-12-30,15500.000000,15570.000000,15475.000000,15570.000000,15446.014648,38,0,0,0,0,0,0,0,0
